<?xml version="1.0" ?>
<!DOCTYPE PubmedArticleSet PUBLIC "-//NLM//DTD PubMedArticle, 1st January 2019//EN" "https://dtd.nlm.nih.gov/ncbi/pubmed/out/pubmed_190101.dtd">
<PubmedArticleSet>
<PubmedArticle>
    <MedlineCitation Status="MEDLINE" Owner="NLM">
        <PMID Version="1">10782623</PMID>
        <DateCompleted>
            <Year>2000</Year>
            <Month>06</Month>
            <Day>14</Day>
        </DateCompleted>
        <DateRevised>
            <Year>2019</Year>
            <Month>11</Month>
            <Day>03</Day>
        </DateRevised>
        <Article PubModel="Print">
            <Journal>
                <ISSN IssnType="Print">1057-0829</ISSN>
                <JournalIssue CitedMedium="Print">
                    <Volume>9</Volume>
                    <Issue>2</Issue>
                    <PubDate>
                        <Year>2000</Year>
                        <Month>Apr</Month>
                    </PubDate>
                </JournalIssue>
                <Title>Journal of glaucoma</Title>
                <ISOAbbreviation>J Glaucoma</ISOAbbreviation>
            </Journal>
            <ArticleTitle>Crete, Greece glaucoma study.</ArticleTitle>
            <Pagination>
                <MedlinePgn>143-9</MedlinePgn>
            </Pagination>
            <Abstract>
                <AbstractText Label="PURPOSE" NlmCategory="OBJECTIVE">To investigate the prevalence of primary open-angle glaucoma (POAG) in a randomized sample of the inhabitants of the island of Crete.</AbstractText>
                <AbstractText Label="PATIENTS AND METHODS" NlmCategory="METHODS">In 18 different villages in all four prefectures of the island of Crete, patients were randomly selected from 1993 through 1998, and an in situ study was accomplished. The sampling fraction (covered by the 1991 census) in each village was approximately 5%. Patients were considered to have POAG when the morphologic aspect of a glaucomatous optic disc was present, and/or a nerve fiber layer defect and a visual field defect was present. The presence of Pseudoexfoliation syndrome (PEX) and pseudoexfoliative glaucoma (PEXG) was also investigated.</AbstractText>
                <AbstractText Label="RESULTS" NlmCategory="RESULTS">The prevalence of glaucoma in Crete was 2.80%. Of those diagnosed with POAG, 9.67% had an intraocular pressure (IOP) under 21 mm Hg, and 25.80% had PEX. The prevalence of simple ocular hypertension without glaucoma was found in 6.58% of the patients. The ratio of subjects with hypertensive glaucoma to those with simple ocular hypertension was 1:2.6.</AbstractText>
                <AbstractText Label="CONCLUSION" NlmCategory="CONCLUSIONS">The prevalence of POAG and exfoliation glaucoma appears to be quite high in Crete. Further research will be needed to set more accurate criteria for earlier diagnosis and to enable more efficient organization of the health care system.</AbstractText>
            </Abstract>
            <AuthorList CompleteYN="Y">
                <Author ValidYN="Y">
                    <LastName>Kozobolis</LastName>
                    <ForeName>V P</ForeName>
                    <Initials>VP</Initials>
                    <AffiliationInfo>
                        <Affiliation>Department of Ophthalmology, School of Health Sciences, University of Crete, Greece.</Affiliation>
                    </AffiliationInfo>
                </Author>
                <Author ValidYN="Y">
                    <LastName>Detorakis</LastName>
                    <ForeName>E T</ForeName>
                    <Initials>ET</Initials>
                </Author>
                <Author ValidYN="Y">
                    <LastName>Tsilimbaris</LastName>
                    <ForeName>M</ForeName>
                    <Initials>M</Initials>
                </Author>
                <Author ValidYN="Y">
                    <LastName>Siganos</LastName>
                    <ForeName>D S</ForeName>
                    <Initials>DS</Initials>
                </Author>
                <Author ValidYN="Y">
                    <LastName>Vlachonikolis</LastName>
                    <ForeName>I G</ForeName>
                    <Initials>IG</Initials>
                </Author>
                <Author ValidYN="Y">
                    <LastName>Pallikaris</LastName>
                    <ForeName>I G</ForeName>
                    <Initials>IG</Initials>
                </Author>
            </AuthorList>
            <Language>eng</Language>
            <PublicationTypeList>
                <PublicationType UI="D016430">Clinical Trial</PublicationType>
                <PublicationType UI="D003160">Comparative Study</PublicationType>
                <PublicationType UI="D016428">Journal Article</PublicationType>
                <PublicationType UI="D016449">Randomized Controlled Trial</PublicationType>
            </PublicationTypeList>
        </Article>
        <MedlineJournalInfo>
            <Country>United States</Country>
            <MedlineTA>J Glaucoma</MedlineTA>
            <NlmUniqueID>9300903</NlmUniqueID>
            <ISSNLinking>1057-0829</ISSNLinking>
        </MedlineJournalInfo>
        <CitationSubset>IM</CitationSubset>
        <MeshHeadingList>
            <MeshHeading>
                <DescriptorName UI="D000328" MajorTopicYN="N">Adult</DescriptorName>
            </MeshHeading>
            <MeshHeading>
                <DescriptorName UI="D017677" MajorTopicYN="N">Age Distribution</DescriptorName>
            </MeshHeading>
            <MeshHeading>
                <DescriptorName UI="D000368" MajorTopicYN="N">Aged</DescriptorName>
            </MeshHeading>
            <MeshHeading>
                <DescriptorName UI="D000369" MajorTopicYN="N">Aged, 80 and over</DescriptorName>
            </MeshHeading>
            <MeshHeading>
                <DescriptorName UI="D003937" MajorTopicYN="N">Diagnosis, Differential</DescriptorName>
            </MeshHeading>
            <MeshHeading>
                <DescriptorName UI="D017889" MajorTopicYN="N">Exfoliation Syndrome</DescriptorName>
                <QualifierName UI="Q000453" MajorTopicYN="Y">epidemiology</QualifierName>
                <QualifierName UI="Q000473" MajorTopicYN="N">pathology</QualifierName>
            </MeshHeading>
            <MeshHeading>
                <DescriptorName UI="D005260" MajorTopicYN="N">Female</DescriptorName>
            </MeshHeading>
            <MeshHeading>
                <DescriptorName UI="D005902" MajorTopicYN="N">Glaucoma, Open-Angle</DescriptorName>
                <QualifierName UI="Q000453" MajorTopicYN="Y">epidemiology</QualifierName>
                <QualifierName UI="Q000473" MajorTopicYN="N">pathology</QualifierName>
            </MeshHeading>
            <MeshHeading>
                <DescriptorName UI="D006115" MajorTopicYN="N" Type="Geographic">Greece</DescriptorName>
                <QualifierName UI="Q000453" MajorTopicYN="N">epidemiology</QualifierName>
            </MeshHeading>
            <MeshHeading>
                <DescriptorName UI="D006801" MajorTopicYN="N">Humans</DescriptorName>
            </MeshHeading>
            <MeshHeading>
                <DescriptorName UI="D007429" MajorTopicYN="N">Intraocular Pressure</DescriptorName>
            </MeshHeading>
            <MeshHeading>
                <DescriptorName UI="D008297" MajorTopicYN="N">Male</DescriptorName>
            </MeshHeading>
            <MeshHeading>
                <DescriptorName UI="D008875" MajorTopicYN="N">Middle Aged</DescriptorName>
            </MeshHeading>
            <MeshHeading>
                <DescriptorName UI="D009798" MajorTopicYN="N">Ocular Hypertension</DescriptorName>
                <QualifierName UI="Q000453" MajorTopicYN="N">epidemiology</QualifierName>
                <QualifierName UI="Q000473" MajorTopicYN="N">pathology</QualifierName>
            </MeshHeading>
            <MeshHeading>
                <DescriptorName UI="D015995" MajorTopicYN="N">Prevalence</DescriptorName>
            </MeshHeading>
            <MeshHeading>
                <DescriptorName UI="D017678" MajorTopicYN="N">Sex Distribution</DescriptorName>
            </MeshHeading>
            <MeshHeading>
                <DescriptorName UI="D014794" MajorTopicYN="N">Visual Fields</DescriptorName>
            </MeshHeading>
        </MeshHeadingList>
    </MedlineCitation>
    <PubmedData>
        <History>
            <PubMedPubDate PubStatus="pubmed">
                <Year>2000</Year>
                <Month>4</Month>
                <Day>27</Day>
                <Hour>9</Hour>
                <Minute>0</Minute>
            </PubMedPubDate>
            <PubMedPubDate PubStatus="medline">
                <Year>2000</Year>
                <Month>6</Month>
                <Day>17</Day>
                <Hour>9</Hour>
                <Minute>0</Minute>
            </PubMedPubDate>
            <PubMedPubDate PubStatus="entrez">
                <Year>2000</Year>
                <Month>4</Month>
                <Day>27</Day>
                <Hour>9</Hour>
                <Minute>0</Minute>
            </PubMedPubDate>
        </History>
        <PublicationStatus>ppublish</PublicationStatus>
        <ArticleIdList>
            <ArticleId IdType="pubmed">10782623</ArticleId>
            <ArticleId IdType="doi">10.1097/00061198-200004000-00003</ArticleId>
        </ArticleIdList>
    </PubmedData>
</PubmedArticle>

</PubmedArticleSet>