<?xml version="1.0" ?>
<!DOCTYPE PubmedArticleSet PUBLIC "-//NLM//DTD PubMedArticle, 1st January 2019//EN" "https://dtd.nlm.nih.gov/ncbi/pubmed/out/pubmed_190101.dtd">
<PubmedArticleSet>
<PubmedArticle>
    <MedlineCitation Status="MEDLINE" Owner="NLM">
        <PMID Version="1">10922206</PMID>
        <DateCompleted>
            <Year>2000</Year>
            <Month>08</Month>
            <Day>16</Day>
        </DateCompleted>
        <DateRevised>
            <Year>2019</Year>
            <Month>07</Month>
            <Day>04</Day>
        </DateRevised>
        <Article PubModel="Print">
            <Journal>
                <ISSN IssnType="Print">0003-9950</ISSN>
                <JournalIssue CitedMedium="Print">
                    <Volume>118</Volume>
                    <Issue>8</Issue>
                    <PubDate>
                        <Year>2000</Year>
                        <Month>Aug</Month>
                    </PubDate>
                </JournalIssue>
                <Title>Archives of ophthalmology (Chicago, Ill. : 1960)</Title>
                <ISOAbbreviation>Arch Ophthalmol</ISOAbbreviation>
            </Journal>
            <ArticleTitle>The prevalence of glaucoma in Chinese residents of Singapore: a cross-sectional population survey of the Tanjong Pagar district.</ArticleTitle>
            <Pagination>
                <MedlinePgn>1105-11</MedlinePgn>
            </Pagination>
            <Abstract>
                <AbstractText Label="BACKGROUND" NlmCategory="BACKGROUND">Data on prevalence of glaucoma in East Asia are scarce.</AbstractText>
                <AbstractText Label="OBJECTIVE" NlmCategory="OBJECTIVE">To determine the prevalence and clinical characteristics of glaucoma in adult Chinese Singaporeans.</AbstractText>
                <AbstractText Label="METHODS" NlmCategory="METHODS">A group of 2000 Chinese people, aged 40 to 79 years, were selected from the electoral register of Tanjong Pagar district in Singapore using a disproportionate, stratified, clustered, random-sampling procedure. Glaucoma was diagnosed in people with an excavated optic neuropathy and a reproducible visual field defect or on the basis of severe structural disc abnormality alone, if reliable field results could not be obtained. The diagnosis was also made in blind subjects with raised intraocular pressure or previous glaucoma surgery.</AbstractText>
                <AbstractText Label="RESULTS" NlmCategory="RESULTS">Of 1717 eligible subjects, 1232 were examined, with a response rate of 71.8%. There were 45 cases of glaucoma: 27 were men and 18 were women. The main diagnoses were primary open-angle glaucoma (n = 22 [49%]), primary angle-closure glaucoma (n = 14 [31%]), and secondary glaucoma (n = 7 [16%]). It was not possible to determine the mechanism in 2 (4%).</AbstractText>
                <AbstractText Label="CONCLUSIONS" NlmCategory="CONCLUSIONS">The age-standardized prevalence of glaucoma was 3.2% (95% confidence interval, 2.3-4.1) in the population 40 years and older. Glaucoma was the leading cause of blindness. Primary angle-closure glaucoma and secondary glaucoma were the most visually destructive forms of the disease. Our findings suggest current projections of glaucoma prevalence among ethnic Chinese are a substantial underestimate. Arch Ophthalmol. 2000;118:1105-1111</AbstractText>
            </Abstract>
            <AuthorList CompleteYN="Y">
                <Author ValidYN="Y">
                    <LastName>Foster</LastName>
                    <ForeName>P J</ForeName>
                    <Initials>PJ</Initials>
                    <AffiliationInfo>
                        <Affiliation>Glaucoma Service, Singapore National Eye Centre, Singapore.</Affiliation>
                    </AffiliationInfo>
                </Author>
                <Author ValidYN="Y">
                    <LastName>Oen</LastName>
                    <ForeName>F T</ForeName>
                    <Initials>FT</Initials>
                </Author>
                <Author ValidYN="Y">
                    <LastName>Machin</LastName>
                    <ForeName>D</ForeName>
                    <Initials>D</Initials>
                </Author>
                <Author ValidYN="Y">
                    <LastName>Ng</LastName>
                    <ForeName>T P</ForeName>
                    <Initials>TP</Initials>
                </Author>
                <Author ValidYN="Y">
                    <LastName>Devereux</LastName>
                    <ForeName>J G</ForeName>
                    <Initials>JG</Initials>
                </Author>
                <Author ValidYN="Y">
                    <LastName>Johnson</LastName>
                    <ForeName>G J</ForeName>
                    <Initials>GJ</Initials>
                </Author>
                <Author ValidYN="Y">
                    <LastName>Khaw</LastName>
                    <ForeName>P T</ForeName>
                    <Initials>PT</Initials>
                </Author>
                <Author ValidYN="Y">
                    <LastName>Seah</LastName>
                    <ForeName>S K</ForeName>
                    <Initials>SK</Initials>
                </Author>
            </AuthorList>
            <Language>eng</Language>
            <PublicationTypeList>
                <PublicationType UI="D016428">Journal Article</PublicationType>
                <PublicationType UI="D013485">Research Support, Non-U.S. Gov't</PublicationType>
            </PublicationTypeList>
        </Article>
        <MedlineJournalInfo>
            <Country>United States</Country>
            <MedlineTA>Arch Ophthalmol</MedlineTA>
            <NlmUniqueID>7706534</NlmUniqueID>
            <ISSNLinking>0003-9950</ISSNLinking>
        </MedlineJournalInfo>
        <CitationSubset>AIM</CitationSubset>
        <CitationSubset>IM</CitationSubset>
        <MeshHeadingList>
            <MeshHeading>
                <DescriptorName UI="D000328" MajorTopicYN="N">Adult</DescriptorName>
            </MeshHeading>
            <MeshHeading>
                <DescriptorName UI="D017677" MajorTopicYN="N">Age Distribution</DescriptorName>
            </MeshHeading>
            <MeshHeading>
                <DescriptorName UI="D000368" MajorTopicYN="N">Aged</DescriptorName>
            </MeshHeading>
            <MeshHeading>
                <DescriptorName UI="D001766" MajorTopicYN="N">Blindness</DescriptorName>
                <QualifierName UI="Q000208" MajorTopicYN="N">ethnology</QualifierName>
            </MeshHeading>
            <MeshHeading>
                <DescriptorName UI="D002681" MajorTopicYN="N" Type="Geographic">China</DescriptorName>
                <QualifierName UI="Q000208" MajorTopicYN="N">ethnology</QualifierName>
            </MeshHeading>
            <MeshHeading>
                <DescriptorName UI="D003430" MajorTopicYN="N">Cross-Sectional Studies</DescriptorName>
            </MeshHeading>
            <MeshHeading>
                <DescriptorName UI="D005260" MajorTopicYN="N">Female</DescriptorName>
            </MeshHeading>
            <MeshHeading>
                <DescriptorName UI="D015812" MajorTopicYN="N">Glaucoma, Angle-Closure</DescriptorName>
                <QualifierName UI="Q000208" MajorTopicYN="Y">ethnology</QualifierName>
            </MeshHeading>
            <MeshHeading>
                <DescriptorName UI="D005902" MajorTopicYN="N">Glaucoma, Open-Angle</DescriptorName>
                <QualifierName UI="Q000208" MajorTopicYN="Y">ethnology</QualifierName>
            </MeshHeading>
            <MeshHeading>
                <DescriptorName UI="D006801" MajorTopicYN="N">Humans</DescriptorName>
            </MeshHeading>
            <MeshHeading>
                <DescriptorName UI="D008297" MajorTopicYN="N">Male</DescriptorName>
            </MeshHeading>
            <MeshHeading>
                <DescriptorName UI="D008875" MajorTopicYN="N">Middle Aged</DescriptorName>
            </MeshHeading>
            <MeshHeading>
                <DescriptorName UI="D011159" MajorTopicYN="N">Population Surveillance</DescriptorName>
            </MeshHeading>
            <MeshHeading>
                <DescriptorName UI="D015995" MajorTopicYN="N">Prevalence</DescriptorName>
            </MeshHeading>
            <MeshHeading>
                <DescriptorName UI="D017678" MajorTopicYN="N">Sex Distribution</DescriptorName>
            </MeshHeading>
            <MeshHeading>
                <DescriptorName UI="D012846" MajorTopicYN="N" Type="Geographic">Singapore</DescriptorName>
                <QualifierName UI="Q000453" MajorTopicYN="N">epidemiology</QualifierName>
            </MeshHeading>
        </MeshHeadingList>
    </MedlineCitation>
    <PubmedData>
        <History>
            <PubMedPubDate PubStatus="pubmed">
                <Year>2000</Year>
                <Month>8</Month>
                <Day>2</Day>
                <Hour>11</Hour>
                <Minute>0</Minute>
            </PubMedPubDate>
            <PubMedPubDate PubStatus="medline">
                <Year>2000</Year>
                <Month>8</Month>
                <Day>19</Day>
                <Hour>11</Hour>
                <Minute>0</Minute>
            </PubMedPubDate>
            <PubMedPubDate PubStatus="entrez">
                <Year>2000</Year>
                <Month>8</Month>
                <Day>2</Day>
                <Hour>11</Hour>
                <Minute>0</Minute>
            </PubMedPubDate>
        </History>
        <PublicationStatus>ppublish</PublicationStatus>
        <ArticleIdList>
            <ArticleId IdType="pubmed">10922206</ArticleId>
            <ArticleId IdType="pii">eeb90022</ArticleId>
            <ArticleId IdType="doi">10.1001/archopht.118.8.1105</ArticleId>
        </ArticleIdList>
    </PubmedData>
</PubmedArticle>

</PubmedArticleSet>