<?xml version="1.0" ?>
<!DOCTYPE PubmedArticleSet PUBLIC "-//NLM//DTD PubMedArticle, 1st January 2019//EN" "https://dtd.nlm.nih.gov/ncbi/pubmed/out/pubmed_190101.dtd">
<PubmedArticleSet>
<PubmedArticle>
    <MedlineCitation Status="MEDLINE" Owner="NLM">
        <PMID Version="1">12917161</PMID>
        <DateCompleted>
            <Year>2003</Year>
            <Month>09</Month>
            <Day>02</Day>
        </DateCompleted>
        <DateRevised>
            <Year>2010</Year>
            <Month>11</Month>
            <Day>18</Day>
        </DateRevised>
        <Article PubModel="Print">
            <Journal>
                <ISSN IssnType="Print">0161-6420</ISSN>
                <JournalIssue CitedMedium="Print">
                    <Volume>110</Volume>
                    <Issue>8</Issue>
                    <PubDate>
                        <Year>2003</Year>
                        <Month>Aug</Month>
                    </PubDate>
                </JournalIssue>
                <Title>Ophthalmology</Title>
                <ISOAbbreviation>Ophthalmology</ISOAbbreviation>
            </Journal>
            <ArticleTitle>Glaucoma in a rural population of southern India: the Aravind comprehensive eye survey.</ArticleTitle>
            <Pagination>
                <MedlinePgn>1484-90</MedlinePgn>
            </Pagination>
            <Abstract>
                <AbstractText Label="PURPOSE" NlmCategory="OBJECTIVE">To determine the prevalence of glaucoma and risk factors for primary open-angle glaucoma in a rural population of southern India.</AbstractText>
                <AbstractText Label="DESIGN" NlmCategory="METHODS">A population-based cross-sectional study.</AbstractText>
                <AbstractText Label="PARTICIPANTS" NlmCategory="METHODS">A total of 5150 subjects aged 40 years and older from 50 clusters representative of three southern districts of Tamil Nadu in southern India.</AbstractText>
                <AbstractText Label="METHODS" NlmCategory="METHODS">All participants had a comprehensive eye examination at the base hospital, including visual acuity using logarithm of the minimum angle of resolution illiterate E charts and refraction, slit-lamp biomicroscopy, gonioscopy, applanation tonometry, dilated fundus examinations, and automated central 24-2 full-threshold perimetry.</AbstractText>
                <AbstractText Label="MAIN OUTCOME MEASURES" NlmCategory="METHODS">Definite primary open-angle glaucoma (POAG) was defined as angles open on gonioscopy and glaucomatous optic disc changes with matching visual field defects, whereas ocular hypertension was defined as intraocular pressure (IOP) greater than 21 mmHg without glaucomatous optic disc damage and visual field defects in the presence of an open angle. Manifest primary angle-closure glaucoma (PACG) was defined as glaucomatous optic disc damage or glaucomatous visual field defects with the anterior chamber angle partly or totally closed, appositional angle closure or synechiae in the angle, and absence of signs of secondary angle closure. Secondary glaucoma was defined as glaucomatous optic nerve damage and/or visual field abnormalities suggestive of glaucoma with ocular disorders that contribute to a secondary elevation in IOP.</AbstractText>
                <AbstractText Label="RESULTS" NlmCategory="RESULTS">The prevalence (95% confidence interval) of any glaucoma was 2.6% (2.2, 3.0), of POAG it was 1.7% (1.3, 2.1), and if PACG it was 0.5% (0.3, 0.7), and secondary glaucoma excluding pseudoexfoliation was 0.3% (0.2,0.5). On multivariate analysis, increasing age, male gender, myopia greater than 1 diopter, and pseudoexfoliation were significantly associated with POAG. After best correction, 18 persons (20.9%) with POAG were blind in either eye because of glaucoma, including 6 who were bilaterally blind and an additional 12 persons with unilateral blindness because of glaucomatous optic neuropathy in that eye. Of those identified with POAG, 93.0% had not been previously diagnosed with POAG.</AbstractText>
                <AbstractText Label="CONCLUSIONS" NlmCategory="CONCLUSIONS">The prevalence of glaucoma in this population is not lower than that reported for white populations elsewhere. A large proportion of those with POAG had not been previously diagnosed. One fifth of those with POAG had blindness in one or both eyes from glaucoma. Early detection of glaucoma in this population will reduce the burden of blindness in India.</AbstractText>
            </Abstract>
            <AuthorList CompleteYN="Y">
                <Author ValidYN="Y">
                    <LastName>Ramakrishnan</LastName>
                    <ForeName>R</ForeName>
                    <Initials>R</Initials>
                    <AffiliationInfo>
                        <Affiliation>Aravind Eye Care System, Madurai, Tamil Nadu, India.</Affiliation>
                    </AffiliationInfo>
                </Author>
                <Author ValidYN="Y">
                    <LastName>Nirmalan</LastName>
                    <ForeName>Praveen K</ForeName>
                    <Initials>PK</Initials>
                </Author>
                <Author ValidYN="Y">
                    <LastName>Krishnadas</LastName>
                    <ForeName>R</ForeName>
                    <Initials>R</Initials>
                </Author>
                <Author ValidYN="Y">
                    <LastName>Thulasiraj</LastName>
                    <ForeName>R D</ForeName>
                    <Initials>RD</Initials>
                </Author>
                <Author ValidYN="Y">
                    <LastName>Tielsch</LastName>
                    <ForeName>James M</ForeName>
                    <Initials>JM</Initials>
                </Author>
                <Author ValidYN="Y">
                    <LastName>Katz</LastName>
                    <ForeName>Joanne</ForeName>
                    <Initials>J</Initials>
                </Author>
                <Author ValidYN="Y">
                    <LastName>Friedman</LastName>
                    <ForeName>David S</ForeName>
                    <Initials>DS</Initials>
                </Author>
                <Author ValidYN="Y">
                    <LastName>Robin</LastName>
                    <ForeName>Alan L</ForeName>
                    <Initials>AL</Initials>
                </Author>
            </AuthorList>
            <Language>eng</Language>
            <PublicationTypeList>
                <PublicationType UI="D016428">Journal Article</PublicationType>
                <PublicationType UI="D013485">Research Support, Non-U.S. Gov't</PublicationType>
            </PublicationTypeList>
        </Article>
        <MedlineJournalInfo>
            <Country>United States</Country>
            <MedlineTA>Ophthalmology</MedlineTA>
            <NlmUniqueID>7802443</NlmUniqueID>
            <ISSNLinking>0161-6420</ISSNLinking>
        </MedlineJournalInfo>
        <CitationSubset>IM</CitationSubset>
        <CommentsCorrectionsList>
            <CommentsCorrections RefType="ErratumIn">
                <RefSource>Ophthalmology. 2004 Feb;111(2):331</RefSource>
            </CommentsCorrections>
            <CommentsCorrections RefType="CommentIn">
                <RefSource>Ophthalmology. 2004 Apr;111(4):846; author reply 846-7</RefSource>
                <PMID Version="1">15051222</PMID>
            </CommentsCorrections>
        </CommentsCorrectionsList>
        <MeshHeadingList>
            <MeshHeading>
                <DescriptorName UI="D000328" MajorTopicYN="N">Adult</DescriptorName>
            </MeshHeading>
            <MeshHeading>
                <DescriptorName UI="D000368" MajorTopicYN="N">Aged</DescriptorName>
            </MeshHeading>
            <MeshHeading>
                <DescriptorName UI="D003430" MajorTopicYN="N">Cross-Sectional Studies</DescriptorName>
            </MeshHeading>
            <MeshHeading>
                <DescriptorName UI="D005260" MajorTopicYN="N">Female</DescriptorName>
            </MeshHeading>
            <MeshHeading>
                <DescriptorName UI="D005902" MajorTopicYN="N">Glaucoma, Open-Angle</DescriptorName>
                <QualifierName UI="Q000175" MajorTopicYN="N">diagnosis</QualifierName>
                <QualifierName UI="Q000453" MajorTopicYN="Y">epidemiology</QualifierName>
            </MeshHeading>
            <MeshHeading>
                <DescriptorName UI="D006068" MajorTopicYN="N">Gonioscopy</DescriptorName>
            </MeshHeading>
            <MeshHeading>
                <DescriptorName UI="D006306" MajorTopicYN="N">Health Surveys</DescriptorName>
            </MeshHeading>
            <MeshHeading>
                <DescriptorName UI="D006801" MajorTopicYN="N">Humans</DescriptorName>
            </MeshHeading>
            <MeshHeading>
                <DescriptorName UI="D007194" MajorTopicYN="N" Type="Geographic">India</DescriptorName>
                <QualifierName UI="Q000453" MajorTopicYN="N">epidemiology</QualifierName>
            </MeshHeading>
            <MeshHeading>
                <DescriptorName UI="D007429" MajorTopicYN="N">Intraocular Pressure</DescriptorName>
            </MeshHeading>
            <MeshHeading>
                <DescriptorName UI="D008297" MajorTopicYN="N">Male</DescriptorName>
            </MeshHeading>
            <MeshHeading>
                <DescriptorName UI="D008875" MajorTopicYN="N">Middle Aged</DescriptorName>
            </MeshHeading>
            <MeshHeading>
                <DescriptorName UI="D015995" MajorTopicYN="N">Prevalence</DescriptorName>
            </MeshHeading>
            <MeshHeading>
                <DescriptorName UI="D012029" MajorTopicYN="N">Refraction, Ocular</DescriptorName>
            </MeshHeading>
            <MeshHeading>
                <DescriptorName UI="D012307" MajorTopicYN="N">Risk Factors</DescriptorName>
            </MeshHeading>
            <MeshHeading>
                <DescriptorName UI="D012424" MajorTopicYN="N">Rural Population</DescriptorName>
                <QualifierName UI="Q000706" MajorTopicYN="Y">statistics &amp; numerical data</QualifierName>
            </MeshHeading>
            <MeshHeading>
                <DescriptorName UI="D014065" MajorTopicYN="N">Tonometry, Ocular</DescriptorName>
            </MeshHeading>
            <MeshHeading>
                <DescriptorName UI="D058609" MajorTopicYN="N">Visual Field Tests</DescriptorName>
            </MeshHeading>
            <MeshHeading>
                <DescriptorName UI="D014794" MajorTopicYN="N">Visual Fields</DescriptorName>
            </MeshHeading>
        </MeshHeadingList>
    </MedlineCitation>
    <PubmedData>
        <History>
            <PubMedPubDate PubStatus="pubmed">
                <Year>2003</Year>
                <Month>8</Month>
                <Day>15</Day>
                <Hour>5</Hour>
                <Minute>0</Minute>
            </PubMedPubDate>
            <PubMedPubDate PubStatus="medline">
                <Year>2003</Year>
                <Month>9</Month>
                <Day>3</Day>
                <Hour>5</Hour>
                <Minute>0</Minute>
            </PubMedPubDate>
            <PubMedPubDate PubStatus="entrez">
                <Year>2003</Year>
                <Month>8</Month>
                <Day>15</Day>
                <Hour>5</Hour>
                <Minute>0</Minute>
            </PubMedPubDate>
        </History>
        <PublicationStatus>ppublish</PublicationStatus>
        <ArticleIdList>
            <ArticleId IdType="pubmed">12917161</ArticleId>
            <ArticleId IdType="pii">S0161-6420(03)00564-5</ArticleId>
            <ArticleId IdType="doi">10.1016/S0161-6420(03)00564-5</ArticleId>
        </ArticleIdList>
    </PubmedData>
</PubmedArticle>

</PubmedArticleSet>