<?xml version="1.0" ?>
<!DOCTYPE PubmedArticleSet PUBLIC "-//NLM//DTD PubMedArticle, 1st January 2019//EN" "https://dtd.nlm.nih.gov/ncbi/pubmed/out/pubmed_190101.dtd">
<PubmedArticleSet>
<PubmedArticle>
    <MedlineCitation Status="MEDLINE" Owner="NLM">
        <PMID Version="1">15131680</PMID>
        <DateCompleted>
            <Year>2004</Year>
            <Month>09</Month>
            <Day>09</Day>
        </DateCompleted>
        <DateRevised>
            <Year>2009</Year>
            <Month>11</Month>
            <Day>03</Day>
        </DateRevised>
        <Article PubModel="Print">
            <Journal>
                <ISSN IssnType="Print">0950-222X</ISSN>
                <JournalIssue CitedMedium="Print">
                    <Volume>18</Volume>
                    <Issue>5</Issue>
                    <PubDate>
                        <Year>2004</Year>
                        <Month>May</Month>
                    </PubDate>
                </JournalIssue>
                <Title>Eye (London, England)</Title>
                <ISOAbbreviation>Eye (Lond)</ISOAbbreviation>
            </Journal>
            <ArticleTitle>Prevalence of glaucoma in an African population.</ArticleTitle>
            <Pagination>
                <MedlinePgn>491-7</MedlinePgn>
            </Pagination>
            <Abstract>
                <AbstractText Label="PURPOSE" NlmCategory="OBJECTIVE">To determine the prevalence of primary open-angle glaucoma (POAG) in a Ghanaian population aged 30 years and above and to describe any ethnic variations in glaucoma prevalence in this population.</AbstractText>
                <AbstractText Label="METHOD" NlmCategory="METHODS">A cross-sectional prevalence survey for POAG was carried out on residents of 30 years and above in the Akwapim-South district of Ghana. The principal investigator examined all glaucoma suspects and those diagnosed as glaucoma in the initial screening to determine all definite cases of POAG. All cases had intraocular pressure measurements. Glaucoma cases and suspects and some normal subjects had fundus biomicroscopy with 78 D Volk lens, and Humphrey FDT N-30 visual fields plotted.</AbstractText>
                <AbstractText Label="RESULTS" NlmCategory="RESULTS">A total of 1843 people aged 30 years were screened from the population. The standardized age-specific prevalence was 7.7% (30 years and above) and 8.5% (40 years and above). The best-fit trend line for prevalence/age relationship was exponential. No gender or ethnic difference in prevalence was found.</AbstractText>
                <AbstractText Label="CONCLUSIONS" NlmCategory="CONCLUSIONS">The prevalence of POAG in this population is high and comparable to those in black populations in Barbados and St. Lucia</AbstractText>
            </Abstract>
            <AuthorList CompleteYN="Y">
                <Author ValidYN="Y">
                    <LastName>Ntim-Amponsah</LastName>
                    <ForeName>C T</ForeName>
                    <Initials>CT</Initials>
                    <AffiliationInfo>
                        <Affiliation>University of Ghana, Medical School Accra, Ghana.</Affiliation>
                    </AffiliationInfo>
                </Author>
                <Author ValidYN="Y">
                    <LastName>Amoaku</LastName>
                    <ForeName>W M K</ForeName>
                    <Initials>WM</Initials>
                </Author>
                <Author ValidYN="Y">
                    <LastName>Ofosu-Amaah</LastName>
                    <ForeName>S</ForeName>
                    <Initials>S</Initials>
                </Author>
                <Author ValidYN="Y">
                    <LastName>Ewusi</LastName>
                    <ForeName>R K</ForeName>
                    <Initials>RK</Initials>
                </Author>
                <Author ValidYN="Y">
                    <LastName>Idirisuriya-Khair</LastName>
                    <ForeName>R</ForeName>
                    <Initials>R</Initials>
                </Author>
                <Author ValidYN="Y">
                    <LastName>Nyatepe-Coo</LastName>
                    <ForeName>E</ForeName>
                    <Initials>E</Initials>
                </Author>
                <Author ValidYN="Y">
                    <LastName>Adu-Darko</LastName>
                    <ForeName>M</ForeName>
                    <Initials>M</Initials>
                </Author>
            </AuthorList>
            <Language>eng</Language>
            <PublicationTypeList>
                <PublicationType UI="D016428">Journal Article</PublicationType>
            </PublicationTypeList>
        </Article>
        <MedlineJournalInfo>
            <Country>England</Country>
            <MedlineTA>Eye (Lond)</MedlineTA>
            <NlmUniqueID>8703986</NlmUniqueID>
            <ISSNLinking>0950-222X</ISSNLinking>
        </MedlineJournalInfo>
        <CitationSubset>IM</CitationSubset>
        <MeshHeadingList>
            <MeshHeading>
                <DescriptorName UI="D000328" MajorTopicYN="N">Adult</DescriptorName>
            </MeshHeading>
            <MeshHeading>
                <DescriptorName UI="D017677" MajorTopicYN="N">Age Distribution</DescriptorName>
            </MeshHeading>
            <MeshHeading>
                <DescriptorName UI="D000368" MajorTopicYN="N">Aged</DescriptorName>
            </MeshHeading>
            <MeshHeading>
                <DescriptorName UI="D000369" MajorTopicYN="N">Aged, 80 and over</DescriptorName>
            </MeshHeading>
            <MeshHeading>
                <DescriptorName UI="D003430" MajorTopicYN="N">Cross-Sectional Studies</DescriptorName>
            </MeshHeading>
            <MeshHeading>
                <DescriptorName UI="D005260" MajorTopicYN="N">Female</DescriptorName>
            </MeshHeading>
            <MeshHeading>
                <DescriptorName UI="D005869" MajorTopicYN="N" Type="Geographic">Ghana</DescriptorName>
                <QualifierName UI="Q000453" MajorTopicYN="N">epidemiology</QualifierName>
                <QualifierName UI="Q000208" MajorTopicYN="N">ethnology</QualifierName>
            </MeshHeading>
            <MeshHeading>
                <DescriptorName UI="D005902" MajorTopicYN="N">Glaucoma, Open-Angle</DescriptorName>
                <QualifierName UI="Q000453" MajorTopicYN="Y">epidemiology</QualifierName>
                <QualifierName UI="Q000208" MajorTopicYN="N">ethnology</QualifierName>
            </MeshHeading>
            <MeshHeading>
                <DescriptorName UI="D006801" MajorTopicYN="N">Humans</DescriptorName>
            </MeshHeading>
            <MeshHeading>
                <DescriptorName UI="D008297" MajorTopicYN="N">Male</DescriptorName>
            </MeshHeading>
            <MeshHeading>
                <DescriptorName UI="D008875" MajorTopicYN="N">Middle Aged</DescriptorName>
            </MeshHeading>
            <MeshHeading>
                <DescriptorName UI="D015995" MajorTopicYN="N">Prevalence</DescriptorName>
            </MeshHeading>
            <MeshHeading>
                <DescriptorName UI="D017678" MajorTopicYN="N">Sex Distribution</DescriptorName>
            </MeshHeading>
        </MeshHeadingList>
    </MedlineCitation>
    <PubmedData>
        <History>
            <PubMedPubDate PubStatus="pubmed">
                <Year>2004</Year>
                <Month>5</Month>
                <Day>8</Day>
                <Hour>5</Hour>
                <Minute>0</Minute>
            </PubMedPubDate>
            <PubMedPubDate PubStatus="medline">
                <Year>2004</Year>
                <Month>9</Month>
                <Day>10</Day>
                <Hour>5</Hour>
                <Minute>0</Minute>
            </PubMedPubDate>
            <PubMedPubDate PubStatus="entrez">
                <Year>2004</Year>
                <Month>5</Month>
                <Day>8</Day>
                <Hour>5</Hour>
                <Minute>0</Minute>
            </PubMedPubDate>
        </History>
        <PublicationStatus>ppublish</PublicationStatus>
        <ArticleIdList>
            <ArticleId IdType="pubmed">15131680</ArticleId>
            <ArticleId IdType="doi">10.1038/sj.eye.6700674</ArticleId>
            <ArticleId IdType="pii">6700674</ArticleId>
        </ArticleIdList>
    </PubmedData>
</PubmedArticle>

</PubmedArticleSet>