<?xml version="1.0" ?>
<!DOCTYPE PubmedArticleSet PUBLIC "-//NLM//DTD PubMedArticle, 1st January 2019//EN" "https://dtd.nlm.nih.gov/ncbi/pubmed/out/pubmed_190101.dtd">
<PubmedArticleSet>
<PubmedArticle>
    <MedlineCitation Status="MEDLINE" Owner="NLM">
        <PMID Version="1">15354074</PMID>
        <DateCompleted>
            <Year>2004</Year>
            <Month>11</Month>
            <Day>09</Day>
        </DateCompleted>
        <DateRevised>
            <Year>2019</Year>
            <Month>11</Month>
            <Day>08</Day>
        </DateRevised>
        <Article PubModel="Print">
            <Journal>
                <ISSN IssnType="Print">1057-0829</ISSN>
                <JournalIssue CitedMedium="Print">
                    <Volume>13</Volume>
                    <Issue>5</Issue>
                    <PubDate>
                        <Year>2004</Year>
                        <Month>Oct</Month>
                    </PubDate>
                </JournalIssue>
                <Title>Journal of glaucoma</Title>
                <ISOAbbreviation>J Glaucoma</ISOAbbreviation>
            </Journal>
            <ArticleTitle>Prevalence of primary open-angle glaucoma in a Spanish population: the Segovia study.</ArticleTitle>
            <Pagination>
                <MedlinePgn>371-6</MedlinePgn>
            </Pagination>
            <Abstract>
                <AbstractText Label="PURPOSE" NlmCategory="OBJECTIVE">To determine the prevalence of primary open-angle glaucoma (POAG) in Segovia, Spain.</AbstractText>
                <AbstractText Label="METHODS" NlmCategory="METHODS">We conducted a cross-sectional, population-based epidemiologic study, the target population of which was residents of Segovia, Spain, aged 40 to 79 years. A sample of 569 subjects was randomly selected in a stratified manner according to gender and age groups. All participants underwent a complete ophthalmic examination that included measurement of visual acuity and refraction, tonometry, anterior segment biomicroscopy, funduscopy, stereoscopic photographs of the optic nerve head, and automated white-on-white visual field testing. Two independent observers evaluated the optic nerve photographs and visual fields. The diagnosis of POAG was established when any eye had an open angle and a glaucomatous optic nerve and glaucomatous visual field. The prevalence of POAG in the population was estimated from the prevalence in the complete sample and the patients already diagnosed at the only glaucoma service in the city.</AbstractText>
                <AbstractText Label="RESULTS" NlmCategory="RESULTS">The estimated prevalences (99% confidence interval) in the population were, respectively, 2.1% (1.9-2.3%), and 1.7% (1.6-1.8%) for POAG and ocular hypertension. The prevalence of POAG increased with age (P &lt; 0.005) and tended to be greater (P = 0.054) in men (2.4%) than women (1.7%).</AbstractText>
                <AbstractText Label="CONCLUSION" NlmCategory="CONCLUSIONS">The prevalence of POAG in this Segovia population is 2.1%, similar to that estimated in previous studies performed in predominantly Caucasian populations.</AbstractText>
            </Abstract>
            <AuthorList CompleteYN="Y">
                <Author ValidYN="Y">
                    <LastName>Antón</LastName>
                    <ForeName>Alfonso</ForeName>
                    <Initials>A</Initials>
                    <AffiliationInfo>
                        <Affiliation>Instituto de Oftamobiologia Aplicada (IOBA), Universidad de Valladolid, Valladolid, Spain. aanton@ioba.med.uva.es</Affiliation>
                    </AffiliationInfo>
                </Author>
                <Author ValidYN="Y">
                    <LastName>Andrada</LastName>
                    <ForeName>Maria T</ForeName>
                    <Initials>MT</Initials>
                </Author>
                <Author ValidYN="Y">
                    <LastName>Mujica</LastName>
                    <ForeName>Vicente</ForeName>
                    <Initials>V</Initials>
                </Author>
                <Author ValidYN="Y">
                    <LastName>Calle</LastName>
                    <ForeName>Miguel A</ForeName>
                    <Initials>MA</Initials>
                </Author>
                <Author ValidYN="Y">
                    <LastName>Portela</LastName>
                    <ForeName>Javier</ForeName>
                    <Initials>J</Initials>
                </Author>
                <Author ValidYN="Y">
                    <LastName>Mayo</LastName>
                    <ForeName>Agustin</ForeName>
                    <Initials>A</Initials>
                </Author>
            </AuthorList>
            <Language>eng</Language>
            <PublicationTypeList>
                <PublicationType UI="D016428">Journal Article</PublicationType>
                <PublicationType UI="D013485">Research Support, Non-U.S. Gov't</PublicationType>
            </PublicationTypeList>
        </Article>
        <MedlineJournalInfo>
            <Country>United States</Country>
            <MedlineTA>J Glaucoma</MedlineTA>
            <NlmUniqueID>9300903</NlmUniqueID>
            <ISSNLinking>1057-0829</ISSNLinking>
        </MedlineJournalInfo>
        <CitationSubset>IM</CitationSubset>
        <MeshHeadingList>
            <MeshHeading>
                <DescriptorName UI="D000328" MajorTopicYN="N">Adult</DescriptorName>
            </MeshHeading>
            <MeshHeading>
                <DescriptorName UI="D017677" MajorTopicYN="N">Age Distribution</DescriptorName>
            </MeshHeading>
            <MeshHeading>
                <DescriptorName UI="D000368" MajorTopicYN="N">Aged</DescriptorName>
            </MeshHeading>
            <MeshHeading>
                <DescriptorName UI="D016001" MajorTopicYN="N">Confidence Intervals</DescriptorName>
            </MeshHeading>
            <MeshHeading>
                <DescriptorName UI="D003430" MajorTopicYN="N">Cross-Sectional Studies</DescriptorName>
            </MeshHeading>
            <MeshHeading>
                <DescriptorName UI="D017889" MajorTopicYN="N">Exfoliation Syndrome</DescriptorName>
                <QualifierName UI="Q000453" MajorTopicYN="N">epidemiology</QualifierName>
            </MeshHeading>
            <MeshHeading>
                <DescriptorName UI="D005260" MajorTopicYN="N">Female</DescriptorName>
            </MeshHeading>
            <MeshHeading>
                <DescriptorName UI="D005902" MajorTopicYN="N">Glaucoma, Open-Angle</DescriptorName>
                <QualifierName UI="Q000175" MajorTopicYN="N">diagnosis</QualifierName>
                <QualifierName UI="Q000453" MajorTopicYN="Y">epidemiology</QualifierName>
                <QualifierName UI="Q000503" MajorTopicYN="N">physiopathology</QualifierName>
            </MeshHeading>
            <MeshHeading>
                <DescriptorName UI="D006801" MajorTopicYN="N">Humans</DescriptorName>
            </MeshHeading>
            <MeshHeading>
                <DescriptorName UI="D008297" MajorTopicYN="N">Male</DescriptorName>
            </MeshHeading>
            <MeshHeading>
                <DescriptorName UI="D008875" MajorTopicYN="N">Middle Aged</DescriptorName>
            </MeshHeading>
            <MeshHeading>
                <DescriptorName UI="D009798" MajorTopicYN="N">Ocular Hypertension</DescriptorName>
                <QualifierName UI="Q000175" MajorTopicYN="N">diagnosis</QualifierName>
                <QualifierName UI="Q000453" MajorTopicYN="N">epidemiology</QualifierName>
            </MeshHeading>
            <MeshHeading>
                <DescriptorName UI="D015995" MajorTopicYN="N">Prevalence</DescriptorName>
            </MeshHeading>
            <MeshHeading>
                <DescriptorName UI="D017678" MajorTopicYN="N">Sex Distribution</DescriptorName>
            </MeshHeading>
            <MeshHeading>
                <DescriptorName UI="D013030" MajorTopicYN="N" Type="Geographic">Spain</DescriptorName>
                <QualifierName UI="Q000453" MajorTopicYN="N">epidemiology</QualifierName>
            </MeshHeading>
            <MeshHeading>
                <DescriptorName UI="D014794" MajorTopicYN="N">Visual Fields</DescriptorName>
            </MeshHeading>
        </MeshHeadingList>
    </MedlineCitation>
    <PubmedData>
        <History>
            <PubMedPubDate PubStatus="pubmed">
                <Year>2004</Year>
                <Month>9</Month>
                <Day>9</Day>
                <Hour>5</Hour>
                <Minute>0</Minute>
            </PubMedPubDate>
            <PubMedPubDate PubStatus="medline">
                <Year>2004</Year>
                <Month>11</Month>
                <Day>13</Day>
                <Hour>9</Hour>
                <Minute>0</Minute>
            </PubMedPubDate>
            <PubMedPubDate PubStatus="entrez">
                <Year>2004</Year>
                <Month>9</Month>
                <Day>9</Day>
                <Hour>5</Hour>
                <Minute>0</Minute>
            </PubMedPubDate>
        </History>
        <PublicationStatus>ppublish</PublicationStatus>
        <ArticleIdList>
            <ArticleId IdType="pubmed">15354074</ArticleId>
            <ArticleId IdType="pii">00061198-200410000-00005</ArticleId>
            <ArticleId IdType="doi">10.1097/01.ijg.0000133385.74502.29</ArticleId>
        </ArticleIdList>
    </PubmedData>
</PubmedArticle>

</PubmedArticleSet>