<?xml version="1.0" ?>
<!DOCTYPE PubmedArticleSet PUBLIC "-//NLM//DTD PubMedArticle, 1st January 2019//EN" "https://dtd.nlm.nih.gov/ncbi/pubmed/out/pubmed_190101.dtd">
<PubmedArticleSet>
<PubmedArticle>
    <MedlineCitation Status="MEDLINE" Owner="NLM">
        <PMID Version="1">2507254</PMID>
        <DateCompleted>
            <Year>1989</Year>
            <Month>11</Month>
            <Day>17</Day>
        </DateCompleted>
        <DateRevised>
            <Year>2006</Year>
            <Month>11</Month>
            <Day>15</Day>
        </DateRevised>
        <Article PubModel="Print">
            <Journal>
                <ISSN IssnType="Print">0412-4081</ISSN>
                <JournalIssue CitedMedium="Print">
                    <Volume>25</Volume>
                    <Issue>2</Issue>
                    <PubDate>
                        <Year>1989</Year>
                        <Month>Mar</Month>
                    </PubDate>
                </JournalIssue>
                <Title>[Zhonghua yan ke za zhi] Chinese journal of ophthalmology</Title>
                <ISOAbbreviation>Zhonghua Yan Ke Za Zhi</ISOAbbreviation>
            </Journal>
            <ArticleTitle>[An epidemiologic study of glaucoma in Shunyi County, Beijing].</ArticleTitle>
            <Pagination>
                <MedlinePgn>115-9</MedlinePgn>
            </Pagination>
            <Abstract>
                <AbstractText>An epidemiologic survey of glaucoma was conducted Feb.--July, 1985, in Shunyi County of Beijing, revealing that the prevalence of glaucoma was 0.60%, which consisted of angle closure glaucoma 0.41%, and open angle glaucoma 0.11%. The prevalence of primary glaucoma was 1.40% in persons over 40 years of age, accounting for 9.28% of the blind and 16.67% of the low-visioned. The methodology for glaucoma screening was discussed.</AbstractText>
            </Abstract>
            <AuthorList CompleteYN="Y">
                <Author ValidYN="Y">
                    <LastName>Hu</LastName>
                    <ForeName>C N</ForeName>
                    <Initials>CN</Initials>
                </Author>
            </AuthorList>
            <Language>chi</Language>
            <PublicationTypeList>
                <PublicationType UI="D004740">English Abstract</PublicationType>
                <PublicationType UI="D016428">Journal Article</PublicationType>
            </PublicationTypeList>
        </Article>
        <MedlineJournalInfo>
            <Country>China</Country>
            <MedlineTA>Zhonghua Yan Ke Za Zhi</MedlineTA>
            <NlmUniqueID>16210540R</NlmUniqueID>
            <ISSNLinking>0412-4081</ISSNLinking>
        </MedlineJournalInfo>
        <CitationSubset>IM</CitationSubset>
        <MeshHeadingList>
            <MeshHeading>
                <DescriptorName UI="D000293" MajorTopicYN="N">Adolescent</DescriptorName>
            </MeshHeading>
            <MeshHeading>
                <DescriptorName UI="D000328" MajorTopicYN="N">Adult</DescriptorName>
            </MeshHeading>
            <MeshHeading>
                <DescriptorName UI="D000367" MajorTopicYN="N">Age Factors</DescriptorName>
            </MeshHeading>
            <MeshHeading>
                <DescriptorName UI="D000368" MajorTopicYN="N">Aged</DescriptorName>
            </MeshHeading>
            <MeshHeading>
                <DescriptorName UI="D000369" MajorTopicYN="N">Aged, 80 and over</DescriptorName>
            </MeshHeading>
            <MeshHeading>
                <DescriptorName UI="D002648" MajorTopicYN="N">Child</DescriptorName>
            </MeshHeading>
            <MeshHeading>
                <DescriptorName UI="D002681" MajorTopicYN="N" Type="Geographic">China</DescriptorName>
                <QualifierName UI="Q000453" MajorTopicYN="N">epidemiology</QualifierName>
            </MeshHeading>
            <MeshHeading>
                <DescriptorName UI="D003430" MajorTopicYN="N">Cross-Sectional Studies</DescriptorName>
            </MeshHeading>
            <MeshHeading>
                <DescriptorName UI="D005260" MajorTopicYN="N">Female</DescriptorName>
            </MeshHeading>
            <MeshHeading>
                <DescriptorName UI="D005901" MajorTopicYN="N">Glaucoma</DescriptorName>
                <QualifierName UI="Q000453" MajorTopicYN="Y">epidemiology</QualifierName>
            </MeshHeading>
            <MeshHeading>
                <DescriptorName UI="D005902" MajorTopicYN="N">Glaucoma, Open-Angle</DescriptorName>
                <QualifierName UI="Q000453" MajorTopicYN="Y">epidemiology</QualifierName>
            </MeshHeading>
            <MeshHeading>
                <DescriptorName UI="D006801" MajorTopicYN="N">Humans</DescriptorName>
            </MeshHeading>
            <MeshHeading>
                <DescriptorName UI="D008297" MajorTopicYN="N">Male</DescriptorName>
            </MeshHeading>
            <MeshHeading>
                <DescriptorName UI="D008875" MajorTopicYN="N">Middle Aged</DescriptorName>
            </MeshHeading>
            <MeshHeading>
                <DescriptorName UI="D012494" MajorTopicYN="N">Sampling Studies</DescriptorName>
            </MeshHeading>
            <MeshHeading>
                <DescriptorName UI="D012737" MajorTopicYN="N">Sex Factors</DescriptorName>
            </MeshHeading>
        </MeshHeadingList>
    </MedlineCitation>
    <PubmedData>
        <History>
            <PubMedPubDate PubStatus="pubmed">
                <Year>1989</Year>
                <Month>3</Month>
                <Day>1</Day>
            </PubMedPubDate>
            <PubMedPubDate PubStatus="medline">
                <Year>1989</Year>
                <Month>3</Month>
                <Day>1</Day>
                <Hour>0</Hour>
                <Minute>1</Minute>
            </PubMedPubDate>
            <PubMedPubDate PubStatus="entrez">
                <Year>1989</Year>
                <Month>3</Month>
                <Day>1</Day>
                <Hour>0</Hour>
                <Minute>0</Minute>
            </PubMedPubDate>
        </History>
        <PublicationStatus>ppublish</PublicationStatus>
        <ArticleIdList>
            <ArticleId IdType="pubmed">2507254</ArticleId>
        </ArticleIdList>
    </PubmedData>
</PubmedArticle>

</PubmedArticleSet>