<?xml version="1.0" ?>
<!DOCTYPE PubmedArticleSet PUBLIC "-//NLM//DTD PubMedArticle, 1st January 2019//EN" "https://dtd.nlm.nih.gov/ncbi/pubmed/out/pubmed_190101.dtd">
<PubmedArticleSet>
<PubmedArticle>
    <MedlineCitation Status="MEDLINE" Owner="NLM">
        <PMID Version="1">7607812</PMID>
        <DateCompleted>
            <Year>1995</Year>
            <Month>08</Month>
            <Day>15</Day>
        </DateCompleted>
        <DateRevised>
            <Year>2020</Year>
            <Month>03</Month>
            <Day>04</Day>
        </DateRevised>
        <Article PubModel="Print">
            <Journal>
                <ISSN IssnType="Print">0165-5701</ISSN>
                <JournalIssue CitedMedium="Print">
                    <Volume>18</Volume>
                    <Issue>5</Issue>
                    <PubDate>
                        <MedlineDate>1994-1995</MedlineDate>
                    </PubDate>
                </JournalIssue>
                <Title>International ophthalmology</Title>
                <ISOAbbreviation>Int Ophthalmol</ISOAbbreviation>
            </Journal>
            <ArticleTitle>Intraocular pressure and prevalence of glaucoma in elderly people in Finland: a population-based study.</ArticleTitle>
            <Pagination>
                <MedlinePgn>299-307</MedlinePgn>
            </Pagination>
            <Abstract>
                <AbstractText>The distribution of intraocular pressure (IOP) and the prevalence of glaucoma and their correlates were studied in a population-based study of inhabitants aged 70 years or older of three communities in the county of Oulu, Finland. 500 of the 560 eligible subjects (89%) were examined. IOP was measured using applanation tonometry. The diagnosis of glaucoma (or suspected glaucoma) was based on previous history and/or characteristic optic disc changes assessed first by ophthalmoscopy and later by photographic evaluation. No correlation existed between IOP level and age, but IOP was higher in women than in men. Glaucoma occurred in 12% of the participants (60 of 500 persons). In 42 of the 60 persons (8% of the participants) glaucoma had been diagnosed before this survey: non-exfoliative open-angle glaucoma in 15 persons (3.0%), bilateral or unilateral exfoliative open-angle glaucoma in 19 persons (3.8%), and congestive glaucoma in 8 persons (1.6%). In another 18 persons (4% of the participants) new open-angle glaucoma was detected, one third of these were exfoliative. In addition, 6% of the study population had suspected glaucomatous disc changes. In all new glaucoma cases and in all suspected cases the IOP was lower than 25 mmHg. Ocular hypertension (&gt; or = 25 mmHg) without disc changes was found in 2%.</AbstractText>
            </Abstract>
            <AuthorList CompleteYN="Y">
                <Author ValidYN="Y">
                    <LastName>Hirvelä</LastName>
                    <ForeName>H</ForeName>
                    <Initials>H</Initials>
                    <AffiliationInfo>
                        <Affiliation>Department of Ophthalmology, University of Oulu, Finland.</Affiliation>
                    </AffiliationInfo>
                </Author>
                <Author ValidYN="Y">
                    <LastName>Tuulonen</LastName>
                    <ForeName>A</ForeName>
                    <Initials>A</Initials>
                </Author>
                <Author ValidYN="Y">
                    <LastName>Laatikainen</LastName>
                    <ForeName>L</ForeName>
                    <Initials>L</Initials>
                </Author>
            </AuthorList>
            <Language>eng</Language>
            <PublicationTypeList>
                <PublicationType UI="D016428">Journal Article</PublicationType>
                <PublicationType UI="D013485">Research Support, Non-U.S. Gov't</PublicationType>
            </PublicationTypeList>
        </Article>
        <MedlineJournalInfo>
            <Country>Netherlands</Country>
            <MedlineTA>Int Ophthalmol</MedlineTA>
            <NlmUniqueID>7904294</NlmUniqueID>
            <ISSNLinking>0165-5701</ISSNLinking>
        </MedlineJournalInfo>
        <CitationSubset>IM</CitationSubset>
        <MeshHeadingList>
            <MeshHeading>
                <DescriptorName UI="D000368" MajorTopicYN="N">Aged</DescriptorName>
            </MeshHeading>
            <MeshHeading>
                <DescriptorName UI="D000369" MajorTopicYN="N">Aged, 80 and over</DescriptorName>
            </MeshHeading>
            <MeshHeading>
                <DescriptorName UI="D017889" MajorTopicYN="N">Exfoliation Syndrome</DescriptorName>
                <QualifierName UI="Q000453" MajorTopicYN="N">epidemiology</QualifierName>
            </MeshHeading>
            <MeshHeading>
                <DescriptorName UI="D005260" MajorTopicYN="N">Female</DescriptorName>
            </MeshHeading>
            <MeshHeading>
                <DescriptorName UI="D005387" MajorTopicYN="N" Type="Geographic">Finland</DescriptorName>
                <QualifierName UI="Q000453" MajorTopicYN="N">epidemiology</QualifierName>
            </MeshHeading>
            <MeshHeading>
                <DescriptorName UI="D005901" MajorTopicYN="N">Glaucoma</DescriptorName>
                <QualifierName UI="Q000453" MajorTopicYN="Y">epidemiology</QualifierName>
                <QualifierName UI="Q000473" MajorTopicYN="N">pathology</QualifierName>
            </MeshHeading>
            <MeshHeading>
                <DescriptorName UI="D006801" MajorTopicYN="N">Humans</DescriptorName>
            </MeshHeading>
            <MeshHeading>
                <DescriptorName UI="D007429" MajorTopicYN="Y">Intraocular Pressure</DescriptorName>
            </MeshHeading>
            <MeshHeading>
                <DescriptorName UI="D008297" MajorTopicYN="N">Male</DescriptorName>
            </MeshHeading>
            <MeshHeading>
                <DescriptorName UI="D009798" MajorTopicYN="N">Ocular Hypertension</DescriptorName>
                <QualifierName UI="Q000453" MajorTopicYN="N">epidemiology</QualifierName>
            </MeshHeading>
            <MeshHeading>
                <DescriptorName UI="D009898" MajorTopicYN="N">Optic Disk</DescriptorName>
                <QualifierName UI="Q000473" MajorTopicYN="N">pathology</QualifierName>
            </MeshHeading>
            <MeshHeading>
                <DescriptorName UI="D010781" MajorTopicYN="N">Photography</DescriptorName>
            </MeshHeading>
            <MeshHeading>
                <DescriptorName UI="D015995" MajorTopicYN="N">Prevalence</DescriptorName>
            </MeshHeading>
            <MeshHeading>
                <DescriptorName UI="D014065" MajorTopicYN="N">Tonometry, Ocular</DescriptorName>
            </MeshHeading>
        </MeshHeadingList>
    </MedlineCitation>
    <PubmedData>
        <History>
            <PubMedPubDate PubStatus="pubmed">
                <Year>1994</Year>
                <Month>1</Month>
                <Day>1</Day>
            </PubMedPubDate>
            <PubMedPubDate PubStatus="medline">
                <Year>1994</Year>
                <Month>1</Month>
                <Day>1</Day>
                <Hour>0</Hour>
                <Minute>1</Minute>
            </PubMedPubDate>
            <PubMedPubDate PubStatus="entrez">
                <Year>1994</Year>
                <Month>1</Month>
                <Day>1</Day>
                <Hour>0</Hour>
                <Minute>0</Minute>
            </PubMedPubDate>
        </History>
        <PublicationStatus>ppublish</PublicationStatus>
        <ArticleIdList>
            <ArticleId IdType="pubmed">7607812</ArticleId>
            <ArticleId IdType="doi">10.1007/BF00917834</ArticleId>
        </ArticleIdList>
        <ReferenceList>
            <Reference>
                <Citation>Acta Ophthalmol (Copenh). 1992 Aug;70(4):440-6</Citation>
                <ArticleIdList>
                    <ArticleId IdType="pubmed">1414287</ArticleId>
                </ArticleIdList>
            </Reference>
            <Reference>
                <Citation>Am J Ophthalmol. 1993 Jul 15;116(1):51-5</Citation>
                <ArticleIdList>
                    <ArticleId IdType="pubmed">8328543</ArticleId>
                </ArticleIdList>
            </Reference>
            <Reference>
                <Citation>Am J Ophthalmol. 1982 Aug;94(2):181-9</Citation>
                <ArticleIdList>
                    <ArticleId IdType="pubmed">7114140</ArticleId>
                </ArticleIdList>
            </Reference>
            <Reference>
                <Citation>Arch Ophthalmol. 1980 Dec;98(12):2172-7</Citation>
                <ArticleIdList>
                    <ArticleId IdType="pubmed">7447769</ArticleId>
                </ArticleIdList>
            </Reference>
            <Reference>
                <Citation>Acta Ophthalmol (Copenh). 1992 Jun;70(3):308-11</Citation>
                <ArticleIdList>
                    <ArticleId IdType="pubmed">1636388</ArticleId>
                </ArticleIdList>
            </Reference>
            <Reference>
                <Citation>Trans Ophthalmol Soc U K. 1985;104 ( Pt 2):196-203</Citation>
                <ArticleIdList>
                    <ArticleId IdType="pubmed">3857779</ArticleId>
                </ArticleIdList>
            </Reference>
            <Reference>
                <Citation>Acta Ophthalmol (Copenh). 1973;51(1):39-46</Citation>
                <ArticleIdList>
                    <ArticleId IdType="pubmed">4739675</ArticleId>
                </ArticleIdList>
            </Reference>
            <Reference>
                <Citation>Acta Ophthalmol (Copenh). 1989 Apr;67(2):204-10</Citation>
                <ArticleIdList>
                    <ArticleId IdType="pubmed">2786315</ArticleId>
                </ArticleIdList>
            </Reference>
            <Reference>
                <Citation>Br Med J. 1968 Mar 30;1(5595):791-6</Citation>
                <ArticleIdList>
                    <ArticleId IdType="pubmed">5641484</ArticleId>
                </ArticleIdList>
            </Reference>
            <Reference>
                <Citation>Arch Ophthalmol. 1991 Aug;109(8):1090-5</Citation>
                <ArticleIdList>
                    <ArticleId IdType="pubmed">1867550</ArticleId>
                </ArticleIdList>
            </Reference>
            <Reference>
                <Citation>Acta Ophthalmol (Copenh). 1991 Jun;69(3):273-80</Citation>
                <ArticleIdList>
                    <ArticleId IdType="pubmed">1927307</ArticleId>
                </ArticleIdList>
            </Reference>
            <Reference>
                <Citation>Acta Ophthalmol (Copenh). 1982 Jun;60(3):362-8</Citation>
                <ArticleIdList>
                    <ArticleId IdType="pubmed">7136547</ArticleId>
                </ArticleIdList>
            </Reference>
            <Reference>
                <Citation>Klin Monbl Augenheilkd Augenarztl Fortbild. 1958;133(5):662-70</Citation>
                <ArticleIdList>
                    <ArticleId IdType="pubmed">13621563</ArticleId>
                </ArticleIdList>
            </Reference>
            <Reference>
                <Citation>Am J Epidemiol. 1983 Aug;118(2):166-91</Citation>
                <ArticleIdList>
                    <ArticleId IdType="pubmed">6349332</ArticleId>
                </ArticleIdList>
            </Reference>
            <Reference>
                <Citation>Arch Ophthalmol. 1980 Dec;98(12):2163-71</Citation>
                <ArticleIdList>
                    <ArticleId IdType="pubmed">7447768</ArticleId>
                </ArticleIdList>
            </Reference>
            <Reference>
                <Citation>Br J Ophthalmol. 1966 Oct;50(10):570-86</Citation>
                <ArticleIdList>
                    <ArticleId IdType="pubmed">5954089</ArticleId>
                </ArticleIdList>
            </Reference>
            <Reference>
                <Citation>Am J Epidemiol. 1991 Nov 15;134(10):1102-10</Citation>
                <ArticleIdList>
                    <ArticleId IdType="pubmed">1746520</ArticleId>
                </ArticleIdList>
            </Reference>
            <Reference>
                <Citation>Ophthalmology. 1992 Oct;99(10):1499-504</Citation>
                <ArticleIdList>
                    <ArticleId IdType="pubmed">1454314</ArticleId>
                </ArticleIdList>
            </Reference>
            <Reference>
                <Citation>Am J Ophthalmol. 1975 Jul;80(1):62-9</Citation>
                <ArticleIdList>
                    <ArticleId IdType="pubmed">1155551</ArticleId>
                </ArticleIdList>
            </Reference>
            <Reference>
                <Citation>Scand J Soc Med Suppl. 1984;35:5-60</Citation>
                <ArticleIdList>
                    <ArticleId IdType="pubmed">6596703</ArticleId>
                </ArticleIdList>
            </Reference>
            <Reference>
                <Citation>Br J Ophthalmol. 1989 Jul;73(7):483-7</Citation>
                <ArticleIdList>
                    <ArticleId IdType="pubmed">2788015</ArticleId>
                </ArticleIdList>
            </Reference>
            <Reference>
                <Citation>Acta Ophthalmol (Copenh). 1989 Apr;67(2):184-91</Citation>
                <ArticleIdList>
                    <ArticleId IdType="pubmed">2786314</ArticleId>
                </ArticleIdList>
            </Reference>
            <Reference>
                <Citation>Am J Epidemiol. 1980 Jun;111(6):769-76</Citation>
                <ArticleIdList>
                    <ArticleId IdType="pubmed">7386451</ArticleId>
                </ArticleIdList>
            </Reference>
            <Reference>
                <Citation>Acta Ophthalmol (Copenh). 1990 Aug;68(4):445-9</Citation>
                <ArticleIdList>
                    <ArticleId IdType="pubmed">2220362</ArticleId>
                </ArticleIdList>
            </Reference>
            <Reference>
                <Citation>Br J Ophthalmol. 1981 Jan;65(1):46-9</Citation>
                <ArticleIdList>
                    <ArticleId IdType="pubmed">6969603</ArticleId>
                </ArticleIdList>
            </Reference>
            <Reference>
                <Citation>Arch Ophthalmol. 1984 Jun;102(6):883-7</Citation>
                <ArticleIdList>
                    <ArticleId IdType="pubmed">6732570</ArticleId>
                </ArticleIdList>
            </Reference>
            <Reference>
                <Citation>Br J Ophthalmol. 1993 Jan;77(1):17-21</Citation>
                <ArticleIdList>
                    <ArticleId IdType="pubmed">8435391</ArticleId>
                </ArticleIdList>
            </Reference>
            <Reference>
                <Citation>Arch Ophthalmol. 1967 Oct;78(4):480-4</Citation>
                <ArticleIdList>
                    <ArticleId IdType="pubmed">6046843</ArticleId>
                </ArticleIdList>
            </Reference>
            <Reference>
                <Citation>Acta Ophthalmol Suppl. 1988;184:120-2</Citation>
                <ArticleIdList>
                    <ArticleId IdType="pubmed">2853908</ArticleId>
                </ArticleIdList>
            </Reference>
            <Reference>
                <Citation>Arch Ophthalmol. 1965 Jan;73:11-8</Citation>
                <ArticleIdList>
                    <ArticleId IdType="pubmed">14223671</ArticleId>
                </ArticleIdList>
            </Reference>
            <Reference>
                <Citation>Invest Ophthalmol Vis Sci. 1992 Jun;33(7):2224-8</Citation>
                <ArticleIdList>
                    <ArticleId IdType="pubmed">1607232</ArticleId>
                </ArticleIdList>
            </Reference>
        </ReferenceList>
    </PubmedData>
</PubmedArticle>

</PubmedArticleSet>