<?xml version="1.0" ?>
<!DOCTYPE PubmedArticleSet PUBLIC "-//NLM//DTD PubMedArticle, 1st January 2019//EN" "https://dtd.nlm.nih.gov/ncbi/pubmed/out/pubmed_190101.dtd">
<PubmedArticleSet>
<PubmedArticle>
    <MedlineCitation Status="MEDLINE" Owner="NLM">
        <PMID Version="1">7800368</PMID>
        <DateCompleted>
            <Year>1995</Year>
            <Month>01</Month>
            <Day>23</Day>
        </DateCompleted>
        <DateRevised>
            <Year>2019</Year>
            <Month>07</Month>
            <Day>26</Day>
        </DateRevised>
        <Article PubModel="Print">
            <Journal>
                <ISSN IssnType="Print">0161-6420</ISSN>
                <JournalIssue CitedMedium="Print">
                    <Volume>101</Volume>
                    <Issue>11</Issue>
                    <PubDate>
                        <Year>1994</Year>
                        <Month>Nov</Month>
                    </PubDate>
                </JournalIssue>
                <Title>Ophthalmology</Title>
                <ISOAbbreviation>Ophthalmology</ISOAbbreviation>
            </Journal>
            <ArticleTitle>The prevalence of primary open-angle glaucoma in a population-based study in The Netherlands. The Rotterdam Study.</ArticleTitle>
            <Pagination>
                <MedlinePgn>1851-5</MedlinePgn>
            </Pagination>
            <Abstract>
                <AbstractText Label="PURPOSE" NlmCategory="OBJECTIVE">The objective of this study is to assess the prevalence of primary open-angle glaucoma (POAG) in a defined population in Rotterdam, The Netherlands.</AbstractText>
                <AbstractText Label="METHODS" NlmCategory="METHODS">The Rotterdam Study is a single-center prospective cohort study of a total population of more than 10,000 people, 55 years of age or older. For the current analysis, the first 3062 consecutive, unselected, noninstitutionalized participants were examined according to standard protocols, including perimetry. The diagnosis of POAG was based on the presence of a glaucomatous visual field defect combined with either a vertical cup: disc ratio of 0.5 or more or a cup:disc ratio asymmetry of 0.2 or more, or an intraocular pressure (IOP) more than 21 mmHg, with open and normal anterior chamber angles.</AbstractText>
                <AbstractText Label="RESULTS" NlmCategory="RESULTS">The overall prevalence of POAG in the current study was 1.10% (95% confidence interval [CI]: 1.09, 1.11). Age-specific prevalence figures increased from 0.2% (95% CI: 0.16, 0.24) in the age group of 55 to 59 years to 3.3% (95% CI: 2.57, 4.04) in the age group of 85 to 89 years. Men had a more than three times higher risk of having POAG than women (odds ratio, 3.6). In 52.9% of the patients, POAG had not been diagnosed previously. Of these patients, 38.9% had IOPs of 21 mmHg or lower. In 8.8% of the eyes (2.9% of patients), visual acuity was 20/200 or less due to POAG.</AbstractText>
                <AbstractText Label="CONCLUSION" NlmCategory="CONCLUSIONS">The overall prevalence of POAG in the current study was 1.1%. The prevalence of POAG was higher in men than in women. Of the untreated patients, 38.9% had IOPs of 21 mmHg or lower.</AbstractText>
            </Abstract>
            <AuthorList CompleteYN="Y">
                <Author ValidYN="Y">
                    <LastName>Dielemans</LastName>
                    <ForeName>I</ForeName>
                    <Initials>I</Initials>
                    <AffiliationInfo>
                        <Affiliation>Institute of Ophthalmology, Rotterdam, The Netherlands.</Affiliation>
                    </AffiliationInfo>
                </Author>
                <Author ValidYN="Y">
                    <LastName>Vingerling</LastName>
                    <ForeName>J R</ForeName>
                    <Initials>JR</Initials>
                </Author>
                <Author ValidYN="Y">
                    <LastName>Wolfs</LastName>
                    <ForeName>R C</ForeName>
                    <Initials>RC</Initials>
                </Author>
                <Author ValidYN="Y">
                    <LastName>Hofman</LastName>
                    <ForeName>A</ForeName>
                    <Initials>A</Initials>
                </Author>
                <Author ValidYN="Y">
                    <LastName>Grobbee</LastName>
                    <ForeName>D E</ForeName>
                    <Initials>DE</Initials>
                </Author>
                <Author ValidYN="Y">
                    <LastName>de Jong</LastName>
                    <ForeName>P T</ForeName>
                    <Initials>PT</Initials>
                </Author>
            </AuthorList>
            <Language>eng</Language>
            <PublicationTypeList>
                <PublicationType UI="D003160">Comparative Study</PublicationType>
                <PublicationType UI="D016428">Journal Article</PublicationType>
                <PublicationType UI="D013485">Research Support, Non-U.S. Gov't</PublicationType>
            </PublicationTypeList>
        </Article>
        <MedlineJournalInfo>
            <Country>United States</Country>
            <MedlineTA>Ophthalmology</MedlineTA>
            <NlmUniqueID>7802443</NlmUniqueID>
            <ISSNLinking>0161-6420</ISSNLinking>
        </MedlineJournalInfo>
        <CitationSubset>IM</CitationSubset>
        <MeshHeadingList>
            <MeshHeading>
                <DescriptorName UI="D000367" MajorTopicYN="N">Age Factors</DescriptorName>
            </MeshHeading>
            <MeshHeading>
                <DescriptorName UI="D000368" MajorTopicYN="N">Aged</DescriptorName>
            </MeshHeading>
            <MeshHeading>
                <DescriptorName UI="D000369" MajorTopicYN="N">Aged, 80 and over</DescriptorName>
            </MeshHeading>
            <MeshHeading>
                <DescriptorName UI="D003430" MajorTopicYN="N">Cross-Sectional Studies</DescriptorName>
            </MeshHeading>
            <MeshHeading>
                <DescriptorName UI="D005260" MajorTopicYN="N">Female</DescriptorName>
            </MeshHeading>
            <MeshHeading>
                <DescriptorName UI="D005902" MajorTopicYN="N">Glaucoma, Open-Angle</DescriptorName>
                <QualifierName UI="Q000175" MajorTopicYN="N">diagnosis</QualifierName>
                <QualifierName UI="Q000453" MajorTopicYN="Y">epidemiology</QualifierName>
            </MeshHeading>
            <MeshHeading>
                <DescriptorName UI="D006306" MajorTopicYN="N">Health Surveys</DescriptorName>
            </MeshHeading>
            <MeshHeading>
                <DescriptorName UI="D006801" MajorTopicYN="N">Humans</DescriptorName>
            </MeshHeading>
            <MeshHeading>
                <DescriptorName UI="D007429" MajorTopicYN="N">Intraocular Pressure</DescriptorName>
            </MeshHeading>
            <MeshHeading>
                <DescriptorName UI="D008297" MajorTopicYN="N">Male</DescriptorName>
            </MeshHeading>
            <MeshHeading>
                <DescriptorName UI="D008875" MajorTopicYN="N">Middle Aged</DescriptorName>
            </MeshHeading>
            <MeshHeading>
                <DescriptorName UI="D009426" MajorTopicYN="N" Type="Geographic">Netherlands</DescriptorName>
                <QualifierName UI="Q000453" MajorTopicYN="N">epidemiology</QualifierName>
            </MeshHeading>
            <MeshHeading>
                <DescriptorName UI="D011446" MajorTopicYN="N">Prospective Studies</DescriptorName>
            </MeshHeading>
            <MeshHeading>
                <DescriptorName UI="D012307" MajorTopicYN="N">Risk Factors</DescriptorName>
            </MeshHeading>
            <MeshHeading>
                <DescriptorName UI="D012737" MajorTopicYN="N">Sex Factors</DescriptorName>
            </MeshHeading>
            <MeshHeading>
                <DescriptorName UI="D058609" MajorTopicYN="N">Visual Field Tests</DescriptorName>
            </MeshHeading>
        </MeshHeadingList>
    </MedlineCitation>
    <PubmedData>
        <History>
            <PubMedPubDate PubStatus="pubmed">
                <Year>1994</Year>
                <Month>11</Month>
                <Day>1</Day>
            </PubMedPubDate>
            <PubMedPubDate PubStatus="medline">
                <Year>1994</Year>
                <Month>11</Month>
                <Day>1</Day>
                <Hour>0</Hour>
                <Minute>1</Minute>
            </PubMedPubDate>
            <PubMedPubDate PubStatus="entrez">
                <Year>1994</Year>
                <Month>11</Month>
                <Day>1</Day>
                <Hour>0</Hour>
                <Minute>0</Minute>
            </PubMedPubDate>
        </History>
        <PublicationStatus>ppublish</PublicationStatus>
        <ArticleIdList>
            <ArticleId IdType="pubmed">7800368</ArticleId>
            <ArticleId IdType="pii">S0161-6420(94)31090-6</ArticleId>
            <ArticleId IdType="doi">10.1016/s0161-6420(94)31090-6</ArticleId>
        </ArticleIdList>
    </PubmedData>
</PubmedArticle>

</PubmedArticleSet>