<?xml version="1.0" ?>
<!DOCTYPE PubmedArticleSet PUBLIC "-//NLM//DTD PubMedArticle, 1st January 2019//EN" "https://dtd.nlm.nih.gov/ncbi/pubmed/out/pubmed_190101.dtd">
<PubmedArticleSet>
<PubmedArticle>
    <MedlineCitation Status="MEDLINE" Owner="NLM">
        <PMID Version="1">8363470</PMID>
        <DateCompleted>
            <Year>1993</Year>
            <Month>09</Month>
            <Day>30</Day>
        </DateCompleted>
        <DateRevised>
            <Year>2019</Year>
            <Month>07</Month>
            <Day>04</Day>
        </DateRevised>
        <Article PubModel="Print">
            <Journal>
                <ISSN IssnType="Print">0003-9950</ISSN>
                <JournalIssue CitedMedium="Print">
                    <Volume>111</Volume>
                    <Issue>9</Issue>
                    <PubDate>
                        <Year>1993</Year>
                        <Month>Sep</Month>
                    </PubDate>
                </JournalIssue>
                <Title>Archives of ophthalmology (Chicago, Ill. : 1960)</Title>
                <ISOAbbreviation>Arch Ophthalmol</ISOAbbreviation>
            </Journal>
            <ArticleTitle>The prevalence of primary angle closure glaucoma and open angle glaucoma in Mamre, western Cape, South Africa.</ArticleTitle>
            <Pagination>
                <MedlinePgn>1263-9</MedlinePgn>
            </Pagination>
            <Abstract>
                <AbstractText Label="OBJECTIVE" NlmCategory="OBJECTIVE">To determine the prevalence of primary angle closure glaucoma in the so-called Cape people of mixed ethnic background.</AbstractText>
                <AbstractText Label="DESIGN" NlmCategory="METHODS">A population-based prevalence study.</AbstractText>
                <AbstractText Label="SETTING" NlmCategory="METHODS">Mamre, a village near Cape Town, South Africa.</AbstractText>
                <AbstractText Label="PARTICIPANTS" NlmCategory="METHODS">Individuals aged 40 years or older. Historically, their ancestors were Southeast Asians and indigenous Africans and, to a lesser extent, Europeans. Of a total of 1194 people, 987 (82.7%) were examined.</AbstractText>
                <AbstractText Label="MAIN OUTCOME MEASURE" NlmCategory="METHODS">Primary angle closure glaucoma was diagnosed in individuals with previous acute or intermittent symptoms of angle closure and in individuals with an &quot;occludable&quot; angle and an intraocular pressure of greater than 21 mm Hg or a glaucomatous visual field.</AbstractText>
                <AbstractText Label="MAIN RESULTS" NlmCategory="RESULTS">An age-related trend toward hypermetropia was found, which was greatest in women older than age 50 years. Gonioscopy identified Shaffer grade 1 angles in 89 (9%) of 987 subjects. The prevalence of primary angle closure glaucoma was 2.3% (23 subjects) and increased with age in both sexes. Women were affected more than four times as often as men and the sex difference persisted across all age groups. In comparison, the prevalence of primary open angle glaucoma was 1.5% (15 subjects). Primary glaucoma (angle closure plus open angle) was the leading cause of bilateral blindness in the community, with a prevalence rate of 0.5% (five subjects).</AbstractText>
                <AbstractText Label="CONCLUSIONS" NlmCategory="CONCLUSIONS">This study identified primary angle closure glaucoma as a significant public health problem in the Western Cape Province. Because of the ethnic back-ground of the people studied, these findings may also apply to the populations of Southeast Asia.</AbstractText>
            </Abstract>
            <AuthorList CompleteYN="Y">
                <Author ValidYN="Y">
                    <LastName>Salmon</LastName>
                    <ForeName>J F</ForeName>
                    <Initials>JF</Initials>
                    <AffiliationInfo>
                        <Affiliation>Department of Ophthalmology, Groote Schuur Hospital, South Africa, Cape Town.</Affiliation>
                    </AffiliationInfo>
                </Author>
                <Author ValidYN="Y">
                    <LastName>Mermoud</LastName>
                    <ForeName>A</ForeName>
                    <Initials>A</Initials>
                </Author>
                <Author ValidYN="Y">
                    <LastName>Ivey</LastName>
                    <ForeName>A</ForeName>
                    <Initials>A</Initials>
                </Author>
                <Author ValidYN="Y">
                    <LastName>Swanevelder</LastName>
                    <ForeName>S A</ForeName>
                    <Initials>SA</Initials>
                </Author>
                <Author ValidYN="Y">
                    <LastName>Hoffman</LastName>
                    <ForeName>M</ForeName>
                    <Initials>M</Initials>
                </Author>
            </AuthorList>
            <Language>eng</Language>
            <PublicationTypeList>
                <PublicationType UI="D003160">Comparative Study</PublicationType>
                <PublicationType UI="D016428">Journal Article</PublicationType>
                <PublicationType UI="D013485">Research Support, Non-U.S. Gov't</PublicationType>
            </PublicationTypeList>
        </Article>
        <MedlineJournalInfo>
            <Country>United States</Country>
            <MedlineTA>Arch Ophthalmol</MedlineTA>
            <NlmUniqueID>7706534</NlmUniqueID>
            <ISSNLinking>0003-9950</ISSNLinking>
        </MedlineJournalInfo>
        <CitationSubset>AIM</CitationSubset>
        <CitationSubset>IM</CitationSubset>
        <MeshHeadingList>
            <MeshHeading>
                <DescriptorName UI="D000328" MajorTopicYN="N">Adult</DescriptorName>
            </MeshHeading>
            <MeshHeading>
                <DescriptorName UI="D000368" MajorTopicYN="N">Aged</DescriptorName>
            </MeshHeading>
            <MeshHeading>
                <DescriptorName UI="D000369" MajorTopicYN="N">Aged, 80 and over</DescriptorName>
            </MeshHeading>
            <MeshHeading>
                <DescriptorName UI="D005260" MajorTopicYN="N">Female</DescriptorName>
            </MeshHeading>
            <MeshHeading>
                <DescriptorName UI="D015812" MajorTopicYN="N">Glaucoma, Angle-Closure</DescriptorName>
                <QualifierName UI="Q000453" MajorTopicYN="Y">epidemiology</QualifierName>
            </MeshHeading>
            <MeshHeading>
                <DescriptorName UI="D005902" MajorTopicYN="N">Glaucoma, Open-Angle</DescriptorName>
                <QualifierName UI="Q000453" MajorTopicYN="Y">epidemiology</QualifierName>
            </MeshHeading>
            <MeshHeading>
                <DescriptorName UI="D006068" MajorTopicYN="N">Gonioscopy</DescriptorName>
            </MeshHeading>
            <MeshHeading>
                <DescriptorName UI="D006801" MajorTopicYN="N">Humans</DescriptorName>
            </MeshHeading>
            <MeshHeading>
                <DescriptorName UI="D007429" MajorTopicYN="N">Intraocular Pressure</DescriptorName>
            </MeshHeading>
            <MeshHeading>
                <DescriptorName UI="D008297" MajorTopicYN="N">Male</DescriptorName>
            </MeshHeading>
            <MeshHeading>
                <DescriptorName UI="D008875" MajorTopicYN="N">Middle Aged</DescriptorName>
            </MeshHeading>
            <MeshHeading>
                <DescriptorName UI="D015995" MajorTopicYN="N">Prevalence</DescriptorName>
            </MeshHeading>
            <MeshHeading>
                <DescriptorName UI="D012737" MajorTopicYN="N">Sex Factors</DescriptorName>
            </MeshHeading>
            <MeshHeading>
                <DescriptorName UI="D013019" MajorTopicYN="N" Type="Geographic">South Africa</DescriptorName>
                <QualifierName UI="Q000453" MajorTopicYN="N">epidemiology</QualifierName>
            </MeshHeading>
            <MeshHeading>
                <DescriptorName UI="D014794" MajorTopicYN="N">Visual Fields</DescriptorName>
            </MeshHeading>
        </MeshHeadingList>
    </MedlineCitation>
    <PubmedData>
        <History>
            <PubMedPubDate PubStatus="pubmed">
                <Year>1993</Year>
                <Month>9</Month>
                <Day>1</Day>
            </PubMedPubDate>
            <PubMedPubDate PubStatus="medline">
                <Year>1993</Year>
                <Month>9</Month>
                <Day>1</Day>
                <Hour>0</Hour>
                <Minute>1</Minute>
            </PubMedPubDate>
            <PubMedPubDate PubStatus="entrez">
                <Year>1993</Year>
                <Month>9</Month>
                <Day>1</Day>
                <Hour>0</Hour>
                <Minute>0</Minute>
            </PubMedPubDate>
        </History>
        <PublicationStatus>ppublish</PublicationStatus>
        <ArticleIdList>
            <ArticleId IdType="pubmed">8363470</ArticleId>
            <ArticleId IdType="doi">10.1001/archopht.1993.01090090115029</ArticleId>
        </ArticleIdList>
    </PubmedData>
</PubmedArticle>

</PubmedArticleSet>