<?xml version="1.0" ?>
<!DOCTYPE PubmedArticleSet PUBLIC "-//NLM//DTD PubMedArticle, 1st January 2019//EN" "https://dtd.nlm.nih.gov/ncbi/pubmed/out/pubmed_190101.dtd">
<PubmedArticleSet>
<PubmedArticle>
    <MedlineCitation Status="MEDLINE" Owner="NLM">
        <PMID Version="1">8874440</PMID>
        <DateCompleted>
            <Year>1996</Year>
            <Month>11</Month>
            <Day>08</Day>
        </DateCompleted>
        <DateRevised>
            <Year>2019</Year>
            <Month>07</Month>
            <Day>26</Day>
        </DateRevised>
        <Article PubModel="Print">
            <Journal>
                <ISSN IssnType="Print">0161-6420</ISSN>
                <JournalIssue CitedMedium="Print">
                    <Volume>103</Volume>
                    <Issue>10</Issue>
                    <PubDate>
                        <Year>1996</Year>
                        <Month>Oct</Month>
                    </PubDate>
                </JournalIssue>
                <Title>Ophthalmology</Title>
                <ISOAbbreviation>Ophthalmology</ISOAbbreviation>
            </Journal>
            <ArticleTitle>Prevalence of open-angle glaucoma in Australia. The Blue Mountains Eye Study.</ArticleTitle>
            <Pagination>
                <MedlinePgn>1661-9</MedlinePgn>
            </Pagination>
            <Abstract>
                <AbstractText Label="PURPOSE" NlmCategory="OBJECTIVE">The purpose of this study was to determine the prevalence of open-angle glaucoma and ocular hypertension in an Australian community whose residents are 49 years of age or older.</AbstractText>
                <AbstractText Label="SUBJECTS" NlmCategory="METHODS">There were 3654 persons, representing 82.4% of permanent residents from an area west of Sydney, Australia, who were examined. The population was identified by a door-to-door census of all dwellings and by closely matched findings from the national census.</AbstractText>
                <AbstractText Label="METHODS" NlmCategory="METHODS">All participants received a detailed eye examination, including applanation tonometry, suprathreshold automated perimetry (Humphrey 76-point test), and Zeiss stereoscopic optic disc photography. Glaucoma suspects were asked to return for full threshold fields (Humphrey 30-2 test), gonioscopy, and repeat tonometry.</AbstractText>
                <AbstractText Label="RESULTS" NlmCategory="RESULTS">A 5-point hemifield difference on the 76-point test was found in 616 persons (19% of people tested). Humphrey 30-2 tests were performed on 336 glaucoma suspects (9.2% of population), of whom 125 had typical glaucomatous field defects. Two hundred three persons had enlarged or asymmetric cup-disc ratios (&gt; or = 0.7 in 1 or both eyes or a cup-disc ratio difference of &gt; or = 0.3). Open-angle glaucoma was diagnosed when glaucomatous defects on the 30-2 test matched the optic disc changes, without regard to the intraocular pressure level. This congruence was found in 87 participants (2.4%), whereas an additional 21 persons (0.6%) had clinical signs of open-angle glaucoma but incomplete examination findings. Open-angle glaucoma was thus found in 108 persons, a prevalence of 3.0% (95% confidence interval [CI], 2.5-3.6), of whom 49% were diagnosed previously. An exponential rise in prevalence was observed with increasing age. Ocular hypertension, defined as an intraocular pressure in either eye greater than 21 mmHg, without matching disc and field changes, was present in 3.7% of this population (95% CI, 3.1-4.3), but there was no significant age-related increase in prevalence. The prevalence of glaucoma was higher in women after adjusting for age (odds ratio, 1.5; CI, 1.0-2.2). There was no sex difference in the age-adjusted prevalence of ocular hypertension.</AbstractText>
                <AbstractText Label="CONCLUSIONS" NlmCategory="CONCLUSIONS">These data provide detailed age and sex-specific prevalence rates for open-angle glaucoma and ocular hypertension in an older Australian population.</AbstractText>
            </Abstract>
            <AuthorList CompleteYN="Y">
                <Author ValidYN="Y">
                    <LastName>Mitchell</LastName>
                    <ForeName>P</ForeName>
                    <Initials>P</Initials>
                    <AffiliationInfo>
                        <Affiliation>Department of Ophthalmology, University of Sydney, Australia.</Affiliation>
                    </AffiliationInfo>
                </Author>
                <Author ValidYN="Y">
                    <LastName>Smith</LastName>
                    <ForeName>W</ForeName>
                    <Initials>W</Initials>
                </Author>
                <Author ValidYN="Y">
                    <LastName>Attebo</LastName>
                    <ForeName>K</ForeName>
                    <Initials>K</Initials>
                </Author>
                <Author ValidYN="Y">
                    <LastName>Healey</LastName>
                    <ForeName>P R</ForeName>
                    <Initials>PR</Initials>
                </Author>
            </AuthorList>
            <Language>eng</Language>
            <PublicationTypeList>
                <PublicationType UI="D003160">Comparative Study</PublicationType>
                <PublicationType UI="D016428">Journal Article</PublicationType>
                <PublicationType UI="D013485">Research Support, Non-U.S. Gov't</PublicationType>
            </PublicationTypeList>
        </Article>
        <MedlineJournalInfo>
            <Country>United States</Country>
            <MedlineTA>Ophthalmology</MedlineTA>
            <NlmUniqueID>7802443</NlmUniqueID>
            <ISSNLinking>0161-6420</ISSNLinking>
        </MedlineJournalInfo>
        <CitationSubset>IM</CitationSubset>
        <MeshHeadingList>
            <MeshHeading>
                <DescriptorName UI="D017677" MajorTopicYN="N">Age Distribution</DescriptorName>
            </MeshHeading>
            <MeshHeading>
                <DescriptorName UI="D000368" MajorTopicYN="N">Aged</DescriptorName>
            </MeshHeading>
            <MeshHeading>
                <DescriptorName UI="D000369" MajorTopicYN="N">Aged, 80 and over</DescriptorName>
            </MeshHeading>
            <MeshHeading>
                <DescriptorName UI="D001315" MajorTopicYN="N" Type="Geographic">Australia</DescriptorName>
                <QualifierName UI="Q000453" MajorTopicYN="N">epidemiology</QualifierName>
            </MeshHeading>
            <MeshHeading>
                <DescriptorName UI="D005260" MajorTopicYN="N">Female</DescriptorName>
            </MeshHeading>
            <MeshHeading>
                <DescriptorName UI="D005902" MajorTopicYN="N">Glaucoma, Open-Angle</DescriptorName>
                <QualifierName UI="Q000453" MajorTopicYN="Y">epidemiology</QualifierName>
            </MeshHeading>
            <MeshHeading>
                <DescriptorName UI="D006801" MajorTopicYN="N">Humans</DescriptorName>
            </MeshHeading>
            <MeshHeading>
                <DescriptorName UI="D007429" MajorTopicYN="N">Intraocular Pressure</DescriptorName>
            </MeshHeading>
            <MeshHeading>
                <DescriptorName UI="D008297" MajorTopicYN="N">Male</DescriptorName>
            </MeshHeading>
            <MeshHeading>
                <DescriptorName UI="D008875" MajorTopicYN="N">Middle Aged</DescriptorName>
            </MeshHeading>
            <MeshHeading>
                <DescriptorName UI="D009798" MajorTopicYN="N">Ocular Hypertension</DescriptorName>
                <QualifierName UI="Q000453" MajorTopicYN="N">epidemiology</QualifierName>
            </MeshHeading>
            <MeshHeading>
                <DescriptorName UI="D009898" MajorTopicYN="N">Optic Disk</DescriptorName>
            </MeshHeading>
            <MeshHeading>
                <DescriptorName UI="D010781" MajorTopicYN="N">Photography</DescriptorName>
            </MeshHeading>
            <MeshHeading>
                <DescriptorName UI="D015995" MajorTopicYN="N">Prevalence</DescriptorName>
            </MeshHeading>
            <MeshHeading>
                <DescriptorName UI="D017678" MajorTopicYN="N">Sex Distribution</DescriptorName>
            </MeshHeading>
            <MeshHeading>
                <DescriptorName UI="D014065" MajorTopicYN="N">Tonometry, Ocular</DescriptorName>
            </MeshHeading>
            <MeshHeading>
                <DescriptorName UI="D058609" MajorTopicYN="N">Visual Field Tests</DescriptorName>
            </MeshHeading>
            <MeshHeading>
                <DescriptorName UI="D014794" MajorTopicYN="N">Visual Fields</DescriptorName>
            </MeshHeading>
        </MeshHeadingList>
    </MedlineCitation>
    <PubmedData>
        <History>
            <PubMedPubDate PubStatus="pubmed">
                <Year>1996</Year>
                <Month>10</Month>
                <Day>1</Day>
            </PubMedPubDate>
            <PubMedPubDate PubStatus="medline">
                <Year>1996</Year>
                <Month>10</Month>
                <Day>1</Day>
                <Hour>0</Hour>
                <Minute>1</Minute>
            </PubMedPubDate>
            <PubMedPubDate PubStatus="entrez">
                <Year>1996</Year>
                <Month>10</Month>
                <Day>1</Day>
                <Hour>0</Hour>
                <Minute>0</Minute>
            </PubMedPubDate>
        </History>
        <PublicationStatus>ppublish</PublicationStatus>
        <ArticleIdList>
            <ArticleId IdType="pubmed">8874440</ArticleId>
            <ArticleId IdType="pii">S0161-6420(96)30449-1</ArticleId>
            <ArticleId IdType="doi">10.1016/s0161-6420(96)30449-1</ArticleId>
        </ArticleIdList>
    </PubmedData>
</PubmedArticle>

</PubmedArticleSet>