<?xml version="1.0" ?>
<!DOCTYPE PubmedArticleSet PUBLIC "-//NLM//DTD PubMedArticle, 1st January 2019//EN" "https://dtd.nlm.nih.gov/ncbi/pubmed/out/pubmed_190101.dtd">
<PubmedArticleSet>
<PubmedArticle>
    <MedlineCitation Status="MEDLINE" Owner="NLM">
        <PMID Version="1">9479277</PMID>
        <DateCompleted>
            <Year>1998</Year>
            <Month>02</Month>
            <Day>27</Day>
        </DateCompleted>
        <DateRevised>
            <Year>2019</Year>
            <Month>07</Month>
            <Day>26</Day>
        </DateRevised>
        <Article PubModel="Print">
            <Journal>
                <ISSN IssnType="Print">0161-6420</ISSN>
                <JournalIssue CitedMedium="Print">
                    <Volume>105</Volume>
                    <Issue>2</Issue>
                    <PubDate>
                        <Year>1998</Year>
                        <Month>Feb</Month>
                    </PubDate>
                </JournalIssue>
                <Title>Ophthalmology</Title>
                <ISOAbbreviation>Ophthalmology</ISOAbbreviation>
            </Journal>
            <ArticleTitle>Prevalence of glaucoma and intraocular pressure distribution in a defined population. The Egna-Neumarkt Study.</ArticleTitle>
            <Pagination>
                <MedlinePgn>209-15</MedlinePgn>
            </Pagination>
            <Abstract>
                <AbstractText Label="OBJECTIVE" NlmCategory="OBJECTIVE">The purpose of the study is to assess the prevalence of various types of glaucoma and to determine the intraocular pressure (IOP) distribution in a defined population in an Italian rural community.</AbstractText>
                <AbstractText Label="DESIGN" NlmCategory="METHODS">A cross-sectional epidemiologic study in a defined population was planned. After the screening examination, the subjects with suspected glaucoma were re-examined at the screening center in order to confirm the diagnosis. All cases that still proved suspect after the second examination underwent a third phase of investigations at the Ophthalmologic Division of Bolzano Hospital, and were classified as healthy or definitely glaucomatous.</AbstractText>
                <AbstractText Label="PARTICIPANTS" NlmCategory="METHODS">All subjects residing in the Egna-Neumarkt area of Alto Adige region (Northern Italy) and over 40 years of age were invited to undergo an ophthalmologic examination.</AbstractText>
                <AbstractText Label="INTERVENTION" NlmCategory="METHODS">Each subject was examined according to a standard protocol, including computerized perimetry, applanation tonometry, evaluation of anterior chamber depth and optic disc, and a medical history interview. The diagnosis of glaucoma was based on the presence of at least two of the following criteria: IOP &gt; or = 22 mmHg, glaucomatous optic disc abnormalities, and glaucomatous visual field defects. Ocular hypertension was defined as IOP &gt; or = 22 mmHg without visual field or glaucomatous optic disc abnormalities.</AbstractText>
                <AbstractText Label="MAIN OUTCOME MEASURES" NlmCategory="METHODS">Participation rate, mean IOP, prevalence of glaucoma (primary open-angle glaucoma, primary angle-closure glaucoma, normal-tension glaucoma, secondary glaucoma), and ocular hypertension were determined.</AbstractText>
                <AbstractText Label="RESULTS" NlmCategory="RESULTS">Of a total of 5816, 4297 subjects were examined (73.9% overall participation rate). Intraocular pressure showed a Gaussian-like distribution curve skewed to the right. Mean IOP increased with age, and was slightly higher in men (15.14 mmHg) than in women (14.94 mmHg). The overall prevalences of ocular hypertension, primary open-angle glaucoma, primary angle-closure glaucoma, and normal-tension glaucoma were 2.1%, 1.4%, 0.6%, and 0.6%, respectively. Only 28 of 210 patients with glaucoma or ocular hypertension had been diagnosed prior to the screening.</AbstractText>
                <AbstractText Label="CONCLUSIONS" NlmCategory="CONCLUSIONS">The distribution of IOP and the prevalence of the different types of glaucoma were similar to those found in other white populations.</AbstractText>
            </Abstract>
            <AuthorList CompleteYN="Y">
                <Author ValidYN="Y">
                    <LastName>Bonomi</LastName>
                    <ForeName>L</ForeName>
                    <Initials>L</Initials>
                    <AffiliationInfo>
                        <Affiliation>Clinica Oculistica, Università degli Studi di Verona, Italy.</Affiliation>
                    </AffiliationInfo>
                </Author>
                <Author ValidYN="Y">
                    <LastName>Marchini</LastName>
                    <ForeName>G</ForeName>
                    <Initials>G</Initials>
                </Author>
                <Author ValidYN="Y">
                    <LastName>Marraffa</LastName>
                    <ForeName>M</ForeName>
                    <Initials>M</Initials>
                </Author>
                <Author ValidYN="Y">
                    <LastName>Bernardi</LastName>
                    <ForeName>P</ForeName>
                    <Initials>P</Initials>
                </Author>
                <Author ValidYN="Y">
                    <LastName>De Franco</LastName>
                    <ForeName>I</ForeName>
                    <Initials>I</Initials>
                </Author>
                <Author ValidYN="Y">
                    <LastName>Perfetti</LastName>
                    <ForeName>S</ForeName>
                    <Initials>S</Initials>
                </Author>
                <Author ValidYN="Y">
                    <LastName>Varotto</LastName>
                    <ForeName>A</ForeName>
                    <Initials>A</Initials>
                </Author>
                <Author ValidYN="Y">
                    <LastName>Tenna</LastName>
                    <ForeName>V</ForeName>
                    <Initials>V</Initials>
                </Author>
            </AuthorList>
            <Language>eng</Language>
            <PublicationTypeList>
                <PublicationType UI="D016428">Journal Article</PublicationType>
                <PublicationType UI="D013485">Research Support, Non-U.S. Gov't</PublicationType>
            </PublicationTypeList>
        </Article>
        <MedlineJournalInfo>
            <Country>United States</Country>
            <MedlineTA>Ophthalmology</MedlineTA>
            <NlmUniqueID>7802443</NlmUniqueID>
            <ISSNLinking>0161-6420</ISSNLinking>
        </MedlineJournalInfo>
        <CitationSubset>IM</CitationSubset>
        <CommentsCorrectionsList>
            <CommentsCorrections RefType="CommentIn">
                <RefSource>Ophthalmology. 2001 Sep;108(9):1514</RefSource>
                <PMID Version="1">11535432</PMID>
            </CommentsCorrections>
        </CommentsCorrectionsList>
        <MeshHeadingList>
            <MeshHeading>
                <DescriptorName UI="D000328" MajorTopicYN="N">Adult</DescriptorName>
            </MeshHeading>
            <MeshHeading>
                <DescriptorName UI="D017677" MajorTopicYN="N">Age Distribution</DescriptorName>
            </MeshHeading>
            <MeshHeading>
                <DescriptorName UI="D000368" MajorTopicYN="N">Aged</DescriptorName>
            </MeshHeading>
            <MeshHeading>
                <DescriptorName UI="D000369" MajorTopicYN="N">Aged, 80 and over</DescriptorName>
            </MeshHeading>
            <MeshHeading>
                <DescriptorName UI="D003430" MajorTopicYN="N">Cross-Sectional Studies</DescriptorName>
            </MeshHeading>
            <MeshHeading>
                <DescriptorName UI="D005260" MajorTopicYN="N">Female</DescriptorName>
            </MeshHeading>
            <MeshHeading>
                <DescriptorName UI="D005901" MajorTopicYN="N">Glaucoma</DescriptorName>
                <QualifierName UI="Q000453" MajorTopicYN="Y">epidemiology</QualifierName>
            </MeshHeading>
            <MeshHeading>
                <DescriptorName UI="D006801" MajorTopicYN="N">Humans</DescriptorName>
            </MeshHeading>
            <MeshHeading>
                <DescriptorName UI="D007429" MajorTopicYN="Y">Intraocular Pressure</DescriptorName>
            </MeshHeading>
            <MeshHeading>
                <DescriptorName UI="D007558" MajorTopicYN="N" Type="Geographic">Italy</DescriptorName>
                <QualifierName UI="Q000453" MajorTopicYN="N">epidemiology</QualifierName>
            </MeshHeading>
            <MeshHeading>
                <DescriptorName UI="D008297" MajorTopicYN="N">Male</DescriptorName>
            </MeshHeading>
            <MeshHeading>
                <DescriptorName UI="D008875" MajorTopicYN="N">Middle Aged</DescriptorName>
            </MeshHeading>
            <MeshHeading>
                <DescriptorName UI="D009798" MajorTopicYN="N">Ocular Hypertension</DescriptorName>
                <QualifierName UI="Q000453" MajorTopicYN="N">epidemiology</QualifierName>
            </MeshHeading>
            <MeshHeading>
                <DescriptorName UI="D015995" MajorTopicYN="N">Prevalence</DescriptorName>
            </MeshHeading>
            <MeshHeading>
                <DescriptorName UI="D012424" MajorTopicYN="N">Rural Population</DescriptorName>
            </MeshHeading>
            <MeshHeading>
                <DescriptorName UI="D014794" MajorTopicYN="N">Visual Fields</DescriptorName>
            </MeshHeading>
        </MeshHeadingList>
    </MedlineCitation>
    <PubmedData>
        <History>
            <PubMedPubDate PubStatus="pubmed">
                <Year>1998</Year>
                <Month>2</Month>
                <Day>28</Day>
            </PubMedPubDate>
            <PubMedPubDate PubStatus="medline">
                <Year>1998</Year>
                <Month>2</Month>
                <Day>28</Day>
                <Hour>0</Hour>
                <Minute>1</Minute>
            </PubMedPubDate>
            <PubMedPubDate PubStatus="entrez">
                <Year>1998</Year>
                <Month>2</Month>
                <Day>28</Day>
                <Hour>0</Hour>
                <Minute>0</Minute>
            </PubMedPubDate>
        </History>
        <PublicationStatus>ppublish</PublicationStatus>
        <ArticleIdList>
            <ArticleId IdType="pubmed">9479277</ArticleId>
            <ArticleId IdType="pii">S0161-6420(98)92665-3</ArticleId>
            <ArticleId IdType="doi">10.1016/s0161-6420(98)92665-3</ArticleId>
        </ArticleIdList>
    </PubmedData>
</PubmedArticle>

</PubmedArticleSet>