<?xml version="1.0" ?>
<!DOCTYPE PubmedArticleSet PUBLIC "-//NLM//DTD PubMedArticle, 1st January 2019//EN" "https://dtd.nlm.nih.gov/ncbi/pubmed/out/pubmed_190101.dtd">
<PubmedArticleSet>
<PubmedArticle>
    <MedlineCitation Status="MEDLINE" Owner="NLM">
        <PMID Version="1">10219028</PMID>
        <DateCompleted>
            <Year>1999</Year>
            <Month>06</Month>
            <Day>08</Day>
        </DateCompleted>
        <DateRevised>
            <Year>2009</Year>
            <Month>11</Month>
            <Day>03</Day>
        </DateRevised>
        <Article PubModel="Print">
            <Journal>
                <ISSN IssnType="Print">1082-3069</ISSN>
                <JournalIssue CitedMedium="Print">
                    <Volume>30</Volume>
                    <Issue>4</Issue>
                    <PubDate>
                        <Year>1999</Year>
                        <Month>Apr</Month>
                    </PubDate>
                </JournalIssue>
                <Title>Ophthalmic surgery and lasers</Title>
                <ISOAbbreviation>Ophthalmic Surg Lasers</ISOAbbreviation>
            </Journal>
            <ArticleTitle>Phacotrabeculectomy versus two-stage operation: a matched study.</ArticleTitle>
            <Pagination>
                <MedlinePgn>260-5</MedlinePgn>
            </Pagination>
            <Abstract>
                <AbstractText Label="BACKGROUND AND OBJECTIVE" NlmCategory="OBJECTIVE">To evaluate the efficacy and safety of phacoemulsification and foldable intraocular lens, combined with trabeculectomy (phacotrabeculectomy) in patients with coexisting cataract and glaucoma.</AbstractText>
                <AbstractText Label="PATIENTS AND METHODS" NlmCategory="METHODS">A total of 53 consecutive eyes which underwent phacotrabeculectomy and posterior chamber intraocular lens (PCIOL) were matched and compared with 53 eyes that had trabeculectomy followed by phacoemulsification and posterior chamber intraocular lens (mean interval 3.2 month). The 2 groups were first matched by diagnostic group and subsequently for the closest possible match with other successive variables, including age, gender, race and preoperative glaucoma medications. Mean intraocular pressure (IOP) reduction, visual acuity, antiglaucoma medications, and surgical success as well as complications were compared in both groups.</AbstractText>
                <AbstractText Label="RESULTS" NlmCategory="RESULTS">Mean IOP reduction was 14.5+/-4.1 mmHg in the two-stage group compared to 15.1+/-3.9 in the phacotrabeculectomy group at 6 months follow-up (P&lt;0.1) and 13.8+/-3.9 and 14.6+/-3.7 respectively at 1 year (P&lt;0.1). Visual acuity and complications were comparable.</AbstractText>
                <AbstractText Label="CONCLUSION" NlmCategory="CONCLUSIONS">Phacotrabeculectomy provides IOP control statistically comparable to two-stage surgery with earlier visual rehabilitation.</AbstractText>
            </Abstract>
            <AuthorList CompleteYN="Y">
                <Author ValidYN="Y">
                    <LastName>El-Sayyad</LastName>
                    <ForeName>F F</ForeName>
                    <Initials>FF</Initials>
                    <AffiliationInfo>
                        <Affiliation>El Maghraby Eye Hospital, Jeddah, Saudi Arabia. Felsayyad@compuserve.com</Affiliation>
                    </AffiliationInfo>
                </Author>
                <Author ValidYN="Y">
                    <LastName>Helal</LastName>
                    <ForeName>M H</ForeName>
                    <Initials>MH</Initials>
                </Author>
                <Author ValidYN="Y">
                    <LastName>Khalil</LastName>
                    <ForeName>M M</ForeName>
                    <Initials>MM</Initials>
                </Author>
                <Author ValidYN="Y">
                    <LastName>El-Maghraby</LastName>
                    <ForeName>M A</ForeName>
                    <Initials>MA</Initials>
                </Author>
            </AuthorList>
            <Language>eng</Language>
            <PublicationTypeList>
                <PublicationType UI="D016430">Clinical Trial</PublicationType>
                <PublicationType UI="D003160">Comparative Study</PublicationType>
                <PublicationType UI="D016428">Journal Article</PublicationType>
            </PublicationTypeList>
        </Article>
        <MedlineJournalInfo>
            <Country>United States</Country>
            <MedlineTA>Ophthalmic Surg Lasers</MedlineTA>
            <NlmUniqueID>9517132</NlmUniqueID>
            <ISSNLinking>1082-3069</ISSNLinking>
        </MedlineJournalInfo>
        <CitationSubset>IM</CitationSubset>
        <MeshHeadingList>
            <MeshHeading>
                <DescriptorName UI="D000328" MajorTopicYN="N">Adult</DescriptorName>
            </MeshHeading>
            <MeshHeading>
                <DescriptorName UI="D000368" MajorTopicYN="N">Aged</DescriptorName>
            </MeshHeading>
            <MeshHeading>
                <DescriptorName UI="D000369" MajorTopicYN="N">Aged, 80 and over</DescriptorName>
            </MeshHeading>
            <MeshHeading>
                <DescriptorName UI="D002386" MajorTopicYN="N">Cataract</DescriptorName>
                <QualifierName UI="Q000150" MajorTopicYN="Y">complications</QualifierName>
            </MeshHeading>
            <MeshHeading>
                <DescriptorName UI="D005260" MajorTopicYN="N">Female</DescriptorName>
            </MeshHeading>
            <MeshHeading>
                <DescriptorName UI="D005500" MajorTopicYN="N">Follow-Up Studies</DescriptorName>
            </MeshHeading>
            <MeshHeading>
                <DescriptorName UI="D005901" MajorTopicYN="N">Glaucoma</DescriptorName>
                <QualifierName UI="Q000150" MajorTopicYN="Y">complications</QualifierName>
                <QualifierName UI="Q000601" MajorTopicYN="N">surgery</QualifierName>
            </MeshHeading>
            <MeshHeading>
                <DescriptorName UI="D006801" MajorTopicYN="N">Humans</DescriptorName>
            </MeshHeading>
            <MeshHeading>
                <DescriptorName UI="D007429" MajorTopicYN="N">Intraocular Pressure</DescriptorName>
            </MeshHeading>
            <MeshHeading>
                <DescriptorName UI="D019654" MajorTopicYN="N">Lens Implantation, Intraocular</DescriptorName>
            </MeshHeading>
            <MeshHeading>
                <DescriptorName UI="D008297" MajorTopicYN="N">Male</DescriptorName>
            </MeshHeading>
            <MeshHeading>
                <DescriptorName UI="D008875" MajorTopicYN="N">Middle Aged</DescriptorName>
            </MeshHeading>
            <MeshHeading>
                <DescriptorName UI="D018918" MajorTopicYN="N">Phacoemulsification</DescriptorName>
                <QualifierName UI="Q000379" MajorTopicYN="Y">methods</QualifierName>
            </MeshHeading>
            <MeshHeading>
                <DescriptorName UI="D011183" MajorTopicYN="N">Postoperative Complications</DescriptorName>
            </MeshHeading>
            <MeshHeading>
                <DescriptorName UI="D012189" MajorTopicYN="N">Retrospective Studies</DescriptorName>
            </MeshHeading>
            <MeshHeading>
                <DescriptorName UI="D014130" MajorTopicYN="N">Trabeculectomy</DescriptorName>
                <QualifierName UI="Q000379" MajorTopicYN="Y">methods</QualifierName>
            </MeshHeading>
            <MeshHeading>
                <DescriptorName UI="D016896" MajorTopicYN="N">Treatment Outcome</DescriptorName>
            </MeshHeading>
            <MeshHeading>
                <DescriptorName UI="D014792" MajorTopicYN="N">Visual Acuity</DescriptorName>
            </MeshHeading>
        </MeshHeadingList>
    </MedlineCitation>
    <PubmedData>
        <History>
            <PubMedPubDate PubStatus="pubmed">
                <Year>1999</Year>
                <Month>4</Month>
                <Day>28</Day>
            </PubMedPubDate>
            <PubMedPubDate PubStatus="medline">
                <Year>1999</Year>
                <Month>4</Month>
                <Day>28</Day>
                <Hour>0</Hour>
                <Minute>1</Minute>
            </PubMedPubDate>
            <PubMedPubDate PubStatus="entrez">
                <Year>1999</Year>
                <Month>4</Month>
                <Day>28</Day>
                <Hour>0</Hour>
                <Minute>0</Minute>
            </PubMedPubDate>
        </History>
        <PublicationStatus>ppublish</PublicationStatus>
        <ArticleIdList>
            <ArticleId IdType="pubmed">10219028</ArticleId>
        </ArticleIdList>
    </PubmedData>
</PubmedArticle>

</PubmedArticleSet>