<?xml version="1.0" ?>
<!DOCTYPE PubmedArticleSet PUBLIC "-//NLM//DTD PubMedArticle, 1st January 2019//EN" "https://dtd.nlm.nih.gov/ncbi/pubmed/out/pubmed_190101.dtd">
<PubmedArticleSet>
<PubmedArticle>
    <MedlineCitation Status="MEDLINE" Owner="NLM">
        <PMID Version="1">10366085</PMID>
        <DateCompleted>
            <Year>1999</Year>
            <Month>06</Month>
            <Day>14</Day>
        </DateCompleted>
        <DateRevised>
            <Year>2006</Year>
            <Month>11</Month>
            <Day>15</Day>
        </DateRevised>
        <Article PubModel="Print">
            <Journal>
                <ISSN IssnType="Print">0161-6420</ISSN>
                <JournalIssue CitedMedium="Print">
                    <Volume>106</Volume>
                    <Issue>6</Issue>
                    <PubDate>
                        <Year>1999</Year>
                        <Month>Jun</Month>
                    </PubDate>
                </JournalIssue>
                <Title>Ophthalmology</Title>
                <ISOAbbreviation>Ophthalmology</ISOAbbreviation>
            </Journal>
            <ArticleTitle>Phacotrabeculectomy: limbus-based versus fornix-based conjunctival flaps in fellow eyes.</ArticleTitle>
            <Pagination>
                <MedlinePgn>1152-5</MedlinePgn>
            </Pagination>
            <Abstract>
                <AbstractText Label="OBJECTIVE" NlmCategory="OBJECTIVE">To compare the effectiveness of limbus-based and fornix-based conjunctival flaps in fellow eyes of the same patients undergoing combined trabeculectomy with phacoemulsification.</AbstractText>
                <AbstractText Label="DESIGN" NlmCategory="METHODS">Prospective, nonrandomized comparative (fellow eye) study.</AbstractText>
                <AbstractText Label="PARTICIPANTS" NlmCategory="METHODS">Forty-four patients and 88 fellow eyes.</AbstractText>
                <AbstractText Label="INTERVENTION" NlmCategory="METHODS">Limbus-based conjunctival flap with phacotrabeculectomy was performed in one eye, and a fornix-based conjunctival flap with phacotrabeculectomy was performed in the fellow eyes of the same patients. The patients were followed up for a minimum of 1 year postoperatively for each eye.</AbstractText>
                <AbstractText Label="MAIN OUTCOME MEASURES" NlmCategory="METHODS">Preoperative and postoperative visual acuity, intraocular pressure, number of antiglaucoma medications, interventions, and complications were studied.</AbstractText>
                <AbstractText Label="RESULTS" NlmCategory="RESULTS">At last follow-up visit, visual acuity improved to 20/40 or better in 88.6% of the limbus-based group and 79.6% of the fornix-based group. Preoperatively, the mean intraocular pressure in the limbus-based group was 21.4 +/- 4.8 mmHg on a mean of 2.4 +/- 1.2 glaucoma medications; in the fornix-based group, it was 21.4 +/- 4.3 mmHg on a mean of 2.3 +/- 1.1 medications. Mean intraocular pressure decreased to 15.3 +/- 3.3 mmHg (P &lt; 0.01) on a mean of 0.2 +/- 0.5 glaucoma medications in the limbus-based group (P &lt; 0.01). In the fornix-based group, mean intraocular pressure at last follow-up visit decreased to 15.3 +/- 4.7 mmHg (P &lt; 0.01) on a mean of 0.2 +/- 0.5 medications (P &lt; 0.01). Postoperative interventions and complications were not statistically different between the two groups.</AbstractText>
                <AbstractText Label="CONCLUSION" NlmCategory="CONCLUSIONS">With phacotrabeculectomy, limbus-based and fornix-based conjunctival flaps are equally effective in improving visual acuity and lowering intraocular pressure. This variation in conjunctival flap orientation was equally effective in fellow eyes of the same patients, with no difference in postoperative complications or outcomes.</AbstractText>
            </Abstract>
            <AuthorList CompleteYN="Y">
                <Author ValidYN="Y">
                    <LastName>Shingleton</LastName>
                    <ForeName>B J</ForeName>
                    <Initials>BJ</Initials>
                    <AffiliationInfo>
                        <Affiliation>Ophthalmic Consultants of Boston, Center for Eye Research, Massachusetts 02114, USA. BJSOCB@aol.com</Affiliation>
                    </AffiliationInfo>
                </Author>
                <Author ValidYN="Y">
                    <LastName>Chaudhry</LastName>
                    <ForeName>I M</ForeName>
                    <Initials>IM</Initials>
                </Author>
                <Author ValidYN="Y">
                    <LastName>O'Donoghue</LastName>
                    <ForeName>M W</ForeName>
                    <Initials>MW</Initials>
                </Author>
                <Author ValidYN="Y">
                    <LastName>Baylus</LastName>
                    <ForeName>S L</ForeName>
                    <Initials>SL</Initials>
                </Author>
                <Author ValidYN="Y">
                    <LastName>King</LastName>
                    <ForeName>R J</ForeName>
                    <Initials>RJ</Initials>
                </Author>
                <Author ValidYN="Y">
                    <LastName>Chaudhry</LastName>
                    <ForeName>M B</ForeName>
                    <Initials>MB</Initials>
                </Author>
            </AuthorList>
            <Language>eng</Language>
            <PublicationTypeList>
                <PublicationType UI="D016430">Clinical Trial</PublicationType>
                <PublicationType UI="D003160">Comparative Study</PublicationType>
                <PublicationType UI="D018848">Controlled Clinical Trial</PublicationType>
                <PublicationType UI="D016428">Journal Article</PublicationType>
            </PublicationTypeList>
        </Article>
        <MedlineJournalInfo>
            <Country>United States</Country>
            <MedlineTA>Ophthalmology</MedlineTA>
            <NlmUniqueID>7802443</NlmUniqueID>
            <ISSNLinking>0161-6420</ISSNLinking>
        </MedlineJournalInfo>
        <ChemicalList>
            <Chemical>
                <RegistryNumber>9011-14-7</RegistryNumber>
                <NameOfSubstance UI="D019904">Polymethyl Methacrylate</NameOfSubstance>
            </Chemical>
        </ChemicalList>
        <CitationSubset>IM</CitationSubset>
        <CommentsCorrectionsList>
            <CommentsCorrections RefType="CommentIn">
                <RefSource>Ophthalmology. 2000 Apr;107(4):621-2</RefSource>
                <PMID Version="1">10768317</PMID>
            </CommentsCorrections>
        </CommentsCorrectionsList>
        <MeshHeadingList>
            <MeshHeading>
                <DescriptorName UI="D000368" MajorTopicYN="N">Aged</DescriptorName>
            </MeshHeading>
            <MeshHeading>
                <DescriptorName UI="D002386" MajorTopicYN="N">Cataract</DescriptorName>
                <QualifierName UI="Q000150" MajorTopicYN="N">complications</QualifierName>
            </MeshHeading>
            <MeshHeading>
                <DescriptorName UI="D003228" MajorTopicYN="N">Conjunctiva</DescriptorName>
                <QualifierName UI="Q000601" MajorTopicYN="Y">surgery</QualifierName>
            </MeshHeading>
            <MeshHeading>
                <DescriptorName UI="D005260" MajorTopicYN="N">Female</DescriptorName>
            </MeshHeading>
            <MeshHeading>
                <DescriptorName UI="D005500" MajorTopicYN="N">Follow-Up Studies</DescriptorName>
            </MeshHeading>
            <MeshHeading>
                <DescriptorName UI="D005901" MajorTopicYN="N">Glaucoma</DescriptorName>
                <QualifierName UI="Q000150" MajorTopicYN="N">complications</QualifierName>
                <QualifierName UI="Q000601" MajorTopicYN="N">surgery</QualifierName>
            </MeshHeading>
            <MeshHeading>
                <DescriptorName UI="D006801" MajorTopicYN="N">Humans</DescriptorName>
            </MeshHeading>
            <MeshHeading>
                <DescriptorName UI="D007429" MajorTopicYN="N">Intraocular Pressure</DescriptorName>
            </MeshHeading>
            <MeshHeading>
                <DescriptorName UI="D019654" MajorTopicYN="N">Lens Implantation, Intraocular</DescriptorName>
            </MeshHeading>
            <MeshHeading>
                <DescriptorName UI="D016850" MajorTopicYN="N">Limbus Corneae</DescriptorName>
                <QualifierName UI="Q000601" MajorTopicYN="Y">surgery</QualifierName>
            </MeshHeading>
            <MeshHeading>
                <DescriptorName UI="D008297" MajorTopicYN="N">Male</DescriptorName>
            </MeshHeading>
            <MeshHeading>
                <DescriptorName UI="D018918" MajorTopicYN="Y">Phacoemulsification</DescriptorName>
            </MeshHeading>
            <MeshHeading>
                <DescriptorName UI="D019904" MajorTopicYN="N">Polymethyl Methacrylate</DescriptorName>
            </MeshHeading>
            <MeshHeading>
                <DescriptorName UI="D011183" MajorTopicYN="N">Postoperative Complications</DescriptorName>
            </MeshHeading>
            <MeshHeading>
                <DescriptorName UI="D011446" MajorTopicYN="N">Prospective Studies</DescriptorName>
            </MeshHeading>
            <MeshHeading>
                <DescriptorName UI="D013524" MajorTopicYN="Y">Surgical Flaps</DescriptorName>
            </MeshHeading>
            <MeshHeading>
                <DescriptorName UI="D014130" MajorTopicYN="Y">Trabeculectomy</DescriptorName>
            </MeshHeading>
            <MeshHeading>
                <DescriptorName UI="D016896" MajorTopicYN="N">Treatment Outcome</DescriptorName>
            </MeshHeading>
            <MeshHeading>
                <DescriptorName UI="D014792" MajorTopicYN="N">Visual Acuity</DescriptorName>
            </MeshHeading>
        </MeshHeadingList>
    </MedlineCitation>
    <PubmedData>
        <History>
            <PubMedPubDate PubStatus="pubmed">
                <Year>1999</Year>
                <Month>6</Month>
                <Day>12</Day>
            </PubMedPubDate>
            <PubMedPubDate PubStatus="medline">
                <Year>1999</Year>
                <Month>6</Month>
                <Day>12</Day>
                <Hour>0</Hour>
                <Minute>1</Minute>
            </PubMedPubDate>
            <PubMedPubDate PubStatus="entrez">
                <Year>1999</Year>
                <Month>6</Month>
                <Day>12</Day>
                <Hour>0</Hour>
                <Minute>0</Minute>
            </PubMedPubDate>
        </History>
        <PublicationStatus>ppublish</PublicationStatus>
        <ArticleIdList>
            <ArticleId IdType="pubmed">10366085</ArticleId>
            <ArticleId IdType="pii">S0161-6420(99)90252-X</ArticleId>
            <ArticleId IdType="doi">10.1016/S0161-6420(99)90252-X</ArticleId>
        </ArticleIdList>
    </PubmedData>
</PubmedArticle>

</PubmedArticleSet>