<?xml version="1.0" ?>
<!DOCTYPE PubmedArticleSet PUBLIC "-//NLM//DTD PubMedArticle, 1st January 2019//EN" "https://dtd.nlm.nih.gov/ncbi/pubmed/out/pubmed_190101.dtd">
<PubmedArticleSet>
<PubmedArticle>
    <MedlineCitation Status="MEDLINE" Owner="NLM">
        <PMID Version="1">10404361</PMID>
        <DateCompleted>
            <Year>1999</Year>
            <Month>09</Month>
            <Day>13</Day>
        </DateCompleted>
        <DateRevised>
            <Year>2019</Year>
            <Month>08</Month>
            <Day>22</Day>
        </DateRevised>
        <Article PubModel="Print">
            <Journal>
                <ISSN IssnType="Print">0886-3350</ISSN>
                <JournalIssue CitedMedium="Print">
                    <Volume>25</Volume>
                    <Issue>7</Issue>
                    <PubDate>
                        <Year>1999</Year>
                        <Month>Jul</Month>
                    </PubDate>
                </JournalIssue>
                <Title>Journal of cataract and refractive surgery</Title>
                <ISOAbbreviation>J Cataract Refract Surg</ISOAbbreviation>
            </Journal>
            <ArticleTitle>Long-term changes in intraocular pressure after clear corneal phacoemulsification: normal patients versus glaucoma suspect and glaucoma patients.</ArticleTitle>
            <Pagination>
                <MedlinePgn>885-90</MedlinePgn>
            </Pagination>
            <Abstract>
                <AbstractText Label="PURPOSE" NlmCategory="OBJECTIVE">To compare the effects of clear corneal phacoemulsification on intraocular pressure (IOP) in patients without glaucoma, glaucoma suspects, and patients with glaucoma.</AbstractText>
                <AbstractText Label="SETTING" NlmCategory="METHODS">Urban, multisubspecialty private practice.</AbstractText>
                <AbstractText Label="METHODS" NlmCategory="METHODS">A retrospective analysis of patients who had clear corneal phacoemulsification with a minimum of 12 months follow-up was performed. The patients were divided into 3 groups: no glaucoma (NG), glaucoma suspects (GS), and glaucoma (GG). None had a history of prior surgery. Glaucoma suspects included patients with elevated IOPs, abnormal discs, pseudoexfoliation syndrome, or pigment dispersion syndrome on no medications and with no field defects. Glaucoma patients had received only medical treatment. Two-tailed, homoscedastic t tests were used for statistical analysis.</AbstractText>
                <AbstractText Label="RESULTS" NlmCategory="RESULTS">There were 143 patients (164 eyes) in the NG group, 65 (75) in the GS group, and 61 (71) in the GG group. The mean preoperative IOP was 16.42 mm Hg +/- 2.77 (SD), 17.59 +/- 4.15 mm Hg, and 16.97 +/- 4.86 mm Hg in the 3 groups, respectively. At 1 year, the mean IOP was lower in all groups: 14.37 +/- 2.97 mm Hg, 15.68 +/- 3.38 mm Hg, and 15.86 +/- 4.00 mm Hg, respectively. The change was statistically significant in the NG and GS groups. Glaucoma patients showed a statistically significant reduction in the number of glaucoma medications postoperatively.</AbstractText>
                <AbstractText Label="CONCLUSION" NlmCategory="CONCLUSIONS">Clear corneal phacoemulsification was associated with a statistically significant long-term reduction in IOP.</AbstractText>
            </Abstract>
            <AuthorList CompleteYN="Y">
                <Author ValidYN="Y">
                    <LastName>Shingleton</LastName>
                    <ForeName>B J</ForeName>
                    <Initials>BJ</Initials>
                    <AffiliationInfo>
                        <Affiliation>Ophthalmic Consultants of Boston, Center for Eye Research and Education, Massachusetts, USA.</Affiliation>
                    </AffiliationInfo>
                </Author>
                <Author ValidYN="Y">
                    <LastName>Gamell</LastName>
                    <ForeName>L S</ForeName>
                    <Initials>LS</Initials>
                </Author>
                <Author ValidYN="Y">
                    <LastName>O'Donoghue</LastName>
                    <ForeName>M W</ForeName>
                    <Initials>MW</Initials>
                </Author>
                <Author ValidYN="Y">
                    <LastName>Baylus</LastName>
                    <ForeName>S L</ForeName>
                    <Initials>SL</Initials>
                </Author>
                <Author ValidYN="Y">
                    <LastName>King</LastName>
                    <ForeName>R</ForeName>
                    <Initials>R</Initials>
                </Author>
            </AuthorList>
            <Language>eng</Language>
            <PublicationTypeList>
                <PublicationType UI="D003160">Comparative Study</PublicationType>
                <PublicationType UI="D016428">Journal Article</PublicationType>
            </PublicationTypeList>
        </Article>
        <MedlineJournalInfo>
            <Country>United States</Country>
            <MedlineTA>J Cataract Refract Surg</MedlineTA>
            <NlmUniqueID>8604171</NlmUniqueID>
            <ISSNLinking>0886-3350</ISSNLinking>
        </MedlineJournalInfo>
        <CitationSubset>IM</CitationSubset>
        <CommentsCorrectionsList>
            <CommentsCorrections RefType="CommentIn">
                <RefSource>J Cataract Refract Surg. 1999 Jul;25(7):877</RefSource>
                <PMID Version="1">10404356</PMID>
            </CommentsCorrections>
            <CommentsCorrections RefType="CommentIn">
                <RefSource>J Cataract Refract Surg. 1999 Dec;25(12):1560</RefSource>
                <PMID Version="1">10609192</PMID>
            </CommentsCorrections>
        </CommentsCorrectionsList>
        <MeshHeadingList>
            <MeshHeading>
                <DescriptorName UI="D000368" MajorTopicYN="N">Aged</DescriptorName>
            </MeshHeading>
            <MeshHeading>
                <DescriptorName UI="D002386" MajorTopicYN="N">Cataract</DescriptorName>
                <QualifierName UI="Q000150" MajorTopicYN="N">complications</QualifierName>
            </MeshHeading>
            <MeshHeading>
                <DescriptorName UI="D003315" MajorTopicYN="N">Cornea</DescriptorName>
                <QualifierName UI="Q000601" MajorTopicYN="Y">surgery</QualifierName>
            </MeshHeading>
            <MeshHeading>
                <DescriptorName UI="D005260" MajorTopicYN="N">Female</DescriptorName>
            </MeshHeading>
            <MeshHeading>
                <DescriptorName UI="D005500" MajorTopicYN="N">Follow-Up Studies</DescriptorName>
            </MeshHeading>
            <MeshHeading>
                <DescriptorName UI="D005901" MajorTopicYN="N">Glaucoma</DescriptorName>
                <QualifierName UI="Q000150" MajorTopicYN="Y">complications</QualifierName>
                <QualifierName UI="Q000175" MajorTopicYN="N">diagnosis</QualifierName>
                <QualifierName UI="Q000503" MajorTopicYN="N">physiopathology</QualifierName>
            </MeshHeading>
            <MeshHeading>
                <DescriptorName UI="D006801" MajorTopicYN="N">Humans</DescriptorName>
            </MeshHeading>
            <MeshHeading>
                <DescriptorName UI="D007429" MajorTopicYN="N">Intraocular Pressure</DescriptorName>
                <QualifierName UI="Q000502" MajorTopicYN="Y">physiology</QualifierName>
            </MeshHeading>
            <MeshHeading>
                <DescriptorName UI="D008297" MajorTopicYN="N">Male</DescriptorName>
            </MeshHeading>
            <MeshHeading>
                <DescriptorName UI="D009798" MajorTopicYN="N">Ocular Hypertension</DescriptorName>
                <QualifierName UI="Q000150" MajorTopicYN="Y">complications</QualifierName>
                <QualifierName UI="Q000175" MajorTopicYN="N">diagnosis</QualifierName>
                <QualifierName UI="Q000503" MajorTopicYN="N">physiopathology</QualifierName>
            </MeshHeading>
            <MeshHeading>
                <DescriptorName UI="D018918" MajorTopicYN="N">Phacoemulsification</DescriptorName>
                <QualifierName UI="Q000379" MajorTopicYN="Y">methods</QualifierName>
            </MeshHeading>
            <MeshHeading>
                <DescriptorName UI="D012189" MajorTopicYN="N">Retrospective Studies</DescriptorName>
            </MeshHeading>
            <MeshHeading>
                <DescriptorName UI="D016896" MajorTopicYN="N">Treatment Outcome</DescriptorName>
            </MeshHeading>
            <MeshHeading>
                <DescriptorName UI="D014794" MajorTopicYN="N">Visual Fields</DescriptorName>
            </MeshHeading>
        </MeshHeadingList>
    </MedlineCitation>
    <PubmedData>
        <History>
            <PubMedPubDate PubStatus="pubmed">
                <Year>1999</Year>
                <Month>7</Month>
                <Day>15</Day>
                <Hour>10</Hour>
                <Minute>0</Minute>
            </PubMedPubDate>
            <PubMedPubDate PubStatus="medline">
                <Year>2000</Year>
                <Month>4</Month>
                <Day>25</Day>
                <Hour>9</Hour>
                <Minute>0</Minute>
            </PubMedPubDate>
            <PubMedPubDate PubStatus="entrez">
                <Year>1999</Year>
                <Month>7</Month>
                <Day>15</Day>
                <Hour>10</Hour>
                <Minute>0</Minute>
            </PubMedPubDate>
        </History>
        <PublicationStatus>ppublish</PublicationStatus>
        <ArticleIdList>
            <ArticleId IdType="pubmed">10404361</ArticleId>
            <ArticleId IdType="pii">S0886335099001078</ArticleId>
            <ArticleId IdType="doi">10.1016/s0886-3350(99)00107-8</ArticleId>
        </ArticleIdList>
    </PubmedData>
</PubmedArticle>

</PubmedArticleSet>