<?xml version="1.0" ?>
<!DOCTYPE PubmedArticleSet PUBLIC "-//NLM//DTD PubMedArticle, 1st January 2019//EN" "https://dtd.nlm.nih.gov/ncbi/pubmed/out/pubmed_190101.dtd">
<PubmedArticleSet>
<PubmedArticle>
    <MedlineCitation Status="MEDLINE" Owner="NLM">
        <PMID Version="1">10646150</PMID>
        <DateCompleted>
            <Year>2000</Year>
            <Month>02</Month>
            <Day>09</Day>
        </DateCompleted>
        <DateRevised>
            <Year>2019</Year>
            <Month>08</Month>
            <Day>22</Day>
        </DateRevised>
        <Article PubModel="Print">
            <Journal>
                <ISSN IssnType="Print">0886-3350</ISSN>
                <JournalIssue CitedMedium="Print">
                    <Volume>26</Volume>
                    <Issue>1</Issue>
                    <PubDate>
                        <Year>2000</Year>
                        <Month>Jan</Month>
                    </PubDate>
                </JournalIssue>
                <Title>Journal of cataract and refractive surgery</Title>
                <ISOAbbreviation>J Cataract Refract Surg</ISOAbbreviation>
            </Journal>
            <ArticleTitle>Effect of extracapsular cataract extraction and phacoemulsification performed after trabeculectomy on intraocular pressure.</ArticleTitle>
            <Pagination>
                <MedlinePgn>75-8</MedlinePgn>
            </Pagination>
            <Abstract>
                <AbstractText Label="PURPOSE" NlmCategory="OBJECTIVE">To determine whether there is a difference in intraocular pressure (IOP) control between extracapsular cataract extraction (ECCE) and phacoemulsification performed after successful trabeculectomy.</AbstractText>
                <AbstractText Label="SETTING" NlmCategory="METHODS">Eye Unit, St. Woolos Hospital, Newport, United Kingdom.</AbstractText>
                <AbstractText Label="METHODS" NlmCategory="METHODS">This retrospective study comprised 55 patients with glaucoma who had had trabeculectomy and subsequently had cataract surgery. Extracapsular cataract extraction was performed in 34 eyes and phacoemulsification in 21. The IOP before cataract surgery was used as a baseline for comparison with the IOP at 6 and 12 months and at the last follow-up visit (mean 44.26 months in the ECCE group and 15.09 months in the phacoemulsification group). At the 3 postoperative examinations, the IOP was recorded before and after institution of medical treatment.</AbstractText>
                <AbstractText Label="RESULTS" NlmCategory="RESULTS">In the ECCE group, the IOP exceeded the target pressure in 7 eyes and required medical treatment; it remained uncontrolled in 1 eye at the final visit. In the phacoemulsification group, the IOP was less than 18 mm Hg without any medication and within the target pressure in all 21 eyes. The IOP increase after ECCE was statistically significant (mean IOP was 13.61 mm Hg before and 15.53 mm Hg after ECCE; P = .0297). After treatment was instituted, there was no statistically significant difference in the IOP compared with the preoperative value (P = .0796 at 6 months, .677 at 1 year, and .4419 at the final visit in the ECCE group and .0703, .2220, and .1035, respectively, in the phacoemulsification group).</AbstractText>
                <AbstractText Label="CONCLUSION" NlmCategory="CONCLUSIONS">The findings indicated that IOP was better controlled by phacoemulsification than by ECCE in patients who had had filtration surgery.</AbstractText>
            </Abstract>
            <AuthorList CompleteYN="Y">
                <Author ValidYN="Y">
                    <LastName>Manoj</LastName>
                    <ForeName>B</ForeName>
                    <Initials>B</Initials>
                    <AffiliationInfo>
                        <Affiliation>Eye Unit, St. Woolos Hospital, Newport, United Kingdom.</Affiliation>
                    </AffiliationInfo>
                </Author>
                <Author ValidYN="Y">
                    <LastName>Chako</LastName>
                    <ForeName>D</ForeName>
                    <Initials>D</Initials>
                </Author>
                <Author ValidYN="Y">
                    <LastName>Khan</LastName>
                    <ForeName>M Y</ForeName>
                    <Initials>MY</Initials>
                </Author>
            </AuthorList>
            <Language>eng</Language>
            <PublicationTypeList>
                <PublicationType UI="D003160">Comparative Study</PublicationType>
                <PublicationType UI="D016428">Journal Article</PublicationType>
            </PublicationTypeList>
        </Article>
        <MedlineJournalInfo>
            <Country>United States</Country>
            <MedlineTA>J Cataract Refract Surg</MedlineTA>
            <NlmUniqueID>8604171</NlmUniqueID>
            <ISSNLinking>0886-3350</ISSNLinking>
        </MedlineJournalInfo>
        <CitationSubset>IM</CitationSubset>
        <MeshHeadingList>
            <MeshHeading>
                <DescriptorName UI="D000368" MajorTopicYN="N">Aged</DescriptorName>
            </MeshHeading>
            <MeshHeading>
                <DescriptorName UI="D000369" MajorTopicYN="N">Aged, 80 and over</DescriptorName>
            </MeshHeading>
            <MeshHeading>
                <DescriptorName UI="D002386" MajorTopicYN="N">Cataract</DescriptorName>
                <QualifierName UI="Q000150" MajorTopicYN="N">complications</QualifierName>
            </MeshHeading>
            <MeshHeading>
                <DescriptorName UI="D002387" MajorTopicYN="N">Cataract Extraction</DescriptorName>
                <QualifierName UI="Q000379" MajorTopicYN="N">methods</QualifierName>
            </MeshHeading>
            <MeshHeading>
                <DescriptorName UI="D005902" MajorTopicYN="N">Glaucoma, Open-Angle</DescriptorName>
                <QualifierName UI="Q000150" MajorTopicYN="N">complications</QualifierName>
                <QualifierName UI="Q000503" MajorTopicYN="N">physiopathology</QualifierName>
                <QualifierName UI="Q000601" MajorTopicYN="Y">surgery</QualifierName>
            </MeshHeading>
            <MeshHeading>
                <DescriptorName UI="D006801" MajorTopicYN="N">Humans</DescriptorName>
            </MeshHeading>
            <MeshHeading>
                <DescriptorName UI="D007429" MajorTopicYN="N">Intraocular Pressure</DescriptorName>
                <QualifierName UI="Q000502" MajorTopicYN="Y">physiology</QualifierName>
            </MeshHeading>
            <MeshHeading>
                <DescriptorName UI="D008875" MajorTopicYN="N">Middle Aged</DescriptorName>
            </MeshHeading>
            <MeshHeading>
                <DescriptorName UI="D018918" MajorTopicYN="N">Phacoemulsification</DescriptorName>
                <QualifierName UI="Q000379" MajorTopicYN="Y">methods</QualifierName>
            </MeshHeading>
            <MeshHeading>
                <DescriptorName UI="D012189" MajorTopicYN="N">Retrospective Studies</DescriptorName>
            </MeshHeading>
            <MeshHeading>
                <DescriptorName UI="D013997" MajorTopicYN="N">Time Factors</DescriptorName>
            </MeshHeading>
            <MeshHeading>
                <DescriptorName UI="D014130" MajorTopicYN="Y">Trabeculectomy</DescriptorName>
            </MeshHeading>
        </MeshHeadingList>
    </MedlineCitation>
    <PubmedData>
        <History>
            <PubMedPubDate PubStatus="pubmed">
                <Year>2000</Year>
                <Month>1</Month>
                <Day>26</Day>
            </PubMedPubDate>
            <PubMedPubDate PubStatus="medline">
                <Year>2000</Year>
                <Month>1</Month>
                <Day>26</Day>
                <Hour>0</Hour>
                <Minute>1</Minute>
            </PubMedPubDate>
            <PubMedPubDate PubStatus="entrez">
                <Year>2000</Year>
                <Month>1</Month>
                <Day>26</Day>
                <Hour>0</Hour>
                <Minute>0</Minute>
            </PubMedPubDate>
        </History>
        <PublicationStatus>ppublish</PublicationStatus>
        <ArticleIdList>
            <ArticleId IdType="pubmed">10646150</ArticleId>
            <ArticleId IdType="pii">S0886-3350(99)00321-1</ArticleId>
            <ArticleId IdType="doi">10.1016/s0886-3350(99)00321-1</ArticleId>
        </ArticleIdList>
    </PubmedData>
</PubmedArticle>

</PubmedArticleSet>