<?xml version="1.0" ?>
<!DOCTYPE PubmedArticleSet PUBLIC "-//NLM//DTD PubMedArticle, 1st January 2019//EN" "https://dtd.nlm.nih.gov/ncbi/pubmed/out/pubmed_190101.dtd">
<PubmedArticleSet>
<PubmedArticle>
    <MedlineCitation Status="MEDLINE" Owner="NLM">
        <PMID Version="1">1490087</PMID>
        <DateCompleted>
            <Year>1993</Year>
            <Month>03</Month>
            <Day>04</Day>
        </DateCompleted>
        <DateRevised>
            <Year>2017</Year>
            <Month>12</Month>
            <Day>06</Day>
        </DateRevised>
        <Article PubModel="Print">
            <Journal>
                <ISSN IssnType="Print">1120-6721</ISSN>
                <JournalIssue CitedMedium="Print">
                    <Volume>2</Volume>
                    <Issue>4</Issue>
                    <PubDate>
                        <MedlineDate>1992 Oct-Dec</MedlineDate>
                    </PubDate>
                </JournalIssue>
                <Title>European journal of ophthalmology</Title>
                <ISOAbbreviation>Eur J Ophthalmol</ISOAbbreviation>
            </Journal>
            <ArticleTitle>Pressure control in glaucoma patients after cataract surgery with intraocular lens.</ArticleTitle>
            <Pagination>
                <MedlinePgn>163-8</MedlinePgn>
            </Pagination>
            <Abstract>
                <AbstractText>In a retrospective study 97 patients with glaucoma and 16 with ocular hypertension were examined with regard to intraocular pressure (IOP) after extracapsular cataract extraction with implantation of a posterior chamber lens. During the follow-up 39 cases dropped out but 63 glaucoma patients and 11 patients with ocular hypertension were followed for three years. Compared to preoperative IOP 59% of the patients treated previously with Argon laser trabeculoplasty (ALT) had an IOP rise of &gt; 10 mm Hg the day after surgery. The corresponding proportion among medically treated patients was 34% (P = 0.01). A pressure rise of &gt; 10 mm Hg was less frequent among patients treated with one drug than among those treated with two or three (P = 0.05). During follow-up eight patients had a pressure rise which could not be controlled medically and they had to undergo additional ALT or surgery. All eight had been treated with ALT or with glaucoma filtering surgery prior to the cataract operation. After three years observation of 63 of the glaucoma patients, 63% were having less medical therapy than preoperatively, 30% an equal amount and 7% more; 49% (31 of 63) were still without any therapy. In the group of patients who preoperatively were only treated medically, no definite increase in therapy was needed in the long term.</AbstractText>
            </Abstract>
            <AuthorList CompleteYN="Y">
                <Author ValidYN="Y">
                    <LastName>Calissendorff</LastName>
                    <ForeName>B M</ForeName>
                    <Initials>BM</Initials>
                    <AffiliationInfo>
                        <Affiliation>Department of Ophthalmology, Karolinska Institute, St Erik's Eye Hospital, Stockholm, Sweden.</Affiliation>
                    </AffiliationInfo>
                </Author>
                <Author ValidYN="Y">
                    <LastName>Hamberg-Nyström</LastName>
                    <ForeName>H</ForeName>
                    <Initials>H</Initials>
                </Author>
            </AuthorList>
            <Language>eng</Language>
            <PublicationTypeList>
                <PublicationType UI="D016428">Journal Article</PublicationType>
            </PublicationTypeList>
        </Article>
        <MedlineJournalInfo>
            <Country>United States</Country>
            <MedlineTA>Eur J Ophthalmol</MedlineTA>
            <NlmUniqueID>9110772</NlmUniqueID>
            <ISSNLinking>1120-6721</ISSNLinking>
        </MedlineJournalInfo>
        <ChemicalList>
            <Chemical>
                <RegistryNumber>0</RegistryNumber>
                <NameOfSubstance UI="D002257">Carbonic Anhydrase Inhibitors</NameOfSubstance>
            </Chemical>
        </ChemicalList>
        <CitationSubset>IM</CitationSubset>
        <MeshHeadingList>
            <MeshHeading>
                <DescriptorName UI="D000368" MajorTopicYN="N">Aged</DescriptorName>
            </MeshHeading>
            <MeshHeading>
                <DescriptorName UI="D000369" MajorTopicYN="N">Aged, 80 and over</DescriptorName>
            </MeshHeading>
            <MeshHeading>
                <DescriptorName UI="D002257" MajorTopicYN="N">Carbonic Anhydrase Inhibitors</DescriptorName>
                <QualifierName UI="Q000627" MajorTopicYN="N">therapeutic use</QualifierName>
            </MeshHeading>
            <MeshHeading>
                <DescriptorName UI="D002387" MajorTopicYN="Y">Cataract Extraction</DescriptorName>
            </MeshHeading>
            <MeshHeading>
                <DescriptorName UI="D005260" MajorTopicYN="N">Female</DescriptorName>
            </MeshHeading>
            <MeshHeading>
                <DescriptorName UI="D005500" MajorTopicYN="N">Follow-Up Studies</DescriptorName>
            </MeshHeading>
            <MeshHeading>
                <DescriptorName UI="D005902" MajorTopicYN="N">Glaucoma, Open-Angle</DescriptorName>
                <QualifierName UI="Q000628" MajorTopicYN="Y">therapy</QualifierName>
            </MeshHeading>
            <MeshHeading>
                <DescriptorName UI="D006801" MajorTopicYN="N">Humans</DescriptorName>
            </MeshHeading>
            <MeshHeading>
                <DescriptorName UI="D007429" MajorTopicYN="Y">Intraocular Pressure</DescriptorName>
            </MeshHeading>
            <MeshHeading>
                <DescriptorName UI="D007910" MajorTopicYN="Y">Lenses, Intraocular</DescriptorName>
            </MeshHeading>
            <MeshHeading>
                <DescriptorName UI="D008297" MajorTopicYN="N">Male</DescriptorName>
            </MeshHeading>
            <MeshHeading>
                <DescriptorName UI="D008875" MajorTopicYN="N">Middle Aged</DescriptorName>
            </MeshHeading>
            <MeshHeading>
                <DescriptorName UI="D009798" MajorTopicYN="N">Ocular Hypertension</DescriptorName>
                <QualifierName UI="Q000628" MajorTopicYN="Y">therapy</QualifierName>
            </MeshHeading>
            <MeshHeading>
                <DescriptorName UI="D012189" MajorTopicYN="N">Retrospective Studies</DescriptorName>
            </MeshHeading>
            <MeshHeading>
                <DescriptorName UI="D014130" MajorTopicYN="N">Trabeculectomy</DescriptorName>
            </MeshHeading>
        </MeshHeadingList>
    </MedlineCitation>
    <PubmedData>
        <History>
            <PubMedPubDate PubStatus="pubmed">
                <Year>1992</Year>
                <Month>10</Month>
                <Day>1</Day>
            </PubMedPubDate>
            <PubMedPubDate PubStatus="medline">
                <Year>1992</Year>
                <Month>10</Month>
                <Day>1</Day>
                <Hour>0</Hour>
                <Minute>1</Minute>
            </PubMedPubDate>
            <PubMedPubDate PubStatus="entrez">
                <Year>1992</Year>
                <Month>10</Month>
                <Day>1</Day>
                <Hour>0</Hour>
                <Minute>0</Minute>
            </PubMedPubDate>
        </History>
        <PublicationStatus>ppublish</PublicationStatus>
        <ArticleIdList>
            <ArticleId IdType="pubmed">1490087</ArticleId>
        </ArticleIdList>
    </PubmedData>
</PubmedArticle>

</PubmedArticleSet>