<?xml version="1.0" ?>
<!DOCTYPE PubmedArticleSet PUBLIC "-//NLM//DTD PubMedArticle, 1st January 2019//EN" "https://dtd.nlm.nih.gov/ncbi/pubmed/out/pubmed_190101.dtd">
<PubmedArticleSet>
<PubmedArticle>
    <MedlineCitation Status="MEDLINE" Owner="NLM">
        <PMID Version="1">2355317</PMID>
        <DateCompleted>
            <Year>1990</Year>
            <Month>07</Month>
            <Day>24</Day>
        </DateCompleted>
        <DateRevised>
            <Year>2019</Year>
            <Month>08</Month>
            <Day>20</Day>
        </DateRevised>
        <Article PubModel="Print">
            <Journal>
                <ISSN IssnType="Print">0886-3350</ISSN>
                <JournalIssue CitedMedium="Print">
                    <Volume>16</Volume>
                    <Issue>3</Issue>
                    <PubDate>
                        <Year>1990</Year>
                        <Month>May</Month>
                    </PubDate>
                </JournalIssue>
                <Title>Journal of cataract and refractive surgery</Title>
                <ISOAbbreviation>J Cataract Refract Surg</ISOAbbreviation>
            </Journal>
            <ArticleTitle>Extracapsular cataract surgery and intraocular lens implantation in glaucomatous eyes that had a filtering bleb operation.</ArticleTitle>
            <Pagination>
                <MedlinePgn>315-9</MedlinePgn>
            </Pagination>
            <Abstract>
                <AbstractText>We studied 112 eyes of 80 glaucomatous patients who had filtering operations and also developed cataracts. Extracapsular cataract extraction (ECCE) was performed in all eyes. One hundred four (104) eyes had posterior chamber intraocular lenses (IOLs) implanted and eight had ECCE without IOLs; the latter were excluded from this clinical investigation. We evaluated intraocular pressure (IOP) and visual acuity and examined the visual fields during a follow-up period of eight months. We compared these results with the preoperative measurements. This study demonstrates that ECCE and posterior chamber IOL implantation is the optimal solution for glaucomatous eyes that have had a filtering bleb operation to obtain a good functional result and IOP stabilization.</AbstractText>
            </Abstract>
            <AuthorList CompleteYN="Y">
                <Author ValidYN="Y">
                    <LastName>Burratto</LastName>
                    <ForeName>L</ForeName>
                    <Initials>L</Initials>
                    <AffiliationInfo>
                        <Affiliation>Centro Ambrosiano di Microchirurgia Oculare, Milan, Italy.</Affiliation>
                    </AffiliationInfo>
                </Author>
                <Author ValidYN="Y">
                    <LastName>Ferrari</LastName>
                    <ForeName>M</ForeName>
                    <Initials>M</Initials>
                </Author>
            </AuthorList>
            <Language>eng</Language>
            <PublicationTypeList>
                <PublicationType UI="D016428">Journal Article</PublicationType>
            </PublicationTypeList>
        </Article>
        <MedlineJournalInfo>
            <Country>United States</Country>
            <MedlineTA>J Cataract Refract Surg</MedlineTA>
            <NlmUniqueID>8604171</NlmUniqueID>
            <ISSNLinking>0886-3350</ISSNLinking>
        </MedlineJournalInfo>
        <CitationSubset>IM</CitationSubset>
        <MeshHeadingList>
            <MeshHeading>
                <DescriptorName UI="D000368" MajorTopicYN="N">Aged</DescriptorName>
            </MeshHeading>
            <MeshHeading>
                <DescriptorName UI="D000369" MajorTopicYN="N">Aged, 80 and over</DescriptorName>
            </MeshHeading>
            <MeshHeading>
                <DescriptorName UI="D002386" MajorTopicYN="N">Cataract</DescriptorName>
                <QualifierName UI="Q000150" MajorTopicYN="Y">complications</QualifierName>
            </MeshHeading>
            <MeshHeading>
                <DescriptorName UI="D002387" MajorTopicYN="Y">Cataract Extraction</DescriptorName>
            </MeshHeading>
            <MeshHeading>
                <DescriptorName UI="D005260" MajorTopicYN="N">Female</DescriptorName>
            </MeshHeading>
            <MeshHeading>
                <DescriptorName UI="D005500" MajorTopicYN="N">Follow-Up Studies</DescriptorName>
            </MeshHeading>
            <MeshHeading>
                <DescriptorName UI="D005902" MajorTopicYN="N">Glaucoma, Open-Angle</DescriptorName>
                <QualifierName UI="Q000150" MajorTopicYN="Y">complications</QualifierName>
                <QualifierName UI="Q000601" MajorTopicYN="N">surgery</QualifierName>
            </MeshHeading>
            <MeshHeading>
                <DescriptorName UI="D006801" MajorTopicYN="N">Humans</DescriptorName>
            </MeshHeading>
            <MeshHeading>
                <DescriptorName UI="D007429" MajorTopicYN="N">Intraocular Pressure</DescriptorName>
            </MeshHeading>
            <MeshHeading>
                <DescriptorName UI="D007910" MajorTopicYN="Y">Lenses, Intraocular</DescriptorName>
            </MeshHeading>
            <MeshHeading>
                <DescriptorName UI="D008297" MajorTopicYN="N">Male</DescriptorName>
            </MeshHeading>
            <MeshHeading>
                <DescriptorName UI="D008875" MajorTopicYN="N">Middle Aged</DescriptorName>
            </MeshHeading>
            <MeshHeading>
                <DescriptorName UI="D011182" MajorTopicYN="N">Postoperative Care</DescriptorName>
            </MeshHeading>
            <MeshHeading>
                <DescriptorName UI="D011300" MajorTopicYN="N">Preoperative Care</DescriptorName>
            </MeshHeading>
            <MeshHeading>
                <DescriptorName UI="D014792" MajorTopicYN="N">Visual Acuity</DescriptorName>
            </MeshHeading>
            <MeshHeading>
                <DescriptorName UI="D014794" MajorTopicYN="N">Visual Fields</DescriptorName>
            </MeshHeading>
        </MeshHeadingList>
    </MedlineCitation>
    <PubmedData>
        <History>
            <PubMedPubDate PubStatus="pubmed">
                <Year>1990</Year>
                <Month>5</Month>
                <Day>1</Day>
            </PubMedPubDate>
            <PubMedPubDate PubStatus="medline">
                <Year>1990</Year>
                <Month>5</Month>
                <Day>1</Day>
                <Hour>0</Hour>
                <Minute>1</Minute>
            </PubMedPubDate>
            <PubMedPubDate PubStatus="entrez">
                <Year>1990</Year>
                <Month>5</Month>
                <Day>1</Day>
                <Hour>0</Hour>
                <Minute>0</Minute>
            </PubMedPubDate>
        </History>
        <PublicationStatus>ppublish</PublicationStatus>
        <ArticleIdList>
            <ArticleId IdType="pubmed">2355317</ArticleId>
            <ArticleId IdType="pii">S0886-3350(13)80701-8</ArticleId>
            <ArticleId IdType="doi">10.1016/s0886-3350(13)80701-8</ArticleId>
        </ArticleIdList>
    </PubmedData>
</PubmedArticle>

</PubmedArticleSet>