<?xml version="1.0" ?>
<!DOCTYPE PubmedArticleSet PUBLIC "-//NLM//DTD PubMedArticle, 1st January 2019//EN" "https://dtd.nlm.nih.gov/ncbi/pubmed/out/pubmed_190101.dtd">
<PubmedArticleSet>
<PubmedArticle>
    <MedlineCitation Status="MEDLINE" Owner="NLM">
        <PMID Version="1">2748112</PMID>
        <DateCompleted>
            <Year>1989</Year>
            <Month>08</Month>
            <Day>18</Day>
        </DateCompleted>
        <DateRevised>
            <Year>2019</Year>
            <Month>07</Month>
            <Day>26</Day>
        </DateRevised>
        <Article PubModel="Print">
            <Journal>
                <ISSN IssnType="Print">0161-6420</ISSN>
                <JournalIssue CitedMedium="Print">
                    <Volume>96</Volume>
                    <Issue>5</Issue>
                    <PubDate>
                        <Year>1989</Year>
                        <Month>May</Month>
                    </PubDate>
                </JournalIssue>
                <Title>Ophthalmology</Title>
                <ISOAbbreviation>Ophthalmology</ISOAbbreviation>
            </Journal>
            <ArticleTitle>Postoperative intraocular pressure rise in open-angle glaucoma patients after cataract or combined cataract-filtration surgery.</ArticleTitle>
            <Pagination>
                <MedlinePgn>579-84</MedlinePgn>
            </Pagination>
            <Abstract>
                <AbstractText>Postoperative intraocular pressure (IOP) was measured in patients with open-angle glaucoma undergoing extracapsular cataract extraction with a posterior chamber lens implant (ECCE-PC IOL). Patients considered to be under adequate medical glaucoma control had cataract surgery alone or combined with a posterior lip sclerectomy. Patients with medically uncontrolled glaucoma had cataract surgery combined with either a posterior lip sclerectomy or a trabeculectomy. Cataract surgery alone (n = 26) was associated with a significantly (P less than 0.001) increased IOP on postoperative day 1: preoperative IOP, 18.9 +/- 3.6 mmHg; postoperative IOP, 34.2 +/- 12 mmHg. An IOP rise of 10 mmHg or more occurred in 69% of the eyes, whereas 77% of the eyes had an absolute IOP over 25 mmHg. Eyes undergoing combined surgery (n = 42) had a preoperative IOP of 21.3 +/- 4.8 mmHg. On postoperative day 1, the mean IOP was 14.9 +/- 12.0 mmHg. An IOP rise of 10 mmHg or more was observed in 14%, and an IOP over 25 mmHg in 21% of combined surgery eyes. Cataract surgery in eyes with open-angle glaucoma requires careful monitoring and therapy for early postoperative increases in IOP. Combined surgery reduces the frequency and magnitude of, but does not eliminate, this complication.</AbstractText>
            </Abstract>
            <AuthorList CompleteYN="Y">
                <Author ValidYN="Y">
                    <LastName>Krupin</LastName>
                    <ForeName>T</ForeName>
                    <Initials>T</Initials>
                    <AffiliationInfo>
                        <Affiliation>Glaucoma Service, Scheie Eye Institute, University of Pennsylvania School of Medicine, Philadelphia 19104.</Affiliation>
                    </AffiliationInfo>
                </Author>
                <Author ValidYN="Y">
                    <LastName>Feitl</LastName>
                    <ForeName>M E</ForeName>
                    <Initials>ME</Initials>
                </Author>
                <Author ValidYN="Y">
                    <LastName>Bishop</LastName>
                    <ForeName>K I</ForeName>
                    <Initials>KI</Initials>
                </Author>
            </AuthorList>
            <Language>eng</Language>
            <PublicationTypeList>
                <PublicationType UI="D016430">Clinical Trial</PublicationType>
                <PublicationType UI="D003160">Comparative Study</PublicationType>
                <PublicationType UI="D016428">Journal Article</PublicationType>
                <PublicationType UI="D016449">Randomized Controlled Trial</PublicationType>
            </PublicationTypeList>
        </Article>
        <MedlineJournalInfo>
            <Country>United States</Country>
            <MedlineTA>Ophthalmology</MedlineTA>
            <NlmUniqueID>7802443</NlmUniqueID>
            <ISSNLinking>0161-6420</ISSNLinking>
        </MedlineJournalInfo>
        <CitationSubset>IM</CitationSubset>
        <MeshHeadingList>
            <MeshHeading>
                <DescriptorName UI="D000368" MajorTopicYN="N">Aged</DescriptorName>
            </MeshHeading>
            <MeshHeading>
                <DescriptorName UI="D002387" MajorTopicYN="N">Cataract Extraction</DescriptorName>
                <QualifierName UI="Q000009" MajorTopicYN="Y">adverse effects</QualifierName>
            </MeshHeading>
            <MeshHeading>
                <DescriptorName UI="D005260" MajorTopicYN="N">Female</DescriptorName>
            </MeshHeading>
            <MeshHeading>
                <DescriptorName UI="D005500" MajorTopicYN="N">Follow-Up Studies</DescriptorName>
            </MeshHeading>
            <MeshHeading>
                <DescriptorName UI="D005902" MajorTopicYN="N">Glaucoma, Open-Angle</DescriptorName>
                <QualifierName UI="Q000601" MajorTopicYN="Y">surgery</QualifierName>
            </MeshHeading>
            <MeshHeading>
                <DescriptorName UI="D006801" MajorTopicYN="N">Humans</DescriptorName>
            </MeshHeading>
            <MeshHeading>
                <DescriptorName UI="D007429" MajorTopicYN="Y">Intraocular Pressure</DescriptorName>
            </MeshHeading>
            <MeshHeading>
                <DescriptorName UI="D007910" MajorTopicYN="N">Lenses, Intraocular</DescriptorName>
            </MeshHeading>
            <MeshHeading>
                <DescriptorName UI="D008297" MajorTopicYN="N">Male</DescriptorName>
            </MeshHeading>
            <MeshHeading>
                <DescriptorName UI="D008875" MajorTopicYN="N">Middle Aged</DescriptorName>
            </MeshHeading>
            <MeshHeading>
                <DescriptorName UI="D011183" MajorTopicYN="Y">Postoperative Complications</DescriptorName>
            </MeshHeading>
            <MeshHeading>
                <DescriptorName UI="D011446" MajorTopicYN="N">Prospective Studies</DescriptorName>
            </MeshHeading>
            <MeshHeading>
                <DescriptorName UI="D013997" MajorTopicYN="N">Time Factors</DescriptorName>
            </MeshHeading>
            <MeshHeading>
                <DescriptorName UI="D014130" MajorTopicYN="N">Trabeculectomy</DescriptorName>
            </MeshHeading>
        </MeshHeadingList>
    </MedlineCitation>
    <PubmedData>
        <History>
            <PubMedPubDate PubStatus="pubmed">
                <Year>1989</Year>
                <Month>5</Month>
                <Day>1</Day>
            </PubMedPubDate>
            <PubMedPubDate PubStatus="medline">
                <Year>1989</Year>
                <Month>5</Month>
                <Day>1</Day>
                <Hour>0</Hour>
                <Minute>1</Minute>
            </PubMedPubDate>
            <PubMedPubDate PubStatus="entrez">
                <Year>1989</Year>
                <Month>5</Month>
                <Day>1</Day>
                <Hour>0</Hour>
                <Minute>0</Minute>
            </PubMedPubDate>
        </History>
        <PublicationStatus>ppublish</PublicationStatus>
        <ArticleIdList>
            <ArticleId IdType="pubmed">2748112</ArticleId>
            <ArticleId IdType="pii">S0161-6420(89)32846-6</ArticleId>
            <ArticleId IdType="doi">10.1016/s0161-6420(89)32846-6</ArticleId>
        </ArticleIdList>
    </PubmedData>
</PubmedArticle>

</PubmedArticleSet>