<?xml version="1.0" ?>
<!DOCTYPE PubmedArticleSet PUBLIC "-//NLM//DTD PubMedArticle, 1st January 2019//EN" "https://dtd.nlm.nih.gov/ncbi/pubmed/out/pubmed_190101.dtd">
<PubmedArticleSet>
<PubmedArticle>
    <MedlineCitation Status="MEDLINE" Owner="NLM">
        <PMID Version="1">2875707</PMID>
        <DateCompleted>
            <Year>1986</Year>
            <Month>10</Month>
            <Day>08</Day>
        </DateCompleted>
        <DateRevised>
            <Year>2019</Year>
            <Month>07</Month>
            <Day>04</Day>
        </DateRevised>
        <Article PubModel="Print">
            <Journal>
                <ISSN IssnType="Print">0003-9950</ISSN>
                <JournalIssue CitedMedium="Print">
                    <Volume>104</Volume>
                    <Issue>9</Issue>
                    <PubDate>
                        <Year>1986</Year>
                        <Month>Sep</Month>
                    </PubDate>
                </JournalIssue>
                <Title>Archives of ophthalmology (Chicago, Ill. : 1960)</Title>
                <ISOAbbreviation>Arch Ophthalmol</ISOAbbreviation>
            </Journal>
            <ArticleTitle>Extracapsular cataract extraction and posterior chamber lens implantation in eyes with preexisting glaucoma.</ArticleTitle>
            <Pagination>
                <MedlinePgn>1301-8</MedlinePgn>
            </Pagination>
            <Abstract>
                <AbstractText>Fifty eyes of 40 patients with glaucoma underwent extracapsular cataract extraction with posterior chamber lens implantation. Their visual results and early postoperative complications were compared with those of eyes in an age-matched group of patients without glaucoma after the same procedure. Substantial increases in early postoperative intraocular pressure (IOP) occurred in 62% of the glaucomatous eyes and in only 10% of the normal eyes. The level of best visual acuity was slightly worse (20/40) on average in the glaucomatous eyes than in the nonglaucomatous eyes (20/25). At six months after surgery, 82.5% of the nonfiltered glaucomatous eyes needed the same number of or additional glaucoma medications to maintain an IOP of less than 20 mm Hg. Ten of the glaucomatous eyes underwent trabeculectomy along with cataract surgery due to inadequate IOP control while the patient was receiving maximum medical therapy. Control was substantially improved, with 100% of these patients receiving the same number of or fewer medications at six months. By one year, only 30% of these patients required the same number of medications postoperatively as preoperatively, but all had IOP control.</AbstractText>
            </Abstract>
            <AuthorList CompleteYN="Y">
                <Author ValidYN="Y">
                    <LastName>McGuigan</LastName>
                    <ForeName>L J</ForeName>
                    <Initials>LJ</Initials>
                </Author>
                <Author ValidYN="Y">
                    <LastName>Gottsch</LastName>
                    <ForeName>J</ForeName>
                    <Initials>J</Initials>
                </Author>
                <Author ValidYN="Y">
                    <LastName>Stark</LastName>
                    <ForeName>W J</ForeName>
                    <Initials>WJ</Initials>
                </Author>
                <Author ValidYN="Y">
                    <LastName>Maumenee</LastName>
                    <ForeName>A E</ForeName>
                    <Initials>AE</Initials>
                </Author>
                <Author ValidYN="Y">
                    <LastName>Quigley</LastName>
                    <ForeName>H A</ForeName>
                    <Initials>HA</Initials>
                </Author>
            </AuthorList>
            <Language>eng</Language>
            <GrantList CompleteYN="Y">
                <Grant>
                    <GrantID>EY 01765</GrantID>
                    <Acronym>EY</Acronym>
                    <Agency>NEI NIH HHS</Agency>
                    <Country>United States</Country>
                </Grant>
                <Grant>
                    <GrantID>EY 02120</GrantID>
                    <Acronym>EY</Acronym>
                    <Agency>NEI NIH HHS</Agency>
                    <Country>United States</Country>
                </Grant>
                <Grant>
                    <GrantID>EY 05761</GrantID>
                    <Acronym>EY</Acronym>
                    <Agency>NEI NIH HHS</Agency>
                    <Country>United States</Country>
                </Grant>
            </GrantList>
            <PublicationTypeList>
                <PublicationType UI="D003160">Comparative Study</PublicationType>
                <PublicationType UI="D016428">Journal Article</PublicationType>
                <PublicationType UI="D013485">Research Support, Non-U.S. Gov't</PublicationType>
                <PublicationType UI="D013487">Research Support, U.S. Gov't, P.H.S.</PublicationType>
            </PublicationTypeList>
        </Article>
        <MedlineJournalInfo>
            <Country>United States</Country>
            <MedlineTA>Arch Ophthalmol</MedlineTA>
            <NlmUniqueID>7706534</NlmUniqueID>
            <ISSNLinking>0003-9950</ISSNLinking>
        </MedlineJournalInfo>
        <ChemicalList>
            <Chemical>
                <RegistryNumber>0</RegistryNumber>
                <NameOfSubstance UI="D000319">Adrenergic beta-Antagonists</NameOfSubstance>
            </Chemical>
            <Chemical>
                <RegistryNumber>0</RegistryNumber>
                <NameOfSubstance UI="D002257">Carbonic Anhydrase Inhibitors</NameOfSubstance>
            </Chemical>
            <Chemical>
                <RegistryNumber>0</RegistryNumber>
                <NameOfSubstance UI="D008916">Miotics</NameOfSubstance>
            </Chemical>
            <Chemical>
                <RegistryNumber>YKH834O4BH</RegistryNumber>
                <NameOfSubstance UI="D004837">Epinephrine</NameOfSubstance>
            </Chemical>
        </ChemicalList>
        <CitationSubset>AIM</CitationSubset>
        <CitationSubset>IM</CitationSubset>
        <MeshHeadingList>
            <MeshHeading>
                <DescriptorName UI="D000319" MajorTopicYN="N">Adrenergic beta-Antagonists</DescriptorName>
                <QualifierName UI="Q000627" MajorTopicYN="N">therapeutic use</QualifierName>
            </MeshHeading>
            <MeshHeading>
                <DescriptorName UI="D000368" MajorTopicYN="N">Aged</DescriptorName>
            </MeshHeading>
            <MeshHeading>
                <DescriptorName UI="D002257" MajorTopicYN="N">Carbonic Anhydrase Inhibitors</DescriptorName>
                <QualifierName UI="Q000627" MajorTopicYN="N">therapeutic use</QualifierName>
            </MeshHeading>
            <MeshHeading>
                <DescriptorName UI="D002387" MajorTopicYN="Y">Cataract Extraction</DescriptorName>
            </MeshHeading>
            <MeshHeading>
                <DescriptorName UI="D004837" MajorTopicYN="N">Epinephrine</DescriptorName>
                <QualifierName UI="Q000627" MajorTopicYN="N">therapeutic use</QualifierName>
            </MeshHeading>
            <MeshHeading>
                <DescriptorName UI="D005260" MajorTopicYN="N">Female</DescriptorName>
            </MeshHeading>
            <MeshHeading>
                <DescriptorName UI="D005500" MajorTopicYN="N">Follow-Up Studies</DescriptorName>
            </MeshHeading>
            <MeshHeading>
                <DescriptorName UI="D005901" MajorTopicYN="N">Glaucoma</DescriptorName>
                <QualifierName UI="Q000150" MajorTopicYN="Y">complications</QualifierName>
                <QualifierName UI="Q000188" MajorTopicYN="N">drug therapy</QualifierName>
                <QualifierName UI="Q000601" MajorTopicYN="N">surgery</QualifierName>
            </MeshHeading>
            <MeshHeading>
                <DescriptorName UI="D006801" MajorTopicYN="N">Humans</DescriptorName>
            </MeshHeading>
            <MeshHeading>
                <DescriptorName UI="D006988" MajorTopicYN="N">Hyphema</DescriptorName>
                <QualifierName UI="Q000175" MajorTopicYN="N">diagnosis</QualifierName>
            </MeshHeading>
            <MeshHeading>
                <DescriptorName UI="D007429" MajorTopicYN="N">Intraocular Pressure</DescriptorName>
                <QualifierName UI="Q000187" MajorTopicYN="N">drug effects</QualifierName>
            </MeshHeading>
            <MeshHeading>
                <DescriptorName UI="D007910" MajorTopicYN="Y">Lenses, Intraocular</DescriptorName>
            </MeshHeading>
            <MeshHeading>
                <DescriptorName UI="D008297" MajorTopicYN="N">Male</DescriptorName>
            </MeshHeading>
            <MeshHeading>
                <DescriptorName UI="D008916" MajorTopicYN="N">Miotics</DescriptorName>
                <QualifierName UI="Q000627" MajorTopicYN="N">therapeutic use</QualifierName>
            </MeshHeading>
            <MeshHeading>
                <DescriptorName UI="D011183" MajorTopicYN="N">Postoperative Complications</DescriptorName>
                <QualifierName UI="Q000175" MajorTopicYN="N">diagnosis</QualifierName>
            </MeshHeading>
            <MeshHeading>
                <DescriptorName UI="D014129" MajorTopicYN="N">Trabecular Meshwork</DescriptorName>
                <QualifierName UI="Q000601" MajorTopicYN="N">surgery</QualifierName>
            </MeshHeading>
            <MeshHeading>
                <DescriptorName UI="D014792" MajorTopicYN="N">Visual Acuity</DescriptorName>
            </MeshHeading>
            <MeshHeading>
                <DescriptorName UI="D014794" MajorTopicYN="N">Visual Fields</DescriptorName>
            </MeshHeading>
        </MeshHeadingList>
    </MedlineCitation>
    <PubmedData>
        <History>
            <PubMedPubDate PubStatus="pubmed">
                <Year>1986</Year>
                <Month>9</Month>
                <Day>1</Day>
            </PubMedPubDate>
            <PubMedPubDate PubStatus="medline">
                <Year>1986</Year>
                <Month>9</Month>
                <Day>1</Day>
                <Hour>0</Hour>
                <Minute>1</Minute>
            </PubMedPubDate>
            <PubMedPubDate PubStatus="entrez">
                <Year>1986</Year>
                <Month>9</Month>
                <Day>1</Day>
                <Hour>0</Hour>
                <Minute>0</Minute>
            </PubMedPubDate>
        </History>
        <PublicationStatus>ppublish</PublicationStatus>
        <ArticleIdList>
            <ArticleId IdType="pubmed">2875707</ArticleId>
            <ArticleId IdType="doi">10.1001/archopht.1986.01050210055025</ArticleId>
        </ArticleIdList>
    </PubmedData>
</PubmedArticle>

</PubmedArticleSet>