<?xml version="1.0" ?>
<!DOCTYPE PubmedArticleSet PUBLIC "-//NLM//DTD PubMedArticle, 1st January 2019//EN" "https://dtd.nlm.nih.gov/ncbi/pubmed/out/pubmed_190101.dtd">
<PubmedArticleSet>
<PubmedArticle>
    <MedlineCitation Status="MEDLINE" Owner="NLM">
        <PMID Version="1">3191074</PMID>
        <DateCompleted>
            <Year>1989</Year>
            <Month>01</Month>
            <Day>12</Day>
        </DateCompleted>
        <DateRevised>
            <Year>2019</Year>
            <Month>05</Month>
            <Day>01</Day>
        </DateRevised>
        <Article PubModel="Print">
            <Journal>
                <ISSN IssnType="Print">0007-1161</ISSN>
                <JournalIssue CitedMedium="Print">
                    <Volume>72</Volume>
                    <Issue>10</Issue>
                    <PubDate>
                        <Year>1988</Year>
                        <Month>Oct</Month>
                    </PubDate>
                </JournalIssue>
                <Title>The British journal of ophthalmology</Title>
                <ISOAbbreviation>Br J Ophthalmol</ISOAbbreviation>
            </Journal>
            <ArticleTitle>Effect of intraocular lens implantation on combined extracapsular cataract extraction with trabeculectomy: a comparative study.</ArticleTitle>
            <Pagination>
                <MedlinePgn>741-5</MedlinePgn>
            </Pagination>
            <Abstract>
                <AbstractText>In an attempt to assess the effect of posterior chamber intraocular lens (IOL) implantation on the outcome of combined extracapsular cataract extraction (ECCE) and trabeculectomy we compared 23 eyes subjected to ECCE and trabeculectomy with 23 eyes subjected to a triple procedure-that is, with the addition of IOL implantation. The results showed that IOL implantation did not have a detrimental effect on postoperative IOP reduction, gain in visual acuity, or needs for antiglaucoma medication. The incidence of anterior chamber reactions consisting of the development of posterior synechiae and fibrin formation was significantly higher when IOL had been implanted. However, the fibrin was generally absorbed within 14 days and the posterior synechiae did not occlude the visual axis. We conclude that IOL implantation should be included in these combined operations with the object of rehabilitating visual function.</AbstractText>
            </Abstract>
            <AuthorList CompleteYN="Y">
                <Author ValidYN="Y">
                    <LastName>Neumann</LastName>
                    <ForeName>R</ForeName>
                    <Initials>R</Initials>
                    <AffiliationInfo>
                        <Affiliation>Department of Ophthalmology, Kaplan Hospital, Rehovot, Israel.</Affiliation>
                    </AffiliationInfo>
                </Author>
                <Author ValidYN="Y">
                    <LastName>Zalish</LastName>
                    <ForeName>M</ForeName>
                    <Initials>M</Initials>
                </Author>
                <Author ValidYN="Y">
                    <LastName>Oliver</LastName>
                    <ForeName>M</ForeName>
                    <Initials>M</Initials>
                </Author>
            </AuthorList>
            <Language>eng</Language>
            <PublicationTypeList>
                <PublicationType UI="D003160">Comparative Study</PublicationType>
                <PublicationType UI="D016428">Journal Article</PublicationType>
            </PublicationTypeList>
        </Article>
        <MedlineJournalInfo>
            <Country>England</Country>
            <MedlineTA>Br J Ophthalmol</MedlineTA>
            <NlmUniqueID>0421041</NlmUniqueID>
            <ISSNLinking>0007-1161</ISSNLinking>
        </MedlineJournalInfo>
        <CitationSubset>IM</CitationSubset>
        <MeshHeadingList>
            <MeshHeading>
                <DescriptorName UI="D000368" MajorTopicYN="N">Aged</DescriptorName>
            </MeshHeading>
            <MeshHeading>
                <DescriptorName UI="D000369" MajorTopicYN="N">Aged, 80 and over</DescriptorName>
            </MeshHeading>
            <MeshHeading>
                <DescriptorName UI="D000867" MajorTopicYN="N">Anterior Chamber</DescriptorName>
            </MeshHeading>
            <MeshHeading>
                <DescriptorName UI="D002387" MajorTopicYN="Y">Cataract Extraction</DescriptorName>
            </MeshHeading>
            <MeshHeading>
                <DescriptorName UI="D003131" MajorTopicYN="N">Combined Modality Therapy</DescriptorName>
            </MeshHeading>
            <MeshHeading>
                <DescriptorName UI="D005260" MajorTopicYN="N">Female</DescriptorName>
            </MeshHeading>
            <MeshHeading>
                <DescriptorName UI="D005901" MajorTopicYN="N">Glaucoma</DescriptorName>
                <QualifierName UI="Q000601" MajorTopicYN="N">surgery</QualifierName>
            </MeshHeading>
            <MeshHeading>
                <DescriptorName UI="D006801" MajorTopicYN="N">Humans</DescriptorName>
            </MeshHeading>
            <MeshHeading>
                <DescriptorName UI="D007429" MajorTopicYN="N">Intraocular Pressure</DescriptorName>
            </MeshHeading>
            <MeshHeading>
                <DescriptorName UI="D007910" MajorTopicYN="Y">Lenses, Intraocular</DescriptorName>
            </MeshHeading>
            <MeshHeading>
                <DescriptorName UI="D008297" MajorTopicYN="N">Male</DescriptorName>
            </MeshHeading>
            <MeshHeading>
                <DescriptorName UI="D008722" MajorTopicYN="N">Methods</DescriptorName>
            </MeshHeading>
            <MeshHeading>
                <DescriptorName UI="D008875" MajorTopicYN="N">Middle Aged</DescriptorName>
            </MeshHeading>
            <MeshHeading>
                <DescriptorName UI="D011183" MajorTopicYN="N">Postoperative Complications</DescriptorName>
                <QualifierName UI="Q000209" MajorTopicYN="Y">etiology</QualifierName>
            </MeshHeading>
            <MeshHeading>
                <DescriptorName UI="D014130" MajorTopicYN="Y">Trabeculectomy</DescriptorName>
            </MeshHeading>
            <MeshHeading>
                <DescriptorName UI="D014792" MajorTopicYN="N">Visual Acuity</DescriptorName>
            </MeshHeading>
        </MeshHeadingList>
    </MedlineCitation>
    <PubmedData>
        <History>
            <PubMedPubDate PubStatus="pubmed">
                <Year>1988</Year>
                <Month>10</Month>
                <Day>1</Day>
            </PubMedPubDate>
            <PubMedPubDate PubStatus="medline">
                <Year>1988</Year>
                <Month>10</Month>
                <Day>1</Day>
                <Hour>0</Hour>
                <Minute>1</Minute>
            </PubMedPubDate>
            <PubMedPubDate PubStatus="entrez">
                <Year>1988</Year>
                <Month>10</Month>
                <Day>1</Day>
                <Hour>0</Hour>
                <Minute>0</Minute>
            </PubMedPubDate>
        </History>
        <PublicationStatus>ppublish</PublicationStatus>
        <ArticleIdList>
            <ArticleId IdType="pubmed">3191074</ArticleId>
            <ArticleId IdType="pmc">PMC1041574</ArticleId>
            <ArticleId IdType="doi">10.1136/bjo.72.10.741</ArticleId>
        </ArticleIdList>
        <ReferenceList>
            <Reference>
                <Citation>Ophthalmology. 1982 Mar;89(3):231-7</Citation>
                <ArticleIdList>
                    <ArticleId IdType="pubmed">7088507</ArticleId>
                </ArticleIdList>
            </Reference>
            <Reference>
                <Citation>Br J Ophthalmol. 1985 Feb;69(2):99-102</Citation>
                <ArticleIdList>
                    <ArticleId IdType="pubmed">3967004</ArticleId>
                </ArticleIdList>
            </Reference>
            <Reference>
                <Citation>J Am Intraocul Implant Soc. 1985 Mar;11(2):142-5</Citation>
                <ArticleIdList>
                    <ArticleId IdType="pubmed">3988610</ArticleId>
                </ArticleIdList>
            </Reference>
            <Reference>
                <Citation>Ophthalmology. 1985 Nov;92(11):1506-16</Citation>
                <ArticleIdList>
                    <ArticleId IdType="pubmed">4080323</ArticleId>
                </ArticleIdList>
            </Reference>
        </ReferenceList>
    </PubmedData>
</PubmedArticle>

</PubmedArticleSet>