<?xml version="1.0" ?>
<!DOCTYPE PubmedArticleSet PUBLIC "-//NLM//DTD PubMedArticle, 1st January 2019//EN" "https://dtd.nlm.nih.gov/ncbi/pubmed/out/pubmed_190101.dtd">
<PubmedArticleSet>
<PubmedArticle>
    <MedlineCitation Status="MEDLINE" Owner="NLM">
        <PMID Version="1">3211476</PMID>
        <DateCompleted>
            <Year>1989</Year>
            <Month>02</Month>
            <Day>22</Day>
        </DateCompleted>
        <DateRevised>
            <Year>2019</Year>
            <Month>07</Month>
            <Day>26</Day>
        </DateRevised>
        <Article PubModel="Print">
            <Journal>
                <ISSN IssnType="Print">0161-6420</ISSN>
                <JournalIssue CitedMedium="Print">
                    <Volume>95</Volume>
                    <Issue>6</Issue>
                    <PubDate>
                        <Year>1988</Year>
                        <Month>Jun</Month>
                    </PubDate>
                </JournalIssue>
                <Title>Ophthalmology</Title>
                <ISOAbbreviation>Ophthalmology</ISOAbbreviation>
            </Journal>
            <ArticleTitle>The efficacy and safety of combined trabeculectomy, cataract extraction, and intraocular lens implantation.</ArticleTitle>
            <Pagination>
                <MedlinePgn>754-63</MedlinePgn>
            </Pagination>
            <Abstract>
                <AbstractText>The safety and efficacy of combined trabeculectomy, extracapsular cataract extraction (ECCE), and posterior chamber intraocular lens (PC IOL) implantation were evaluated by retrospectively analyzing 108 consecutive operations. Postoperatively, 89% of eyes achieved 20/40 or better visual acuity when preoperative macular and optic nerve diseases were excluded. Mean follow-up was 16.8 months. Intraocular pressure (IOP) control (less than or equal to 21 mmHg) was achieved in 92% of eyes; 57% required no medications. Capsulotomy (20%) and transient hyphema (15%) occurred significantly more often (P less than 0.001) than in a comparison group. These results suggest that the combined procedure gives excellent visual rehabilitation and IOP control in the majority of patients included in this analysis.</AbstractText>
            </Abstract>
            <AuthorList CompleteYN="Y">
                <Author ValidYN="Y">
                    <LastName>McCartney</LastName>
                    <ForeName>D L</ForeName>
                    <Initials>DL</Initials>
                    <AffiliationInfo>
                        <Affiliation>Department of Ophthalmology and Visual Sciences, Texas Tech University, Health Sciences Center, Lubbock.</Affiliation>
                    </AffiliationInfo>
                </Author>
                <Author ValidYN="Y">
                    <LastName>Memmen</LastName>
                    <ForeName>J E</ForeName>
                    <Initials>JE</Initials>
                </Author>
                <Author ValidYN="Y">
                    <LastName>Stark</LastName>
                    <ForeName>W J</ForeName>
                    <Initials>WJ</Initials>
                </Author>
                <Author ValidYN="Y">
                    <LastName>Quigley</LastName>
                    <ForeName>H A</ForeName>
                    <Initials>HA</Initials>
                </Author>
                <Author ValidYN="Y">
                    <LastName>Maumenee</LastName>
                    <ForeName>A E</ForeName>
                    <Initials>AE</Initials>
                </Author>
                <Author ValidYN="Y">
                    <LastName>Gottsch</LastName>
                    <ForeName>J D</ForeName>
                    <Initials>JD</Initials>
                </Author>
                <Author ValidYN="Y">
                    <LastName>Bernitsky</LastName>
                    <ForeName>D A</ForeName>
                    <Initials>DA</Initials>
                </Author>
                <Author ValidYN="Y">
                    <LastName>Wong</LastName>
                    <ForeName>S K</ForeName>
                    <Initials>SK</Initials>
                </Author>
            </AuthorList>
            <Language>eng</Language>
            <GrantList CompleteYN="Y">
                <Grant>
                    <GrantID>EYO 1765</GrantID>
                    <Acronym>EY</Acronym>
                    <Agency>NEI NIH HHS</Agency>
                    <Country>United States</Country>
                </Grant>
            </GrantList>
            <PublicationTypeList>
                <PublicationType UI="D016428">Journal Article</PublicationType>
                <PublicationType UI="D013485">Research Support, Non-U.S. Gov't</PublicationType>
                <PublicationType UI="D013487">Research Support, U.S. Gov't, P.H.S.</PublicationType>
            </PublicationTypeList>
        </Article>
        <MedlineJournalInfo>
            <Country>United States</Country>
            <MedlineTA>Ophthalmology</MedlineTA>
            <NlmUniqueID>7802443</NlmUniqueID>
            <ISSNLinking>0161-6420</ISSNLinking>
        </MedlineJournalInfo>
        <CitationSubset>IM</CitationSubset>
        <MeshHeadingList>
            <MeshHeading>
                <DescriptorName UI="D000368" MajorTopicYN="N">Aged</DescriptorName>
            </MeshHeading>
            <MeshHeading>
                <DescriptorName UI="D002386" MajorTopicYN="N">Cataract</DescriptorName>
                <QualifierName UI="Q000150" MajorTopicYN="Y">complications</QualifierName>
                <QualifierName UI="Q000503" MajorTopicYN="N">physiopathology</QualifierName>
            </MeshHeading>
            <MeshHeading>
                <DescriptorName UI="D002387" MajorTopicYN="Y">Cataract Extraction</DescriptorName>
            </MeshHeading>
            <MeshHeading>
                <DescriptorName UI="D005500" MajorTopicYN="N">Follow-Up Studies</DescriptorName>
            </MeshHeading>
            <MeshHeading>
                <DescriptorName UI="D005901" MajorTopicYN="N">Glaucoma</DescriptorName>
                <QualifierName UI="Q000150" MajorTopicYN="Y">complications</QualifierName>
                <QualifierName UI="Q000503" MajorTopicYN="N">physiopathology</QualifierName>
                <QualifierName UI="Q000601" MajorTopicYN="N">surgery</QualifierName>
            </MeshHeading>
            <MeshHeading>
                <DescriptorName UI="D006801" MajorTopicYN="N">Humans</DescriptorName>
            </MeshHeading>
            <MeshHeading>
                <DescriptorName UI="D007429" MajorTopicYN="N">Intraocular Pressure</DescriptorName>
            </MeshHeading>
            <MeshHeading>
                <DescriptorName UI="D007910" MajorTopicYN="Y">Lenses, Intraocular</DescriptorName>
            </MeshHeading>
            <MeshHeading>
                <DescriptorName UI="D008875" MajorTopicYN="N">Middle Aged</DescriptorName>
            </MeshHeading>
            <MeshHeading>
                <DescriptorName UI="D011183" MajorTopicYN="N">Postoperative Complications</DescriptorName>
            </MeshHeading>
            <MeshHeading>
                <DescriptorName UI="D011300" MajorTopicYN="N">Preoperative Care</DescriptorName>
            </MeshHeading>
            <MeshHeading>
                <DescriptorName UI="D014130" MajorTopicYN="Y">Trabeculectomy</DescriptorName>
            </MeshHeading>
            <MeshHeading>
                <DescriptorName UI="D014792" MajorTopicYN="N">Visual Acuity</DescriptorName>
            </MeshHeading>
        </MeshHeadingList>
    </MedlineCitation>
    <PubmedData>
        <History>
            <PubMedPubDate PubStatus="pubmed">
                <Year>1988</Year>
                <Month>6</Month>
                <Day>1</Day>
            </PubMedPubDate>
            <PubMedPubDate PubStatus="medline">
                <Year>1988</Year>
                <Month>6</Month>
                <Day>1</Day>
                <Hour>0</Hour>
                <Minute>1</Minute>
            </PubMedPubDate>
            <PubMedPubDate PubStatus="entrez">
                <Year>1988</Year>
                <Month>6</Month>
                <Day>1</Day>
                <Hour>0</Hour>
                <Minute>0</Minute>
            </PubMedPubDate>
        </History>
        <PublicationStatus>ppublish</PublicationStatus>
        <ArticleIdList>
            <ArticleId IdType="pubmed">3211476</ArticleId>
            <ArticleId IdType="pii">S0161-6420(88)33112-X</ArticleId>
            <ArticleId IdType="doi">10.1016/s0161-6420(88)33112-x</ArticleId>
        </ArticleIdList>
    </PubmedData>
</PubmedArticle>

</PubmedArticleSet>