<?xml version="1.0" ?>
<!DOCTYPE PubmedArticleSet PUBLIC "-//NLM//DTD PubMedArticle, 1st January 2019//EN" "https://dtd.nlm.nih.gov/ncbi/pubmed/out/pubmed_190101.dtd">
<PubmedArticleSet>
<PubmedArticle>
    <MedlineCitation Status="MEDLINE" Owner="NLM">
        <PMID Version="1">3230519</PMID>
        <DateCompleted>
            <Year>1989</Year>
            <Month>04</Month>
            <Day>14</Day>
        </DateCompleted>
        <DateRevised>
            <Year>2019</Year>
            <Month>08</Month>
            <Day>20</Day>
        </DateRevised>
        <Article PubModel="Print">
            <Journal>
                <ISSN IssnType="Print">0886-3350</ISSN>
                <JournalIssue CitedMedium="Print">
                    <Volume>14</Volume>
                    <Issue>6</Issue>
                    <PubDate>
                        <Year>1988</Year>
                        <Month>Nov</Month>
                    </PubDate>
                </JournalIssue>
                <Title>Journal of cataract and refractive surgery</Title>
                <ISOAbbreviation>J Cataract Refract Surg</ISOAbbreviation>
            </Journal>
            <ArticleTitle>Control of intraocular pressure in glaucomatous eyes after extracapsular cataract extraction with intraocular lens implantation.</ArticleTitle>
            <Pagination>
                <MedlinePgn>650-3</MedlinePgn>
            </Pagination>
            <Abstract>
                <AbstractText>Two hundred sixty eyes of 195 patients having extracapsular cataract extraction (ECCE) with insertion of a posterior chamber intraocular lens were studied retrospectively. Of these cases, 160 eyes had preexisting glaucoma while 100 had no ocular pathology except for cataract. Intraocular pressure decreased significantly after ECCE in both groups and slowly returned to baseline within two years. The average postoperative visual acuity was better in the control group than in the glaucoma group. Patients with glaucoma were controlled with less medication after surgery. We believe that ECCE with insertion of a posterior chamber intraocular lens can be safely performed in glaucoma patients and has a beneficial effect on the control of glaucoma.</AbstractText>
            </Abstract>
            <AuthorList CompleteYN="Y">
                <Author ValidYN="Y">
                    <LastName>Cinotti</LastName>
                    <ForeName>D J</ForeName>
                    <Initials>DJ</Initials>
                    <AffiliationInfo>
                        <Affiliation>Department of Ophthalmology UMD, New Jersey Medical School, Newark.</Affiliation>
                    </AffiliationInfo>
                </Author>
                <Author ValidYN="Y">
                    <LastName>Fiore</LastName>
                    <ForeName>P M</ForeName>
                    <Initials>PM</Initials>
                </Author>
                <Author ValidYN="Y">
                    <LastName>Maltzman</LastName>
                    <ForeName>B A</ForeName>
                    <Initials>BA</Initials>
                </Author>
                <Author ValidYN="Y">
                    <LastName>Constad</LastName>
                    <ForeName>W H</ForeName>
                    <Initials>WH</Initials>
                </Author>
                <Author ValidYN="Y">
                    <LastName>Cinotti</LastName>
                    <ForeName>A A</ForeName>
                    <Initials>AA</Initials>
                </Author>
            </AuthorList>
            <Language>eng</Language>
            <PublicationTypeList>
                <PublicationType UI="D002363">Case Reports</PublicationType>
                <PublicationType UI="D016428">Journal Article</PublicationType>
            </PublicationTypeList>
        </Article>
        <MedlineJournalInfo>
            <Country>United States</Country>
            <MedlineTA>J Cataract Refract Surg</MedlineTA>
            <NlmUniqueID>8604171</NlmUniqueID>
            <ISSNLinking>0886-3350</ISSNLinking>
        </MedlineJournalInfo>
        <CitationSubset>IM</CitationSubset>
        <MeshHeadingList>
            <MeshHeading>
                <DescriptorName UI="D000368" MajorTopicYN="N">Aged</DescriptorName>
            </MeshHeading>
            <MeshHeading>
                <DescriptorName UI="D002386" MajorTopicYN="N">Cataract</DescriptorName>
                <QualifierName UI="Q000150" MajorTopicYN="Y">complications</QualifierName>
            </MeshHeading>
            <MeshHeading>
                <DescriptorName UI="D002387" MajorTopicYN="Y">Cataract Extraction</DescriptorName>
            </MeshHeading>
            <MeshHeading>
                <DescriptorName UI="D005260" MajorTopicYN="N">Female</DescriptorName>
            </MeshHeading>
            <MeshHeading>
                <DescriptorName UI="D005902" MajorTopicYN="N">Glaucoma, Open-Angle</DescriptorName>
                <QualifierName UI="Q000150" MajorTopicYN="Y">complications</QualifierName>
            </MeshHeading>
            <MeshHeading>
                <DescriptorName UI="D006801" MajorTopicYN="N">Humans</DescriptorName>
            </MeshHeading>
            <MeshHeading>
                <DescriptorName UI="D007429" MajorTopicYN="N">Intraocular Pressure</DescriptorName>
            </MeshHeading>
            <MeshHeading>
                <DescriptorName UI="D007910" MajorTopicYN="N">Lenses, Intraocular</DescriptorName>
            </MeshHeading>
            <MeshHeading>
                <DescriptorName UI="D008297" MajorTopicYN="N">Male</DescriptorName>
            </MeshHeading>
        </MeshHeadingList>
    </MedlineCitation>
    <PubmedData>
        <History>
            <PubMedPubDate PubStatus="pubmed">
                <Year>1988</Year>
                <Month>11</Month>
                <Day>1</Day>
            </PubMedPubDate>
            <PubMedPubDate PubStatus="medline">
                <Year>1988</Year>
                <Month>11</Month>
                <Day>1</Day>
                <Hour>0</Hour>
                <Minute>1</Minute>
            </PubMedPubDate>
            <PubMedPubDate PubStatus="entrez">
                <Year>1988</Year>
                <Month>11</Month>
                <Day>1</Day>
                <Hour>0</Hour>
                <Minute>0</Minute>
            </PubMedPubDate>
        </History>
        <PublicationStatus>ppublish</PublicationStatus>
        <ArticleIdList>
            <ArticleId IdType="pubmed">3230519</ArticleId>
            <ArticleId IdType="pii">S0886-3350(88)80033-6</ArticleId>
            <ArticleId IdType="doi">10.1016/s0886-3350(88)80033-6</ArticleId>
        </ArticleIdList>
    </PubmedData>
</PubmedArticle>

</PubmedArticleSet>