<?xml version="1.0" ?>
<!DOCTYPE PubmedArticleSet PUBLIC "-//NLM//DTD PubMedArticle, 1st January 2019//EN" "https://dtd.nlm.nih.gov/ncbi/pubmed/out/pubmed_190101.dtd">
<PubmedArticleSet>
<PubmedArticle>
    <MedlineCitation Status="MEDLINE" Owner="NLM">
        <PMID Version="1">8656394</PMID>
        <DateCompleted>
            <Year>1996</Year>
            <Month>07</Month>
            <Day>26</Day>
        </DateCompleted>
        <DateRevised>
            <Year>2019</Year>
            <Month>08</Month>
            <Day>21</Day>
        </DateRevised>
        <Article PubModel="Print">
            <Journal>
                <ISSN IssnType="Print">0886-3350</ISSN>
                <JournalIssue CitedMedium="Print">
                    <Volume>22</Volume>
                    <Issue>2</Issue>
                    <PubDate>
                        <Year>1996</Year>
                        <Month>Mar</Month>
                    </PubDate>
                </JournalIssue>
                <Title>Journal of cataract and refractive surgery</Title>
                <ISOAbbreviation>J Cataract Refract Surg</ISOAbbreviation>
            </Journal>
            <ArticleTitle>No-stitch phacotrabeculectomy.</ArticleTitle>
            <Pagination>
                <MedlinePgn>253-60</MedlinePgn>
            </Pagination>
            <Abstract>
                <AbstractText Label="PURPOSE" NlmCategory="OBJECTIVE">To describe and evaluate no-stitch trabeculectomy combined with phacoemulsification and intraocular lens implantation.</AbstractText>
                <AbstractText Label="SETTING" NlmCategory="METHODS">Arnold Cataract Center, Springfield, Missouri.</AbstractText>
                <AbstractText Label="METHODS" NlmCategory="METHODS">Results of two groups that had combined phacoemulsification/trabeculectomy were compared. One group had a standard, &quot;two-stitch&quot; phacotrabeculectomy in which the scleral tunnel incision was secured with sutures. In the no-stitch group, no scleral &quot;flap&quot; was created. The scleral tunnel (pocket) was left intact over the trabeculectomy, and no sutures were used to close the scleral incision. One episcleral suture was used to secure the conjunctiva at the limbus.</AbstractText>
                <AbstractText Label="RESULTS" NlmCategory="RESULTS">Mean intraocular pressure (IOP) reduction in the no-stitch group (n = 66) was 9.7 mm Hg; 88% of eyes required no glaucoma medication after a mean of 13.2 months. At the last examination, 95% had an IOP of 21 mm Hg or less and 73%, 16 mm Hg or less. A detectable bleb was present in 92%. These results, comparable to those of the two-stitch group, were consistent in eyes followed over 2 years.</AbstractText>
                <AbstractText Label="CONCLUSION" NlmCategory="CONCLUSIONS">No-stitch phacotrabeculectomy is a simple, safe, effective way to combine phacoemulsification and trabeculectomy that might lead to better filtration without the risks of other techniques (e.g. releasable sutures, suturelysis, antimetabolite therapy.</AbstractText>
            </Abstract>
            <AuthorList CompleteYN="Y">
                <Author ValidYN="Y">
                    <LastName>Arnold</LastName>
                    <ForeName>P N</ForeName>
                    <Initials>PN</Initials>
                    <AffiliationInfo>
                        <Affiliation>Arnold Cataract Center, Springfield, Missouri 65804, USA.</Affiliation>
                    </AffiliationInfo>
                </Author>
            </AuthorList>
            <Language>eng</Language>
            <PublicationTypeList>
                <PublicationType UI="D003160">Comparative Study</PublicationType>
                <PublicationType UI="D016428">Journal Article</PublicationType>
            </PublicationTypeList>
        </Article>
        <MedlineJournalInfo>
            <Country>United States</Country>
            <MedlineTA>J Cataract Refract Surg</MedlineTA>
            <NlmUniqueID>8604171</NlmUniqueID>
            <ISSNLinking>0886-3350</ISSNLinking>
        </MedlineJournalInfo>
        <CitationSubset>IM</CitationSubset>
        <MeshHeadingList>
            <MeshHeading>
                <DescriptorName UI="D000368" MajorTopicYN="N">Aged</DescriptorName>
            </MeshHeading>
            <MeshHeading>
                <DescriptorName UI="D005500" MajorTopicYN="N">Follow-Up Studies</DescriptorName>
            </MeshHeading>
            <MeshHeading>
                <DescriptorName UI="D005901" MajorTopicYN="N">Glaucoma</DescriptorName>
                <QualifierName UI="Q000601" MajorTopicYN="N">surgery</QualifierName>
            </MeshHeading>
            <MeshHeading>
                <DescriptorName UI="D006801" MajorTopicYN="N">Humans</DescriptorName>
            </MeshHeading>
            <MeshHeading>
                <DescriptorName UI="D007429" MajorTopicYN="N">Intraocular Pressure</DescriptorName>
            </MeshHeading>
            <MeshHeading>
                <DescriptorName UI="D007910" MajorTopicYN="N">Lenses, Intraocular</DescriptorName>
            </MeshHeading>
            <MeshHeading>
                <DescriptorName UI="D018918" MajorTopicYN="N">Phacoemulsification</DescriptorName>
                <QualifierName UI="Q000379" MajorTopicYN="Y">methods</QualifierName>
            </MeshHeading>
            <MeshHeading>
                <DescriptorName UI="D010865" MajorTopicYN="N">Pilot Projects</DescriptorName>
            </MeshHeading>
            <MeshHeading>
                <DescriptorName UI="D011183" MajorTopicYN="N">Postoperative Complications</DescriptorName>
            </MeshHeading>
            <MeshHeading>
                <DescriptorName UI="D012189" MajorTopicYN="N">Retrospective Studies</DescriptorName>
            </MeshHeading>
            <MeshHeading>
                <DescriptorName UI="D013524" MajorTopicYN="N">Surgical Flaps</DescriptorName>
            </MeshHeading>
            <MeshHeading>
                <DescriptorName UI="D013537" MajorTopicYN="Y">Sutures</DescriptorName>
            </MeshHeading>
            <MeshHeading>
                <DescriptorName UI="D014130" MajorTopicYN="N">Trabeculectomy</DescriptorName>
                <QualifierName UI="Q000379" MajorTopicYN="Y">methods</QualifierName>
            </MeshHeading>
            <MeshHeading>
                <DescriptorName UI="D014792" MajorTopicYN="N">Visual Acuity</DescriptorName>
            </MeshHeading>
        </MeshHeadingList>
    </MedlineCitation>
    <PubmedData>
        <History>
            <PubMedPubDate PubStatus="pubmed">
                <Year>1996</Year>
                <Month>3</Month>
                <Day>1</Day>
            </PubMedPubDate>
            <PubMedPubDate PubStatus="medline">
                <Year>1996</Year>
                <Month>3</Month>
                <Day>1</Day>
                <Hour>0</Hour>
                <Minute>1</Minute>
            </PubMedPubDate>
            <PubMedPubDate PubStatus="entrez">
                <Year>1996</Year>
                <Month>3</Month>
                <Day>1</Day>
                <Hour>0</Hour>
                <Minute>0</Minute>
            </PubMedPubDate>
        </History>
        <PublicationStatus>ppublish</PublicationStatus>
        <ArticleIdList>
            <ArticleId IdType="pubmed">8656394</ArticleId>
            <ArticleId IdType="pii">S0886-3350(96)80228-8</ArticleId>
            <ArticleId IdType="doi">10.1016/s0886-3350(96)80228-8</ArticleId>
        </ArticleIdList>
    </PubmedData>
</PubmedArticle>

</PubmedArticleSet>