<?xml version="1.0" ?>
<!DOCTYPE PubmedArticleSet PUBLIC "-//NLM//DTD PubMedArticle, 1st January 2019//EN" "https://dtd.nlm.nih.gov/ncbi/pubmed/out/pubmed_190101.dtd">
<PubmedArticleSet>
<PubmedArticle>
    <MedlineCitation Status="MEDLINE" Owner="NLM">
        <PMID Version="1">9097307</PMID>
        <DateCompleted>
            <Year>1997</Year>
            <Month>06</Month>
            <Day>10</Day>
        </DateCompleted>
        <DateRevised>
            <Year>2018</Year>
            <Month>02</Month>
            <Day>17</Day>
        </DateRevised>
        <Article PubModel="Print">
            <Journal>
                <ISSN IssnType="Print">0030-3755</ISSN>
                <JournalIssue CitedMedium="Print">
                    <Volume>211</Volume>
                    <Issue>2</Issue>
                    <PubDate>
                        <Year>1997</Year>
                    </PubDate>
                </JournalIssue>
                <Title>Ophthalmologica. Journal international d'ophtalmologie. International journal of ophthalmology. Zeitschrift fur Augenheilkunde</Title>
                <ISOAbbreviation>Ophthalmologica</ISOAbbreviation>
            </Journal>
            <ArticleTitle>Phacotrabeculectomy with or without punch: preliminary results comparing the two techniques.</ArticleTitle>
            <Pagination>
                <MedlinePgn>72-4</MedlinePgn>
            </Pagination>
            <Abstract>
                <AbstractText>The authors report their experience in the combined surgery, for glaucoma and cataract, by using the Crozafon-De Laage punch. 24 patients affected by open-angle glaucoma and cataract have been enrolled in the study. 12 underwent a combined operation of phacoemulsification and trabeculectomy according to Cairns, and 12 underwent phacoemulsification and protective filtering surgery executed with the Crozafon-De Laage punch. Comparing the two methods we noted as advantage of the punch its easiness of use, through the sclerocorneal tunnel of the phacoemulsification, to create a filtering fistula; this shortened the duration of surgery. As a disadvantage of punch use we noted a lower filtering gradability as opposed to Cairns' trabeculectomy.</AbstractText>
            </Abstract>
            <AuthorList CompleteYN="Y">
                <Author ValidYN="Y">
                    <LastName>Crestani</LastName>
                    <ForeName>A</ForeName>
                    <Initials>A</Initials>
                    <AffiliationInfo>
                        <Affiliation>Divisione Oculistica, ULSS, Schio, Italia.</Affiliation>
                    </AffiliationInfo>
                </Author>
                <Author ValidYN="Y">
                    <LastName>De Natale</LastName>
                    <ForeName>R</ForeName>
                    <Initials>R</Initials>
                </Author>
                <Author ValidYN="Y">
                    <LastName>Steindler</LastName>
                    <ForeName>P</ForeName>
                    <Initials>P</Initials>
                </Author>
            </AuthorList>
            <Language>eng</Language>
            <PublicationTypeList>
                <PublicationType UI="D003160">Comparative Study</PublicationType>
                <PublicationType UI="D016428">Journal Article</PublicationType>
            </PublicationTypeList>
        </Article>
        <MedlineJournalInfo>
            <Country>Switzerland</Country>
            <MedlineTA>Ophthalmologica</MedlineTA>
            <NlmUniqueID>0054655</NlmUniqueID>
            <ISSNLinking>0030-3755</ISSNLinking>
        </MedlineJournalInfo>
        <CitationSubset>IM</CitationSubset>
        <MeshHeadingList>
            <MeshHeading>
                <DescriptorName UI="D000328" MajorTopicYN="N">Adult</DescriptorName>
            </MeshHeading>
            <MeshHeading>
                <DescriptorName UI="D000368" MajorTopicYN="N">Aged</DescriptorName>
            </MeshHeading>
            <MeshHeading>
                <DescriptorName UI="D002386" MajorTopicYN="N">Cataract</DescriptorName>
                <QualifierName UI="Q000150" MajorTopicYN="Y">complications</QualifierName>
            </MeshHeading>
            <MeshHeading>
                <DescriptorName UI="D004867" MajorTopicYN="N">Equipment Design</DescriptorName>
            </MeshHeading>
            <MeshHeading>
                <DescriptorName UI="D005260" MajorTopicYN="N">Female</DescriptorName>
            </MeshHeading>
            <MeshHeading>
                <DescriptorName UI="D005902" MajorTopicYN="N">Glaucoma, Open-Angle</DescriptorName>
                <QualifierName UI="Q000150" MajorTopicYN="N">complications</QualifierName>
                <QualifierName UI="Q000601" MajorTopicYN="Y">surgery</QualifierName>
            </MeshHeading>
            <MeshHeading>
                <DescriptorName UI="D006801" MajorTopicYN="N">Humans</DescriptorName>
            </MeshHeading>
            <MeshHeading>
                <DescriptorName UI="D007429" MajorTopicYN="N">Intraocular Pressure</DescriptorName>
            </MeshHeading>
            <MeshHeading>
                <DescriptorName UI="D008297" MajorTopicYN="N">Male</DescriptorName>
            </MeshHeading>
            <MeshHeading>
                <DescriptorName UI="D008875" MajorTopicYN="N">Middle Aged</DescriptorName>
            </MeshHeading>
            <MeshHeading>
                <DescriptorName UI="D018918" MajorTopicYN="N">Phacoemulsification</DescriptorName>
                <QualifierName UI="Q000295" MajorTopicYN="N">instrumentation</QualifierName>
                <QualifierName UI="Q000379" MajorTopicYN="Y">methods</QualifierName>
            </MeshHeading>
            <MeshHeading>
                <DescriptorName UI="D014130" MajorTopicYN="N">Trabeculectomy</DescriptorName>
                <QualifierName UI="Q000295" MajorTopicYN="N">instrumentation</QualifierName>
                <QualifierName UI="Q000379" MajorTopicYN="Y">methods</QualifierName>
            </MeshHeading>
            <MeshHeading>
                <DescriptorName UI="D016896" MajorTopicYN="N">Treatment Outcome</DescriptorName>
            </MeshHeading>
            <MeshHeading>
                <DescriptorName UI="D014792" MajorTopicYN="N">Visual Acuity</DescriptorName>
            </MeshHeading>
        </MeshHeadingList>
    </MedlineCitation>
    <PubmedData>
        <History>
            <PubMedPubDate PubStatus="pubmed">
                <Year>1997</Year>
                <Month>1</Month>
                <Day>1</Day>
            </PubMedPubDate>
            <PubMedPubDate PubStatus="medline">
                <Year>1997</Year>
                <Month>1</Month>
                <Day>1</Day>
                <Hour>0</Hour>
                <Minute>1</Minute>
            </PubMedPubDate>
            <PubMedPubDate PubStatus="entrez">
                <Year>1997</Year>
                <Month>1</Month>
                <Day>1</Day>
                <Hour>0</Hour>
                <Minute>0</Minute>
            </PubMedPubDate>
        </History>
        <PublicationStatus>ppublish</PublicationStatus>
        <ArticleIdList>
            <ArticleId IdType="pubmed">9097307</ArticleId>
            <ArticleId IdType="doi">10.1159/000310761</ArticleId>
        </ArticleIdList>
    </PubmedData>
</PubmedArticle>

</PubmedArticleSet>