<?xml version="1.0" ?>
<!DOCTYPE PubmedArticleSet PUBLIC "-//NLM//DTD PubMedArticle, 1st January 2019//EN" "https://dtd.nlm.nih.gov/ncbi/pubmed/out/pubmed_190101.dtd">
<PubmedArticleSet>
<PubmedArticle>
    <MedlineCitation Status="MEDLINE" Owner="NLM">
        <PMID Version="1">9209993</PMID>
        <DateCompleted>
            <Year>1997</Year>
            <Month>09</Month>
            <Day>02</Day>
        </DateCompleted>
        <DateRevised>
            <Year>2019</Year>
            <Month>08</Month>
            <Day>22</Day>
        </DateRevised>
        <Article PubModel="Print">
            <Journal>
                <ISSN IssnType="Print">0886-3350</ISSN>
                <JournalIssue CitedMedium="Print">
                    <Volume>23</Volume>
                    <Issue>4</Issue>
                    <PubDate>
                        <Year>1997</Year>
                        <Month>May</Month>
                    </PubDate>
                </JournalIssue>
                <Title>Journal of cataract and refractive surgery</Title>
                <ISOAbbreviation>J Cataract Refract Surg</ISOAbbreviation>
            </Journal>
            <ArticleTitle>Mitomycin-C supplemented trabeculectomy, phacoemulsification, and foldable lens implantation.</ArticleTitle>
            <Pagination>
                <MedlinePgn>565-9</MedlinePgn>
            </Pagination>
            <Abstract>
                <AbstractText Label="PURPOSE" NlmCategory="OBJECTIVE">To evaluate the outcome of combined mitomycin-C filtering surgery, phacoemulsification, and foldable intraocular lens (IOL) implantation.</AbstractText>
                <AbstractText Label="SETTING" NlmCategory="METHODS">Wills Eye Hospital, Thomas Jefferson University, Philadelphia, Pennsylvania, USA.</AbstractText>
                <AbstractText Label="METHODS" NlmCategory="METHODS">This retrospective study evaluated 182 eyes of 174 patients who had combined mitomycin-C trabeculectomy, phacoemulsification, and insertion of a foldable IOL through a 3.5 mm incision. Success of the combined procedure was defined as intraocular pressure (IOP) below 21 mm Hg, with or without medications, and no serious complication. Success rates were calculated using the Kaplan-Meier actuarial method.</AbstractText>
                <AbstractText Label="RESULTS" NlmCategory="RESULTS">Mean follow-up was 16.7 months +/- 5.4 (SD). The probability of success at 6, 12, 18, and 24 months was 98.3, 95.6, 90.6, and 88.0%, respectively. When compared with preoperatively, visual acuity improved one or more lines in 148 eyes (81.3%) and worsened one or more lines in 15 (8.2%); 111 eyes (61.0%) achieved visual acuity of 20/40 or better. The most frequent complication was posterior capsule opacification requiring capsulotomy, which occurred in 22 cases (12.0%).</AbstractText>
                <AbstractText Label="CONCLUSION" NlmCategory="CONCLUSIONS">The 1 year and 2 year IOP control rate of combined mitomycin-C filtering procedures and phacoemulsification in glaucoma patients was high.</AbstractText>
            </Abstract>
            <AuthorList CompleteYN="Y">
                <Author ValidYN="Y">
                    <LastName>Yang</LastName>
                    <ForeName>K J</ForeName>
                    <Initials>KJ</Initials>
                    <AffiliationInfo>
                        <Affiliation>Glaucoma Service, Wills Eye Hospital, Jefferson Medical College, Philadelphia, Pennsylvania 19107, USA.</Affiliation>
                    </AffiliationInfo>
                </Author>
                <Author ValidYN="Y">
                    <LastName>Moster</LastName>
                    <ForeName>M R</ForeName>
                    <Initials>MR</Initials>
                </Author>
                <Author ValidYN="Y">
                    <LastName>Azuara-Blanco</LastName>
                    <ForeName>A</ForeName>
                    <Initials>A</Initials>
                </Author>
                <Author ValidYN="Y">
                    <LastName>Wilson</LastName>
                    <ForeName>R P</ForeName>
                    <Initials>RP</Initials>
                </Author>
                <Author ValidYN="Y">
                    <LastName>Araujo</LastName>
                    <ForeName>S V</ForeName>
                    <Initials>SV</Initials>
                </Author>
                <Author ValidYN="Y">
                    <LastName>Schmidt</LastName>
                    <ForeName>C M</ForeName>
                    <Initials>CM</Initials>
                </Author>
            </AuthorList>
            <Language>eng</Language>
            <PublicationTypeList>
                <PublicationType UI="D016428">Journal Article</PublicationType>
            </PublicationTypeList>
        </Article>
        <MedlineJournalInfo>
            <Country>United States</Country>
            <MedlineTA>J Cataract Refract Surg</MedlineTA>
            <NlmUniqueID>8604171</NlmUniqueID>
            <ISSNLinking>0886-3350</ISSNLinking>
        </MedlineJournalInfo>
        <ChemicalList>
            <Chemical>
                <RegistryNumber>50SG953SK6</RegistryNumber>
                <NameOfSubstance UI="D016685">Mitomycin</NameOfSubstance>
            </Chemical>
        </ChemicalList>
        <CitationSubset>IM</CitationSubset>
        <MeshHeadingList>
            <MeshHeading>
                <DescriptorName UI="D000368" MajorTopicYN="N">Aged</DescriptorName>
            </MeshHeading>
            <MeshHeading>
                <DescriptorName UI="D002386" MajorTopicYN="N">Cataract</DescriptorName>
                <QualifierName UI="Q000209" MajorTopicYN="N">etiology</QualifierName>
            </MeshHeading>
            <MeshHeading>
                <DescriptorName UI="D002387" MajorTopicYN="N">Cataract Extraction</DescriptorName>
            </MeshHeading>
            <MeshHeading>
                <DescriptorName UI="D004867" MajorTopicYN="N">Equipment Design</DescriptorName>
            </MeshHeading>
            <MeshHeading>
                <DescriptorName UI="D005260" MajorTopicYN="N">Female</DescriptorName>
            </MeshHeading>
            <MeshHeading>
                <DescriptorName UI="D006801" MajorTopicYN="N">Humans</DescriptorName>
            </MeshHeading>
            <MeshHeading>
                <DescriptorName UI="D007429" MajorTopicYN="N">Intraocular Pressure</DescriptorName>
            </MeshHeading>
            <MeshHeading>
                <DescriptorName UI="D007910" MajorTopicYN="Y">Lenses, Intraocular</DescriptorName>
            </MeshHeading>
            <MeshHeading>
                <DescriptorName UI="D008297" MajorTopicYN="N">Male</DescriptorName>
            </MeshHeading>
            <MeshHeading>
                <DescriptorName UI="D016685" MajorTopicYN="N">Mitomycin</DescriptorName>
                <QualifierName UI="Q000627" MajorTopicYN="Y">therapeutic use</QualifierName>
            </MeshHeading>
            <MeshHeading>
                <DescriptorName UI="D018918" MajorTopicYN="Y">Phacoemulsification</DescriptorName>
            </MeshHeading>
            <MeshHeading>
                <DescriptorName UI="D011183" MajorTopicYN="N">Postoperative Complications</DescriptorName>
            </MeshHeading>
            <MeshHeading>
                <DescriptorName UI="D012086" MajorTopicYN="N">Reoperation</DescriptorName>
            </MeshHeading>
            <MeshHeading>
                <DescriptorName UI="D012189" MajorTopicYN="N">Retrospective Studies</DescriptorName>
            </MeshHeading>
            <MeshHeading>
                <DescriptorName UI="D014130" MajorTopicYN="Y">Trabeculectomy</DescriptorName>
            </MeshHeading>
            <MeshHeading>
                <DescriptorName UI="D016896" MajorTopicYN="N">Treatment Outcome</DescriptorName>
            </MeshHeading>
            <MeshHeading>
                <DescriptorName UI="D014792" MajorTopicYN="N">Visual Acuity</DescriptorName>
            </MeshHeading>
        </MeshHeadingList>
    </MedlineCitation>
    <PubmedData>
        <History>
            <PubMedPubDate PubStatus="pubmed">
                <Year>1997</Year>
                <Month>5</Month>
                <Day>1</Day>
            </PubMedPubDate>
            <PubMedPubDate PubStatus="medline">
                <Year>1997</Year>
                <Month>5</Month>
                <Day>1</Day>
                <Hour>0</Hour>
                <Minute>1</Minute>
            </PubMedPubDate>
            <PubMedPubDate PubStatus="entrez">
                <Year>1997</Year>
                <Month>5</Month>
                <Day>1</Day>
                <Hour>0</Hour>
                <Minute>0</Minute>
            </PubMedPubDate>
        </History>
        <PublicationStatus>ppublish</PublicationStatus>
        <ArticleIdList>
            <ArticleId IdType="pubmed">9209993</ArticleId>
            <ArticleId IdType="pii">S0886-3350(97)80215-5</ArticleId>
            <ArticleId IdType="doi">10.1016/s0886-3350(97)80215-5</ArticleId>
        </ArticleIdList>
    </PubmedData>
</PubmedArticle>

</PubmedArticleSet>