<?xml version="1.0" ?>
<!DOCTYPE PubmedArticleSet PUBLIC "-//NLM//DTD PubMedArticle, 1st January 2019//EN" "https://dtd.nlm.nih.gov/ncbi/pubmed/out/pubmed_190101.dtd">
<PubmedArticleSet>
<PubmedArticle>
    <MedlineCitation Status="MEDLINE" Owner="NLM">
        <PMID Version="1">9243656</PMID>
        <DateCompleted>
            <Year>1997</Year>
            <Month>09</Month>
            <Day>04</Day>
        </DateCompleted>
        <DateRevised>
            <Year>2007</Year>
            <Month>11</Month>
            <Day>14</Day>
        </DateRevised>
        <Article PubModel="Print">
            <Journal>
                <ISSN IssnType="Print">1082-3069</ISSN>
                <JournalIssue CitedMedium="Print">
                    <Volume>28</Volume>
                    <Issue>7</Issue>
                    <PubDate>
                        <Year>1997</Year>
                        <Month>Jul</Month>
                    </PubDate>
                </JournalIssue>
                <Title>Ophthalmic surgery and lasers</Title>
                <ISOAbbreviation>Ophthalmic Surg Lasers</ISOAbbreviation>
            </Journal>
            <ArticleTitle>Comparative results of combined procedures for glaucoma and cataract: I. Extracapsular cataract extraction versus phacoemulsification and foldable versus rigid intraocular lenses.</ArticleTitle>
            <Pagination>
                <MedlinePgn>539-50</MedlinePgn>
            </Pagination>
            <Abstract>
                <AbstractText Label="BACKGROUND AND OBJECTIVES" NlmCategory="OBJECTIVE">The refinements of small-incision cataract surgery by phacoemulsification with foldable intraocular lens (IOL) implantation have recently permitted new options for combined trabeculectomy with cataract extraction. The objectives of this study were to compare the long-term intraocular pressure (IOP) control and visual outcome between trabeculectomies combined with extracapsular cataract extraction (ECCE) versus those with phacoemulsification, and to analyze these same factors for foldable versus rigid IOLs.</AbstractText>
                <AbstractText Label="PATIENTS AND METHODS" NlmCategory="METHODS">The authors retrospectively reviewed the charts of 311 patients (397 eyes) who underwent combined trabeculectomy with cataract extraction and posterior chamber IOL implantation. In all of the surgeries, releasable scleral flap sutures were used. The mean follow-up was 22.9 +/- 15.1 months, with a minimum follow-up of 12 months.</AbstractText>
                <AbstractText Label="RESULTS" NlmCategory="RESULTS">Trabeculectomy combined with phacoemulsification had a lower postoperative complication rate and was more effective than trabeculectomy combined with ECCE in reducing IOP to less than 20 mm Hg with or without medication (95% vs 82%) and in improving vision to levels of 20/40 or better (71% vs 52%) (P &lt; .001). Regarding IOLs, foldable silicone lenses were found to be an effective alternative to polymethylmethacrylate lenses in combined surgeries in terms of a controlled IOP of less than 20 mm Hg (97% vs 97%) and visual recovery to 20/40 or better (78% vs 63%).</AbstractText>
                <AbstractText Label="CONCLUSION" NlmCategory="CONCLUSIONS">The combination of trabeculectomy with releasable scleral flap sutures and small incision cataract surgery with foldable IOL implantation has improved postoperative IOP control and visual rehabilitation.</AbstractText>
            </Abstract>
            <AuthorList CompleteYN="Y">
                <Author ValidYN="Y">
                    <LastName>Tezel</LastName>
                    <ForeName>G</ForeName>
                    <Initials>G</Initials>
                    <AffiliationInfo>
                        <Affiliation>Department of Ophthalmology &amp; Visual Sciences, Washington University School of Medicine, St. Louis, MO, USA.</Affiliation>
                    </AffiliationInfo>
                </Author>
                <Author ValidYN="Y">
                    <LastName>Kolker</LastName>
                    <ForeName>A E</ForeName>
                    <Initials>AE</Initials>
                </Author>
                <Author ValidYN="Y">
                    <LastName>Kass</LastName>
                    <ForeName>M A</ForeName>
                    <Initials>MA</Initials>
                </Author>
                <Author ValidYN="Y">
                    <LastName>Wax</LastName>
                    <ForeName>M B</ForeName>
                    <Initials>MB</Initials>
                </Author>
            </AuthorList>
            <Language>eng</Language>
            <GrantList CompleteYN="Y">
                <Grant>
                    <GrantID>EY02687</GrantID>
                    <Acronym>EY</Acronym>
                    <Agency>NEI NIH HHS</Agency>
                    <Country>United States</Country>
                </Grant>
                <Grant>
                    <GrantID>EY06810</GrantID>
                    <Acronym>EY</Acronym>
                    <Agency>NEI NIH HHS</Agency>
                    <Country>United States</Country>
                </Grant>
            </GrantList>
            <PublicationTypeList>
                <PublicationType UI="D003160">Comparative Study</PublicationType>
                <PublicationType UI="D016428">Journal Article</PublicationType>
                <PublicationType UI="D013485">Research Support, Non-U.S. Gov't</PublicationType>
                <PublicationType UI="D013487">Research Support, U.S. Gov't, P.H.S.</PublicationType>
            </PublicationTypeList>
        </Article>
        <MedlineJournalInfo>
            <Country>United States</Country>
            <MedlineTA>Ophthalmic Surg Lasers</MedlineTA>
            <NlmUniqueID>9517132</NlmUniqueID>
            <ISSNLinking>1082-3069</ISSNLinking>
        </MedlineJournalInfo>
        <ChemicalList>
            <Chemical>
                <RegistryNumber>0</RegistryNumber>
                <NameOfSubstance UI="D011109">Polymethacrylic Acids</NameOfSubstance>
            </Chemical>
            <Chemical>
                <RegistryNumber>0</RegistryNumber>
                <NameOfSubstance UI="D012826">Silicone Elastomers</NameOfSubstance>
            </Chemical>
            <Chemical>
                <RegistryNumber>25087-26-7</RegistryNumber>
                <NameOfSubstance UI="C030613">polymethacrylic acid</NameOfSubstance>
            </Chemical>
        </ChemicalList>
        <CitationSubset>IM</CitationSubset>
        <MeshHeadingList>
            <MeshHeading>
                <DescriptorName UI="D000368" MajorTopicYN="N">Aged</DescriptorName>
            </MeshHeading>
            <MeshHeading>
                <DescriptorName UI="D002386" MajorTopicYN="N">Cataract</DescriptorName>
                <QualifierName UI="Q000150" MajorTopicYN="Y">complications</QualifierName>
                <QualifierName UI="Q000503" MajorTopicYN="N">physiopathology</QualifierName>
            </MeshHeading>
            <MeshHeading>
                <DescriptorName UI="D002387" MajorTopicYN="N">Cataract Extraction</DescriptorName>
                <QualifierName UI="Q000379" MajorTopicYN="Y">methods</QualifierName>
            </MeshHeading>
            <MeshHeading>
                <DescriptorName UI="D005260" MajorTopicYN="N">Female</DescriptorName>
            </MeshHeading>
            <MeshHeading>
                <DescriptorName UI="D005901" MajorTopicYN="N">Glaucoma</DescriptorName>
                <QualifierName UI="Q000503" MajorTopicYN="N">physiopathology</QualifierName>
                <QualifierName UI="Q000601" MajorTopicYN="Y">surgery</QualifierName>
            </MeshHeading>
            <MeshHeading>
                <DescriptorName UI="D006801" MajorTopicYN="N">Humans</DescriptorName>
            </MeshHeading>
            <MeshHeading>
                <DescriptorName UI="D007429" MajorTopicYN="N">Intraocular Pressure</DescriptorName>
                <QualifierName UI="Q000502" MajorTopicYN="N">physiology</QualifierName>
            </MeshHeading>
            <MeshHeading>
                <DescriptorName UI="D007910" MajorTopicYN="Y">Lenses, Intraocular</DescriptorName>
            </MeshHeading>
            <MeshHeading>
                <DescriptorName UI="D008297" MajorTopicYN="N">Male</DescriptorName>
            </MeshHeading>
            <MeshHeading>
                <DescriptorName UI="D018918" MajorTopicYN="N">Phacoemulsification</DescriptorName>
                <QualifierName UI="Q000379" MajorTopicYN="N">methods</QualifierName>
            </MeshHeading>
            <MeshHeading>
                <DescriptorName UI="D011109" MajorTopicYN="N">Polymethacrylic Acids</DescriptorName>
            </MeshHeading>
            <MeshHeading>
                <DescriptorName UI="D011183" MajorTopicYN="N">Postoperative Complications</DescriptorName>
            </MeshHeading>
            <MeshHeading>
                <DescriptorName UI="D012189" MajorTopicYN="N">Retrospective Studies</DescriptorName>
            </MeshHeading>
            <MeshHeading>
                <DescriptorName UI="D012826" MajorTopicYN="N">Silicone Elastomers</DescriptorName>
            </MeshHeading>
            <MeshHeading>
                <DescriptorName UI="D013997" MajorTopicYN="N">Time Factors</DescriptorName>
            </MeshHeading>
            <MeshHeading>
                <DescriptorName UI="D014130" MajorTopicYN="Y">Trabeculectomy</DescriptorName>
            </MeshHeading>
            <MeshHeading>
                <DescriptorName UI="D014792" MajorTopicYN="N">Visual Acuity</DescriptorName>
                <QualifierName UI="Q000502" MajorTopicYN="N">physiology</QualifierName>
            </MeshHeading>
        </MeshHeadingList>
    </MedlineCitation>
    <PubmedData>
        <History>
            <PubMedPubDate PubStatus="pubmed">
                <Year>1997</Year>
                <Month>7</Month>
                <Day>1</Day>
            </PubMedPubDate>
            <PubMedPubDate PubStatus="medline">
                <Year>1997</Year>
                <Month>7</Month>
                <Day>1</Day>
                <Hour>0</Hour>
                <Minute>1</Minute>
            </PubMedPubDate>
            <PubMedPubDate PubStatus="entrez">
                <Year>1997</Year>
                <Month>7</Month>
                <Day>1</Day>
                <Hour>0</Hour>
                <Minute>0</Minute>
            </PubMedPubDate>
        </History>
        <PublicationStatus>ppublish</PublicationStatus>
        <ArticleIdList>
            <ArticleId IdType="pubmed">9243656</ArticleId>
        </ArticleIdList>
    </PubmedData>
</PubmedArticle>

</PubmedArticleSet>