<?xml version="1.0" ?>
<!DOCTYPE PubmedArticleSet PUBLIC "-//NLM//DTD PubMedArticle, 1st January 2019//EN" "https://dtd.nlm.nih.gov/ncbi/pubmed/out/pubmed_190101.dtd">
<PubmedArticleSet>
<PubmedArticle>
    <MedlineCitation Status="MEDLINE" Owner="NLM">
        <PMID Version="1">9246284</PMID>
        <DateCompleted>
            <Year>1997</Year>
            <Month>08</Month>
            <Day>21</Day>
        </DateCompleted>
        <DateRevised>
            <Year>2014</Year>
            <Month>11</Month>
            <Day>20</Day>
        </DateRevised>
        <Article PubModel="Print">
            <Journal>
                <ISSN IssnType="Print">0950-222X</ISSN>
                <JournalIssue CitedMedium="Print">
                    <Volume>11 ( Pt 1)</Volume>
                    <PubDate>
                        <Year>1997</Year>
                    </PubDate>
                </JournalIssue>
                <Title>Eye (London, England)</Title>
                <ISOAbbreviation>Eye (Lond)</ISOAbbreviation>
            </Journal>
            <ArticleTitle>The outcome of 2.3 mm incision combined phacoemulsification, trabeculectomy and lens implantation of non-foldable intraocular lenses.</ArticleTitle>
            <Pagination>
                <MedlinePgn>91-4</MedlinePgn>
            </Pagination>
            <Abstract>
                <AbstractText>We report the results of 100 eyes in 88 patients that underwent combined phacoemulsification and implantation of non-foldable intraocular lenses (IOLs) following enlargement of the initial 2.3 mm opening and trabeculectomy. Intraocular pressure (IOP) control (&lt; 21 mmHg) was attained in 96% of the eyes. Visual acuity of 6/12 or better was attained in 76% of the eyes. A filtering bleb was absent in only 11% of the eyes. All these outcomes were favourable compared with previously reported series in which foldable IOLs were inserted without enlargement of the initial trabeculectomy openings. We conclude that the combination of small-incision cataract surgery and trabeculectomy with implantation of non-foldable IOLs is a successful surgical approach for visual rehabilitation and glaucoma control in patients with concurrent cataract and glaucoma.</AbstractText>
            </Abstract>
            <AuthorList CompleteYN="Y">
                <Author ValidYN="Y">
                    <LastName>Jayamanne</LastName>
                    <ForeName>D G</ForeName>
                    <Initials>DG</Initials>
                    <AffiliationInfo>
                        <Affiliation>Sunderland Eye Infirmary, UK.</Affiliation>
                    </AffiliationInfo>
                </Author>
                <Author ValidYN="Y">
                    <LastName>Kostakis</LastName>
                    <ForeName>A</ForeName>
                    <Initials>A</Initials>
                </Author>
                <Author ValidYN="Y">
                    <LastName>Phelan</LastName>
                    <ForeName>P S</ForeName>
                    <Initials>PS</Initials>
                </Author>
            </AuthorList>
            <Language>eng</Language>
            <PublicationTypeList>
                <PublicationType UI="D016428">Journal Article</PublicationType>
            </PublicationTypeList>
        </Article>
        <MedlineJournalInfo>
            <Country>England</Country>
            <MedlineTA>Eye (Lond)</MedlineTA>
            <NlmUniqueID>8703986</NlmUniqueID>
            <ISSNLinking>0950-222X</ISSNLinking>
        </MedlineJournalInfo>
        <CitationSubset>IM</CitationSubset>
        <MeshHeadingList>
            <MeshHeading>
                <DescriptorName UI="D002386" MajorTopicYN="N">Cataract</DescriptorName>
                <QualifierName UI="Q000150" MajorTopicYN="Y">complications</QualifierName>
            </MeshHeading>
            <MeshHeading>
                <DescriptorName UI="D005260" MajorTopicYN="N">Female</DescriptorName>
            </MeshHeading>
            <MeshHeading>
                <DescriptorName UI="D005901" MajorTopicYN="N">Glaucoma</DescriptorName>
                <QualifierName UI="Q000150" MajorTopicYN="Y">complications</QualifierName>
                <QualifierName UI="Q000188" MajorTopicYN="N">drug therapy</QualifierName>
                <QualifierName UI="Q000601" MajorTopicYN="N">surgery</QualifierName>
            </MeshHeading>
            <MeshHeading>
                <DescriptorName UI="D006801" MajorTopicYN="N">Humans</DescriptorName>
            </MeshHeading>
            <MeshHeading>
                <DescriptorName UI="D007910" MajorTopicYN="N">Lenses, Intraocular</DescriptorName>
            </MeshHeading>
            <MeshHeading>
                <DescriptorName UI="D008297" MajorTopicYN="N">Male</DescriptorName>
            </MeshHeading>
            <MeshHeading>
                <DescriptorName UI="D019060" MajorTopicYN="N">Minimally Invasive Surgical Procedures</DescriptorName>
            </MeshHeading>
            <MeshHeading>
                <DescriptorName UI="D018918" MajorTopicYN="Y">Phacoemulsification</DescriptorName>
            </MeshHeading>
            <MeshHeading>
                <DescriptorName UI="D011183" MajorTopicYN="N">Postoperative Complications</DescriptorName>
            </MeshHeading>
            <MeshHeading>
                <DescriptorName UI="D012189" MajorTopicYN="N">Retrospective Studies</DescriptorName>
            </MeshHeading>
            <MeshHeading>
                <DescriptorName UI="D014130" MajorTopicYN="Y">Trabeculectomy</DescriptorName>
            </MeshHeading>
        </MeshHeadingList>
    </MedlineCitation>
    <PubmedData>
        <History>
            <PubMedPubDate PubStatus="pubmed">
                <Year>1997</Year>
                <Month>1</Month>
                <Day>1</Day>
            </PubMedPubDate>
            <PubMedPubDate PubStatus="medline">
                <Year>1997</Year>
                <Month>1</Month>
                <Day>1</Day>
                <Hour>0</Hour>
                <Minute>1</Minute>
            </PubMedPubDate>
            <PubMedPubDate PubStatus="entrez">
                <Year>1997</Year>
                <Month>1</Month>
                <Day>1</Day>
                <Hour>0</Hour>
                <Minute>0</Minute>
            </PubMedPubDate>
        </History>
        <PublicationStatus>ppublish</PublicationStatus>
        <ArticleIdList>
            <ArticleId IdType="pubmed">9246284</ArticleId>
            <ArticleId IdType="doi">10.1038/eye.1997.18</ArticleId>
        </ArticleIdList>
    </PubmedData>
</PubmedArticle>

</PubmedArticleSet>