<?xml version="1.0" ?>
<!DOCTYPE PubmedArticleSet PUBLIC "-//NLM//DTD PubMedArticle, 1st January 2019//EN" "https://dtd.nlm.nih.gov/ncbi/pubmed/out/pubmed_190101.dtd">
<PubmedArticleSet>
<PubmedArticle>
    <MedlineCitation Status="MEDLINE" Owner="NLM">
        <PMID Version="1">9760605</PMID>
        <DateCompleted>
            <Year>1998</Year>
            <Month>11</Month>
            <Day>20</Day>
        </DateCompleted>
        <DateRevised>
            <Year>2013</Year>
            <Month>11</Month>
            <Day>21</Day>
        </DateRevised>
        <Article PubModel="Print">
            <Journal>
                <ISSN IssnType="Print">1082-3069</ISSN>
                <JournalIssue CitedMedium="Print">
                    <Volume>29</Volume>
                    <Issue>9</Issue>
                    <PubDate>
                        <Year>1998</Year>
                        <Month>Sep</Month>
                    </PubDate>
                </JournalIssue>
                <Title>Ophthalmic surgery and lasers</Title>
                <ISOAbbreviation>Ophthalmic Surg Lasers</ISOAbbreviation>
            </Journal>
            <ArticleTitle>Combined phacoemulsification and trabeculectomy versus trabeculectomy alone: a comparison study using mitomycin-C.</ArticleTitle>
            <Pagination>
                <MedlinePgn>707-13</MedlinePgn>
            </Pagination>
            <Abstract>
                <AbstractText Label="BACKGROUND AND OBJECTIVE" NlmCategory="OBJECTIVE">To compare the results of combined phacoemulsification and trabeculectomy (PEM/TRAB) plus mitomycin-C with those of trabeculectomy alone (TRAB) plus mitomycin-C.</AbstractText>
                <AbstractText Label="PATIENTS AND METHODS" NlmCategory="METHODS">The authors retrospectively reviewed 42 eyes in 38 consecutive patients who underwent combined PEM/TRAB with mitomycin-C. An age-matched control group of 42 patients who underwent TRAB with mitomycin-C during the same time period was randomly selected from 248 consecutive patients. All patients had a minimum of 12 months of follow-up.</AbstractText>
                <AbstractText Label="RESULTS" NlmCategory="RESULTS">Mean preoperative intraocular pressure (IOP) and number of glaucoma medications were similar for the two groups (22.8 +/- 6.9 mm Hg vs 22.9 +/- 6.8 mm Hg, 2.12 +/- 0.8 vs 2.26 +/- 1.0 medications, combined PEM/TRAB vs TRAB, respectively). Postoperative IOP was significantly lower at all follow-up intervals. At final follow-up after a mean of 21.8 +/- 6.0 months, IOP averaged 13.9 +/- 5.1 mm Hg in the PEM/TRAB group and 12.3 +/- 4.7 mm Hg in the TRAB group. Bleb survival was excellent in both groups, although slightly higher in the TRAB group (37 of 42 PEM/TRAB vs 41 of 42 TRAB). Both groups required significantly fewer glaucoma medications at final follow-up (0.38 +/- 0.6 vs 0.5 +/- 0.8, PEM/TRAB vs TRAB). Complications were similar between the two groups.</AbstractText>
                <AbstractText Label="CONCLUSION" NlmCategory="CONCLUSIONS">The success rate for combined PEM/TRAB appears to approach that of TRAB alone.</AbstractText>
            </Abstract>
            <AuthorList CompleteYN="Y">
                <Author ValidYN="Y">
                    <LastName>Derick</LastName>
                    <ForeName>R J</ForeName>
                    <Initials>RJ</Initials>
                    <AffiliationInfo>
                        <Affiliation>Havener Eye Center, Ohio State University College of Medicine, Columbus, OH, USA.</Affiliation>
                    </AffiliationInfo>
                </Author>
                <Author ValidYN="Y">
                    <LastName>Evans</LastName>
                    <ForeName>J</ForeName>
                    <Initials>J</Initials>
                </Author>
                <Author ValidYN="Y">
                    <LastName>Baker</LastName>
                    <ForeName>N D</ForeName>
                    <Initials>ND</Initials>
                </Author>
            </AuthorList>
            <Language>eng</Language>
            <PublicationTypeList>
                <PublicationType UI="D016430">Clinical Trial</PublicationType>
                <PublicationType UI="D003160">Comparative Study</PublicationType>
                <PublicationType UI="D016428">Journal Article</PublicationType>
                <PublicationType UI="D016449">Randomized Controlled Trial</PublicationType>
            </PublicationTypeList>
        </Article>
        <MedlineJournalInfo>
            <Country>United States</Country>
            <MedlineTA>Ophthalmic Surg Lasers</MedlineTA>
            <NlmUniqueID>9517132</NlmUniqueID>
            <ISSNLinking>1082-3069</ISSNLinking>
        </MedlineJournalInfo>
        <ChemicalList>
            <Chemical>
                <RegistryNumber>0</RegistryNumber>
                <NameOfSubstance UI="D009883">Ophthalmic Solutions</NameOfSubstance>
            </Chemical>
            <Chemical>
                <RegistryNumber>50SG953SK6</RegistryNumber>
                <NameOfSubstance UI="D016685">Mitomycin</NameOfSubstance>
            </Chemical>
        </ChemicalList>
        <CitationSubset>IM</CitationSubset>
        <MeshHeadingList>
            <MeshHeading>
                <DescriptorName UI="D000368" MajorTopicYN="N">Aged</DescriptorName>
            </MeshHeading>
            <MeshHeading>
                <DescriptorName UI="D000369" MajorTopicYN="N">Aged, 80 and over</DescriptorName>
            </MeshHeading>
            <MeshHeading>
                <DescriptorName UI="D002386" MajorTopicYN="N">Cataract</DescriptorName>
                <QualifierName UI="Q000150" MajorTopicYN="N">complications</QualifierName>
            </MeshHeading>
            <MeshHeading>
                <DescriptorName UI="D005260" MajorTopicYN="N">Female</DescriptorName>
            </MeshHeading>
            <MeshHeading>
                <DescriptorName UI="D005500" MajorTopicYN="N">Follow-Up Studies</DescriptorName>
            </MeshHeading>
            <MeshHeading>
                <DescriptorName UI="D005901" MajorTopicYN="N">Glaucoma</DescriptorName>
                <QualifierName UI="Q000150" MajorTopicYN="N">complications</QualifierName>
                <QualifierName UI="Q000188" MajorTopicYN="N">drug therapy</QualifierName>
                <QualifierName UI="Q000601" MajorTopicYN="Y">surgery</QualifierName>
            </MeshHeading>
            <MeshHeading>
                <DescriptorName UI="D006801" MajorTopicYN="N">Humans</DescriptorName>
            </MeshHeading>
            <MeshHeading>
                <DescriptorName UI="D007429" MajorTopicYN="N">Intraocular Pressure</DescriptorName>
            </MeshHeading>
            <MeshHeading>
                <DescriptorName UI="D008297" MajorTopicYN="N">Male</DescriptorName>
            </MeshHeading>
            <MeshHeading>
                <DescriptorName UI="D008875" MajorTopicYN="N">Middle Aged</DescriptorName>
            </MeshHeading>
            <MeshHeading>
                <DescriptorName UI="D016685" MajorTopicYN="N">Mitomycin</DescriptorName>
                <QualifierName UI="Q000008" MajorTopicYN="N">administration &amp; dosage</QualifierName>
                <QualifierName UI="Q000627" MajorTopicYN="Y">therapeutic use</QualifierName>
            </MeshHeading>
            <MeshHeading>
                <DescriptorName UI="D009883" MajorTopicYN="N">Ophthalmic Solutions</DescriptorName>
            </MeshHeading>
            <MeshHeading>
                <DescriptorName UI="D018918" MajorTopicYN="Y">Phacoemulsification</DescriptorName>
            </MeshHeading>
            <MeshHeading>
                <DescriptorName UI="D012189" MajorTopicYN="N">Retrospective Studies</DescriptorName>
            </MeshHeading>
            <MeshHeading>
                <DescriptorName UI="D014130" MajorTopicYN="Y">Trabeculectomy</DescriptorName>
            </MeshHeading>
            <MeshHeading>
                <DescriptorName UI="D016896" MajorTopicYN="N">Treatment Outcome</DescriptorName>
            </MeshHeading>
            <MeshHeading>
                <DescriptorName UI="D014792" MajorTopicYN="N">Visual Acuity</DescriptorName>
            </MeshHeading>
        </MeshHeadingList>
    </MedlineCitation>
    <PubmedData>
        <History>
            <PubMedPubDate PubStatus="pubmed">
                <Year>1998</Year>
                <Month>10</Month>
                <Day>7</Day>
            </PubMedPubDate>
            <PubMedPubDate PubStatus="medline">
                <Year>1998</Year>
                <Month>10</Month>
                <Day>7</Day>
                <Hour>0</Hour>
                <Minute>1</Minute>
            </PubMedPubDate>
            <PubMedPubDate PubStatus="entrez">
                <Year>1998</Year>
                <Month>10</Month>
                <Day>7</Day>
                <Hour>0</Hour>
                <Minute>0</Minute>
            </PubMedPubDate>
        </History>
        <PublicationStatus>ppublish</PublicationStatus>
        <ArticleIdList>
            <ArticleId IdType="pubmed">9760605</ArticleId>
        </ArticleIdList>
    </PubmedData>
</PubmedArticle>

</PubmedArticleSet>