<?xml version="1.0" ?>
<!DOCTYPE PubmedArticleSet PUBLIC "-//NLM//DTD PubMedArticle, 1st January 2019//EN" "https://dtd.nlm.nih.gov/ncbi/pubmed/out/pubmed_190101.dtd">
<PubmedArticleSet>
<PubmedArticle>
    <MedlineCitation Status="MEDLINE" Owner="NLM">
        <PMID Version="1">9787366</PMID>
        <DateCompleted>
            <Year>1998</Year>
            <Month>11</Month>
            <Day>02</Day>
        </DateCompleted>
        <DateRevised>
            <Year>2007</Year>
            <Month>11</Month>
            <Day>14</Day>
        </DateRevised>
        <Article PubModel="Print">
            <Journal>
                <ISSN IssnType="Print">0161-6420</ISSN>
                <JournalIssue CitedMedium="Print">
                    <Volume>105</Volume>
                    <Issue>10</Issue>
                    <PubDate>
                        <Year>1998</Year>
                        <Month>Oct</Month>
                    </PubDate>
                </JournalIssue>
                <Title>Ophthalmology</Title>
                <ISOAbbreviation>Ophthalmology</ISOAbbreviation>
            </Journal>
            <ArticleTitle>Trabeculectomy function after cataract extraction.</ArticleTitle>
            <Pagination>
                <MedlinePgn>1928-35</MedlinePgn>
            </Pagination>
            <Abstract>
                <AbstractText Label="OBJECTIVE" NlmCategory="OBJECTIVE">To examine the effect of cataract extraction (CE) after trabeculectomy on intraocular pressure (IOP) control.</AbstractText>
                <AbstractText Label="DESIGN" NlmCategory="METHODS">Retrospective noncomparative case series.</AbstractText>
                <AbstractText Label="PARTICIPANTS" NlmCategory="METHODS">A total of 115 consecutive patients who underwent extracapsular CE (N = 58) or phacoemulsification (N = 57) with intraocular lens (IOL) placement after trabeculectomy were studied.</AbstractText>
                <AbstractText Label="INTERVENTION" NlmCategory="METHODS">Cataract extraction with IOL after trabeculectomy was performed.</AbstractText>
                <AbstractText Label="MAIN OUTCOME MEASURES" NlmCategory="METHODS">Preoperative, intraoperative, and postoperative factors were evaluated for association with loss of IOP control requiring additional medications, bleb needling, or further glaucoma surgery, using Kaplan-Meier survival analysis and Cox multivariate proportional hazards survival regression.</AbstractText>
                <AbstractText Label="RESULTS" NlmCategory="RESULTS">After mean postoperative follow-up of 21.1 +/- 14.3 months, additional glaucoma medication or needling of the filtering bleb to maintain IOP control was required in 35 eyes (30.4%) and was significantly associated with intraoperative iris manipulation and early postoperative peak IOP greater than 25 mmHg. Additional glaucoma surgery was eventually required in 11 eyes (9.6%) and was significantly associated with age of 50 years or younger, preoperative IOP greater than 10 mmHg, and early postoperative peak IOP greater than 25 mmHg. The cumulative proportion of patients who did not require reoperation for glaucoma was 93% and 90% at 1 and 2 years, respectively. The mean IOP at last visit had increased 1.6 mmHg above the pre-CE level and did not vary significantly after the first postoperative month. The median interval from CE to the addition of glaucoma medication or bleb needling was 1.6 months (within 3 months in 20 of 33 eyes) and that from nonsurgical intervention to further glaucoma surgery was 3.6 months (before the 7th postoperative month in 6 of 11 eyes). Of 19 eyes with hypotony (IOP &lt; or = 6 mmHg) before CE, 11 eyes remained hypotonous after CE despite an increase in the mean IOP from 4.6 to 7.5 mmHg.</AbstractText>
                <AbstractText Label="CONCLUSIONS" NlmCategory="CONCLUSIONS">When CE is performed after trabeculectomy, age of 50 years or younger, preoperative IOP greater than 10 mmHg, intraoperative iris manipulation, and early postoperative IOP greater than 25 mmHg are associated with worsened postoperative IOP control. Most bleb failures occur soon after CE. Resolution of pre-existing hypotony after CE is unpredictable.</AbstractText>
            </Abstract>
            <AuthorList CompleteYN="Y">
                <Author ValidYN="Y">
                    <LastName>Chen</LastName>
                    <ForeName>P P</ForeName>
                    <Initials>PP</Initials>
                    <AffiliationInfo>
                        <Affiliation>Department of Ophthalmology, University of Washington, Seattle 98195, USA.</Affiliation>
                    </AffiliationInfo>
                </Author>
                <Author ValidYN="Y">
                    <LastName>Weaver</LastName>
                    <ForeName>Y K</ForeName>
                    <Initials>YK</Initials>
                </Author>
                <Author ValidYN="Y">
                    <LastName>Budenz</LastName>
                    <ForeName>D L</ForeName>
                    <Initials>DL</Initials>
                </Author>
                <Author ValidYN="Y">
                    <LastName>Feuer</LastName>
                    <ForeName>W J</ForeName>
                    <Initials>WJ</Initials>
                </Author>
                <Author ValidYN="Y">
                    <LastName>Parrish</LastName>
                    <ForeName>R K</ForeName>
                    <Initials>RK</Initials>
                    <Suffix>2nd</Suffix>
                </Author>
            </AuthorList>
            <Language>eng</Language>
            <GrantList CompleteYN="Y">
                <Grant>
                    <GrantID>EY10410</GrantID>
                    <Acronym>EY</Acronym>
                    <Agency>NEI NIH HHS</Agency>
                    <Country>United States</Country>
                </Grant>
            </GrantList>
            <PublicationTypeList>
                <PublicationType UI="D016428">Journal Article</PublicationType>
                <PublicationType UI="D013485">Research Support, Non-U.S. Gov't</PublicationType>
                <PublicationType UI="D013487">Research Support, U.S. Gov't, P.H.S.</PublicationType>
            </PublicationTypeList>
        </Article>
        <MedlineJournalInfo>
            <Country>United States</Country>
            <MedlineTA>Ophthalmology</MedlineTA>
            <NlmUniqueID>7802443</NlmUniqueID>
            <ISSNLinking>0161-6420</ISSNLinking>
        </MedlineJournalInfo>
        <CitationSubset>IM</CitationSubset>
        <MeshHeadingList>
            <MeshHeading>
                <DescriptorName UI="D000293" MajorTopicYN="N">Adolescent</DescriptorName>
            </MeshHeading>
            <MeshHeading>
                <DescriptorName UI="D000328" MajorTopicYN="N">Adult</DescriptorName>
            </MeshHeading>
            <MeshHeading>
                <DescriptorName UI="D000367" MajorTopicYN="N">Age Factors</DescriptorName>
            </MeshHeading>
            <MeshHeading>
                <DescriptorName UI="D000368" MajorTopicYN="N">Aged</DescriptorName>
            </MeshHeading>
            <MeshHeading>
                <DescriptorName UI="D000369" MajorTopicYN="N">Aged, 80 and over</DescriptorName>
            </MeshHeading>
            <MeshHeading>
                <DescriptorName UI="D002387" MajorTopicYN="Y">Cataract Extraction</DescriptorName>
            </MeshHeading>
            <MeshHeading>
                <DescriptorName UI="D005260" MajorTopicYN="N">Female</DescriptorName>
            </MeshHeading>
            <MeshHeading>
                <DescriptorName UI="D005500" MajorTopicYN="N">Follow-Up Studies</DescriptorName>
            </MeshHeading>
            <MeshHeading>
                <DescriptorName UI="D005901" MajorTopicYN="N">Glaucoma</DescriptorName>
                <QualifierName UI="Q000503" MajorTopicYN="Y">physiopathology</QualifierName>
                <QualifierName UI="Q000601" MajorTopicYN="N">surgery</QualifierName>
            </MeshHeading>
            <MeshHeading>
                <DescriptorName UI="D006801" MajorTopicYN="N">Humans</DescriptorName>
            </MeshHeading>
            <MeshHeading>
                <DescriptorName UI="D007429" MajorTopicYN="N">Intraocular Pressure</DescriptorName>
                <QualifierName UI="Q000502" MajorTopicYN="Y">physiology</QualifierName>
            </MeshHeading>
            <MeshHeading>
                <DescriptorName UI="D019654" MajorTopicYN="N">Lens Implantation, Intraocular</DescriptorName>
            </MeshHeading>
            <MeshHeading>
                <DescriptorName UI="D008297" MajorTopicYN="N">Male</DescriptorName>
            </MeshHeading>
            <MeshHeading>
                <DescriptorName UI="D008875" MajorTopicYN="N">Middle Aged</DescriptorName>
            </MeshHeading>
            <MeshHeading>
                <DescriptorName UI="D016016" MajorTopicYN="N">Proportional Hazards Models</DescriptorName>
            </MeshHeading>
            <MeshHeading>
                <DescriptorName UI="D012086" MajorTopicYN="N">Reoperation</DescriptorName>
            </MeshHeading>
            <MeshHeading>
                <DescriptorName UI="D012189" MajorTopicYN="N">Retrospective Studies</DescriptorName>
            </MeshHeading>
            <MeshHeading>
                <DescriptorName UI="D012307" MajorTopicYN="N">Risk Factors</DescriptorName>
            </MeshHeading>
            <MeshHeading>
                <DescriptorName UI="D016019" MajorTopicYN="N">Survival Analysis</DescriptorName>
            </MeshHeading>
            <MeshHeading>
                <DescriptorName UI="D014130" MajorTopicYN="Y">Trabeculectomy</DescriptorName>
            </MeshHeading>
        </MeshHeadingList>
    </MedlineCitation>
    <PubmedData>
        <History>
            <PubMedPubDate PubStatus="pubmed">
                <Year>1998</Year>
                <Month>10</Month>
                <Day>27</Day>
                <Hour>3</Hour>
                <Minute>2</Minute>
            </PubMedPubDate>
            <PubMedPubDate PubStatus="medline">
                <Year>2001</Year>
                <Month>3</Month>
                <Day>28</Day>
                <Hour>10</Hour>
                <Minute>1</Minute>
            </PubMedPubDate>
            <PubMedPubDate PubStatus="entrez">
                <Year>1998</Year>
                <Month>10</Month>
                <Day>27</Day>
                <Hour>3</Hour>
                <Minute>2</Minute>
            </PubMedPubDate>
        </History>
        <PublicationStatus>ppublish</PublicationStatus>
        <ArticleIdList>
            <ArticleId IdType="pubmed">9787366</ArticleId>
            <ArticleId IdType="pii">S0161-6420(98)91044-2</ArticleId>
            <ArticleId IdType="doi">10.1016/S0161-6420(98)91044-2</ArticleId>
        </ArticleIdList>
    </PubmedData>
</PubmedArticle>

</PubmedArticleSet>