<?xml version="1.0" ?>
<!DOCTYPE PubmedArticleSet PUBLIC "-//NLM//DTD PubMedArticle, 1st January 2019//EN" "https://dtd.nlm.nih.gov/ncbi/pubmed/out/pubmed_190101.dtd">
<PubmedArticleSet>
<PubmedArticle>
    <MedlineCitation Status="MEDLINE" Owner="NLM">
        <PMID Version="1">9888081</PMID>
        <DateCompleted>
            <Year>1999</Year>
            <Month>03</Month>
            <Day>05</Day>
        </DateCompleted>
        <DateRevised>
            <Year>2019</Year>
            <Month>08</Month>
            <Day>22</Day>
        </DateRevised>
        <Article PubModel="Print">
            <Journal>
                <ISSN IssnType="Print">0886-3350</ISSN>
                <JournalIssue CitedMedium="Print">
                    <Volume>25</Volume>
                    <Issue>1</Issue>
                    <PubDate>
                        <Year>1999</Year>
                        <Month>Jan</Month>
                    </PubDate>
                </JournalIssue>
                <Title>Journal of cataract and refractive surgery</Title>
                <ISOAbbreviation>J Cataract Refract Surg</ISOAbbreviation>
            </Journal>
            <ArticleTitle>One-site versus 2-site phacotrabeculectomy: a randomized study.</ArticleTitle>
            <Pagination>
                <MedlinePgn>77-82</MedlinePgn>
            </Pagination>
            <Abstract>
                <AbstractText Label="PURPOSE" NlmCategory="OBJECTIVE">To compare 1-site and 2-site combined phacoemulsification with foldable intraocular lens (IOL) implantation and trabeculectomy.</AbstractText>
                <AbstractText Label="SETTING" NlmCategory="METHODS">El-Maghraby Eye Hospital, Jeddah, Saudi Arabia.</AbstractText>
                <AbstractText Label="METHODS" NlmCategory="METHODS">Seventy-six eyes with coexisting cataract and glaucoma were randomly assigned to have a mitomycin-C trabeculectomy in a superior quadrant combined with phacoemulsification and foldable IOL implantation through the same incision (1-site group) or a separate, temporal, clear corneal incision (2-site group). Postoperative evaluation included visual acuity, intraocular pressure (IOP), bleb assessment, and number of antiglaucoma medications. Follow-up ranged from 12 to 18 months.</AbstractText>
                <AbstractText Label="RESULTS" NlmCategory="RESULTS">Mean preoperative IOP was 28.1 mm Hg +/- 7.1 (SD) in the 2-site group and 26.2 +/- 6.5 mm Hg in the 1-site group. At 6 months postoperatively, mean IOP was 16.9 +/- 4.3 and 16.8 +/- 3.8 mm Hg, respectively (P = .9) and at 12 months, 17.6 +/- 3.3 and 19.1 +/- 3.1 mm Hg, respectively (P = .044). Twenty-three of 39 eyes (59%) in the 2-site group and 14 of 37 (38%) in the 1-site group had clinically apparent filtering blebs at 12 months (P = .065). Postoperative astigmatic change and complications were comparable.</AbstractText>
                <AbstractText Label="CONCLUSION" NlmCategory="CONCLUSIONS">Mitomycin-C trabeculectomy superiorly combined with separate temporal clear corneal phacoemulsification provided 1 year IOP control comparable to that with single-incision (1-site) combined cataract and glaucoma surgery.</AbstractText>
            </Abstract>
            <AuthorList CompleteYN="Y">
                <Author ValidYN="Y">
                    <LastName>el Sayyad</LastName>
                    <ForeName>F</ForeName>
                    <Initials>F</Initials>
                    <AffiliationInfo>
                        <Affiliation>El-Maghraby Eye Hospital, Jeddah, Saudi Arabia.</Affiliation>
                    </AffiliationInfo>
                </Author>
                <Author ValidYN="Y">
                    <LastName>Helal</LastName>
                    <ForeName>M</ForeName>
                    <Initials>M</Initials>
                </Author>
                <Author ValidYN="Y">
                    <LastName>el-Maghraby</LastName>
                    <ForeName>A</ForeName>
                    <Initials>A</Initials>
                </Author>
                <Author ValidYN="Y">
                    <LastName>Khalil</LastName>
                    <ForeName>M</ForeName>
                    <Initials>M</Initials>
                </Author>
                <Author ValidYN="Y">
                    <LastName>el-Hamzawey</LastName>
                    <ForeName>H</ForeName>
                    <Initials>H</Initials>
                </Author>
            </AuthorList>
            <Language>eng</Language>
            <PublicationTypeList>
                <PublicationType UI="D016430">Clinical Trial</PublicationType>
                <PublicationType UI="D003160">Comparative Study</PublicationType>
                <PublicationType UI="D016428">Journal Article</PublicationType>
                <PublicationType UI="D016449">Randomized Controlled Trial</PublicationType>
            </PublicationTypeList>
        </Article>
        <MedlineJournalInfo>
            <Country>United States</Country>
            <MedlineTA>J Cataract Refract Surg</MedlineTA>
            <NlmUniqueID>8604171</NlmUniqueID>
            <ISSNLinking>0886-3350</ISSNLinking>
        </MedlineJournalInfo>
        <ChemicalList>
            <Chemical>
                <RegistryNumber>0</RegistryNumber>
                <NameOfSubstance UI="D012826">Silicone Elastomers</NameOfSubstance>
            </Chemical>
        </ChemicalList>
        <CitationSubset>IM</CitationSubset>
        <MeshHeadingList>
            <MeshHeading>
                <DescriptorName UI="D000328" MajorTopicYN="N">Adult</DescriptorName>
            </MeshHeading>
            <MeshHeading>
                <DescriptorName UI="D000368" MajorTopicYN="N">Aged</DescriptorName>
            </MeshHeading>
            <MeshHeading>
                <DescriptorName UI="D000369" MajorTopicYN="N">Aged, 80 and over</DescriptorName>
            </MeshHeading>
            <MeshHeading>
                <DescriptorName UI="D019923" MajorTopicYN="N">Capsulorhexis</DescriptorName>
            </MeshHeading>
            <MeshHeading>
                <DescriptorName UI="D002386" MajorTopicYN="N">Cataract</DescriptorName>
                <QualifierName UI="Q000150" MajorTopicYN="Y">complications</QualifierName>
            </MeshHeading>
            <MeshHeading>
                <DescriptorName UI="D005260" MajorTopicYN="N">Female</DescriptorName>
            </MeshHeading>
            <MeshHeading>
                <DescriptorName UI="D005500" MajorTopicYN="N">Follow-Up Studies</DescriptorName>
            </MeshHeading>
            <MeshHeading>
                <DescriptorName UI="D005901" MajorTopicYN="N">Glaucoma</DescriptorName>
                <QualifierName UI="Q000150" MajorTopicYN="Y">complications</QualifierName>
                <QualifierName UI="Q000601" MajorTopicYN="Y">surgery</QualifierName>
            </MeshHeading>
            <MeshHeading>
                <DescriptorName UI="D006801" MajorTopicYN="N">Humans</DescriptorName>
            </MeshHeading>
            <MeshHeading>
                <DescriptorName UI="D007429" MajorTopicYN="N">Intraocular Pressure</DescriptorName>
            </MeshHeading>
            <MeshHeading>
                <DescriptorName UI="D019654" MajorTopicYN="Y">Lens Implantation, Intraocular</DescriptorName>
            </MeshHeading>
            <MeshHeading>
                <DescriptorName UI="D007910" MajorTopicYN="N">Lenses, Intraocular</DescriptorName>
            </MeshHeading>
            <MeshHeading>
                <DescriptorName UI="D008297" MajorTopicYN="N">Male</DescriptorName>
            </MeshHeading>
            <MeshHeading>
                <DescriptorName UI="D008875" MajorTopicYN="N">Middle Aged</DescriptorName>
            </MeshHeading>
            <MeshHeading>
                <DescriptorName UI="D018918" MajorTopicYN="N">Phacoemulsification</DescriptorName>
                <QualifierName UI="Q000379" MajorTopicYN="Y">methods</QualifierName>
            </MeshHeading>
            <MeshHeading>
                <DescriptorName UI="D011183" MajorTopicYN="N">Postoperative Complications</DescriptorName>
            </MeshHeading>
            <MeshHeading>
                <DescriptorName UI="D012826" MajorTopicYN="N">Silicone Elastomers</DescriptorName>
            </MeshHeading>
            <MeshHeading>
                <DescriptorName UI="D014130" MajorTopicYN="N">Trabeculectomy</DescriptorName>
                <QualifierName UI="Q000379" MajorTopicYN="Y">methods</QualifierName>
            </MeshHeading>
            <MeshHeading>
                <DescriptorName UI="D014792" MajorTopicYN="N">Visual Acuity</DescriptorName>
            </MeshHeading>
        </MeshHeadingList>
    </MedlineCitation>
    <PubmedData>
        <History>
            <PubMedPubDate PubStatus="pubmed">
                <Year>1999</Year>
                <Month>1</Month>
                <Day>15</Day>
            </PubMedPubDate>
            <PubMedPubDate PubStatus="medline">
                <Year>1999</Year>
                <Month>1</Month>
                <Day>15</Day>
                <Hour>0</Hour>
                <Minute>1</Minute>
            </PubMedPubDate>
            <PubMedPubDate PubStatus="entrez">
                <Year>1999</Year>
                <Month>1</Month>
                <Day>15</Day>
                <Hour>0</Hour>
                <Minute>0</Minute>
            </PubMedPubDate>
        </History>
        <PublicationStatus>ppublish</PublicationStatus>
        <ArticleIdList>
            <ArticleId IdType="pubmed">9888081</ArticleId>
            <ArticleId IdType="pii">S0886-3350(99)80015-7</ArticleId>
            <ArticleId IdType="doi">10.1016/s0886-3350(99)80015-7</ArticleId>
        </ArticleIdList>
    </PubmedData>
</PubmedArticle>

</PubmedArticleSet>