<?xml version="1.0" ?>
<!DOCTYPE PubmedArticleSet PUBLIC "-//NLM//DTD PubMedArticle, 1st January 2019//EN" "https://dtd.nlm.nih.gov/ncbi/pubmed/out/pubmed_190101.dtd">
<PubmedArticleSet>
<PubmedArticle>
    <MedlineCitation Status="MEDLINE" Owner="NLM">
        <PMID Version="1">12913321</PMID>
        <DateCompleted>
            <Year>2003</Year>
            <Month>11</Month>
            <Day>17</Day>
        </DateCompleted>
        <DateRevised>
            <Year>2017</Year>
            <Month>11</Month>
            <Day>01</Day>
        </DateRevised>
        <Article PubModel="Print">
            <Journal>
                <ISSN IssnType="Print">0030-3755</ISSN>
                <JournalIssue CitedMedium="Print">
                    <Volume>217</Volume>
                    <Issue>5</Issue>
                    <PubDate>
                        <MedlineDate>2003 Sep-Oct</MedlineDate>
                    </PubDate>
                </JournalIssue>
                <Title>Ophthalmologica. Journal international d'ophtalmologie. International journal of ophthalmology. Zeitschrift fur Augenheilkunde</Title>
                <ISOAbbreviation>Ophthalmologica</ISOAbbreviation>
            </Journal>
            <ArticleTitle>Phacoemulsification and intraocular lens implantation for angle closure glaucoma after the relief of pupillary block.</ArticleTitle>
            <Pagination>
                <MedlinePgn>325-8</MedlinePgn>
            </Pagination>
            <Abstract>
                <AbstractText Label="PURPOSE" NlmCategory="OBJECTIVE">We studied the surgical outcomes of phacoemulsification and intraocular lens (IOL) implantation for cataract and/or uncontrolled intraocular pressure (IOP) in eyes with angle closure glaucoma.</AbstractText>
                <AbstractText Label="SETTING" NlmCategory="METHODS">Department of Ophthalmology, National Nagasaki Medical Center, Nagasaki, Japan.</AbstractText>
                <AbstractText Label="METHODS" NlmCategory="METHODS">Eighteen eyes from 15 patients after laser iridotomy (17 eyes) or peripheral iridectomy (1 eye) had undergone surgery and were studied. We used an iris retractor in 7 eyes due to insufficient mydriasis and a capsular tension ring in 2 eyes due to phacodonesis during the operation. The patients were followed up for at least 6 months (13.8 +/- 7.2 months; range: 6-36 months).</AbstractText>
                <AbstractText Label="RESULTS" NlmCategory="RESULTS">The mean IOP significantly decreased from 17.4 +/- 8.1 to 13.5 +/- 3.3 mm Hg at 6 months after surgery. The IOP was below 21 mm Hg in all eyes. The visual acuity was not worsened in any eyes and became better than 2 Snellen lines in 14 eyes. The corneal endothelial cell count decreased from 2,365 +/- 517 to 1,960 +/- 661/mm2 (18.3 +/- 17.2%).</AbstractText>
                <AbstractText Label="CONCLUSIONS" NlmCategory="CONCLUSIONS">Phacoemulsification and IOL implantation is useful in IOP control for angle closure glaucoma after relief of pupillary block. However, we should take care of operative complications because of a shallow anterior chamber, poor mydriasis and zonular weakness.</AbstractText>
                <CopyrightInformation>Copyright 2003 S. Karger AG, Basel</CopyrightInformation>
            </Abstract>
            <AuthorList CompleteYN="Y">
                <Author ValidYN="Y">
                    <LastName>Kubota</LastName>
                    <ForeName>Toshiaki</ForeName>
                    <Initials>T</Initials>
                    <AffiliationInfo>
                        <Affiliation>Department of Ophthalmology, National Nagasaki Medical Center, Omura City, Nagasaki 856-8562, Japan. kubota@nmc.hosp.go.jp</Affiliation>
                    </AffiliationInfo>
                </Author>
                <Author ValidYN="Y">
                    <LastName>Toguri</LastName>
                    <ForeName>Ichiro</ForeName>
                    <Initials>I</Initials>
                </Author>
                <Author ValidYN="Y">
                    <LastName>Onizuka</LastName>
                    <ForeName>Naoko</ForeName>
                    <Initials>N</Initials>
                </Author>
                <Author ValidYN="Y">
                    <LastName>Matsuura</LastName>
                    <ForeName>Toshie</ForeName>
                    <Initials>T</Initials>
                </Author>
            </AuthorList>
            <Language>eng</Language>
            <PublicationTypeList>
                <PublicationType UI="D016428">Journal Article</PublicationType>
                <PublicationType UI="D013485">Research Support, Non-U.S. Gov't</PublicationType>
            </PublicationTypeList>
        </Article>
        <MedlineJournalInfo>
            <Country>Switzerland</Country>
            <MedlineTA>Ophthalmologica</MedlineTA>
            <NlmUniqueID>0054655</NlmUniqueID>
            <ISSNLinking>0030-3755</ISSNLinking>
        </MedlineJournalInfo>
        <CitationSubset>IM</CitationSubset>
        <MeshHeadingList>
            <MeshHeading>
                <DescriptorName UI="D000368" MajorTopicYN="N">Aged</DescriptorName>
            </MeshHeading>
            <MeshHeading>
                <DescriptorName UI="D000369" MajorTopicYN="N">Aged, 80 and over</DescriptorName>
            </MeshHeading>
            <MeshHeading>
                <DescriptorName UI="D019923" MajorTopicYN="N">Capsulorhexis</DescriptorName>
            </MeshHeading>
            <MeshHeading>
                <DescriptorName UI="D002386" MajorTopicYN="N">Cataract</DescriptorName>
                <QualifierName UI="Q000150" MajorTopicYN="N">complications</QualifierName>
                <QualifierName UI="Q000628" MajorTopicYN="Y">therapy</QualifierName>
            </MeshHeading>
            <MeshHeading>
                <DescriptorName UI="D002452" MajorTopicYN="N">Cell Count</DescriptorName>
            </MeshHeading>
            <MeshHeading>
                <DescriptorName UI="D004728" MajorTopicYN="N">Endothelium, Corneal</DescriptorName>
                <QualifierName UI="Q000473" MajorTopicYN="N">pathology</QualifierName>
            </MeshHeading>
            <MeshHeading>
                <DescriptorName UI="D005260" MajorTopicYN="N">Female</DescriptorName>
            </MeshHeading>
            <MeshHeading>
                <DescriptorName UI="D015812" MajorTopicYN="N">Glaucoma, Angle-Closure</DescriptorName>
                <QualifierName UI="Q000150" MajorTopicYN="N">complications</QualifierName>
                <QualifierName UI="Q000601" MajorTopicYN="Y">surgery</QualifierName>
            </MeshHeading>
            <MeshHeading>
                <DescriptorName UI="D006801" MajorTopicYN="N">Humans</DescriptorName>
            </MeshHeading>
            <MeshHeading>
                <DescriptorName UI="D007429" MajorTopicYN="N">Intraocular Pressure</DescriptorName>
            </MeshHeading>
            <MeshHeading>
                <DescriptorName UI="D019654" MajorTopicYN="N">Lens Implantation, Intraocular</DescriptorName>
                <QualifierName UI="Q000379" MajorTopicYN="Y">methods</QualifierName>
            </MeshHeading>
            <MeshHeading>
                <DescriptorName UI="D008297" MajorTopicYN="N">Male</DescriptorName>
            </MeshHeading>
            <MeshHeading>
                <DescriptorName UI="D008875" MajorTopicYN="N">Middle Aged</DescriptorName>
            </MeshHeading>
            <MeshHeading>
                <DescriptorName UI="D018918" MajorTopicYN="N">Phacoemulsification</DescriptorName>
                <QualifierName UI="Q000379" MajorTopicYN="Y">methods</QualifierName>
            </MeshHeading>
            <MeshHeading>
                <DescriptorName UI="D011681" MajorTopicYN="N">Pupil Disorders</DescriptorName>
                <QualifierName UI="Q000601" MajorTopicYN="Y">surgery</QualifierName>
            </MeshHeading>
            <MeshHeading>
                <DescriptorName UI="D014792" MajorTopicYN="N">Visual Acuity</DescriptorName>
            </MeshHeading>
        </MeshHeadingList>
    </MedlineCitation>
    <PubmedData>
        <History>
            <PubMedPubDate PubStatus="received">
                <Year>2002</Year>
                <Month>06</Month>
                <Day>14</Day>
            </PubMedPubDate>
            <PubMedPubDate PubStatus="accepted">
                <Year>2003</Year>
                <Month>03</Month>
                <Day>20</Day>
            </PubMedPubDate>
            <PubMedPubDate PubStatus="pubmed">
                <Year>2003</Year>
                <Month>8</Month>
                <Day>13</Day>
                <Hour>5</Hour>
                <Minute>0</Minute>
            </PubMedPubDate>
            <PubMedPubDate PubStatus="medline">
                <Year>2003</Year>
                <Month>12</Month>
                <Day>3</Day>
                <Hour>5</Hour>
                <Minute>0</Minute>
            </PubMedPubDate>
            <PubMedPubDate PubStatus="entrez">
                <Year>2003</Year>
                <Month>8</Month>
                <Day>13</Day>
                <Hour>5</Hour>
                <Minute>0</Minute>
            </PubMedPubDate>
        </History>
        <PublicationStatus>ppublish</PublicationStatus>
        <ArticleIdList>
            <ArticleId IdType="pubmed">12913321</ArticleId>
            <ArticleId IdType="doi">10.1159/000071346</ArticleId>
            <ArticleId IdType="pii">71346</ArticleId>
        </ArticleIdList>
    </PubmedData>
</PubmedArticle>

</PubmedArticleSet>