<?xml version="1.0" ?>
<!DOCTYPE PubmedArticleSet PUBLIC "-//NLM//DTD PubMedArticle, 1st January 2019//EN" "https://dtd.nlm.nih.gov/ncbi/pubmed/out/pubmed_190101.dtd">
<PubmedArticleSet>
<PubmedArticle>
    <MedlineCitation Status="MEDLINE" Owner="NLM">
        <PMID Version="1">11097601</PMID>
        <DateCompleted>
            <Year>2000</Year>
            <Month>12</Month>
            <Day>22</Day>
        </DateCompleted>
        <DateRevised>
            <Year>2019</Year>
            <Month>07</Month>
            <Day>26</Day>
        </DateRevised>
        <Article PubModel="Print">
            <Journal>
                <ISSN IssnType="Print">0161-6420</ISSN>
                <JournalIssue CitedMedium="Print">
                    <Volume>107</Volume>
                    <Issue>12</Issue>
                    <PubDate>
                        <Year>2000</Year>
                        <Month>Dec</Month>
                    </PubDate>
                </JournalIssue>
                <Title>Ophthalmology</Title>
                <ISOAbbreviation>Ophthalmology</ISOAbbreviation>
            </Journal>
            <ArticleTitle>Risk factors associated with age-related macular degeneration. A case-control study in the age-related eye disease study: Age-Related Eye Disease Study Report Number 3.</ArticleTitle>
            <Pagination>
                <MedlinePgn>2224-32</MedlinePgn>
            </Pagination>
            <Abstract>
                <AbstractText Label="OBJECTIVE" NlmCategory="OBJECTIVE">To investigate possible risk factors for age-related macular degeneration (AMD) in participants in the Age-Related Eye Disease Study (AREDS).</AbstractText>
                <AbstractText Label="DESIGN" NlmCategory="METHODS">Case-control study.</AbstractText>
                <AbstractText Label="PARTICIPANTS" NlmCategory="METHODS">Of the 4757 persons enrolled in AREDS, 4519 persons aged 60 to 80 years were included in this study. The lesions associated with AMD ranged from absent in both eyes to advanced in one eye.</AbstractText>
                <AbstractText Label="MAIN OUTCOME MEASURES" NlmCategory="METHODS">Stereoscopic color fundus photographs of the macula were used to place participants into one of five groups, based on the frequency and severity of lesions associated with AMD. Participants with fewer than 15 small drusen served as the control group.</AbstractText>
                <AbstractText Label="RESULTS" NlmCategory="RESULTS">Staged model building techniques were used to compare each of the four case groups with the control group. Increased age was a consistent finding of all four of the case groups compared with the control group, and all the following associations were age adjusted. Persons with either intermediate drusen, extensive small drusen, or the pigment abnormalities associated with AMD (group 2) were more likely to be female, more likely to have a history of arthritis, and less likely to have a history of angina. Persons with one or more large drusen or extensive intermediate drusen (group 3) were more likely to use hydrochlorothiazide diuretics and more likely to have arthritis. Hypertension, hyperopia, presence of lens opacities, and white race were also found more frequently in this group as well as in persons with neovascular AMD (group 5). Only persons in group 5 were more likely to have an increased body mass index, whereas persons with geographic atrophy (group 4) as well as those in groups 3 and 5 were more likely to have completed fewer years in school or to be smokers. Those with geographic atrophy were also more likely to use thyroid hormones and antacids.</AbstractText>
                <AbstractText Label="CONCLUSIONS" NlmCategory="CONCLUSIONS">Our findings for smoking and hypertension, which have been noted in previous studies, suggest that two important public health recommendations, the avoidance of smoking and the prevention of hypertension, may reduce the risk of developing AMD. Other associations, such as those for hyperopia, lens opacities, less education, female gender, increased body mass index, and white race, which have been noted in other studies, are also seen in the AREDS population. The increased use of thyroid hormones and antacids in persons with geographic atrophy and the increased likelihood of arthritis or hydrochlorothiazide use in persons with one or more large drusen or extensive intermediate drusen have not been previously reported and need additional investigation.</AbstractText>
            </Abstract>
            <AuthorList CompleteYN="Y">
                <Author ValidYN="Y">
                    <CollectiveName>Age-Related Eye Disease Study Research Group</CollectiveName>
                </Author>
            </AuthorList>
            <Language>eng</Language>
            <GrantList CompleteYN="Y">
                <Grant>
                    <GrantID>Z01 EY000394-03</GrantID>
                    <Acronym>EY</Acronym>
                    <Agency>NEI NIH HHS</Agency>
                    <Country>United States</Country>
                </Grant>
            </GrantList>
            <PublicationTypeList>
                <PublicationType UI="D016430">Clinical Trial</PublicationType>
                <PublicationType UI="D016428">Journal Article</PublicationType>
                <PublicationType UI="D016448">Multicenter Study</PublicationType>
                <PublicationType UI="D016449">Randomized Controlled Trial</PublicationType>
                <PublicationType UI="D013487">Research Support, U.S. Gov't, P.H.S.</PublicationType>
            </PublicationTypeList>
        </Article>
        <MedlineJournalInfo>
            <Country>United States</Country>
            <MedlineTA>Ophthalmology</MedlineTA>
            <NlmUniqueID>7802443</NlmUniqueID>
            <ISSNLinking>0161-6420</ISSNLinking>
        </MedlineJournalInfo>
        <CitationSubset>IM</CitationSubset>
        <MeshHeadingList>
            <MeshHeading>
                <DescriptorName UI="D000368" MajorTopicYN="N">Aged</DescriptorName>
            </MeshHeading>
            <MeshHeading>
                <DescriptorName UI="D000369" MajorTopicYN="N">Aged, 80 and over</DescriptorName>
            </MeshHeading>
            <MeshHeading>
                <DescriptorName UI="D001168" MajorTopicYN="N">Arthritis</DescriptorName>
                <QualifierName UI="Q000150" MajorTopicYN="N">complications</QualifierName>
            </MeshHeading>
            <MeshHeading>
                <DescriptorName UI="D015992" MajorTopicYN="N">Body Mass Index</DescriptorName>
            </MeshHeading>
            <MeshHeading>
                <DescriptorName UI="D016022" MajorTopicYN="N">Case-Control Studies</DescriptorName>
            </MeshHeading>
            <MeshHeading>
                <DescriptorName UI="D002386" MajorTopicYN="N">Cataract</DescriptorName>
                <QualifierName UI="Q000150" MajorTopicYN="N">complications</QualifierName>
            </MeshHeading>
            <MeshHeading>
                <DescriptorName UI="D005260" MajorTopicYN="N">Female</DescriptorName>
            </MeshHeading>
            <MeshHeading>
                <DescriptorName UI="D006801" MajorTopicYN="N">Humans</DescriptorName>
            </MeshHeading>
            <MeshHeading>
                <DescriptorName UI="D006956" MajorTopicYN="N">Hyperopia</DescriptorName>
                <QualifierName UI="Q000150" MajorTopicYN="N">complications</QualifierName>
            </MeshHeading>
            <MeshHeading>
                <DescriptorName UI="D006973" MajorTopicYN="N">Hypertension</DescriptorName>
                <QualifierName UI="Q000150" MajorTopicYN="N">complications</QualifierName>
            </MeshHeading>
            <MeshHeading>
                <DescriptorName UI="D008268" MajorTopicYN="N">Macular Degeneration</DescriptorName>
                <QualifierName UI="Q000453" MajorTopicYN="Y">epidemiology</QualifierName>
                <QualifierName UI="Q000209" MajorTopicYN="Y">etiology</QualifierName>
            </MeshHeading>
            <MeshHeading>
                <DescriptorName UI="D008297" MajorTopicYN="N">Male</DescriptorName>
            </MeshHeading>
            <MeshHeading>
                <DescriptorName UI="D008875" MajorTopicYN="N">Middle Aged</DescriptorName>
            </MeshHeading>
            <MeshHeading>
                <DescriptorName UI="D015593" MajorTopicYN="N">Retinal Drusen</DescriptorName>
                <QualifierName UI="Q000150" MajorTopicYN="N">complications</QualifierName>
            </MeshHeading>
            <MeshHeading>
                <DescriptorName UI="D012307" MajorTopicYN="N">Risk Factors</DescriptorName>
            </MeshHeading>
            <MeshHeading>
                <DescriptorName UI="D012737" MajorTopicYN="N">Sex Factors</DescriptorName>
            </MeshHeading>
            <MeshHeading>
                <DescriptorName UI="D012907" MajorTopicYN="N">Smoking</DescriptorName>
                <QualifierName UI="Q000009" MajorTopicYN="N">adverse effects</QualifierName>
            </MeshHeading>
        </MeshHeadingList>
    </MedlineCitation>
    <PubmedData>
        <History>
            <PubMedPubDate PubStatus="pubmed">
                <Year>2000</Year>
                <Month>11</Month>
                <Day>30</Day>
                <Hour>11</Hour>
                <Minute>0</Minute>
            </PubMedPubDate>
            <PubMedPubDate PubStatus="medline">
                <Year>2001</Year>
                <Month>2</Month>
                <Day>28</Day>
                <Hour>10</Hour>
                <Minute>1</Minute>
            </PubMedPubDate>
            <PubMedPubDate PubStatus="entrez">
                <Year>2000</Year>
                <Month>11</Month>
                <Day>30</Day>
                <Hour>11</Hour>
                <Minute>0</Minute>
            </PubMedPubDate>
        </History>
        <PublicationStatus>ppublish</PublicationStatus>
        <ArticleIdList>
            <ArticleId IdType="pubmed">11097601</ArticleId>
            <ArticleId IdType="pii">S0161642000004097</ArticleId>
            <ArticleId IdType="pmc">PMC1470467</ArticleId>
            <ArticleId IdType="mid">NIHMS9665</ArticleId>
            <ArticleId IdType="doi">10.1016/s0161-6420(00)00409-7</ArticleId>
        </ArticleIdList>
        <ReferenceList>
            <Reference>
                <Citation>Am J Epidemiol. 1983 Aug;118(2):213-27</Citation>
                <ArticleIdList>
                    <ArticleId IdType="pubmed">6881127</ArticleId>
                </ArticleIdList>
            </Reference>
            <Reference>
                <Citation>Arch Ophthalmol. 1986 Feb;104(2):216-9</Citation>
                <ArticleIdList>
                    <ArticleId IdType="pubmed">3947296</ArticleId>
                </ArticleIdList>
            </Reference>
            <Reference>
                <Citation>Ophthalmology. 1986 May;93(5):552-8</Citation>
                <ArticleIdList>
                    <ArticleId IdType="pubmed">2425325</ArticleId>
                </ArticleIdList>
            </Reference>
            <Reference>
                <Citation>Trans Ophthalmol Soc U K. 1986;105 ( Pt 4):463-8</Citation>
                <ArticleIdList>
                    <ArticleId IdType="pubmed">3491448</ArticleId>
                </ArticleIdList>
            </Reference>
            <Reference>
                <Citation>Invest Ophthalmol Vis Sci. 1998 Oct;39(11):2167-71</Citation>
                <ArticleIdList>
                    <ArticleId IdType="pubmed">9761297</ArticleId>
                </ArticleIdList>
            </Reference>
            <Reference>
                <Citation>Ophthalmology. 1999 Jun;106(6):1049-55</Citation>
                <ArticleIdList>
                    <ArticleId IdType="pubmed">10366070</ArticleId>
                </ArticleIdList>
            </Reference>
            <Reference>
                <Citation>Ophthalmology. 1999 Jun;106(6):1056-65</Citation>
                <ArticleIdList>
                    <ArticleId IdType="pubmed">10366071</ArticleId>
                </ArticleIdList>
            </Reference>
            <Reference>
                <Citation>Ophthalmology. 1997 Jan;104(1):7-21</Citation>
                <ArticleIdList>
                    <ArticleId IdType="pubmed">9022098</ArticleId>
                </ArticleIdList>
            </Reference>
            <Reference>
                <Citation>Arch Ophthalmol. 1996 Dec;114(12):1518-23</Citation>
                <ArticleIdList>
                    <ArticleId IdType="pubmed">8953988</ArticleId>
                </ArticleIdList>
            </Reference>
            <Reference>
                <Citation>Arch Ophthalmol. 1998 Aug;116(8):1031-5</Citation>
                <ArticleIdList>
                    <ArticleId IdType="pubmed">9715683</ArticleId>
                </ArticleIdList>
            </Reference>
            <Reference>
                <Citation>Arch Ophthalmol. 1998 Apr;116(4):506-13</Citation>
                <ArticleIdList>
                    <ArticleId IdType="pubmed">9565051</ArticleId>
                </ArticleIdList>
            </Reference>
            <Reference>
                <Citation>Arch Ophthalmol. 1997 Jun;115(6):741-7</Citation>
                <ArticleIdList>
                    <ArticleId IdType="pubmed">9194725</ArticleId>
                </ArticleIdList>
            </Reference>
            <Reference>
                <Citation>Ophthalmology. 1995 Aug;102(8):1206-11</Citation>
                <ArticleIdList>
                    <ArticleId IdType="pubmed">9097748</ArticleId>
                </ArticleIdList>
            </Reference>
            <Reference>
                <Citation>Am J Epidemiol. 1988 Feb;127(2):283-96</Citation>
                <ArticleIdList>
                    <ArticleId IdType="pubmed">3257350</ArticleId>
                </ArticleIdList>
            </Reference>
            <Reference>
                <Citation>Ann Ophthalmol. 1982 Jan;14(1):21-4</Citation>
                <ArticleIdList>
                    <ArticleId IdType="pubmed">7125436</ArticleId>
                </ArticleIdList>
            </Reference>
            <Reference>
                <Citation>Arch Ophthalmol. 1981 Jun;99(6):1004-8</Citation>
                <ArticleIdList>
                    <ArticleId IdType="pubmed">7236096</ArticleId>
                </ArticleIdList>
            </Reference>
            <Reference>
                <Citation>Br J Ophthalmol. 1978 Aug;62(8):547-50</Citation>
                <ArticleIdList>
                    <ArticleId IdType="pubmed">687553</ArticleId>
                </ArticleIdList>
            </Reference>
            <Reference>
                <Citation>Can J Ophthalmol. 1978 Apr;13(2):67-71</Citation>
                <ArticleIdList>
                    <ArticleId IdType="pubmed">647465</ArticleId>
                </ArticleIdList>
            </Reference>
            <Reference>
                <Citation>Am J Epidemiol. 1977 Jul;106(1):33-41</Citation>
                <ArticleIdList>
                    <ArticleId IdType="pubmed">141882</ArticleId>
                </ArticleIdList>
            </Reference>
            <Reference>
                <Citation>Control Clin Trials. 1999 Dec;20(6):573-600</Citation>
                <ArticleIdList>
                    <ArticleId IdType="pubmed">10588299</ArticleId>
                </ArticleIdList>
            </Reference>
            <Reference>
                <Citation>Ophthalmic Epidemiol. 1999 Dec;6(4):317-26</Citation>
                <ArticleIdList>
                    <ArticleId IdType="pubmed">10544345</ArticleId>
                </ArticleIdList>
            </Reference>
            <Reference>
                <Citation>Surv Ophthalmol. 1988 May-Jun;32(6):375-413</Citation>
                <ArticleIdList>
                    <ArticleId IdType="pubmed">2457955</ArticleId>
                </ArticleIdList>
            </Reference>
            <Reference>
                <Citation>Vision Res. 1996 Sep;36(18):3003-9</Citation>
                <ArticleIdList>
                    <ArticleId IdType="pubmed">8917800</ArticleId>
                </ArticleIdList>
            </Reference>
            <Reference>
                <Citation>JAMA. 1996 Oct 9;276(14):1141-6</Citation>
                <ArticleIdList>
                    <ArticleId IdType="pubmed">8827966</ArticleId>
                </ArticleIdList>
            </Reference>
            <Reference>
                <Citation>Am J Epidemiol. 1988 Oct;128(4):700-10</Citation>
                <ArticleIdList>
                    <ArticleId IdType="pubmed">3421236</ArticleId>
                </ArticleIdList>
            </Reference>
            <Reference>
                <Citation>Am J Public Health. 1989 Jun;79(6):765-9</Citation>
                <ArticleIdList>
                    <ArticleId IdType="pubmed">2729473</ArticleId>
                </ArticleIdList>
            </Reference>
            <Reference>
                <Citation>Arch Ophthalmol. 1989 Jun;107(6):875-9</Citation>
                <ArticleIdList>
                    <ArticleId IdType="pubmed">2786410</ArticleId>
                </ArticleIdList>
            </Reference>
            <Reference>
                <Citation>Arch Ophthalmol. 1990 Oct;108(10):1442-7</Citation>
                <ArticleIdList>
                    <ArticleId IdType="pubmed">1699513</ArticleId>
                </ArticleIdList>
            </Reference>
            <Reference>
                <Citation>Ophthalmology. 1990 Nov;97(11):1428-33</Citation>
                <ArticleIdList>
                    <ArticleId IdType="pubmed">2255515</ArticleId>
                </ArticleIdList>
            </Reference>
            <Reference>
                <Citation>Ophthalmology. 1991 Jul;98(7):1128-34</Citation>
                <ArticleIdList>
                    <ArticleId IdType="pubmed">1843453</ArticleId>
                </ArticleIdList>
            </Reference>
            <Reference>
                <Citation>Arch Ophthalmol. 1992 Jan;110(1):99-104</Citation>
                <ArticleIdList>
                    <ArticleId IdType="pubmed">1731731</ArticleId>
                </ArticleIdList>
            </Reference>
            <Reference>
                <Citation>Ophthalmology. 1992 Jun;99(6):933-43</Citation>
                <ArticleIdList>
                    <ArticleId IdType="pubmed">1630784</ArticleId>
                </ArticleIdList>
            </Reference>
            <Reference>
                <Citation>Arch Ophthalmol. 1992 Dec;110(12):1701-8</Citation>
                <ArticleIdList>
                    <ArticleId IdType="pubmed">1281403</ArticleId>
                </ArticleIdList>
            </Reference>
            <Reference>
                <Citation>Am J Clin Nutr. 1993 Mar;57(3):428-33</Citation>
                <ArticleIdList>
                    <ArticleId IdType="pubmed">8438779</ArticleId>
                </ArticleIdList>
            </Reference>
            <Reference>
                <Citation>Am J Epidemiol. 1993 Jan 15;137(2):190-200</Citation>
                <ArticleIdList>
                    <ArticleId IdType="pubmed">8452123</ArticleId>
                </ArticleIdList>
            </Reference>
            <Reference>
                <Citation>Ophthalmology. 1993 Mar;100(3):406-14</Citation>
                <ArticleIdList>
                    <ArticleId IdType="pubmed">8460013</ArticleId>
                </ArticleIdList>
            </Reference>
            <Reference>
                <Citation>Arch Ophthalmol. 1993 Apr;111(4):514-8</Citation>
                <ArticleIdList>
                    <ArticleId IdType="pubmed">8470986</ArticleId>
                </ArticleIdList>
            </Reference>
            <Reference>
                <Citation>Am J Epidemiol. 1993 Apr 1;137(7):787-96</Citation>
                <ArticleIdList>
                    <ArticleId IdType="pubmed">8484370</ArticleId>
                </ArticleIdList>
            </Reference>
            <Reference>
                <Citation>Arch Ophthalmol. 1994 Feb;112(2):222-7</Citation>
                <ArticleIdList>
                    <ArticleId IdType="pubmed">8311777</ArticleId>
                </ArticleIdList>
            </Reference>
            <Reference>
                <Citation>JAMA. 1994 Nov 9;272(18):1413-20</Citation>
                <ArticleIdList>
                    <ArticleId IdType="pubmed">7933422</ArticleId>
                </ArticleIdList>
            </Reference>
            <Reference>
                <Citation>Arch Ophthalmol. 1995 Mar;113(3):301-8</Citation>
                <ArticleIdList>
                    <ArticleId IdType="pubmed">7534060</ArticleId>
                </ArticleIdList>
            </Reference>
            <Reference>
                <Citation>Arch Ophthalmol. 1995 Jun;113(6):728-35</Citation>
                <ArticleIdList>
                    <ArticleId IdType="pubmed">7786213</ArticleId>
                </ArticleIdList>
            </Reference>
            <Reference>
                <Citation>Am J Epidemiol. 1995 Aug 15;142(4):404-9</Citation>
                <ArticleIdList>
                    <ArticleId IdType="pubmed">7625405</ArticleId>
                </ArticleIdList>
            </Reference>
            <Reference>
                <Citation>Ophthalmology. 1996 Jun;103(6):871-7</Citation>
                <ArticleIdList>
                    <ArticleId IdType="pubmed">8643241</ArticleId>
                </ArticleIdList>
            </Reference>
            <Reference>
                <Citation>Epidemiol Rev. 1995;17(2):347-60</Citation>
                <ArticleIdList>
                    <ArticleId IdType="pubmed">8654516</ArticleId>
                </ArticleIdList>
            </Reference>
            <Reference>
                <Citation>Ann Epidemiol. 1996 Jan;6(1):60-6</Citation>
                <ArticleIdList>
                    <ArticleId IdType="pubmed">8680627</ArticleId>
                </ArticleIdList>
            </Reference>
            <Reference>
                <Citation>Bull World Health Organ. 1996;74(4):353-60</Citation>
                <ArticleIdList>
                    <ArticleId IdType="pubmed">8823956</ArticleId>
                </ArticleIdList>
            </Reference>
        </ReferenceList>
    </PubmedData>
</PubmedArticle>

</PubmedArticleSet>