<?xml version="1.0" ?>
<!DOCTYPE PubmedArticleSet PUBLIC "-//NLM//DTD PubMedArticle, 1st January 2019//EN" "https://dtd.nlm.nih.gov/ncbi/pubmed/out/pubmed_190101.dtd">
<PubmedArticleSet>
<PubmedArticle>
    <MedlineCitation Status="MEDLINE" Owner="NLM">
        <PMID Version="1">12244027</PMID>
        <DateCompleted>
            <Year>2002</Year>
            <Month>10</Month>
            <Day>25</Day>
        </DateCompleted>
        <DateRevised>
            <Year>2019</Year>
            <Month>05</Month>
            <Day>13</Day>
        </DateRevised>
        <Article PubModel="Print">
            <Journal>
                <ISSN IssnType="Print">0002-9262</ISSN>
                <JournalIssue CitedMedium="Print">
                    <Volume>156</Volume>
                    <Issue>7</Issue>
                    <PubDate>
                        <Year>2002</Year>
                        <Month>Oct</Month>
                        <Day>01</Day>
                    </PubDate>
                </JournalIssue>
                <Title>American journal of epidemiology</Title>
                <ISOAbbreviation>Am J Epidemiol</ISOAbbreviation>
            </Journal>
            <ArticleTitle>Ten-year incidence of age-related maculopathy and smoking and drinking: the Beaver Dam Eye Study.</ArticleTitle>
            <Pagination>
                <MedlinePgn>589-98</MedlinePgn>
            </Pagination>
            <Abstract>
                <AbstractText>The authors examined associations between smoking and alcohol consumption and the long-term incidence of age-related maculopathy (ARM) in people in the Beaver Dam Eye Study who were aged 43-86 years (n = 3,684) in 1988-1990 and examined over a 10-year period. ARM status was determined by grading stereoscopic color fundus photographs. After controlling for age, sex, and other factors, the authors found that people who had smoked more were more likely to develop large (&gt; or =250 micro m in diameter) soft drusen (risk ratio (RR) per 10 pack-years smoked = 1.08, 95% confidence interval (CI): 1.02, 1.14) and pigmentary abnormalities (RR = 1.09, 95% CI: 1.04, 1.14) and to have progression of early ARM (RR = 1.05, 95% CI: 1.00, 1.10) than people who had smoked less. Smoking was not associated with the incidence of late ARM. People who reported being heavy drinkers at baseline were more likely to develop late ARM (RR = 6.94, 95% CI: 1.85, 26.1) than people who reported never having been heavy drinkers. Smoking appears to have a modest, positive association with early but not late signs of ARM, and heavy drinking appears to be related to an increased risk of late ARM, although the exposure and outcome were infrequent, and the effect is based on few exposed cases.</AbstractText>
            </Abstract>
            <AuthorList CompleteYN="Y">
                <Author ValidYN="Y">
                    <LastName>Klein</LastName>
                    <ForeName>Ronald</ForeName>
                    <Initials>R</Initials>
                    <AffiliationInfo>
                        <Affiliation>Department of Ophthalmology and Visual Sciences, University of Wisconsin Medical School, Madison, WI 53726-2397, USA. kleinr@epi.ophth.wisc.edu</Affiliation>
                    </AffiliationInfo>
                </Author>
                <Author ValidYN="Y">
                    <LastName>Klein</LastName>
                    <ForeName>Barbara E K</ForeName>
                    <Initials>BE</Initials>
                </Author>
                <Author ValidYN="Y">
                    <LastName>Tomany</LastName>
                    <ForeName>Sandra C</ForeName>
                    <Initials>SC</Initials>
                </Author>
                <Author ValidYN="Y">
                    <LastName>Moss</LastName>
                    <ForeName>Scot E</ForeName>
                    <Initials>SE</Initials>
                </Author>
            </AuthorList>
            <Language>eng</Language>
            <GrantList CompleteYN="Y">
                <Grant>
                    <GrantID>EY06594</GrantID>
                    <Acronym>EY</Acronym>
                    <Agency>NEI NIH HHS</Agency>
                    <Country>United States</Country>
                </Grant>
            </GrantList>
            <PublicationTypeList>
                <PublicationType UI="D016428">Journal Article</PublicationType>
                <PublicationType UI="D013485">Research Support, Non-U.S. Gov't</PublicationType>
                <PublicationType UI="D013487">Research Support, U.S. Gov't, P.H.S.</PublicationType>
            </PublicationTypeList>
        </Article>
        <MedlineJournalInfo>
            <Country>United States</Country>
            <MedlineTA>Am J Epidemiol</MedlineTA>
            <NlmUniqueID>7910653</NlmUniqueID>
            <ISSNLinking>0002-9262</ISSNLinking>
        </MedlineJournalInfo>
        <CitationSubset>IM</CitationSubset>
        <MeshHeadingList>
            <MeshHeading>
                <DescriptorName UI="D000328" MajorTopicYN="N">Adult</DescriptorName>
            </MeshHeading>
            <MeshHeading>
                <DescriptorName UI="D000367" MajorTopicYN="N">Age Factors</DescriptorName>
            </MeshHeading>
            <MeshHeading>
                <DescriptorName UI="D000368" MajorTopicYN="N">Aged</DescriptorName>
            </MeshHeading>
            <MeshHeading>
                <DescriptorName UI="D000369" MajorTopicYN="N">Aged, 80 and over</DescriptorName>
            </MeshHeading>
            <MeshHeading>
                <DescriptorName UI="D000428" MajorTopicYN="N">Alcohol Drinking</DescriptorName>
                <QualifierName UI="Q000009" MajorTopicYN="Y">adverse effects</QualifierName>
            </MeshHeading>
            <MeshHeading>
                <DescriptorName UI="D016009" MajorTopicYN="N">Chi-Square Distribution</DescriptorName>
            </MeshHeading>
            <MeshHeading>
                <DescriptorName UI="D005260" MajorTopicYN="N">Female</DescriptorName>
            </MeshHeading>
            <MeshHeading>
                <DescriptorName UI="D006801" MajorTopicYN="N">Humans</DescriptorName>
            </MeshHeading>
            <MeshHeading>
                <DescriptorName UI="D015994" MajorTopicYN="N">Incidence</DescriptorName>
            </MeshHeading>
            <MeshHeading>
                <DescriptorName UI="D016015" MajorTopicYN="N">Logistic Models</DescriptorName>
            </MeshHeading>
            <MeshHeading>
                <DescriptorName UI="D008268" MajorTopicYN="N">Macular Degeneration</DescriptorName>
                <QualifierName UI="Q000139" MajorTopicYN="N">chemically induced</QualifierName>
                <QualifierName UI="Q000453" MajorTopicYN="Y">epidemiology</QualifierName>
            </MeshHeading>
            <MeshHeading>
                <DescriptorName UI="D008297" MajorTopicYN="N">Male</DescriptorName>
            </MeshHeading>
            <MeshHeading>
                <DescriptorName UI="D008875" MajorTopicYN="N">Middle Aged</DescriptorName>
            </MeshHeading>
            <MeshHeading>
                <DescriptorName UI="D012307" MajorTopicYN="N">Risk Factors</DescriptorName>
            </MeshHeading>
            <MeshHeading>
                <DescriptorName UI="D012907" MajorTopicYN="N">Smoking</DescriptorName>
                <QualifierName UI="Q000009" MajorTopicYN="Y">adverse effects</QualifierName>
            </MeshHeading>
            <MeshHeading>
                <DescriptorName UI="D014922" MajorTopicYN="N" Type="Geographic">Wisconsin</DescriptorName>
                <QualifierName UI="Q000453" MajorTopicYN="N">epidemiology</QualifierName>
            </MeshHeading>
        </MeshHeadingList>
    </MedlineCitation>
    <PubmedData>
        <History>
            <PubMedPubDate PubStatus="pubmed">
                <Year>2002</Year>
                <Month>9</Month>
                <Day>24</Day>
                <Hour>6</Hour>
                <Minute>0</Minute>
            </PubMedPubDate>
            <PubMedPubDate PubStatus="medline">
                <Year>2002</Year>
                <Month>10</Month>
                <Day>31</Day>
                <Hour>4</Hour>
                <Minute>0</Minute>
            </PubMedPubDate>
            <PubMedPubDate PubStatus="entrez">
                <Year>2002</Year>
                <Month>9</Month>
                <Day>24</Day>
                <Hour>6</Hour>
                <Minute>0</Minute>
            </PubMedPubDate>
        </History>
        <PublicationStatus>ppublish</PublicationStatus>
        <ArticleIdList>
            <ArticleId IdType="pubmed">12244027</ArticleId>
            <ArticleId IdType="doi">10.1093/aje/kwf092</ArticleId>
        </ArticleIdList>
    </PubmedData>
</PubmedArticle>

</PubmedArticleSet>