<?xml version="1.0" ?>
<!DOCTYPE PubmedArticleSet PUBLIC "-//NLM//DTD PubMedArticle, 1st January 2019//EN" "https://dtd.nlm.nih.gov/ncbi/pubmed/out/pubmed_190101.dtd">
<PubmedArticleSet>
<PubmedArticle>
    <MedlineCitation Status="MEDLINE" Owner="NLM">
        <PMID Version="1">12365915</PMID>
        <DateCompleted>
            <Year>2002</Year>
            <Month>10</Month>
            <Day>29</Day>
        </DateCompleted>
        <DateRevised>
            <Year>2019</Year>
            <Month>07</Month>
            <Day>04</Day>
        </DateRevised>
        <Article PubModel="Print">
            <Journal>
                <ISSN IssnType="Print">0003-9950</ISSN>
                <JournalIssue CitedMedium="Print">
                    <Volume>120</Volume>
                    <Issue>10</Issue>
                    <PubDate>
                        <Year>2002</Year>
                        <Month>Oct</Month>
                    </PubDate>
                </JournalIssue>
                <Title>Archives of ophthalmology (Chicago, Ill. : 1960)</Title>
                <ISOAbbreviation>Arch Ophthalmol</ISOAbbreviation>
            </Journal>
            <ArticleTitle>Smoking and the 5-year incidence of age-related maculopathy: the Blue Mountains Eye Study.</ArticleTitle>
            <Pagination>
                <MedlinePgn>1357-63</MedlinePgn>
            </Pagination>
            <Abstract>
                <AbstractText Label="OBJECTIVE" NlmCategory="OBJECTIVE">To assess the relationship between baseline smoking and the 5-year incidence of late and early age-related maculopathy (ARM) in an older population cohort.</AbstractText>
                <AbstractText Label="METHODS" NlmCategory="METHODS">The Blue Mountains Eye Study examined 3654 participants aged 49 years or older during 1992 to 1994 and then 2335 survivors (75.1%) after 5 years. Retinal photographs were graded using the Wisconsin Age-Related Maculopathy Grading System. Those with any ARM lesions at either examination were regraded in detail using a side-by-side method similar to that developed for the Beaver Dam Eye Study. We also used similar definitions for incident ARM lesions. Smoking status was recorded at interview.</AbstractText>
                <AbstractText Label="RESULTS" NlmCategory="RESULTS">Age-standardized incidence rates for any late ARM lesions were 3.1%, 1.2%, and 1.4%, respectively, among baseline current, past, or never smokers. Corresponding age-standardized incidence rates for early ARM were 10.6%, 8.2%, and 9.3%, respectively. The mean age for cases with incident late ARM was 67 years for baseline current smokers, 73 years for past smokers, and 77 years for those who had never smoked (P =.02). After adjusting for age, current smokers, compared with never smokers, had an increased risk of incident geographic atrophy (age-adjusted relative risk [RR], 3.6; 95% confidence interval [CI], 1.1-11.3) and any late ARM lesions (RR, 2.5; 95% CI, 1.0-6.2). Current smokers had an increased risk of incident retinal pigmentary abnormalities (RR, 1.7; 95% CI, 1.1-2.7), with the risk higher in men (RR, 2.8; 95% CI, 1.4-5.6).</AbstractText>
                <AbstractText Label="OUTCOME MEASURES" NlmCategory="METHODS">Five-year incidence of early ARM, late ARM, and ARM lesions.</AbstractText>
                <AbstractText Label="CONCLUSIONS" NlmCategory="CONCLUSIONS">In this cohort, persons who were current smokers had an increased risk of 5-year incident late ARM lesions and retinal pigmentary abnormalities. Current smokers developed late ARM at a significantly earlier age than never or past smokers.</AbstractText>
            </Abstract>
            <AuthorList CompleteYN="Y">
                <Author ValidYN="Y">
                    <LastName>Mitchell</LastName>
                    <ForeName>Paul</ForeName>
                    <Initials>P</Initials>
                    <AffiliationInfo>
                        <Affiliation>Centre for Vision Research, Department of Ophthalmology, Westmead Hospital, University of Sydney, Hawkesbury Road, Westmead, New South Wales, Australia 2145. paulmi@westgate.wh.usyd.edu.au</Affiliation>
                    </AffiliationInfo>
                </Author>
                <Author ValidYN="Y">
                    <LastName>Wang</LastName>
                    <ForeName>Jie Jin</ForeName>
                    <Initials>JJ</Initials>
                </Author>
                <Author ValidYN="Y">
                    <LastName>Smith</LastName>
                    <ForeName>Wayne</ForeName>
                    <Initials>W</Initials>
                </Author>
                <Author ValidYN="Y">
                    <LastName>Leeder</LastName>
                    <ForeName>Stephen R</ForeName>
                    <Initials>SR</Initials>
                </Author>
            </AuthorList>
            <Language>eng</Language>
            <PublicationTypeList>
                <PublicationType UI="D016428">Journal Article</PublicationType>
                <PublicationType UI="D013485">Research Support, Non-U.S. Gov't</PublicationType>
            </PublicationTypeList>
        </Article>
        <MedlineJournalInfo>
            <Country>United States</Country>
            <MedlineTA>Arch Ophthalmol</MedlineTA>
            <NlmUniqueID>7706534</NlmUniqueID>
            <ISSNLinking>0003-9950</ISSNLinking>
        </MedlineJournalInfo>
        <ChemicalList>
            <Chemical>
                <RegistryNumber>0</RegistryNumber>
                <NameOfSubstance UI="D012168">Retinal Pigments</NameOfSubstance>
            </Chemical>
        </ChemicalList>
        <CitationSubset>AIM</CitationSubset>
        <CitationSubset>IM</CitationSubset>
        <MeshHeadingList>
            <MeshHeading>
                <DescriptorName UI="D000368" MajorTopicYN="N">Aged</DescriptorName>
            </MeshHeading>
            <MeshHeading>
                <DescriptorName UI="D000369" MajorTopicYN="N">Aged, 80 and over</DescriptorName>
            </MeshHeading>
            <MeshHeading>
                <DescriptorName UI="D015331" MajorTopicYN="N">Cohort Studies</DescriptorName>
            </MeshHeading>
            <MeshHeading>
                <DescriptorName UI="D005260" MajorTopicYN="N">Female</DescriptorName>
            </MeshHeading>
            <MeshHeading>
                <DescriptorName UI="D006801" MajorTopicYN="N">Humans</DescriptorName>
            </MeshHeading>
            <MeshHeading>
                <DescriptorName UI="D015994" MajorTopicYN="N">Incidence</DescriptorName>
            </MeshHeading>
            <MeshHeading>
                <DescriptorName UI="D008268" MajorTopicYN="N">Macular Degeneration</DescriptorName>
                <QualifierName UI="Q000453" MajorTopicYN="Y">epidemiology</QualifierName>
            </MeshHeading>
            <MeshHeading>
                <DescriptorName UI="D008297" MajorTopicYN="N">Male</DescriptorName>
            </MeshHeading>
            <MeshHeading>
                <DescriptorName UI="D008875" MajorTopicYN="N">Middle Aged</DescriptorName>
            </MeshHeading>
            <MeshHeading>
                <DescriptorName UI="D012168" MajorTopicYN="N">Retinal Pigments</DescriptorName>
                <QualifierName UI="Q000378" MajorTopicYN="N">metabolism</QualifierName>
            </MeshHeading>
            <MeshHeading>
                <DescriptorName UI="D018570" MajorTopicYN="N">Risk Assessment</DescriptorName>
            </MeshHeading>
            <MeshHeading>
                <DescriptorName UI="D017678" MajorTopicYN="N">Sex Distribution</DescriptorName>
            </MeshHeading>
            <MeshHeading>
                <DescriptorName UI="D012907" MajorTopicYN="Y">Smoking</DescriptorName>
            </MeshHeading>
        </MeshHeadingList>
    </MedlineCitation>
    <PubmedData>
        <History>
            <PubMedPubDate PubStatus="pubmed">
                <Year>2002</Year>
                <Month>10</Month>
                <Day>9</Day>
                <Hour>4</Hour>
                <Minute>0</Minute>
            </PubMedPubDate>
            <PubMedPubDate PubStatus="medline">
                <Year>2002</Year>
                <Month>10</Month>
                <Day>31</Day>
                <Hour>4</Hour>
                <Minute>0</Minute>
            </PubMedPubDate>
            <PubMedPubDate PubStatus="entrez">
                <Year>2002</Year>
                <Month>10</Month>
                <Day>9</Day>
                <Hour>4</Hour>
                <Minute>0</Minute>
            </PubMedPubDate>
        </History>
        <PublicationStatus>ppublish</PublicationStatus>
        <ArticleIdList>
            <ArticleId IdType="pubmed">12365915</ArticleId>
            <ArticleId IdType="pii">eeb10021</ArticleId>
            <ArticleId IdType="doi">10.1001/archopht.120.10.1357</ArticleId>
        </ArticleIdList>
    </PubmedData>
</PubmedArticle>

</PubmedArticleSet>