<?xml version="1.0" ?>
<!DOCTYPE PubmedArticleSet PUBLIC "-//NLM//DTD PubMedArticle, 1st January 2019//EN" "https://dtd.nlm.nih.gov/ncbi/pubmed/out/pubmed_190101.dtd">
<PubmedArticleSet>
<PubmedArticle>
    <MedlineCitation Status="MEDLINE" Owner="NLM">
        <PMID Version="1">1281403</PMID>
        <DateCompleted>
            <Year>1993</Year>
            <Month>01</Month>
            <Day>08</Day>
        </DateCompleted>
        <DateRevised>
            <Year>2019</Year>
            <Month>07</Month>
            <Day>04</Day>
        </DateRevised>
        <Article PubModel="Print">
            <Journal>
                <ISSN IssnType="Print">0003-9950</ISSN>
                <JournalIssue CitedMedium="Print">
                    <Volume>110</Volume>
                    <Issue>12</Issue>
                    <PubDate>
                        <Year>1992</Year>
                        <Month>Dec</Month>
                    </PubDate>
                </JournalIssue>
                <Title>Archives of ophthalmology (Chicago, Ill. : 1960)</Title>
                <ISOAbbreviation>Arch Ophthalmol</ISOAbbreviation>
            </Journal>
            <ArticleTitle>Risk factors for neovascular age-related macular degeneration. The Eye Disease Case-Control Study Group.</ArticleTitle>
            <Pagination>
                <MedlinePgn>1701-8</MedlinePgn>
            </Pagination>
            <Abstract>
                <AbstractText>Neovascular age-related macular degeneration (AMD) is one of five retinal disorders studied in the Eye Disease Case-Control Study. Data were obtained from 421 patients with neovascular AMD and 615 controls on a broad array of possible risk factors through interviews, clinical examinations, and laboratory analyses of blood samples. Decreased risk of neovascular AMD was associated with higher levels of carotenoids in the serum samples, higher horizontal cup-to-disc ratios, and use of postmenopausal exogenous estrogens in women. Increased risk of neovascular AMD was associated with cigarette smoking, higher levels of serum cholesterol, and parity greater than zero. No support was found for sunlight exposure, serum zinc levels, or iris color as risk factors for this disease. Although no association was found with a history of cardiovascular disease itself, the associations with postmenopausal exogenous estrogen use, cigarette smoking, and serum cholesterol level are consistent with a hypothesis linking risk factors for cardiovascular disease with neovascular AMD. The association noted between serum carotenoid levels and neovascular AMD supports the hypothesis that higher levels of micronutrients with antioxidant capabilities may decrease the risk of AMD.</AbstractText>
            </Abstract>
            <Language>eng</Language>
            <GrantList CompleteYN="N">
                <Grant>
                    <GrantID>N01-EY-5-2109</GrantID>
                    <Acronym>EY</Acronym>
                    <Agency>NEI NIH HHS</Agency>
                    <Country>United States</Country>
                </Grant>
                <Grant>
                    <GrantID>N01-EY-5-2110</GrantID>
                    <Acronym>EY</Acronym>
                    <Agency>NEI NIH HHS</Agency>
                    <Country>United States</Country>
                </Grant>
                <Grant>
                    <GrantID>N01-EY-5-2111</GrantID>
                    <Acronym>EY</Acronym>
                    <Agency>NEI NIH HHS</Agency>
                    <Country>United States</Country>
                </Grant>
            </GrantList>
            <PublicationTypeList>
                <PublicationType UI="D016428">Journal Article</PublicationType>
                <PublicationType UI="D013487">Research Support, U.S. Gov't, P.H.S.</PublicationType>
            </PublicationTypeList>
        </Article>
        <MedlineJournalInfo>
            <Country>United States</Country>
            <MedlineTA>Arch Ophthalmol</MedlineTA>
            <NlmUniqueID>7706534</NlmUniqueID>
            <ISSNLinking>0003-9950</ISSNLinking>
        </MedlineJournalInfo>
        <CitationSubset>AIM</CitationSubset>
        <CitationSubset>IM</CitationSubset>
        <MeshHeadingList>
            <MeshHeading>
                <DescriptorName UI="D000367" MajorTopicYN="N">Age Factors</DescriptorName>
            </MeshHeading>
            <MeshHeading>
                <DescriptorName UI="D000368" MajorTopicYN="N">Aged</DescriptorName>
            </MeshHeading>
            <MeshHeading>
                <DescriptorName UI="D000375" MajorTopicYN="N">Aging</DescriptorName>
                <QualifierName UI="Q000502" MajorTopicYN="Y">physiology</QualifierName>
            </MeshHeading>
            <MeshHeading>
                <DescriptorName UI="D016022" MajorTopicYN="N">Case-Control Studies</DescriptorName>
            </MeshHeading>
            <MeshHeading>
                <DescriptorName UI="D005128" MajorTopicYN="N">Eye Diseases</DescriptorName>
                <QualifierName UI="Q000150" MajorTopicYN="N">complications</QualifierName>
            </MeshHeading>
            <MeshHeading>
                <DescriptorName UI="D005260" MajorTopicYN="N">Female</DescriptorName>
            </MeshHeading>
            <MeshHeading>
                <DescriptorName UI="D006801" MajorTopicYN="N">Humans</DescriptorName>
            </MeshHeading>
            <MeshHeading>
                <DescriptorName UI="D008268" MajorTopicYN="N">Macular Degeneration</DescriptorName>
                <QualifierName UI="Q000150" MajorTopicYN="Y">complications</QualifierName>
                <QualifierName UI="Q000453" MajorTopicYN="N">epidemiology</QualifierName>
            </MeshHeading>
            <MeshHeading>
                <DescriptorName UI="D008297" MajorTopicYN="N">Male</DescriptorName>
            </MeshHeading>
            <MeshHeading>
                <DescriptorName UI="D008875" MajorTopicYN="N">Middle Aged</DescriptorName>
            </MeshHeading>
            <MeshHeading>
                <DescriptorName UI="D009389" MajorTopicYN="N">Neovascularization, Pathologic</DescriptorName>
                <QualifierName UI="Q000150" MajorTopicYN="Y">complications</QualifierName>
                <QualifierName UI="Q000453" MajorTopicYN="N">epidemiology</QualifierName>
            </MeshHeading>
            <MeshHeading>
                <DescriptorName UI="D016017" MajorTopicYN="N">Odds Ratio</DescriptorName>
            </MeshHeading>
            <MeshHeading>
                <DescriptorName UI="D012044" MajorTopicYN="N">Regression Analysis</DescriptorName>
            </MeshHeading>
            <MeshHeading>
                <DescriptorName UI="D012307" MajorTopicYN="N">Risk Factors</DescriptorName>
            </MeshHeading>
            <MeshHeading>
                <DescriptorName UI="D012737" MajorTopicYN="N">Sex Factors</DescriptorName>
            </MeshHeading>
        </MeshHeadingList>
    </MedlineCitation>
    <PubmedData>
        <History>
            <PubMedPubDate PubStatus="pubmed">
                <Year>1992</Year>
                <Month>12</Month>
                <Day>1</Day>
            </PubMedPubDate>
            <PubMedPubDate PubStatus="medline">
                <Year>1992</Year>
                <Month>12</Month>
                <Day>1</Day>
                <Hour>0</Hour>
                <Minute>1</Minute>
            </PubMedPubDate>
            <PubMedPubDate PubStatus="entrez">
                <Year>1992</Year>
                <Month>12</Month>
                <Day>1</Day>
                <Hour>0</Hour>
                <Minute>0</Minute>
            </PubMedPubDate>
        </History>
        <PublicationStatus>ppublish</PublicationStatus>
        <ArticleIdList>
            <ArticleId IdType="pubmed">1281403</ArticleId>
            <ArticleId IdType="doi">10.1001/archopht.1992.01080240041025</ArticleId>
        </ArticleIdList>
    </PubmedData>
</PubmedArticle>

</PubmedArticleSet>