<?xml version="1.0" ?>
<!DOCTYPE PubmedArticleSet PUBLIC "-//NLM//DTD PubMedArticle, 1st January 2019//EN" "https://dtd.nlm.nih.gov/ncbi/pubmed/out/pubmed_190101.dtd">
<PubmedArticleSet>
<PubmedArticle>
    <MedlineCitation Status="MEDLINE" Owner="NLM">
        <PMID Version="1">2425325</PMID>
        <DateCompleted>
            <Year>1986</Year>
            <Month>08</Month>
            <Day>15</Day>
        </DateCompleted>
        <DateRevised>
            <Year>2019</Year>
            <Month>07</Month>
            <Day>26</Day>
        </DateRevised>
        <Article PubModel="Print">
            <Journal>
                <ISSN IssnType="Print">0161-6420</ISSN>
                <JournalIssue CitedMedium="Print">
                    <Volume>93</Volume>
                    <Issue>5</Issue>
                    <PubDate>
                        <Year>1986</Year>
                        <Month>May</Month>
                    </PubDate>
                </JournalIssue>
                <Title>Ophthalmology</Title>
                <ISOAbbreviation>Ophthalmology</ISOAbbreviation>
            </Journal>
            <ArticleTitle>Risk factors in age-related maculopathy complicated by choroidal neovascularization.</ArticleTitle>
            <Pagination>
                <MedlinePgn>552-8</MedlinePgn>
            </Pagination>
            <Abstract>
                <AbstractText>We evaluated previously reported and hypothesized risk factors for the development of age-related maculopathy (ARM) in a case-control study. We compared 26 patients with documented disciform scarring or choroidal neovascularization with 23 age- and sex-matched controls. Systolic and diastolic blood pressure, smoking history, glucose, lipoprotein profiles, and serum levels of vitamins A, C, and E did not differ significantly between the two groups. Statistically significant associations (P less than 0.05) identified by univariate analysis include degree of dermal elastotic degeneration in sun-exposed and sun-protected skin, white blood count, increasing age and small posterior lenticular opacities. Using an interactive multivariate model, only extent of elastosis in sun protected dermis, age and white blood count were predictive (Mult R = 0.652, P less than .001). Our data support the concept of a multifactorial etiology of ARM but suggest that generalized increased susceptibility of elastic fibers to photic or other degenerative stimuli is a new and important risk factor for choroidal neovascularization.</AbstractText>
            </Abstract>
            <AuthorList CompleteYN="Y">
                <Author ValidYN="Y">
                    <LastName>Blumenkranz</LastName>
                    <ForeName>M S</ForeName>
                    <Initials>MS</Initials>
                </Author>
                <Author ValidYN="Y">
                    <LastName>Russell</LastName>
                    <ForeName>S R</ForeName>
                    <Initials>SR</Initials>
                </Author>
                <Author ValidYN="Y">
                    <LastName>Robey</LastName>
                    <ForeName>M G</ForeName>
                    <Initials>MG</Initials>
                </Author>
                <Author ValidYN="Y">
                    <LastName>Kott-Blumenkranz</LastName>
                    <ForeName>R</ForeName>
                    <Initials>R</Initials>
                </Author>
                <Author ValidYN="Y">
                    <LastName>Penneys</LastName>
                    <ForeName>N</ForeName>
                    <Initials>N</Initials>
                </Author>
            </AuthorList>
            <Language>eng</Language>
            <GrantList CompleteYN="Y">
                <Grant>
                    <GrantID>EY 03904-03</GrantID>
                    <Acronym>EY</Acronym>
                    <Agency>NEI NIH HHS</Agency>
                    <Country>United States</Country>
                </Grant>
            </GrantList>
            <PublicationTypeList>
                <PublicationType UI="D016428">Journal Article</PublicationType>
                <PublicationType UI="D013485">Research Support, Non-U.S. Gov't</PublicationType>
                <PublicationType UI="D013487">Research Support, U.S. Gov't, P.H.S.</PublicationType>
            </PublicationTypeList>
        </Article>
        <MedlineJournalInfo>
            <Country>United States</Country>
            <MedlineTA>Ophthalmology</MedlineTA>
            <NlmUniqueID>7802443</NlmUniqueID>
            <ISSNLinking>0161-6420</ISSNLinking>
        </MedlineJournalInfo>
        <CitationSubset>IM</CitationSubset>
        <MeshHeadingList>
            <MeshHeading>
                <DescriptorName UI="D000367" MajorTopicYN="N">Age Factors</DescriptorName>
            </MeshHeading>
            <MeshHeading>
                <DescriptorName UI="D000368" MajorTopicYN="N">Aged</DescriptorName>
            </MeshHeading>
            <MeshHeading>
                <DescriptorName UI="D005260" MajorTopicYN="N">Female</DescriptorName>
            </MeshHeading>
            <MeshHeading>
                <DescriptorName UI="D006801" MajorTopicYN="N">Humans</DescriptorName>
            </MeshHeading>
            <MeshHeading>
                <DescriptorName UI="D008268" MajorTopicYN="N">Macular Degeneration</DescriptorName>
                <QualifierName UI="Q000097" MajorTopicYN="N">blood</QualifierName>
                <QualifierName UI="Q000150" MajorTopicYN="Y">complications</QualifierName>
                <QualifierName UI="Q000209" MajorTopicYN="N">etiology</QualifierName>
            </MeshHeading>
            <MeshHeading>
                <DescriptorName UI="D008297" MajorTopicYN="N">Male</DescriptorName>
            </MeshHeading>
            <MeshHeading>
                <DescriptorName UI="D009389" MajorTopicYN="N">Neovascularization, Pathologic</DescriptorName>
                <QualifierName UI="Q000097" MajorTopicYN="N">blood</QualifierName>
                <QualifierName UI="Q000209" MajorTopicYN="Y">etiology</QualifierName>
            </MeshHeading>
            <MeshHeading>
                <DescriptorName UI="D012044" MajorTopicYN="N">Regression Analysis</DescriptorName>
            </MeshHeading>
            <MeshHeading>
                <DescriptorName UI="D012306" MajorTopicYN="N">Risk</DescriptorName>
            </MeshHeading>
        </MeshHeadingList>
    </MedlineCitation>
    <PubmedData>
        <History>
            <PubMedPubDate PubStatus="pubmed">
                <Year>1986</Year>
                <Month>5</Month>
                <Day>1</Day>
            </PubMedPubDate>
            <PubMedPubDate PubStatus="medline">
                <Year>1986</Year>
                <Month>5</Month>
                <Day>1</Day>
                <Hour>0</Hour>
                <Minute>1</Minute>
            </PubMedPubDate>
            <PubMedPubDate PubStatus="entrez">
                <Year>1986</Year>
                <Month>5</Month>
                <Day>1</Day>
                <Hour>0</Hour>
                <Minute>0</Minute>
            </PubMedPubDate>
        </History>
        <PublicationStatus>ppublish</PublicationStatus>
        <ArticleIdList>
            <ArticleId IdType="pubmed">2425325</ArticleId>
            <ArticleId IdType="pii">S0161-6420(86)33702-3</ArticleId>
            <ArticleId IdType="doi">10.1016/s0161-6420(86)33702-3</ArticleId>
        </ArticleIdList>
    </PubmedData>
</PubmedArticle>

</PubmedArticleSet>