<?xml version="1.0" ?>
<!DOCTYPE PubmedArticleSet PUBLIC "-//NLM//DTD PubMedArticle, 1st January 2019//EN" "https://dtd.nlm.nih.gov/ncbi/pubmed/out/pubmed_190101.dtd">
<PubmedArticleSet>
<PubmedArticle>
    <MedlineCitation Status="MEDLINE" Owner="NLM">
        <PMID Version="1">2786410</PMID>
        <DateCompleted>
            <Year>1989</Year>
            <Month>07</Month>
            <Day>07</Day>
        </DateCompleted>
        <DateRevised>
            <Year>2019</Year>
            <Month>07</Month>
            <Day>04</Day>
        </DateRevised>
        <Article PubModel="Print">
            <Journal>
                <ISSN IssnType="Print">0003-9950</ISSN>
                <JournalIssue CitedMedium="Print">
                    <Volume>107</Volume>
                    <Issue>6</Issue>
                    <PubDate>
                        <Year>1989</Year>
                        <Month>Jun</Month>
                    </PubDate>
                </JournalIssue>
                <Title>Archives of ophthalmology (Chicago, Ill. : 1960)</Title>
                <ISOAbbreviation>Arch Ophthalmol</ISOAbbreviation>
            </Journal>
            <ArticleTitle>Exposure to sunlight and other risk factors for age-related macular degeneration.</ArticleTitle>
            <Pagination>
                <MedlinePgn>875-9</MedlinePgn>
            </Pagination>
            <Abstract>
                <AbstractText>As some ultraviolet (UV) radiation is transmitted by the ocular media, there is a growing concern that there may be a possible relationship between long-term exposure to ultraviolet radiation and increased risk of age-related macular degeneration. To address this question, a survey was conducted of 838 Maryland watermen who had well-characterized ocular UV-A and UV-B exposure. Fundus photographs were taken and graded for presence of exudative disease, geographic atrophy, focal hyperpigmentation of the retinal pigment epithelium, and drusen that were large and/or confluent. None of the subjects in these analyses were aphakic. The results suggested that age-related macular degeneration was not associated with cumulative exposure to either UV-A or UV-B. Age and the presence of nuclear opacity were independently associated with an increased risk of macular degeneration. Thus, we found that in phakic subjects, even with high levels of sunlight exposure, there was no evidence of increased risk of age-related macular degeneration associated with UV-B or UV-A exposure.</AbstractText>
            </Abstract>
            <AuthorList CompleteYN="Y">
                <Author ValidYN="Y">
                    <LastName>West</LastName>
                    <ForeName>S K</ForeName>
                    <Initials>SK</Initials>
                    <AffiliationInfo>
                        <Affiliation>Dana Center for Preventive Ophthalmology, Wilmer Institute, Johns Hopkins Hospital, Baltimore, MD 21205.</Affiliation>
                    </AffiliationInfo>
                </Author>
                <Author ValidYN="Y">
                    <LastName>Rosenthal</LastName>
                    <ForeName>F S</ForeName>
                    <Initials>FS</Initials>
                </Author>
                <Author ValidYN="Y">
                    <LastName>Bressler</LastName>
                    <ForeName>N M</ForeName>
                    <Initials>NM</Initials>
                </Author>
                <Author ValidYN="Y">
                    <LastName>Bressler</LastName>
                    <ForeName>S B</ForeName>
                    <Initials>SB</Initials>
                </Author>
                <Author ValidYN="Y">
                    <LastName>Munoz</LastName>
                    <ForeName>B</ForeName>
                    <Initials>B</Initials>
                </Author>
                <Author ValidYN="Y">
                    <LastName>Fine</LastName>
                    <ForeName>S L</ForeName>
                    <Initials>SL</Initials>
                </Author>
                <Author ValidYN="Y">
                    <LastName>Taylor</LastName>
                    <ForeName>H R</ForeName>
                    <Initials>HR</Initials>
                </Author>
            </AuthorList>
            <Language>eng</Language>
            <GrantList CompleteYN="Y">
                <Grant>
                    <GrantID>EY04547</GrantID>
                    <Acronym>EY</Acronym>
                    <Agency>NEI NIH HHS</Agency>
                    <Country>United States</Country>
                </Grant>
                <Grant>
                    <GrantID>EY07359</GrantID>
                    <Acronym>EY</Acronym>
                    <Agency>NEI NIH HHS</Agency>
                    <Country>United States</Country>
                </Grant>
            </GrantList>
            <PublicationTypeList>
                <PublicationType UI="D016428">Journal Article</PublicationType>
                <PublicationType UI="D013487">Research Support, U.S. Gov't, P.H.S.</PublicationType>
            </PublicationTypeList>
        </Article>
        <MedlineJournalInfo>
            <Country>United States</Country>
            <MedlineTA>Arch Ophthalmol</MedlineTA>
            <NlmUniqueID>7706534</NlmUniqueID>
            <ISSNLinking>0003-9950</ISSNLinking>
        </MedlineJournalInfo>
        <CitationSubset>AIM</CitationSubset>
        <CitationSubset>IM</CitationSubset>
        <CommentsCorrectionsList>
            <CommentsCorrections RefType="CommentIn">
                <RefSource>Arch Ophthalmol. 1990 Dec;108(12):1670-1</RefSource>
                <PMID Version="1">2256829</PMID>
            </CommentsCorrections>
        </CommentsCorrectionsList>
        <MeshHeadingList>
            <MeshHeading>
                <DescriptorName UI="D000328" MajorTopicYN="N">Adult</DescriptorName>
            </MeshHeading>
            <MeshHeading>
                <DescriptorName UI="D000367" MajorTopicYN="N">Age Factors</DescriptorName>
            </MeshHeading>
            <MeshHeading>
                <DescriptorName UI="D000368" MajorTopicYN="N">Aged</DescriptorName>
            </MeshHeading>
            <MeshHeading>
                <DescriptorName UI="D002386" MajorTopicYN="N">Cataract</DescriptorName>
                <QualifierName UI="Q000150" MajorTopicYN="N">complications</QualifierName>
            </MeshHeading>
            <MeshHeading>
                <DescriptorName UI="D003430" MajorTopicYN="N">Cross-Sectional Studies</DescriptorName>
            </MeshHeading>
            <MeshHeading>
                <DescriptorName UI="D003625" MajorTopicYN="N">Data Collection</DescriptorName>
                <QualifierName UI="Q000379" MajorTopicYN="N">methods</QualifierName>
            </MeshHeading>
            <MeshHeading>
                <DescriptorName UI="D005127" MajorTopicYN="N">Eye Color</DescriptorName>
            </MeshHeading>
            <MeshHeading>
                <DescriptorName UI="D006801" MajorTopicYN="N">Humans</DescriptorName>
            </MeshHeading>
            <MeshHeading>
                <DescriptorName UI="D008266" MajorTopicYN="N">Macula Lutea</DescriptorName>
                <QualifierName UI="Q000473" MajorTopicYN="N">pathology</QualifierName>
            </MeshHeading>
            <MeshHeading>
                <DescriptorName UI="D008268" MajorTopicYN="N">Macular Degeneration</DescriptorName>
                <QualifierName UI="Q000453" MajorTopicYN="N">epidemiology</QualifierName>
                <QualifierName UI="Q000209" MajorTopicYN="Y">etiology</QualifierName>
                <QualifierName UI="Q000473" MajorTopicYN="N">pathology</QualifierName>
            </MeshHeading>
            <MeshHeading>
                <DescriptorName UI="D008297" MajorTopicYN="N">Male</DescriptorName>
            </MeshHeading>
            <MeshHeading>
                <DescriptorName UI="D008396" MajorTopicYN="N" Type="Geographic">Maryland</DescriptorName>
            </MeshHeading>
            <MeshHeading>
                <DescriptorName UI="D008548" MajorTopicYN="N">Melanosis</DescriptorName>
                <QualifierName UI="Q000150" MajorTopicYN="N">complications</QualifierName>
            </MeshHeading>
            <MeshHeading>
                <DescriptorName UI="D008875" MajorTopicYN="N">Middle Aged</DescriptorName>
            </MeshHeading>
            <MeshHeading>
                <DescriptorName UI="D009887" MajorTopicYN="N">Ophthalmoscopy</DescriptorName>
            </MeshHeading>
            <MeshHeading>
                <DescriptorName UI="D010781" MajorTopicYN="N">Photography</DescriptorName>
            </MeshHeading>
            <MeshHeading>
                <DescriptorName UI="D011625" MajorTopicYN="N">Pterygium</DescriptorName>
                <QualifierName UI="Q000150" MajorTopicYN="N">complications</QualifierName>
            </MeshHeading>
            <MeshHeading>
                <DescriptorName UI="D012044" MajorTopicYN="N">Regression Analysis</DescriptorName>
            </MeshHeading>
            <MeshHeading>
                <DescriptorName UI="D012307" MajorTopicYN="N">Risk Factors</DescriptorName>
            </MeshHeading>
            <MeshHeading>
                <DescriptorName UI="D012907" MajorTopicYN="N">Smoking</DescriptorName>
                <QualifierName UI="Q000009" MajorTopicYN="N">adverse effects</QualifierName>
            </MeshHeading>
            <MeshHeading>
                <DescriptorName UI="D014466" MajorTopicYN="N">Ultraviolet Rays</DescriptorName>
                <QualifierName UI="Q000009" MajorTopicYN="Y">adverse effects</QualifierName>
            </MeshHeading>
        </MeshHeadingList>
    </MedlineCitation>
    <PubmedData>
        <History>
            <PubMedPubDate PubStatus="pubmed">
                <Year>1989</Year>
                <Month>6</Month>
                <Day>1</Day>
            </PubMedPubDate>
            <PubMedPubDate PubStatus="medline">
                <Year>1989</Year>
                <Month>6</Month>
                <Day>1</Day>
                <Hour>0</Hour>
                <Minute>1</Minute>
            </PubMedPubDate>
            <PubMedPubDate PubStatus="entrez">
                <Year>1989</Year>
                <Month>6</Month>
                <Day>1</Day>
                <Hour>0</Hour>
                <Minute>0</Minute>
            </PubMedPubDate>
        </History>
        <PublicationStatus>ppublish</PublicationStatus>
        <ArticleIdList>
            <ArticleId IdType="pubmed">2786410</ArticleId>
            <ArticleId IdType="doi">10.1001/archopht.1989.01070010897038</ArticleId>
        </ArticleIdList>
    </PubmedData>
</PubmedArticle>

</PubmedArticleSet>