<?xml version="1.0" ?>
<!DOCTYPE PubmedArticleSet PUBLIC "-//NLM//DTD PubMedArticle, 1st January 2019//EN" "https://dtd.nlm.nih.gov/ncbi/pubmed/out/pubmed_190101.dtd">
<PubmedArticleSet>
<PubmedArticle>
    <MedlineCitation Status="MEDLINE" Owner="NLM">
        <PMID Version="1">8452123</PMID>
        <DateCompleted>
            <Year>1993</Year>
            <Month>04</Month>
            <Day>09</Day>
        </DateCompleted>
        <DateRevised>
            <Year>2019</Year>
            <Month>05</Month>
            <Day>12</Day>
        </DateRevised>
        <Article PubModel="Print">
            <Journal>
                <ISSN IssnType="Print">0002-9262</ISSN>
                <JournalIssue CitedMedium="Print">
                    <Volume>137</Volume>
                    <Issue>2</Issue>
                    <PubDate>
                        <Year>1993</Year>
                        <Month>Jan</Month>
                        <Day>15</Day>
                    </PubDate>
                </JournalIssue>
                <Title>American journal of epidemiology</Title>
                <ISOAbbreviation>Am J Epidemiol</ISOAbbreviation>
            </Journal>
            <ArticleTitle>The Beaver Dam Eye Study: the relation of age-related maculopathy to smoking.</ArticleTitle>
            <Pagination>
                <MedlinePgn>190-200</MedlinePgn>
            </Pagination>
            <Abstract>
                <AbstractText>There are conflicting reports regarding the relation of cigarette smoking to age-related maculopathy, a major cause of blindness in the United States. In this report, the authors examined this association in people aged 43-86 years (n = 4,771) who participated in the Beaver Dam Eye Study, Beaver Dam, Wisconsin (1988-1990). Exposure data on cigarette smoking were derived from questions about present and past smoking, duration of smoking, and the number of cigarettes smoked per day. Age-related maculopathy status was determined by grading stereoscopic color fundus photographs using the Wisconsin Age-related Maculopathy Grading System. Smoking status, pack-years smoked, and current exposure to passive smoking were not associated with drusen characteristics (type, area, and confluence) or signs of early age-related maculopathy in any age-sex group studied, except for a higher frequency of increased retinal pigment in males who had ever smoked compared with those who had never smoked. The relative odds for exudative macular degeneration, one form of late age-related maculopathy, in females who were current smokers was 2.50 (95% confidence interval 1.01-6.20) compared with those who were ex-smokers or never smokers; for males, it was 3.29 (95% confidence interval 1.03-10.50). There was no significant relation between smoking status and pure geographic atrophy, another form of late age-related maculopathy. These results suggest that exudative macular degeneration is associated with cigarette smoking and that different forms of macular degeneration may have different etiologies.</AbstractText>
            </Abstract>
            <AuthorList CompleteYN="Y">
                <Author ValidYN="Y">
                    <LastName>Klein</LastName>
                    <ForeName>R</ForeName>
                    <Initials>R</Initials>
                    <AffiliationInfo>
                        <Affiliation>Department of Ophthalmology, University of Wisconsin Medical School, Madison.</Affiliation>
                    </AffiliationInfo>
                </Author>
                <Author ValidYN="Y">
                    <LastName>Klein</LastName>
                    <ForeName>B E</ForeName>
                    <Initials>BE</Initials>
                </Author>
                <Author ValidYN="Y">
                    <LastName>Linton</LastName>
                    <ForeName>K L</ForeName>
                    <Initials>KL</Initials>
                </Author>
                <Author ValidYN="Y">
                    <LastName>DeMets</LastName>
                    <ForeName>D L</ForeName>
                    <Initials>DL</Initials>
                </Author>
            </AuthorList>
            <Language>eng</Language>
            <GrantList CompleteYN="Y">
                <Grant>
                    <GrantID>U10 EYO6594</GrantID>
                    <Acronym>EY</Acronym>
                    <Agency>NEI NIH HHS</Agency>
                    <Country>United States</Country>
                </Grant>
            </GrantList>
            <PublicationTypeList>
                <PublicationType UI="D016428">Journal Article</PublicationType>
                <PublicationType UI="D013487">Research Support, U.S. Gov't, P.H.S.</PublicationType>
            </PublicationTypeList>
        </Article>
        <MedlineJournalInfo>
            <Country>United States</Country>
            <MedlineTA>Am J Epidemiol</MedlineTA>
            <NlmUniqueID>7910653</NlmUniqueID>
            <ISSNLinking>0002-9262</ISSNLinking>
        </MedlineJournalInfo>
        <ChemicalList>
            <Chemical>
                <RegistryNumber>0</RegistryNumber>
                <NameOfSubstance UI="D014028">Tobacco Smoke Pollution</NameOfSubstance>
            </Chemical>
        </ChemicalList>
        <CitationSubset>IM</CitationSubset>
        <MeshHeadingList>
            <MeshHeading>
                <DescriptorName UI="D000328" MajorTopicYN="N">Adult</DescriptorName>
            </MeshHeading>
            <MeshHeading>
                <DescriptorName UI="D000367" MajorTopicYN="N">Age Factors</DescriptorName>
            </MeshHeading>
            <MeshHeading>
                <DescriptorName UI="D000368" MajorTopicYN="N">Aged</DescriptorName>
            </MeshHeading>
            <MeshHeading>
                <DescriptorName UI="D000369" MajorTopicYN="N">Aged, 80 and over</DescriptorName>
            </MeshHeading>
            <MeshHeading>
                <DescriptorName UI="D005260" MajorTopicYN="N">Female</DescriptorName>
            </MeshHeading>
            <MeshHeading>
                <DescriptorName UI="D006306" MajorTopicYN="N">Health Surveys</DescriptorName>
            </MeshHeading>
            <MeshHeading>
                <DescriptorName UI="D006801" MajorTopicYN="N">Humans</DescriptorName>
            </MeshHeading>
            <MeshHeading>
                <DescriptorName UI="D008268" MajorTopicYN="N">Macular Degeneration</DescriptorName>
                <QualifierName UI="Q000175" MajorTopicYN="N">diagnosis</QualifierName>
                <QualifierName UI="Q000453" MajorTopicYN="Y">epidemiology</QualifierName>
                <QualifierName UI="Q000209" MajorTopicYN="N">etiology</QualifierName>
            </MeshHeading>
            <MeshHeading>
                <DescriptorName UI="D008297" MajorTopicYN="N">Male</DescriptorName>
            </MeshHeading>
            <MeshHeading>
                <DescriptorName UI="D008875" MajorTopicYN="N">Middle Aged</DescriptorName>
            </MeshHeading>
            <MeshHeading>
                <DescriptorName UI="D015995" MajorTopicYN="N">Prevalence</DescriptorName>
            </MeshHeading>
            <MeshHeading>
                <DescriptorName UI="D012307" MajorTopicYN="N">Risk Factors</DescriptorName>
            </MeshHeading>
            <MeshHeading>
                <DescriptorName UI="D012720" MajorTopicYN="N">Severity of Illness Index</DescriptorName>
            </MeshHeading>
            <MeshHeading>
                <DescriptorName UI="D012737" MajorTopicYN="N">Sex Factors</DescriptorName>
            </MeshHeading>
            <MeshHeading>
                <DescriptorName UI="D012907" MajorTopicYN="N">Smoking</DescriptorName>
                <QualifierName UI="Q000009" MajorTopicYN="Y">adverse effects</QualifierName>
                <QualifierName UI="Q000453" MajorTopicYN="N">epidemiology</QualifierName>
            </MeshHeading>
            <MeshHeading>
                <DescriptorName UI="D014028" MajorTopicYN="N">Tobacco Smoke Pollution</DescriptorName>
                <QualifierName UI="Q000009" MajorTopicYN="N">adverse effects</QualifierName>
                <QualifierName UI="Q000706" MajorTopicYN="N">statistics &amp; numerical data</QualifierName>
            </MeshHeading>
            <MeshHeading>
                <DescriptorName UI="D014922" MajorTopicYN="N" Type="Geographic">Wisconsin</DescriptorName>
                <QualifierName UI="Q000453" MajorTopicYN="N">epidemiology</QualifierName>
            </MeshHeading>
        </MeshHeadingList>
    </MedlineCitation>
    <PubmedData>
        <History>
            <PubMedPubDate PubStatus="pubmed">
                <Year>1993</Year>
                <Month>1</Month>
                <Day>15</Day>
            </PubMedPubDate>
            <PubMedPubDate PubStatus="medline">
                <Year>1993</Year>
                <Month>1</Month>
                <Day>15</Day>
                <Hour>0</Hour>
                <Minute>1</Minute>
            </PubMedPubDate>
            <PubMedPubDate PubStatus="entrez">
                <Year>1993</Year>
                <Month>1</Month>
                <Day>15</Day>
                <Hour>0</Hour>
                <Minute>0</Minute>
            </PubMedPubDate>
        </History>
        <PublicationStatus>ppublish</PublicationStatus>
        <ArticleIdList>
            <ArticleId IdType="pubmed">8452123</ArticleId>
            <ArticleId IdType="doi">10.1093/oxfordjournals.aje.a116659</ArticleId>
        </ArticleIdList>
    </PubmedData>
</PubmedArticle>

</PubmedArticleSet>