<?xml version="1.0" ?>
<!DOCTYPE PubmedArticleSet PUBLIC "-//NLM//DTD PubMedArticle, 1st January 2019//EN" "https://dtd.nlm.nih.gov/ncbi/pubmed/out/pubmed_190101.dtd">
<PubmedArticleSet>
<PubmedArticle>
    <MedlineCitation Status="MEDLINE" Owner="NLM">
        <PMID Version="1">8827966</PMID>
        <DateCompleted>
            <Year>1996</Year>
            <Month>10</Month>
            <Day>31</Day>
        </DateCompleted>
        <DateRevised>
            <Year>2016</Year>
            <Month>10</Month>
            <Day>17</Day>
        </DateRevised>
        <Article PubModel="Print">
            <Journal>
                <ISSN IssnType="Print">0098-7484</ISSN>
                <JournalIssue CitedMedium="Print">
                    <Volume>276</Volume>
                    <Issue>14</Issue>
                    <PubDate>
                        <Year>1996</Year>
                        <Month>Oct</Month>
                        <Day>09</Day>
                    </PubDate>
                </JournalIssue>
                <Title>JAMA</Title>
                <ISOAbbreviation>JAMA</ISOAbbreviation>
            </Journal>
            <ArticleTitle>A prospective study of cigarette smoking and age-related macular degeneration in women.</ArticleTitle>
            <Pagination>
                <MedlinePgn>1141-6</MedlinePgn>
            </Pagination>
            <Abstract>
                <AbstractText Label="OBJECTIVE" NlmCategory="OBJECTIVE">To evaluate the relationship between cigarette smoking and incidence of age-related macular degeneration (AMD) among women.</AbstractText>
                <AbstractText Label="DESIGN" NlmCategory="METHODS">Prospective cohort study with 12 years of follow-up (1980 to 1992), in which information on smoking habits was updated every 2 years.</AbstractText>
                <AbstractText Label="SETTING" NlmCategory="METHODS">Eleven states throughout the United States.</AbstractText>
                <AbstractText Label="PARTICIPANTS" NlmCategory="METHODS">A total of 31 843 registered nurses enrolled in the Nurses' Health Study who were aged 50 to 59 years in 1980 and did not report a diagnosis of cancer or AMD at the beginning of the study. Additional women entered the analytic cohort as they reached 50 years of age.</AbstractText>
                <AbstractText Label="MAIN OUTCOME MEASURE" NlmCategory="METHODS">Incidence of AMD with visual loss.</AbstractText>
                <AbstractText Label="RESULTS" NlmCategory="RESULTS">During 556 338 person-years of follow-up, 215 women were newly diagnosed as having AMD. After adjusting for other risk factors for AMD, women who currently smoked 25 or more cigarettes per day had a relative risk (RR) of AMD of 2.4 (95% confidence interval [CI], 1.4-4.0) compared with women who never smoked. Past smokers of this amount also had a 2-fold increased risk (RR=2.0; 95% CI, 1.2-3.4) relative to never smokers. Compared with current smokers, little reduction in risk was suggested even after quitting smoking for 15 or more years. Risk of AMD also increased with an increasing number of pack-years smoked (P for trend &lt;.001); among women who smoked for 65 or more pack-years, the risk was 2.4 times the risk of never smokers (95% CI, 1.5-3.8). Analyses of dry and exudative types of AMD and other alternative definitions of AMD revealed similar results.</AbstractText>
                <AbstractText Label="CONCLUSIONS" NlmCategory="CONCLUSIONS">Cigarette smoking is an independent and avoidable risk factor for AMD among women. Because AMD is the most common cause of severe visual impairment among the elderly and treatment is not available or is ineffective for most patients, reducing the risk of this disease is another important reason to avoid smoking.</AbstractText>
            </Abstract>
            <AuthorList CompleteYN="Y">
                <Author ValidYN="Y">
                    <LastName>Seddon</LastName>
                    <ForeName>J M</ForeName>
                    <Initials>JM</Initials>
                    <AffiliationInfo>
                        <Affiliation>Epidemiology Unit, Massachusetts Eye and Ear Infirmary, Boston, MA 02114, USA.</Affiliation>
                    </AffiliationInfo>
                </Author>
                <Author ValidYN="Y">
                    <LastName>Willett</LastName>
                    <ForeName>W C</ForeName>
                    <Initials>WC</Initials>
                </Author>
                <Author ValidYN="Y">
                    <LastName>Speizer</LastName>
                    <ForeName>F E</ForeName>
                    <Initials>FE</Initials>
                </Author>
                <Author ValidYN="Y">
                    <LastName>Hankinson</LastName>
                    <ForeName>S E</ForeName>
                    <Initials>SE</Initials>
                </Author>
            </AuthorList>
            <Language>eng</Language>
            <GrantList CompleteYN="Y">
                <Grant>
                    <GrantID>CA 40356</GrantID>
                    <Acronym>CA</Acronym>
                    <Agency>NCI NIH HHS</Agency>
                    <Country>United States</Country>
                </Grant>
                <Grant>
                    <GrantID>EY 09611</GrantID>
                    <Acronym>EY</Acronym>
                    <Agency>NEI NIH HHS</Agency>
                    <Country>United States</Country>
                </Grant>
            </GrantList>
            <PublicationTypeList>
                <PublicationType UI="D016428">Journal Article</PublicationType>
                <PublicationType UI="D013487">Research Support, U.S. Gov't, P.H.S.</PublicationType>
            </PublicationTypeList>
        </Article>
        <MedlineJournalInfo>
            <Country>United States</Country>
            <MedlineTA>JAMA</MedlineTA>
            <NlmUniqueID>7501160</NlmUniqueID>
            <ISSNLinking>0098-7484</ISSNLinking>
        </MedlineJournalInfo>
        <CitationSubset>AIM</CitationSubset>
        <CitationSubset>IM</CitationSubset>
        <CommentsCorrectionsList>
            <CommentsCorrections RefType="CommentIn">
                <RefSource>JAMA. 1996 Oct 9;276(14):1178-9</RefSource>
                <PMID Version="1">8827973</PMID>
            </CommentsCorrections>
        </CommentsCorrectionsList>
        <MeshHeadingList>
            <MeshHeading>
                <DescriptorName UI="D015331" MajorTopicYN="N">Cohort Studies</DescriptorName>
            </MeshHeading>
            <MeshHeading>
                <DescriptorName UI="D005260" MajorTopicYN="N">Female</DescriptorName>
            </MeshHeading>
            <MeshHeading>
                <DescriptorName UI="D005500" MajorTopicYN="N">Follow-Up Studies</DescriptorName>
            </MeshHeading>
            <MeshHeading>
                <DescriptorName UI="D006801" MajorTopicYN="N">Humans</DescriptorName>
            </MeshHeading>
            <MeshHeading>
                <DescriptorName UI="D015994" MajorTopicYN="N">Incidence</DescriptorName>
            </MeshHeading>
            <MeshHeading>
                <DescriptorName UI="D008268" MajorTopicYN="N">Macular Degeneration</DescriptorName>
                <QualifierName UI="Q000453" MajorTopicYN="Y">epidemiology</QualifierName>
                <QualifierName UI="Q000209" MajorTopicYN="N">etiology</QualifierName>
            </MeshHeading>
            <MeshHeading>
                <DescriptorName UI="D008875" MajorTopicYN="N">Middle Aged</DescriptorName>
            </MeshHeading>
            <MeshHeading>
                <DescriptorName UI="D015999" MajorTopicYN="N">Multivariate Analysis</DescriptorName>
            </MeshHeading>
            <MeshHeading>
                <DescriptorName UI="D011446" MajorTopicYN="N">Prospective Studies</DescriptorName>
            </MeshHeading>
            <MeshHeading>
                <DescriptorName UI="D012307" MajorTopicYN="N">Risk Factors</DescriptorName>
            </MeshHeading>
            <MeshHeading>
                <DescriptorName UI="D012907" MajorTopicYN="N">Smoking</DescriptorName>
                <QualifierName UI="Q000009" MajorTopicYN="Y">adverse effects</QualifierName>
                <QualifierName UI="Q000453" MajorTopicYN="N">epidemiology</QualifierName>
            </MeshHeading>
        </MeshHeadingList>
    </MedlineCitation>
    <PubmedData>
        <History>
            <PubMedPubDate PubStatus="pubmed">
                <Year>1996</Year>
                <Month>10</Month>
                <Day>9</Day>
            </PubMedPubDate>
            <PubMedPubDate PubStatus="medline">
                <Year>1996</Year>
                <Month>10</Month>
                <Day>9</Day>
                <Hour>0</Hour>
                <Minute>1</Minute>
            </PubMedPubDate>
            <PubMedPubDate PubStatus="entrez">
                <Year>1996</Year>
                <Month>10</Month>
                <Day>9</Day>
                <Hour>0</Hour>
                <Minute>0</Minute>
            </PubMedPubDate>
        </History>
        <PublicationStatus>ppublish</PublicationStatus>
        <ArticleIdList>
            <ArticleId IdType="pubmed">8827966</ArticleId>
        </ArticleIdList>
    </PubmedData>
</PubmedArticle>

</PubmedArticleSet>