<?xml version="1.0" ?>
<!DOCTYPE PubmedArticleSet PUBLIC "-//NLM//DTD PubMedArticle, 1st January 2019//EN" "https://dtd.nlm.nih.gov/ncbi/pubmed/out/pubmed_190101.dtd">
<PubmedArticleSet>
<PubmedArticle>
    <MedlineCitation Status="MEDLINE" Owner="NLM">
        <PMID Version="1">8827967</PMID>
        <DateCompleted>
            <Year>1996</Year>
            <Month>10</Month>
            <Day>31</Day>
        </DateCompleted>
        <DateRevised>
            <Year>2016</Year>
            <Month>10</Month>
            <Day>17</Day>
        </DateRevised>
        <Article PubModel="Print">
            <Journal>
                <ISSN IssnType="Print">0098-7484</ISSN>
                <JournalIssue CitedMedium="Print">
                    <Volume>276</Volume>
                    <Issue>14</Issue>
                    <PubDate>
                        <Year>1996</Year>
                        <Month>Oct</Month>
                        <Day>09</Day>
                    </PubDate>
                </JournalIssue>
                <Title>JAMA</Title>
                <ISOAbbreviation>JAMA</ISOAbbreviation>
            </Journal>
            <ArticleTitle>A prospective study of cigarette smoking and risk of age-related macular degeneration in men.</ArticleTitle>
            <Pagination>
                <MedlinePgn>1147-51</MedlinePgn>
            </Pagination>
            <Abstract>
                <AbstractText Label="OBJECTIVE" NlmCategory="OBJECTIVE">To examine the association between cigarette smoking and the incidence of age-related macular degeneration (AMD) in men.</AbstractText>
                <AbstractText Label="DESIGN" NlmCategory="METHODS">Prospective cohort study with average person-years of follow-up for AMD of 12.2 years.</AbstractText>
                <AbstractText Label="PARTICIPANTS" NlmCategory="METHODS">A total of 21 157 US male physicians participating in the Physicians' Health Study who did not have a diagnosis of AMD at baseline, were followed for at least 7 years, and had known levels of baseline smoking. Based on information reported at baseline, 11% were current smokers, 39% were past smokers, and 50% were never smokers.</AbstractText>
                <AbstractText Label="MAIN OUTCOME MEASURE" NlmCategory="METHODS">Incident AMD, defined as a self-report that was confirmed by medical record, review, first diagnosed after randomization, and responsible for vision loss to 20/30 or worse.</AbstractText>
                <AbstractText Label="RESULTS" NlmCategory="RESULTS">A total of 268 incident cases of AMD with vision loss were confirmed. In multivariate analysis, current smokers of 20 or more cigarettes per day, compared with never smokers, had an increased risk of AMD (relative risk [RR], 2.46; 95% confidence interval [CI], 1.60-3.79). Past smokers had a modest elevation in risk of AMD (RR, 1.30; 95% CI, 0.99-1.70). For current smokers of fewer than 20 cigarettes per day, there was a nonsignificant 26% increased risk of AMD (RR, 1.26; 95% CI, 0.61-2.59).</AbstractText>
                <AbstractText Label="CONCLUSIONS" NlmCategory="CONCLUSIONS">These prospective data provide support for the hypothesis that cigarette smoking increases the risk of developing AMD.</AbstractText>
            </Abstract>
            <AuthorList CompleteYN="Y">
                <Author ValidYN="Y">
                    <LastName>Christen</LastName>
                    <ForeName>W G</ForeName>
                    <Initials>WG</Initials>
                    <AffiliationInfo>
                        <Affiliation>Division of Preventive Medicine, Department of Medicine, Brigham and Women's Hospital, Boston, Mass, USA.</Affiliation>
                    </AffiliationInfo>
                </Author>
                <Author ValidYN="Y">
                    <LastName>Glynn</LastName>
                    <ForeName>R J</ForeName>
                    <Initials>RJ</Initials>
                </Author>
                <Author ValidYN="Y">
                    <LastName>Manson</LastName>
                    <ForeName>J E</ForeName>
                    <Initials>JE</Initials>
                </Author>
                <Author ValidYN="Y">
                    <LastName>Ajani</LastName>
                    <ForeName>U A</ForeName>
                    <Initials>UA</Initials>
                </Author>
                <Author ValidYN="Y">
                    <LastName>Buring</LastName>
                    <ForeName>J E</ForeName>
                    <Initials>JE</Initials>
                </Author>
            </AuthorList>
            <Language>eng</Language>
            <GrantList CompleteYN="N">
                <Grant>
                    <GrantID>EY03355</GrantID>
                    <Acronym>EY</Acronym>
                    <Agency>NEI NIH HHS</Agency>
                    <Country>United States</Country>
                </Grant>
                <Grant>
                    <GrantID>EY06633</GrantID>
                    <Acronym>EY</Acronym>
                    <Agency>NEI NIH HHS</Agency>
                    <Country>United States</Country>
                </Grant>
                <Grant>
                    <GrantID>HL34595</GrantID>
                    <Acronym>HL</Acronym>
                    <Agency>NHLBI NIH HHS</Agency>
                    <Country>United States</Country>
                </Grant>
            </GrantList>
            <PublicationTypeList>
                <PublicationType UI="D016428">Journal Article</PublicationType>
                <PublicationType UI="D013487">Research Support, U.S. Gov't, P.H.S.</PublicationType>
            </PublicationTypeList>
        </Article>
        <MedlineJournalInfo>
            <Country>United States</Country>
            <MedlineTA>JAMA</MedlineTA>
            <NlmUniqueID>7501160</NlmUniqueID>
            <ISSNLinking>0098-7484</ISSNLinking>
        </MedlineJournalInfo>
        <CitationSubset>AIM</CitationSubset>
        <CitationSubset>IM</CitationSubset>
        <CommentsCorrectionsList>
            <CommentsCorrections RefType="CommentIn">
                <RefSource>JAMA. 1996 Oct 9;276(14):1178-9</RefSource>
                <PMID Version="1">8827973</PMID>
            </CommentsCorrections>
        </CommentsCorrectionsList>
        <MeshHeadingList>
            <MeshHeading>
                <DescriptorName UI="D000328" MajorTopicYN="N">Adult</DescriptorName>
            </MeshHeading>
            <MeshHeading>
                <DescriptorName UI="D000368" MajorTopicYN="N">Aged</DescriptorName>
            </MeshHeading>
            <MeshHeading>
                <DescriptorName UI="D015331" MajorTopicYN="N">Cohort Studies</DescriptorName>
            </MeshHeading>
            <MeshHeading>
                <DescriptorName UI="D005500" MajorTopicYN="N">Follow-Up Studies</DescriptorName>
            </MeshHeading>
            <MeshHeading>
                <DescriptorName UI="D006801" MajorTopicYN="N">Humans</DescriptorName>
            </MeshHeading>
            <MeshHeading>
                <DescriptorName UI="D015994" MajorTopicYN="N">Incidence</DescriptorName>
            </MeshHeading>
            <MeshHeading>
                <DescriptorName UI="D008268" MajorTopicYN="N">Macular Degeneration</DescriptorName>
                <QualifierName UI="Q000453" MajorTopicYN="Y">epidemiology</QualifierName>
                <QualifierName UI="Q000209" MajorTopicYN="N">etiology</QualifierName>
            </MeshHeading>
            <MeshHeading>
                <DescriptorName UI="D008297" MajorTopicYN="N">Male</DescriptorName>
            </MeshHeading>
            <MeshHeading>
                <DescriptorName UI="D008875" MajorTopicYN="N">Middle Aged</DescriptorName>
            </MeshHeading>
            <MeshHeading>
                <DescriptorName UI="D015999" MajorTopicYN="N">Multivariate Analysis</DescriptorName>
            </MeshHeading>
            <MeshHeading>
                <DescriptorName UI="D011446" MajorTopicYN="N">Prospective Studies</DescriptorName>
            </MeshHeading>
            <MeshHeading>
                <DescriptorName UI="D012307" MajorTopicYN="N">Risk Factors</DescriptorName>
            </MeshHeading>
            <MeshHeading>
                <DescriptorName UI="D012907" MajorTopicYN="N">Smoking</DescriptorName>
                <QualifierName UI="Q000009" MajorTopicYN="Y">adverse effects</QualifierName>
                <QualifierName UI="Q000453" MajorTopicYN="N">epidemiology</QualifierName>
            </MeshHeading>
        </MeshHeadingList>
    </MedlineCitation>
    <PubmedData>
        <History>
            <PubMedPubDate PubStatus="pubmed">
                <Year>1996</Year>
                <Month>10</Month>
                <Day>9</Day>
            </PubMedPubDate>
            <PubMedPubDate PubStatus="medline">
                <Year>1996</Year>
                <Month>10</Month>
                <Day>9</Day>
                <Hour>0</Hour>
                <Minute>1</Minute>
            </PubMedPubDate>
            <PubMedPubDate PubStatus="entrez">
                <Year>1996</Year>
                <Month>10</Month>
                <Day>9</Day>
                <Hour>0</Hour>
                <Minute>0</Minute>
            </PubMedPubDate>
        </History>
        <PublicationStatus>ppublish</PublicationStatus>
        <ArticleIdList>
            <ArticleId IdType="pubmed">8827967</ArticleId>
        </ArticleIdList>
    </PubmedData>
</PubmedArticle>

</PubmedArticleSet>