<?xml version="1.0" ?>
<!DOCTYPE PubmedArticleSet PUBLIC "-//NLM//DTD PubMedArticle, 1st January 2019//EN" "https://dtd.nlm.nih.gov/ncbi/pubmed/out/pubmed_190101.dtd">
<PubmedArticleSet>
<PubmedArticle>
    <MedlineCitation Status="MEDLINE" Owner="NLM">
        <PMID Version="1">8859077</PMID>
        <DateCompleted>
            <Year>1996</Year>
            <Month>11</Month>
            <Day>06</Day>
        </DateCompleted>
        <DateRevised>
            <Year>2019</Year>
            <Month>07</Month>
            <Day>04</Day>
        </DateRevised>
        <Article PubModel="Print">
            <Journal>
                <ISSN IssnType="Print">0003-9950</ISSN>
                <JournalIssue CitedMedium="Print">
                    <Volume>114</Volume>
                    <Issue>10</Issue>
                    <PubDate>
                        <Year>1996</Year>
                        <Month>Oct</Month>
                    </PubDate>
                </JournalIssue>
                <Title>Archives of ophthalmology (Chicago, Ill. : 1960)</Title>
                <ISOAbbreviation>Arch Ophthalmol</ISOAbbreviation>
            </Journal>
            <ArticleTitle>Age-related macular degeneration and smoking. The Rotterdam Study.</ArticleTitle>
            <Pagination>
                <MedlinePgn>1193-6</MedlinePgn>
            </Pagination>
            <Abstract>
                <AbstractText Label="OBJECTIVE" NlmCategory="OBJECTIVE">To assess the relation between cigarette smoking and age-related macular degeneration (AMD) in a population of elderly persons.</AbstractText>
                <AbstractText Label="DESIGN" NlmCategory="METHODS">A cross-sectional, community-based study.</AbstractText>
                <AbstractText Label="SETTING" NlmCategory="METHODS">City district of Rotterdam, the Netherlands.</AbstractText>
                <AbstractText Label="PARTICIPANTS" NlmCategory="METHODS">A total of 6174 persons 55 years and older who participated in the Rotterdam Study. In 36 persons atrophic AMD and in 65 persons neovascular AMD were diagnosed.</AbstractText>
                <AbstractText Label="MAIN OUTCOME MEASURES" NlmCategory="METHODS">Age-related macular degeneration was diagnosed by evaluating fundus transparencies, smoking behavior was identified by interviewing subjects, and the presence of atherosclerosis was assessed by the ankle-arm systolic blood pressure index. Relative risks and 95% confidence intervals (CIs) were calculated using multivariate logistic regression analysis.</AbstractText>
                <AbstractText Label="RESULTS" NlmCategory="RESULTS">In subjects younger than 85 years, current smokers had a 6.6-fold increased risk of neovascular AMD vs those who had never smoked (95% CI, 2.8-15.9). Former smokers had a 3.2-fold increased risk of neovascular AMD vs nonsmokers in this age group (95% CI, 1.4-7.4). These associations were not observed in subjects 85 years or older. Smoking was not associated with atrophic AMD. A strong increased risk of neovascular AMD was present in those who had smoked more than 10 pack-years (relative risk, 6.5; 95% CI, 2.9-14.8). Adjusting the results for atherosclerosis did not change the association. Persons who had quit smoking 20 or more years before the eye examination had no increased risk.</AbstractText>
                <AbstractText Label="CONCLUSIONS" NlmCategory="CONCLUSIONS">The results provide evidence for a dose-response relationship between smoking and AMD, particularly in persons with the neovascular form of the disease.</AbstractText>
            </Abstract>
            <AuthorList CompleteYN="Y">
                <Author ValidYN="Y">
                    <LastName>Vingerling</LastName>
                    <ForeName>J R</ForeName>
                    <Initials>JR</Initials>
                    <AffiliationInfo>
                        <Affiliation>Department of Ophthalmology, Erasmus University Medical School, Rotterdam, The Netherlands.</Affiliation>
                    </AffiliationInfo>
                </Author>
                <Author ValidYN="Y">
                    <LastName>Hofman</LastName>
                    <ForeName>A</ForeName>
                    <Initials>A</Initials>
                </Author>
                <Author ValidYN="Y">
                    <LastName>Grobbee</LastName>
                    <ForeName>D E</ForeName>
                    <Initials>DE</Initials>
                </Author>
                <Author ValidYN="Y">
                    <LastName>de Jong</LastName>
                    <ForeName>P T</ForeName>
                    <Initials>PT</Initials>
                </Author>
            </AuthorList>
            <Language>eng</Language>
            <PublicationTypeList>
                <PublicationType UI="D016428">Journal Article</PublicationType>
                <PublicationType UI="D013485">Research Support, Non-U.S. Gov't</PublicationType>
            </PublicationTypeList>
        </Article>
        <MedlineJournalInfo>
            <Country>United States</Country>
            <MedlineTA>Arch Ophthalmol</MedlineTA>
            <NlmUniqueID>7706534</NlmUniqueID>
            <ISSNLinking>0003-9950</ISSNLinking>
        </MedlineJournalInfo>
        <CitationSubset>AIM</CitationSubset>
        <CitationSubset>IM</CitationSubset>
        <CommentsCorrectionsList>
            <CommentsCorrections RefType="CommentIn">
                <RefSource>Arch Ophthalmol. 1997 Jul;115(7):945</RefSource>
                <PMID Version="1">9230849</PMID>
            </CommentsCorrections>
        </CommentsCorrectionsList>
        <MeshHeadingList>
            <MeshHeading>
                <DescriptorName UI="D000368" MajorTopicYN="N">Aged</DescriptorName>
            </MeshHeading>
            <MeshHeading>
                <DescriptorName UI="D000369" MajorTopicYN="N">Aged, 80 and over</DescriptorName>
            </MeshHeading>
            <MeshHeading>
                <DescriptorName UI="D002829" MajorTopicYN="N">Choroid</DescriptorName>
                <QualifierName UI="Q000098" MajorTopicYN="N">blood supply</QualifierName>
            </MeshHeading>
            <MeshHeading>
                <DescriptorName UI="D003430" MajorTopicYN="N">Cross-Sectional Studies</DescriptorName>
            </MeshHeading>
            <MeshHeading>
                <DescriptorName UI="D005260" MajorTopicYN="N">Female</DescriptorName>
            </MeshHeading>
            <MeshHeading>
                <DescriptorName UI="D005500" MajorTopicYN="N">Follow-Up Studies</DescriptorName>
            </MeshHeading>
            <MeshHeading>
                <DescriptorName UI="D006801" MajorTopicYN="N">Humans</DescriptorName>
            </MeshHeading>
            <MeshHeading>
                <DescriptorName UI="D015994" MajorTopicYN="N">Incidence</DescriptorName>
            </MeshHeading>
            <MeshHeading>
                <DescriptorName UI="D008268" MajorTopicYN="N">Macular Degeneration</DescriptorName>
                <QualifierName UI="Q000453" MajorTopicYN="Y">epidemiology</QualifierName>
                <QualifierName UI="Q000209" MajorTopicYN="Y">etiology</QualifierName>
            </MeshHeading>
            <MeshHeading>
                <DescriptorName UI="D008297" MajorTopicYN="N">Male</DescriptorName>
            </MeshHeading>
            <MeshHeading>
                <DescriptorName UI="D008875" MajorTopicYN="N">Middle Aged</DescriptorName>
            </MeshHeading>
            <MeshHeading>
                <DescriptorName UI="D009389" MajorTopicYN="N">Neovascularization, Pathologic</DescriptorName>
                <QualifierName UI="Q000453" MajorTopicYN="N">epidemiology</QualifierName>
                <QualifierName UI="Q000209" MajorTopicYN="N">etiology</QualifierName>
            </MeshHeading>
            <MeshHeading>
                <DescriptorName UI="D009426" MajorTopicYN="N" Type="Geographic">Netherlands</DescriptorName>
                <QualifierName UI="Q000453" MajorTopicYN="N">epidemiology</QualifierName>
            </MeshHeading>
            <MeshHeading>
                <DescriptorName UI="D015995" MajorTopicYN="N">Prevalence</DescriptorName>
            </MeshHeading>
            <MeshHeading>
                <DescriptorName UI="D012166" MajorTopicYN="N">Retinal Hemorrhage</DescriptorName>
                <QualifierName UI="Q000453" MajorTopicYN="N">epidemiology</QualifierName>
                <QualifierName UI="Q000209" MajorTopicYN="N">etiology</QualifierName>
            </MeshHeading>
            <MeshHeading>
                <DescriptorName UI="D012307" MajorTopicYN="N">Risk Factors</DescriptorName>
            </MeshHeading>
            <MeshHeading>
                <DescriptorName UI="D012907" MajorTopicYN="N">Smoking</DescriptorName>
                <QualifierName UI="Q000009" MajorTopicYN="Y">adverse effects</QualifierName>
            </MeshHeading>
        </MeshHeadingList>
    </MedlineCitation>
    <PubmedData>
        <History>
            <PubMedPubDate PubStatus="pubmed">
                <Year>1996</Year>
                <Month>10</Month>
                <Day>1</Day>
            </PubMedPubDate>
            <PubMedPubDate PubStatus="medline">
                <Year>1996</Year>
                <Month>10</Month>
                <Day>1</Day>
                <Hour>0</Hour>
                <Minute>1</Minute>
            </PubMedPubDate>
            <PubMedPubDate PubStatus="entrez">
                <Year>1996</Year>
                <Month>10</Month>
                <Day>1</Day>
                <Hour>0</Hour>
                <Minute>0</Minute>
            </PubMedPubDate>
        </History>
        <PublicationStatus>ppublish</PublicationStatus>
        <ArticleIdList>
            <ArticleId IdType="pubmed">8859077</ArticleId>
            <ArticleId IdType="doi">10.1001/archopht.1996.01100140393005</ArticleId>
        </ArticleIdList>
    </PubmedData>
</PubmedArticle>

</PubmedArticleSet>