<?xml version="1.0" ?>
<!DOCTYPE PubmedArticleSet PUBLIC "-//NLM//DTD PubMedArticle, 1st January 2019//EN" "https://dtd.nlm.nih.gov/ncbi/pubmed/out/pubmed_190101.dtd">
<PubmedArticleSet>
<PubmedArticle>
    <MedlineCitation Status="MEDLINE" Owner="NLM">
        <PMID Version="1">8953988</PMID>
        <DateCompleted>
            <Year>1996</Year>
            <Month>12</Month>
            <Day>26</Day>
        </DateCompleted>
        <DateRevised>
            <Year>2019</Year>
            <Month>07</Month>
            <Day>04</Day>
        </DateRevised>
        <Article PubModel="Print">
            <Journal>
                <ISSN IssnType="Print">0003-9950</ISSN>
                <JournalIssue CitedMedium="Print">
                    <Volume>114</Volume>
                    <Issue>12</Issue>
                    <PubDate>
                        <Year>1996</Year>
                        <Month>Dec</Month>
                    </PubDate>
                </JournalIssue>
                <Title>Archives of ophthalmology (Chicago, Ill. : 1960)</Title>
                <ISOAbbreviation>Arch Ophthalmol</ISOAbbreviation>
            </Journal>
            <ArticleTitle>Smoking and age-related maculopathy. The Blue Mountains Eye Study.</ArticleTitle>
            <Pagination>
                <MedlinePgn>1518-23</MedlinePgn>
            </Pagination>
            <Abstract>
                <AbstractText Label="OBJECTIVE" NlmCategory="OBJECTIVE">To assess the associations between stage of age-related maculopathy (ARM) and current, past, and passive smoking.</AbstractText>
                <AbstractText Label="METHODS" NlmCategory="METHODS">A cross-sectional study of 3654 subjects from a defined geographic area west of Sydney, Australia, identified subjects with late age-related macular degeneration (AMD) and early ARM by ocular examination and detailed grading of retinal photographs. Interviewer-administered questionnaires provided data about smoking history for subjects and spouses. Logistic regression, adjusting for age and sex, and 2-way analysis of variance were used to assess associations.</AbstractText>
                <AbstractText Label="RESULTS" NlmCategory="RESULTS">Current tobacco smoking was significantly associated with late AMD (odds ratio [OR], 3.92), including neovascular AMD (OR, 3.20) and geographic atrophy (OR, 4.54), and early ARM (OR, 1.75). Having ever smoked was significantly associated with late AMD (OR, 1.83) but not early ARM. Passive smoking was associated with increased but insignificant odds for late AMD. The risk was slightly higher among women compared with men for most exposure categories.</AbstractText>
                <AbstractText Label="CONCLUSIONS" NlmCategory="CONCLUSIONS">These findings provide convincing evidence that smoking may be causally associated with ARM. The strongest risk was found for current smokers, suggesting potential benefits of targeting education to older people who are current smokers and have signs of early ARM.</AbstractText>
            </Abstract>
            <AuthorList CompleteYN="Y">
                <Author ValidYN="Y">
                    <LastName>Smith</LastName>
                    <ForeName>W</ForeName>
                    <Initials>W</Initials>
                    <AffiliationInfo>
                        <Affiliation>National Centre for Epidemiology and Population Health, Australian National University, Canberra, Australia.</Affiliation>
                    </AffiliationInfo>
                </Author>
                <Author ValidYN="Y">
                    <LastName>Mitchell</LastName>
                    <ForeName>P</ForeName>
                    <Initials>P</Initials>
                </Author>
                <Author ValidYN="Y">
                    <LastName>Leeder</LastName>
                    <ForeName>S R</ForeName>
                    <Initials>SR</Initials>
                </Author>
            </AuthorList>
            <Language>eng</Language>
            <PublicationTypeList>
                <PublicationType UI="D016428">Journal Article</PublicationType>
                <PublicationType UI="D013485">Research Support, Non-U.S. Gov't</PublicationType>
            </PublicationTypeList>
        </Article>
        <MedlineJournalInfo>
            <Country>United States</Country>
            <MedlineTA>Arch Ophthalmol</MedlineTA>
            <NlmUniqueID>7706534</NlmUniqueID>
            <ISSNLinking>0003-9950</ISSNLinking>
        </MedlineJournalInfo>
        <CitationSubset>AIM</CitationSubset>
        <CitationSubset>IM</CitationSubset>
        <MeshHeadingList>
            <MeshHeading>
                <DescriptorName UI="D000368" MajorTopicYN="N">Aged</DescriptorName>
            </MeshHeading>
            <MeshHeading>
                <DescriptorName UI="D000369" MajorTopicYN="N">Aged, 80 and over</DescriptorName>
            </MeshHeading>
            <MeshHeading>
                <DescriptorName UI="D000704" MajorTopicYN="N">Analysis of Variance</DescriptorName>
            </MeshHeading>
            <MeshHeading>
                <DescriptorName UI="D001315" MajorTopicYN="N" Type="Geographic">Australia</DescriptorName>
            </MeshHeading>
            <MeshHeading>
                <DescriptorName UI="D003430" MajorTopicYN="N">Cross-Sectional Studies</DescriptorName>
            </MeshHeading>
            <MeshHeading>
                <DescriptorName UI="D005260" MajorTopicYN="N">Female</DescriptorName>
            </MeshHeading>
            <MeshHeading>
                <DescriptorName UI="D006801" MajorTopicYN="N">Humans</DescriptorName>
            </MeshHeading>
            <MeshHeading>
                <DescriptorName UI="D008268" MajorTopicYN="N">Macular Degeneration</DescriptorName>
                <QualifierName UI="Q000145" MajorTopicYN="N">classification</QualifierName>
                <QualifierName UI="Q000453" MajorTopicYN="Y">epidemiology</QualifierName>
                <QualifierName UI="Q000209" MajorTopicYN="N">etiology</QualifierName>
            </MeshHeading>
            <MeshHeading>
                <DescriptorName UI="D008297" MajorTopicYN="N">Male</DescriptorName>
            </MeshHeading>
            <MeshHeading>
                <DescriptorName UI="D008875" MajorTopicYN="N">Middle Aged</DescriptorName>
            </MeshHeading>
            <MeshHeading>
                <DescriptorName UI="D016017" MajorTopicYN="N">Odds Ratio</DescriptorName>
            </MeshHeading>
            <MeshHeading>
                <DescriptorName UI="D012307" MajorTopicYN="N">Risk Factors</DescriptorName>
            </MeshHeading>
            <MeshHeading>
                <DescriptorName UI="D012720" MajorTopicYN="N">Severity of Illness Index</DescriptorName>
            </MeshHeading>
            <MeshHeading>
                <DescriptorName UI="D012907" MajorTopicYN="N">Smoking</DescriptorName>
                <QualifierName UI="Q000009" MajorTopicYN="N">adverse effects</QualifierName>
                <QualifierName UI="Q000453" MajorTopicYN="Y">epidemiology</QualifierName>
            </MeshHeading>
            <MeshHeading>
                <DescriptorName UI="D011795" MajorTopicYN="N">Surveys and Questionnaires</DescriptorName>
            </MeshHeading>
        </MeshHeadingList>
    </MedlineCitation>
    <PubmedData>
        <History>
            <PubMedPubDate PubStatus="pubmed">
                <Year>1996</Year>
                <Month>12</Month>
                <Day>1</Day>
            </PubMedPubDate>
            <PubMedPubDate PubStatus="medline">
                <Year>1996</Year>
                <Month>12</Month>
                <Day>1</Day>
                <Hour>0</Hour>
                <Minute>1</Minute>
            </PubMedPubDate>
            <PubMedPubDate PubStatus="entrez">
                <Year>1996</Year>
                <Month>12</Month>
                <Day>1</Day>
                <Hour>0</Hour>
                <Minute>0</Minute>
            </PubMedPubDate>
        </History>
        <PublicationStatus>ppublish</PublicationStatus>
        <ArticleIdList>
            <ArticleId IdType="pubmed">8953988</ArticleId>
            <ArticleId IdType="doi">10.1001/archopht.1996.01100140716016</ArticleId>
        </ArticleIdList>
    </PubmedData>
</PubmedArticle>

</PubmedArticleSet>