<?xml version="1.0" ?>
<!DOCTYPE PubmedArticleSet PUBLIC "-//NLM//DTD PubMedArticle, 1st January 2019//EN" "https://dtd.nlm.nih.gov/ncbi/pubmed/out/pubmed_190101.dtd">
<PubmedArticleSet>
<PubmedArticle>
    <MedlineCitation Status="MEDLINE" Owner="NLM">
        <PMID Version="1">9456998</PMID>
        <DateCompleted>
            <Year>1998</Year>
            <Month>02</Month>
            <Day>13</Day>
        </DateCompleted>
        <DateRevised>
            <Year>2019</Year>
            <Month>05</Month>
            <Day>12</Day>
        </DateRevised>
        <Article PubModel="Print">
            <Journal>
                <ISSN IssnType="Print">0002-9262</ISSN>
                <JournalIssue CitedMedium="Print">
                    <Volume>147</Volume>
                    <Issue>2</Issue>
                    <PubDate>
                        <Year>1998</Year>
                        <Month>Jan</Month>
                        <Day>15</Day>
                    </PubDate>
                </JournalIssue>
                <Title>American journal of epidemiology</Title>
                <ISOAbbreviation>Am J Epidemiol</ISOAbbreviation>
            </Journal>
            <ArticleTitle>Relation of smoking to the incidence of age-related maculopathy. The Beaver Dam Eye Study.</ArticleTitle>
            <Pagination>
                <MedlinePgn>103-10</MedlinePgn>
            </Pagination>
            <Abstract>
                <AbstractText>To date, a number of reports have been published on the relation of cigarette smoking to age-related maculopathy, an important cause of blindness in the United States. However, few studies have examined the relation between smoking and the incidence of age-related maculopathy. In this report, the authors examine this association in persons aged 43-86 years (n = 3,583) at baseline who were participants in the baseline examination and 5-year follow-up of the Beaver Dam Eye Study, Beaver Dam, Wisconsin (1988-1990 and 1993-1995). Exposure data on cigarette smoking were obtained from questions about present and past smoking, duration of smoking, and the number of cigarettes smoked per day. Age-related maculopathy status was determined by grading stereoscopic color fundus photographs using the Wisconsin Age-related Maculopathy Grading System. After controlling for age, sex, vitamin supplement use, and beer consumption, men who smoked greater amounts of cigarettes were more likely to develop early age-related maculopathy (odds ratio (OR) per 10 pack-years smoked = 1.06, 95% confidence interval (CI) 1.00-1.13, p = 0.06) than men who had smoked less. This association was not observed in women. Men (OR = 3.21, 95% CI 1.09-9.45) and women (OR = 2.20, 95% CI 1.04-4.66) who were current smokers at the time of the baseline examination had significantly higher odds of developing large drusen (&gt; or = 250 microns in diameter) after 5 years than those who had never smoked or who quit before the baseline study. Current or past history of cigarette smoking was not related to the incidence of retinal pigment epithelial depigmentation. The authors conclude that smoking appears to be related to the incidence of some lesions associated with early age-related maculopathy.</AbstractText>
            </Abstract>
            <AuthorList CompleteYN="Y">
                <Author ValidYN="Y">
                    <LastName>Klein</LastName>
                    <ForeName>R</ForeName>
                    <Initials>R</Initials>
                    <AffiliationInfo>
                        <Affiliation>Dept. of Ophthalmology and Visual Sciences, University of Wisconsin-Madison 53705-2397, USA.</Affiliation>
                    </AffiliationInfo>
                </Author>
                <Author ValidYN="Y">
                    <LastName>Klein</LastName>
                    <ForeName>B E</ForeName>
                    <Initials>BE</Initials>
                </Author>
                <Author ValidYN="Y">
                    <LastName>Moss</LastName>
                    <ForeName>S E</ForeName>
                    <Initials>SE</Initials>
                </Author>
            </AuthorList>
            <Language>eng</Language>
            <GrantList CompleteYN="Y">
                <Grant>
                    <GrantID>EYO6594</GrantID>
                    <Acronym>EY</Acronym>
                    <Agency>NEI NIH HHS</Agency>
                    <Country>United States</Country>
                </Grant>
            </GrantList>
            <PublicationTypeList>
                <PublicationType UI="D016428">Journal Article</PublicationType>
                <PublicationType UI="D013485">Research Support, Non-U.S. Gov't</PublicationType>
                <PublicationType UI="D013487">Research Support, U.S. Gov't, P.H.S.</PublicationType>
                <PublicationType UI="D016454">Review</PublicationType>
            </PublicationTypeList>
        </Article>
        <MedlineJournalInfo>
            <Country>United States</Country>
            <MedlineTA>Am J Epidemiol</MedlineTA>
            <NlmUniqueID>7910653</NlmUniqueID>
            <ISSNLinking>0002-9262</ISSNLinking>
        </MedlineJournalInfo>
        <CitationSubset>IM</CitationSubset>
        <MeshHeadingList>
            <MeshHeading>
                <DescriptorName UI="D000328" MajorTopicYN="N">Adult</DescriptorName>
            </MeshHeading>
            <MeshHeading>
                <DescriptorName UI="D000367" MajorTopicYN="N">Age Factors</DescriptorName>
            </MeshHeading>
            <MeshHeading>
                <DescriptorName UI="D000368" MajorTopicYN="N">Aged</DescriptorName>
            </MeshHeading>
            <MeshHeading>
                <DescriptorName UI="D000369" MajorTopicYN="N">Aged, 80 and over</DescriptorName>
            </MeshHeading>
            <MeshHeading>
                <DescriptorName UI="D000375" MajorTopicYN="N">Aging</DescriptorName>
            </MeshHeading>
            <MeshHeading>
                <DescriptorName UI="D005260" MajorTopicYN="N">Female</DescriptorName>
            </MeshHeading>
            <MeshHeading>
                <DescriptorName UI="D005500" MajorTopicYN="N">Follow-Up Studies</DescriptorName>
            </MeshHeading>
            <MeshHeading>
                <DescriptorName UI="D006801" MajorTopicYN="N">Humans</DescriptorName>
            </MeshHeading>
            <MeshHeading>
                <DescriptorName UI="D008268" MajorTopicYN="N">Macular Degeneration</DescriptorName>
                <QualifierName UI="Q000139" MajorTopicYN="Y">chemically induced</QualifierName>
                <QualifierName UI="Q000453" MajorTopicYN="N">epidemiology</QualifierName>
            </MeshHeading>
            <MeshHeading>
                <DescriptorName UI="D008297" MajorTopicYN="N">Male</DescriptorName>
            </MeshHeading>
            <MeshHeading>
                <DescriptorName UI="D008875" MajorTopicYN="N">Middle Aged</DescriptorName>
            </MeshHeading>
            <MeshHeading>
                <DescriptorName UI="D015995" MajorTopicYN="N">Prevalence</DescriptorName>
            </MeshHeading>
            <MeshHeading>
                <DescriptorName UI="D012744" MajorTopicYN="N">Sex Ratio</DescriptorName>
            </MeshHeading>
            <MeshHeading>
                <DescriptorName UI="D012907" MajorTopicYN="N">Smoking</DescriptorName>
                <QualifierName UI="Q000009" MajorTopicYN="Y">adverse effects</QualifierName>
            </MeshHeading>
            <MeshHeading>
                <DescriptorName UI="D011795" MajorTopicYN="N">Surveys and Questionnaires</DescriptorName>
            </MeshHeading>
            <MeshHeading>
                <DescriptorName UI="D014481" MajorTopicYN="N" Type="Geographic">United States</DescriptorName>
                <QualifierName UI="Q000453" MajorTopicYN="N">epidemiology</QualifierName>
            </MeshHeading>
            <MeshHeading>
                <DescriptorName UI="D014922" MajorTopicYN="N" Type="Geographic">Wisconsin</DescriptorName>
                <QualifierName UI="Q000453" MajorTopicYN="N">epidemiology</QualifierName>
            </MeshHeading>
        </MeshHeadingList>
        <NumberOfReferences>41</NumberOfReferences>
    </MedlineCitation>
    <PubmedData>
        <History>
            <PubMedPubDate PubStatus="pubmed">
                <Year>1998</Year>
                <Month>2</Month>
                <Day>11</Day>
            </PubMedPubDate>
            <PubMedPubDate PubStatus="medline">
                <Year>1998</Year>
                <Month>2</Month>
                <Day>11</Day>
                <Hour>0</Hour>
                <Minute>1</Minute>
            </PubMedPubDate>
            <PubMedPubDate PubStatus="entrez">
                <Year>1998</Year>
                <Month>2</Month>
                <Day>11</Day>
                <Hour>0</Hour>
                <Minute>0</Minute>
            </PubMedPubDate>
        </History>
        <PublicationStatus>ppublish</PublicationStatus>
        <ArticleIdList>
            <ArticleId IdType="pubmed">9456998</ArticleId>
            <ArticleId IdType="doi">10.1093/oxfordjournals.aje.a009421</ArticleId>
        </ArticleIdList>
    </PubmedData>
</PubmedArticle>

</PubmedArticleSet>