<?xml version="1.0" ?>
<!DOCTYPE PubmedArticleSet PUBLIC "-//NLM//DTD PubMedArticle, 1st January 2019//EN" "https://dtd.nlm.nih.gov/ncbi/pubmed/out/pubmed_190101.dtd">
<PubmedArticleSet>
<PubmedArticle>
    <MedlineCitation Status="MEDLINE" Owner="NLM">
        <PMID Version="1">9715683</PMID>
        <DateCompleted>
            <Year>1998</Year>
            <Month>08</Month>
            <Day>28</Day>
        </DateCompleted>
        <DateRevised>
            <Year>2019</Year>
            <Month>07</Month>
            <Day>04</Day>
        </DateRevised>
        <Article PubModel="Print">
            <Journal>
                <ISSN IssnType="Print">0003-9950</ISSN>
                <JournalIssue CitedMedium="Print">
                    <Volume>116</Volume>
                    <Issue>8</Issue>
                    <PubDate>
                        <Year>1998</Year>
                        <Month>Aug</Month>
                    </PubDate>
                </JournalIssue>
                <Title>Archives of ophthalmology (Chicago, Ill. : 1960)</Title>
                <ISOAbbreviation>Arch Ophthalmol</ISOAbbreviation>
            </Journal>
            <ArticleTitle>Smoking and age-related macular degeneration. The POLA Study. Pathologies Oculaires Liées à l'Age.</ArticleTitle>
            <Pagination>
                <MedlinePgn>1031-5</MedlinePgn>
            </Pagination>
            <Abstract>
                <AbstractText Label="OBJECTIVE" NlmCategory="OBJECTIVE">To assess the associations between age-related macular degeneration (ARMD) and smoking.</AbstractText>
                <AbstractText Label="METHODS" NlmCategory="METHODS">The POLA study is a population-based study taking place in the town of Sète, located on the French Mediterranean Sea border. The presence of early and late ARMD was assessed in 2196 participants on the basis of 50 degrees color fundus photographs using an international classification system.</AbstractText>
                <AbstractText Label="RESULTS" NlmCategory="RESULTS">After adjustment for age and sex, current and former smokers showed an increased prevalence of late ARMD (odds ratio [OR] = 3.6, 95% confidence interval [CI] = 1.1-12.4; OR = 3.2, 95% CI = 1.3-7.7, respectively). An increased risk was present in participants who smoked more than 20 pack-years (OR = 3.0, 95% CI = 0.9-9.5 for 20-39 pack-years; OR = 5.2, 95% CI = 2.0-13.6 for 40 pack-years and more). In addition, the risk of late ARMD remained increased until 20 years after cessation of smoking (OR = 9.0, 95% CI = 3.0-27.0 for 1-9 years; OR = 4.0, 95% CI = 1.3-12.0 for 10-19 years; OR = 1.3, 95% CI = 0.4-4.3 for 20 years and more). Smoking was not significantly associated with early signs of ARMD.</AbstractText>
                <AbstractText Label="CONCLUSIONS" NlmCategory="CONCLUSIONS">This study further confirms the adverse effect of tobacco on late ARMD. Former smokers seem to remain at high risk for ARMD.</AbstractText>
            </Abstract>
            <AuthorList CompleteYN="Y">
                <Author ValidYN="Y">
                    <LastName>Delcourt</LastName>
                    <ForeName>C</ForeName>
                    <Initials>C</Initials>
                    <AffiliationInfo>
                        <Affiliation>INSERM U 500, National Institute of Health and Medical Research, Montpellier, France. delcourt@u500.montp.inserm.fr</Affiliation>
                    </AffiliationInfo>
                </Author>
                <Author ValidYN="Y">
                    <LastName>Diaz</LastName>
                    <ForeName>J L</ForeName>
                    <Initials>JL</Initials>
                </Author>
                <Author ValidYN="Y">
                    <LastName>Ponton-Sanchez</LastName>
                    <ForeName>A</ForeName>
                    <Initials>A</Initials>
                </Author>
                <Author ValidYN="Y">
                    <LastName>Papoz</LastName>
                    <ForeName>L</ForeName>
                    <Initials>L</Initials>
                </Author>
            </AuthorList>
            <Language>eng</Language>
            <PublicationTypeList>
                <PublicationType UI="D016428">Journal Article</PublicationType>
                <PublicationType UI="D013485">Research Support, Non-U.S. Gov't</PublicationType>
            </PublicationTypeList>
        </Article>
        <MedlineJournalInfo>
            <Country>United States</Country>
            <MedlineTA>Arch Ophthalmol</MedlineTA>
            <NlmUniqueID>7706534</NlmUniqueID>
            <ISSNLinking>0003-9950</ISSNLinking>
        </MedlineJournalInfo>
        <CitationSubset>AIM</CitationSubset>
        <CitationSubset>IM</CitationSubset>
        <MeshHeadingList>
            <MeshHeading>
                <DescriptorName UI="D000368" MajorTopicYN="N">Aged</DescriptorName>
            </MeshHeading>
            <MeshHeading>
                <DescriptorName UI="D000369" MajorTopicYN="N">Aged, 80 and over</DescriptorName>
            </MeshHeading>
            <MeshHeading>
                <DescriptorName UI="D005260" MajorTopicYN="N">Female</DescriptorName>
            </MeshHeading>
            <MeshHeading>
                <DescriptorName UI="D005602" MajorTopicYN="N" Type="Geographic">France</DescriptorName>
                <QualifierName UI="Q000453" MajorTopicYN="N">epidemiology</QualifierName>
            </MeshHeading>
            <MeshHeading>
                <DescriptorName UI="D005654" MajorTopicYN="N">Fundus Oculi</DescriptorName>
            </MeshHeading>
            <MeshHeading>
                <DescriptorName UI="D006801" MajorTopicYN="N">Humans</DescriptorName>
            </MeshHeading>
            <MeshHeading>
                <DescriptorName UI="D008268" MajorTopicYN="N">Macular Degeneration</DescriptorName>
                <QualifierName UI="Q000453" MajorTopicYN="Y">epidemiology</QualifierName>
                <QualifierName UI="Q000209" MajorTopicYN="Y">etiology</QualifierName>
                <QualifierName UI="Q000473" MajorTopicYN="N">pathology</QualifierName>
            </MeshHeading>
            <MeshHeading>
                <DescriptorName UI="D008297" MajorTopicYN="N">Male</DescriptorName>
            </MeshHeading>
            <MeshHeading>
                <DescriptorName UI="D008875" MajorTopicYN="N">Middle Aged</DescriptorName>
            </MeshHeading>
            <MeshHeading>
                <DescriptorName UI="D010781" MajorTopicYN="N">Photography</DescriptorName>
            </MeshHeading>
            <MeshHeading>
                <DescriptorName UI="D015995" MajorTopicYN="N">Prevalence</DescriptorName>
            </MeshHeading>
            <MeshHeading>
                <DescriptorName UI="D011446" MajorTopicYN="N">Prospective Studies</DescriptorName>
            </MeshHeading>
            <MeshHeading>
                <DescriptorName UI="D012307" MajorTopicYN="N">Risk Factors</DescriptorName>
            </MeshHeading>
            <MeshHeading>
                <DescriptorName UI="D012907" MajorTopicYN="N">Smoking</DescriptorName>
                <QualifierName UI="Q000009" MajorTopicYN="Y">adverse effects</QualifierName>
            </MeshHeading>
            <MeshHeading>
                <DescriptorName UI="D016540" MajorTopicYN="N">Smoking Cessation</DescriptorName>
            </MeshHeading>
        </MeshHeadingList>
    </MedlineCitation>
    <PubmedData>
        <History>
            <PubMedPubDate PubStatus="pubmed">
                <Year>1998</Year>
                <Month>8</Month>
                <Day>26</Day>
            </PubMedPubDate>
            <PubMedPubDate PubStatus="medline">
                <Year>1998</Year>
                <Month>8</Month>
                <Day>26</Day>
                <Hour>0</Hour>
                <Minute>1</Minute>
            </PubMedPubDate>
            <PubMedPubDate PubStatus="entrez">
                <Year>1998</Year>
                <Month>8</Month>
                <Day>26</Day>
                <Hour>0</Hour>
                <Minute>0</Minute>
            </PubMedPubDate>
        </History>
        <PublicationStatus>ppublish</PublicationStatus>
        <ArticleIdList>
            <ArticleId IdType="pubmed">9715683</ArticleId>
            <ArticleId IdType="doi">10.1001/archopht.116.8.1031</ArticleId>
        </ArticleIdList>
    </PubmedData>
</PubmedArticle>

</PubmedArticleSet>