<?xml version="1.0" ?>
<!DOCTYPE PubmedArticleSet PUBLIC "-//NLM//DTD PubMedArticle, 1st January 2019//EN" "https://dtd.nlm.nih.gov/ncbi/pubmed/out/pubmed_190101.dtd">
<PubmedArticleSet>
<PubmedArticle>
    <MedlineCitation Status="MEDLINE" Owner="NLM">
        <PMID Version="1">9893587</PMID>
        <DateCompleted>
            <Year>1999</Year>
            <Month>01</Month>
            <Day>25</Day>
        </DateCompleted>
        <DateRevised>
            <Year>2019</Year>
            <Month>05</Month>
            <Day>01</Day>
        </DateRevised>
        <Article PubModel="Print">
            <Journal>
                <ISSN IssnType="Print">0007-1161</ISSN>
                <JournalIssue CitedMedium="Print">
                    <Volume>82</Volume>
                    <Issue>9</Issue>
                    <PubDate>
                        <Year>1998</Year>
                        <Month>Sep</Month>
                    </PubDate>
                </JournalIssue>
                <Title>The British journal of ophthalmology</Title>
                <ISOAbbreviation>Br J Ophthalmol</ISOAbbreviation>
            </Journal>
            <ArticleTitle>Case-control study of the risk factors for age related macular degeneration. France-DMLA Study Group.</ArticleTitle>
            <Pagination>
                <MedlinePgn>996-1002</MedlinePgn>
            </Pagination>
            <Abstract>
                <AbstractText Label="AIM" NlmCategory="OBJECTIVE">A case-control study was initiated to determine the risk factors for the development of age related macular degeneration (AMD).</AbstractText>
                <AbstractText Label="METHODS" NlmCategory="METHODS">Study participants, who were all white, aged 50-85 years, and were recruited from private ophthalmology practices. Each practitioner enrolled patients with bilateral AMD, who were then matched with controls for sex and age. Environmental factors and systemic and ocular histories were screened. All patients had bilateral red-free fundus photographs and fluorescein angiography. Photographs were classified into pigment epithelium alterations, drusen, geographic atrophy, and exudative AMD. Statistical analysis included the identification of risk factors for AMD. A multivariate analysis was performed at the end of the study. Analysis included the entire study population and was carried out for each stage of AMD.</AbstractText>
                <AbstractText Label="RESULTS" NlmCategory="RESULTS">1844 controls were compared with 1844 patients with AMD. Mean age was 71 years for controls and 72 for cases. Logistic regression identified six major risk factors for AMD (whole population): arterial hypertension (odds ratio (OR) = 1.28), coronary disease (OR = 1.31), hyperopia (OR = 1.33), light coloured irises (OR = 1.22), and lens opacities or previous cataract surgery (OR = 1.55). The significance of vascular risk factors was increased for late stages of AMD, especially the atrophic forms (coronary disease, OR = 3.19).</AbstractText>
                <AbstractText Label="CONCLUSIONS" NlmCategory="CONCLUSIONS">This large case-control study confirms some of the risk factors previously identified and may contribute to the determination of methods for prevention of AMD.</AbstractText>
            </Abstract>
            <AuthorList CompleteYN="Y">
                <Author ValidYN="Y">
                    <LastName>Chaine</LastName>
                    <ForeName>G</ForeName>
                    <Initials>G</Initials>
                    <AffiliationInfo>
                        <Affiliation>Hôpital Avicenne, Service d'Ophtalmologie, Bobigny, France.</Affiliation>
                    </AffiliationInfo>
                </Author>
                <Author ValidYN="Y">
                    <LastName>Hullo</LastName>
                    <ForeName>A</ForeName>
                    <Initials>A</Initials>
                </Author>
                <Author ValidYN="Y">
                    <LastName>Sahel</LastName>
                    <ForeName>J</ForeName>
                    <Initials>J</Initials>
                </Author>
                <Author ValidYN="Y">
                    <LastName>Soubrane</LastName>
                    <ForeName>G</ForeName>
                    <Initials>G</Initials>
                </Author>
                <Author ValidYN="Y">
                    <LastName>Espinasse-Berrod</LastName>
                    <ForeName>M A</ForeName>
                    <Initials>MA</Initials>
                </Author>
                <Author ValidYN="Y">
                    <LastName>Schutz</LastName>
                    <ForeName>D</ForeName>
                    <Initials>D</Initials>
                </Author>
                <Author ValidYN="Y">
                    <LastName>Bourguignon</LastName>
                    <ForeName>C</ForeName>
                    <Initials>C</Initials>
                </Author>
                <Author ValidYN="Y">
                    <LastName>Harpey</LastName>
                    <ForeName>C</ForeName>
                    <Initials>C</Initials>
                </Author>
                <Author ValidYN="Y">
                    <LastName>Brault</LastName>
                    <ForeName>Y</ForeName>
                    <Initials>Y</Initials>
                </Author>
                <Author ValidYN="Y">
                    <LastName>Coste</LastName>
                    <ForeName>M</ForeName>
                    <Initials>M</Initials>
                </Author>
                <Author ValidYN="Y">
                    <LastName>Moccatti</LastName>
                    <ForeName>D</ForeName>
                    <Initials>D</Initials>
                </Author>
                <Author ValidYN="Y">
                    <LastName>Bourgeois</LastName>
                    <ForeName>H</ForeName>
                    <Initials>H</Initials>
                </Author>
            </AuthorList>
            <Language>eng</Language>
            <PublicationTypeList>
                <PublicationType UI="D016428">Journal Article</PublicationType>
                <PublicationType UI="D013485">Research Support, Non-U.S. Gov't</PublicationType>
            </PublicationTypeList>
        </Article>
        <MedlineJournalInfo>
            <Country>England</Country>
            <MedlineTA>Br J Ophthalmol</MedlineTA>
            <NlmUniqueID>0421041</NlmUniqueID>
            <ISSNLinking>0007-1161</ISSNLinking>
        </MedlineJournalInfo>
        <CitationSubset>IM</CitationSubset>
        <MeshHeadingList>
            <MeshHeading>
                <DescriptorName UI="D017677" MajorTopicYN="N">Age Distribution</DescriptorName>
            </MeshHeading>
            <MeshHeading>
                <DescriptorName UI="D000368" MajorTopicYN="N">Aged</DescriptorName>
            </MeshHeading>
            <MeshHeading>
                <DescriptorName UI="D000369" MajorTopicYN="N">Aged, 80 and over</DescriptorName>
            </MeshHeading>
            <MeshHeading>
                <DescriptorName UI="D000704" MajorTopicYN="N">Analysis of Variance</DescriptorName>
            </MeshHeading>
            <MeshHeading>
                <DescriptorName UI="D016022" MajorTopicYN="N">Case-Control Studies</DescriptorName>
            </MeshHeading>
            <MeshHeading>
                <DescriptorName UI="D002386" MajorTopicYN="N">Cataract</DescriptorName>
                <QualifierName UI="Q000150" MajorTopicYN="N">complications</QualifierName>
            </MeshHeading>
            <MeshHeading>
                <DescriptorName UI="D003327" MajorTopicYN="N">Coronary Disease</DescriptorName>
                <QualifierName UI="Q000150" MajorTopicYN="N">complications</QualifierName>
            </MeshHeading>
            <MeshHeading>
                <DescriptorName UI="D005260" MajorTopicYN="N">Female</DescriptorName>
            </MeshHeading>
            <MeshHeading>
                <DescriptorName UI="D006801" MajorTopicYN="N">Humans</DescriptorName>
            </MeshHeading>
            <MeshHeading>
                <DescriptorName UI="D006956" MajorTopicYN="N">Hyperopia</DescriptorName>
                <QualifierName UI="Q000150" MajorTopicYN="N">complications</QualifierName>
            </MeshHeading>
            <MeshHeading>
                <DescriptorName UI="D006973" MajorTopicYN="N">Hypertension</DescriptorName>
                <QualifierName UI="Q000150" MajorTopicYN="N">complications</QualifierName>
            </MeshHeading>
            <MeshHeading>
                <DescriptorName UI="D008268" MajorTopicYN="N">Macular Degeneration</DescriptorName>
                <QualifierName UI="Q000209" MajorTopicYN="Y">etiology</QualifierName>
                <QualifierName UI="Q000473" MajorTopicYN="N">pathology</QualifierName>
            </MeshHeading>
            <MeshHeading>
                <DescriptorName UI="D008297" MajorTopicYN="N">Male</DescriptorName>
            </MeshHeading>
            <MeshHeading>
                <DescriptorName UI="D008875" MajorTopicYN="N">Middle Aged</DescriptorName>
            </MeshHeading>
            <MeshHeading>
                <DescriptorName UI="D015999" MajorTopicYN="N">Multivariate Analysis</DescriptorName>
            </MeshHeading>
            <MeshHeading>
                <DescriptorName UI="D010857" MajorTopicYN="N">Pigment Epithelium of Eye</DescriptorName>
                <QualifierName UI="Q000473" MajorTopicYN="N">pathology</QualifierName>
            </MeshHeading>
            <MeshHeading>
                <DescriptorName UI="D015593" MajorTopicYN="N">Retinal Drusen</DescriptorName>
                <QualifierName UI="Q000473" MajorTopicYN="N">pathology</QualifierName>
            </MeshHeading>
            <MeshHeading>
                <DescriptorName UI="D012307" MajorTopicYN="N">Risk Factors</DescriptorName>
            </MeshHeading>
            <MeshHeading>
                <DescriptorName UI="D017678" MajorTopicYN="N">Sex Distribution</DescriptorName>
            </MeshHeading>
            <MeshHeading>
                <DescriptorName UI="D012907" MajorTopicYN="N">Smoking</DescriptorName>
                <QualifierName UI="Q000009" MajorTopicYN="N">adverse effects</QualifierName>
            </MeshHeading>
        </MeshHeadingList>
    </MedlineCitation>
    <PubmedData>
        <History>
            <PubMedPubDate PubStatus="pubmed">
                <Year>1999</Year>
                <Month>1</Month>
                <Day>20</Day>
            </PubMedPubDate>
            <PubMedPubDate PubStatus="medline">
                <Year>1999</Year>
                <Month>1</Month>
                <Day>20</Day>
                <Hour>0</Hour>
                <Minute>1</Minute>
            </PubMedPubDate>
            <PubMedPubDate PubStatus="entrez">
                <Year>1999</Year>
                <Month>1</Month>
                <Day>20</Day>
                <Hour>0</Hour>
                <Minute>0</Minute>
            </PubMedPubDate>
        </History>
        <PublicationStatus>ppublish</PublicationStatus>
        <ArticleIdList>
            <ArticleId IdType="pubmed">9893587</ArticleId>
            <ArticleId IdType="pmc">PMC1722735</ArticleId>
            <ArticleId IdType="doi">10.1136/bjo.82.9.996</ArticleId>
        </ArticleIdList>
        <ReferenceList>
            <Reference>
                <Citation>Ophthalmology. 1991 Jul;98(7):1128-34</Citation>
                <ArticleIdList>
                    <ArticleId IdType="pubmed">1843453</ArticleId>
                </ArticleIdList>
            </Reference>
            <Reference>
                <Citation>Ophthalmology. 1986 May;93(5):552-8</Citation>
                <ArticleIdList>
                    <ArticleId IdType="pubmed">2425325</ArticleId>
                </ArticleIdList>
            </Reference>
            <Reference>
                <Citation>Surv Ophthalmol. 1987 Mar-Apr;31(5):291-306</Citation>
                <ArticleIdList>
                    <ArticleId IdType="pubmed">3299827</ArticleId>
                </ArticleIdList>
            </Reference>
            <Reference>
                <Citation>Am J Epidemiol. 1988 Oct;128(4):700-10</Citation>
                <ArticleIdList>
                    <ArticleId IdType="pubmed">3421236</ArticleId>
                </ArticleIdList>
            </Reference>
            <Reference>
                <Citation>Arch Ophthalmol. 1986 Feb;104(2):216-9</Citation>
                <ArticleIdList>
                    <ArticleId IdType="pubmed">3947296</ArticleId>
                </ArticleIdList>
            </Reference>
            <Reference>
                <Citation>Am J Ophthalmol. 1985 Feb 15;99(2):185-7</Citation>
                <ArticleIdList>
                    <ArticleId IdType="pubmed">3970124</ArticleId>
                </ArticleIdList>
            </Reference>
            <Reference>
                <Citation>Ann Ophthalmol. 1979 Aug;11(8):1197-1201</Citation>
                <ArticleIdList>
                    <ArticleId IdType="pubmed">556147</ArticleId>
                </ArticleIdList>
            </Reference>
            <Reference>
                <Citation>Retina. 1984 Fall-Winter;4(4):205-20</Citation>
                <ArticleIdList>
                    <ArticleId IdType="pubmed">6085179</ArticleId>
                </ArticleIdList>
            </Reference>
            <Reference>
                <Citation>Am J Epidemiol. 1983 Aug;118(2):132-51</Citation>
                <ArticleIdList>
                    <ArticleId IdType="pubmed">6192710</ArticleId>
                </ArticleIdList>
            </Reference>
            <Reference>
                <Citation>Ophthalmologica. 1984;188(4):243-7</Citation>
                <ArticleIdList>
                    <ArticleId IdType="pubmed">6204260</ArticleId>
                </ArticleIdList>
            </Reference>
            <Reference>
                <Citation>Can J Ophthalmol. 1978 Apr;13(2):67-71</Citation>
                <ArticleIdList>
                    <ArticleId IdType="pubmed">647465</ArticleId>
                </ArticleIdList>
            </Reference>
            <Reference>
                <Citation>Am J Epidemiol. 1983 Aug;118(2):213-27</Citation>
                <ArticleIdList>
                    <ArticleId IdType="pubmed">6881127</ArticleId>
                </ArticleIdList>
            </Reference>
            <Reference>
                <Citation>Ann Ophthalmol. 1982 Jan;14(1):21-4</Citation>
                <ArticleIdList>
                    <ArticleId IdType="pubmed">7125436</ArticleId>
                </ArticleIdList>
            </Reference>
            <Reference>
                <Citation>Arch Ophthalmol. 1981 Jun;99(6):1004-8</Citation>
                <ArticleIdList>
                    <ArticleId IdType="pubmed">7236096</ArticleId>
                </ArticleIdList>
            </Reference>
            <Reference>
                <Citation>Surv Ophthalmol. 1995 Mar-Apr;39(5):367-74</Citation>
                <ArticleIdList>
                    <ArticleId IdType="pubmed">7604360</ArticleId>
                </ArticleIdList>
            </Reference>
            <Reference>
                <Citation>Ophthalmology. 1993 Jul;100(7):1009-13</Citation>
                <ArticleIdList>
                    <ArticleId IdType="pubmed">7686644</ArticleId>
                </ArticleIdList>
            </Reference>
            <Reference>
                <Citation>Arch Ophthalmol. 1994 Feb;112(2):191-6</Citation>
                <ArticleIdList>
                    <ArticleId IdType="pubmed">8311771</ArticleId>
                </ArticleIdList>
            </Reference>
            <Reference>
                <Citation>Am J Epidemiol. 1993 Jan 15;137(2):190-200</Citation>
                <ArticleIdList>
                    <ArticleId IdType="pubmed">8452123</ArticleId>
                </ArticleIdList>
            </Reference>
            <Reference>
                <Citation>Ophthalmology. 1993 Mar;100(3):406-14</Citation>
                <ArticleIdList>
                    <ArticleId IdType="pubmed">8460013</ArticleId>
                </ArticleIdList>
            </Reference>
        </ReferenceList>
    </PubmedData>
</PubmedArticle>

</PubmedArticleSet>