<?xml version="1.0" ?>
<!DOCTYPE PubmedArticleSet PUBLIC "-//NLM//DTD PubMedArticle, 1st January 2019//EN" "https://dtd.nlm.nih.gov/ncbi/pubmed/out/pubmed_190101.dtd">
<PubmedArticleSet>
<PubmedArticle>
    <MedlineCitation Status="MEDLINE" Owner="NLM">
        <PMID Version="1">1490244</PMID>
        <DateCompleted>
            <Year>1993</Year>
            <Month>03</Month>
            <Day>01</Day>
        </DateCompleted>
        <DateRevised>
            <Year>2016</Year>
            <Month>10</Month>
            <Day>13</Day>
        </DateRevised>
        <Article PubModel="Print">
            <Journal>
                <ISSN IssnType="Print">0008-4182</ISSN>
                <JournalIssue CitedMedium="Print">
                    <Volume>27</Volume>
                    <Issue>7</Issue>
                    <PubDate>
                        <Year>1992</Year>
                        <Month>Dec</Month>
                    </PubDate>
                </JournalIssue>
                <Title>Canadian journal of ophthalmology. Journal canadien d'ophtalmologie</Title>
                <ISOAbbreviation>Can J Ophthalmol</ISOAbbreviation>
            </Journal>
            <ArticleTitle>An ocular dynamic study supporting the hypothesis that hypothyroidism is a treatable cause of secondary open-angle glaucoma.</ArticleTitle>
            <Pagination>
                <MedlinePgn>341-4</MedlinePgn>
            </Pagination>
            <Abstract>
                <AbstractText>To examine the hypothesis that glaucoma may be a manifestation of unrecognized hypothyroidism, we studied 25 consecutive patients with newly diagnosed hypothyroidism who presented to an endocrinology clinic. Using tonography and tonometry, we demonstrated a reduction in facility of outflow in the hypothyroid state. With treatment of the hypothyroidism alone there was a statistically significant improvement in facility of outflow, intraocular pressure and Po/C (p &lt; 0.002). Our results support the hypothesis that secondary open-angle glaucoma may be a manifestation of hypothyroidism and that the glaucoma will resolve on treatment of the primary disease.</AbstractText>
            </Abstract>
            <AuthorList CompleteYN="Y">
                <Author ValidYN="Y">
                    <LastName>Smith</LastName>
                    <ForeName>K D</ForeName>
                    <Initials>KD</Initials>
                    <AffiliationInfo>
                        <Affiliation>Department of Ophthalmology, University of Western Ontario, London.</Affiliation>
                    </AffiliationInfo>
                </Author>
                <Author ValidYN="Y">
                    <LastName>Tevaarwerk</LastName>
                    <ForeName>G J</ForeName>
                    <Initials>GJ</Initials>
                </Author>
                <Author ValidYN="Y">
                    <LastName>Allen</LastName>
                    <ForeName>L H</ForeName>
                    <Initials>LH</Initials>
                </Author>
            </AuthorList>
            <Language>eng</Language>
            <PublicationTypeList>
                <PublicationType UI="D016428">Journal Article</PublicationType>
            </PublicationTypeList>
        </Article>
        <MedlineJournalInfo>
            <Country>England</Country>
            <MedlineTA>Can J Ophthalmol</MedlineTA>
            <NlmUniqueID>0045312</NlmUniqueID>
            <ISSNLinking>0008-4182</ISSNLinking>
        </MedlineJournalInfo>
        <ChemicalList>
            <Chemical>
                <RegistryNumber>9002-71-5</RegistryNumber>
                <NameOfSubstance UI="D013972">Thyrotropin</NameOfSubstance>
            </Chemical>
            <Chemical>
                <RegistryNumber>Q51BO43MG4</RegistryNumber>
                <NameOfSubstance UI="D013974">Thyroxine</NameOfSubstance>
            </Chemical>
        </ChemicalList>
        <CitationSubset>IM</CitationSubset>
        <MeshHeadingList>
            <MeshHeading>
                <DescriptorName UI="D000293" MajorTopicYN="N">Adolescent</DescriptorName>
            </MeshHeading>
            <MeshHeading>
                <DescriptorName UI="D000328" MajorTopicYN="N">Adult</DescriptorName>
            </MeshHeading>
            <MeshHeading>
                <DescriptorName UI="D000368" MajorTopicYN="N">Aged</DescriptorName>
            </MeshHeading>
            <MeshHeading>
                <DescriptorName UI="D000369" MajorTopicYN="N">Aged, 80 and over</DescriptorName>
            </MeshHeading>
            <MeshHeading>
                <DescriptorName UI="D005260" MajorTopicYN="N">Female</DescriptorName>
            </MeshHeading>
            <MeshHeading>
                <DescriptorName UI="D005902" MajorTopicYN="N">Glaucoma, Open-Angle</DescriptorName>
                <QualifierName UI="Q000209" MajorTopicYN="Y">etiology</QualifierName>
                <QualifierName UI="Q000628" MajorTopicYN="N">therapy</QualifierName>
            </MeshHeading>
            <MeshHeading>
                <DescriptorName UI="D006801" MajorTopicYN="N">Humans</DescriptorName>
            </MeshHeading>
            <MeshHeading>
                <DescriptorName UI="D007037" MajorTopicYN="N">Hypothyroidism</DescriptorName>
                <QualifierName UI="Q000150" MajorTopicYN="Y">complications</QualifierName>
                <QualifierName UI="Q000188" MajorTopicYN="Y">drug therapy</QualifierName>
            </MeshHeading>
            <MeshHeading>
                <DescriptorName UI="D007429" MajorTopicYN="N">Intraocular Pressure</DescriptorName>
            </MeshHeading>
            <MeshHeading>
                <DescriptorName UI="D008297" MajorTopicYN="N">Male</DescriptorName>
            </MeshHeading>
            <MeshHeading>
                <DescriptorName UI="D008875" MajorTopicYN="N">Middle Aged</DescriptorName>
            </MeshHeading>
            <MeshHeading>
                <DescriptorName UI="D013960" MajorTopicYN="N">Thyroid Function Tests</DescriptorName>
            </MeshHeading>
            <MeshHeading>
                <DescriptorName UI="D013972" MajorTopicYN="N">Thyrotropin</DescriptorName>
                <QualifierName UI="Q000097" MajorTopicYN="N">blood</QualifierName>
            </MeshHeading>
            <MeshHeading>
                <DescriptorName UI="D013974" MajorTopicYN="N">Thyroxine</DescriptorName>
                <QualifierName UI="Q000627" MajorTopicYN="Y">therapeutic use</QualifierName>
            </MeshHeading>
            <MeshHeading>
                <DescriptorName UI="D014065" MajorTopicYN="N">Tonometry, Ocular</DescriptorName>
            </MeshHeading>
        </MeshHeadingList>
    </MedlineCitation>
    <PubmedData>
        <History>
            <PubMedPubDate PubStatus="pubmed">
                <Year>1992</Year>
                <Month>12</Month>
                <Day>1</Day>
            </PubMedPubDate>
            <PubMedPubDate PubStatus="medline">
                <Year>1992</Year>
                <Month>12</Month>
                <Day>1</Day>
                <Hour>0</Hour>
                <Minute>1</Minute>
            </PubMedPubDate>
            <PubMedPubDate PubStatus="entrez">
                <Year>1992</Year>
                <Month>12</Month>
                <Day>1</Day>
                <Hour>0</Hour>
                <Minute>0</Minute>
            </PubMedPubDate>
        </History>
        <PublicationStatus>ppublish</PublicationStatus>
        <ArticleIdList>
            <ArticleId IdType="pubmed">1490244</ArticleId>
        </ArticleIdList>
    </PubmedData>
</PubmedArticle>

</PubmedArticleSet>