<?xml version="1.0" ?>
<!DOCTYPE PubmedArticleSet PUBLIC "-//NLM//DTD PubMedArticle, 1st January 2019//EN" "https://dtd.nlm.nih.gov/ncbi/pubmed/out/pubmed_190101.dtd">
<PubmedArticleSet>
<PubmedArticle>
    <MedlineCitation Status="MEDLINE" Owner="NLM">
        <PMID Version="1">1562256</PMID>
        <DateCompleted>
            <Year>1992</Year>
            <Month>05</Month>
            <Day>11</Day>
        </DateCompleted>
        <DateRevised>
            <Year>2019</Year>
            <Month>07</Month>
            <Day>04</Day>
        </DateRevised>
        <Article PubModel="Print">
            <Journal>
                <ISSN IssnType="Print">0003-9950</ISSN>
                <JournalIssue CitedMedium="Print">
                    <Volume>110</Volume>
                    <Issue>4</Issue>
                    <PubDate>
                        <Year>1992</Year>
                        <Month>Apr</Month>
                    </PubDate>
                </JournalIssue>
                <Title>Archives of ophthalmology (Chicago, Ill. : 1960)</Title>
                <ISOAbbreviation>Arch Ophthalmol</ISOAbbreviation>
            </Journal>
            <ArticleTitle>Immune-related disease and normal-tension glaucoma. A case-control study.</ArticleTitle>
            <Pagination>
                <MedlinePgn>500-2</MedlinePgn>
            </Pagination>
            <Abstract>
                <AbstractText>We reviewed the charts of 67 patients with the diagnosis of normal-tension glaucoma listed in the Bascom Palmer Eye Institute computer database. These patients were matched with respect to age, race, and sex with an equal number of patients having ocular hypertension. All medical diagnoses in the charts for both groups were tabulated and classified as either immune-related or non-immune-related. Twenty (30%) patients with normal-tension glaucoma had one or more immune-related disease(s) compared with five (8%) patients in the comparison group (P = .00134, McNemar statistic with continuity correction).</AbstractText>
            </Abstract>
            <AuthorList CompleteYN="Y">
                <Author ValidYN="Y">
                    <LastName>Cartwright</LastName>
                    <ForeName>M J</ForeName>
                    <Initials>MJ</Initials>
                    <AffiliationInfo>
                        <Affiliation>Department of Ophthalmology, Medical College of Virginia, Richmond.</Affiliation>
                    </AffiliationInfo>
                </Author>
                <Author ValidYN="Y">
                    <LastName>Grajewski</LastName>
                    <ForeName>A L</ForeName>
                    <Initials>AL</Initials>
                </Author>
                <Author ValidYN="Y">
                    <LastName>Friedberg</LastName>
                    <ForeName>M L</ForeName>
                    <Initials>ML</Initials>
                </Author>
                <Author ValidYN="Y">
                    <LastName>Anderson</LastName>
                    <ForeName>D R</ForeName>
                    <Initials>DR</Initials>
                </Author>
                <Author ValidYN="Y">
                    <LastName>Richards</LastName>
                    <ForeName>D W</ForeName>
                    <Initials>DW</Initials>
                </Author>
            </AuthorList>
            <Language>eng</Language>
            <PublicationTypeList>
                <PublicationType UI="D003160">Comparative Study</PublicationType>
                <PublicationType UI="D016428">Journal Article</PublicationType>
            </PublicationTypeList>
        </Article>
        <MedlineJournalInfo>
            <Country>United States</Country>
            <MedlineTA>Arch Ophthalmol</MedlineTA>
            <NlmUniqueID>7706534</NlmUniqueID>
            <ISSNLinking>0003-9950</ISSNLinking>
        </MedlineJournalInfo>
        <CitationSubset>AIM</CitationSubset>
        <CitationSubset>IM</CitationSubset>
        <CommentsCorrectionsList>
            <CommentsCorrections RefType="CommentIn">
                <RefSource>Arch Ophthalmol. 1993 Jan;111(1):22-3; author reply 23-4</RefSource>
                <PMID Version="1">8424717</PMID>
            </CommentsCorrections>
            <CommentsCorrections RefType="CommentIn">
                <RefSource>Arch Ophthalmol. 1993 Jan;111(1):23; author reply 23-4</RefSource>
                <PMID Version="1">8424718</PMID>
            </CommentsCorrections>
        </CommentsCorrectionsList>
        <MeshHeadingList>
            <MeshHeading>
                <DescriptorName UI="D000368" MajorTopicYN="N">Aged</DescriptorName>
            </MeshHeading>
            <MeshHeading>
                <DescriptorName UI="D000369" MajorTopicYN="N">Aged, 80 and over</DescriptorName>
            </MeshHeading>
            <MeshHeading>
                <DescriptorName UI="D001327" MajorTopicYN="N">Autoimmune Diseases</DescriptorName>
                <QualifierName UI="Q000150" MajorTopicYN="Y">complications</QualifierName>
            </MeshHeading>
            <MeshHeading>
                <DescriptorName UI="D016022" MajorTopicYN="N">Case-Control Studies</DescriptorName>
            </MeshHeading>
            <MeshHeading>
                <DescriptorName UI="D005260" MajorTopicYN="N">Female</DescriptorName>
            </MeshHeading>
            <MeshHeading>
                <DescriptorName UI="D005901" MajorTopicYN="N">Glaucoma</DescriptorName>
                <QualifierName UI="Q000209" MajorTopicYN="Y">etiology</QualifierName>
            </MeshHeading>
            <MeshHeading>
                <DescriptorName UI="D006801" MajorTopicYN="N">Humans</DescriptorName>
            </MeshHeading>
            <MeshHeading>
                <DescriptorName UI="D007037" MajorTopicYN="N">Hypothyroidism</DescriptorName>
                <QualifierName UI="Q000150" MajorTopicYN="N">complications</QualifierName>
            </MeshHeading>
            <MeshHeading>
                <DescriptorName UI="D007429" MajorTopicYN="N">Intraocular Pressure</DescriptorName>
            </MeshHeading>
            <MeshHeading>
                <DescriptorName UI="D008297" MajorTopicYN="N">Male</DescriptorName>
            </MeshHeading>
            <MeshHeading>
                <DescriptorName UI="D008875" MajorTopicYN="N">Middle Aged</DescriptorName>
            </MeshHeading>
            <MeshHeading>
                <DescriptorName UI="D009798" MajorTopicYN="N">Ocular Hypertension</DescriptorName>
                <QualifierName UI="Q000209" MajorTopicYN="N">etiology</QualifierName>
            </MeshHeading>
            <MeshHeading>
                <DescriptorName UI="D011928" MajorTopicYN="N">Raynaud Disease</DescriptorName>
                <QualifierName UI="Q000150" MajorTopicYN="N">complications</QualifierName>
            </MeshHeading>
        </MeshHeadingList>
    </MedlineCitation>
    <PubmedData>
        <History>
            <PubMedPubDate PubStatus="pubmed">
                <Year>1992</Year>
                <Month>4</Month>
                <Day>1</Day>
            </PubMedPubDate>
            <PubMedPubDate PubStatus="medline">
                <Year>1992</Year>
                <Month>4</Month>
                <Day>1</Day>
                <Hour>0</Hour>
                <Minute>1</Minute>
            </PubMedPubDate>
            <PubMedPubDate PubStatus="entrez">
                <Year>1992</Year>
                <Month>4</Month>
                <Day>1</Day>
                <Hour>0</Hour>
                <Minute>0</Minute>
            </PubMedPubDate>
        </History>
        <PublicationStatus>ppublish</PublicationStatus>
        <ArticleIdList>
            <ArticleId IdType="pubmed">1562256</ArticleId>
            <ArticleId IdType="doi">10.1001/archopht.1992.01080160078035</ArticleId>
        </ArticleIdList>
    </PubmedData>
</PubmedArticle>

</PubmedArticleSet>