<?xml version="1.0" ?>
<!DOCTYPE PubmedArticleSet PUBLIC "-//NLM//DTD PubMedArticle, 1st January 2019//EN" "https://dtd.nlm.nih.gov/ncbi/pubmed/out/pubmed_190101.dtd">
<PubmedArticleSet>
<PubmedArticle>
    <MedlineCitation Status="MEDLINE" Owner="NLM">
        <PMID Version="1">18927223</PMID>
        <DateCompleted>
            <Year>2008</Year>
            <Month>12</Month>
            <Day>03</Day>
        </DateCompleted>
        <DateRevised>
            <Year>2019</Year>
            <Month>05</Month>
            <Day>08</Day>
        </DateRevised>
        <Article PubModel="Print-Electronic">
            <Journal>
                <ISSN IssnType="Electronic">1468-2079</ISSN>
                <JournalIssue CitedMedium="Internet">
                    <Volume>92</Volume>
                    <Issue>11</Issue>
                    <PubDate>
                        <Year>2008</Year>
                        <Month>Nov</Month>
                    </PubDate>
                </JournalIssue>
                <Title>The British journal of ophthalmology</Title>
                <ISOAbbreviation>Br J Ophthalmol</ISOAbbreviation>
            </Journal>
            <ArticleTitle>The association between thyroid problems and glaucoma.</ArticleTitle>
            <Pagination>
                <MedlinePgn>1503-5</MedlinePgn>
            </Pagination>
            <ELocationID EIdType="doi" ValidYN="Y">10.1136/bjo.2008.147165</ELocationID>
            <Abstract>
                <AbstractText Label="AIMS" NlmCategory="OBJECTIVE">To evaluate the association between thyroid problems and glaucoma.</AbstractText>
                <AbstractText Label="METHODS" NlmCategory="METHODS">A population-based cross-sectional sample with 12,376 participants from the 2002 National Health Interview Survey. Odds ratios (OR) and 95% confidence intervals (CIs) were used to quantify the association between a self-reported diagnosis of glaucoma and a self-reported history of thyroid problems, controlling for demographic characteristics and smoking status.</AbstractText>
                <AbstractText Label="RESULTS" NlmCategory="RESULTS">The overall prevalence of glaucoma was 4.6%; 11.9% reported a history of thyroid problems. The prevalence of glaucoma among those who did and did not report thyroid problems was 6.5% and 4.4%, respectively (p = 0.0003). Following adjustment for differences in age, gender, race and smoking status, the association between glaucoma and thyroid problems remained (OR 1.38, 95% CI 1.08 to 1.76).</AbstractText>
                <AbstractText Label="CONCLUSIONS" NlmCategory="CONCLUSIONS">The results of this study lend support to the hypothesis that thyroid disorders may increase the risk of glaucoma. Research should continue evaluating potential mechanisms underlying this relationship and whether the treatment of thyroid problems reduces subsequent glaucoma risk.</AbstractText>
            </Abstract>
            <AuthorList CompleteYN="Y">
                <Author ValidYN="Y">
                    <LastName>Cross</LastName>
                    <ForeName>J M</ForeName>
                    <Initials>JM</Initials>
                    <AffiliationInfo>
                        <Affiliation>Department of Ophthalmology, School of Medicine, University of Alabama at Birmingham, AL 35294-0009, USA. jmcross@uab.edu</Affiliation>
                    </AffiliationInfo>
                </Author>
                <Author ValidYN="Y">
                    <LastName>Girkin</LastName>
                    <ForeName>C A</ForeName>
                    <Initials>CA</Initials>
                </Author>
                <Author ValidYN="Y">
                    <LastName>Owsley</LastName>
                    <ForeName>C</ForeName>
                    <Initials>C</Initials>
                </Author>
                <Author ValidYN="Y">
                    <LastName>McGwin</LastName>
                    <ForeName>G</ForeName>
                    <Initials>G</Initials>
                    <Suffix>Jr</Suffix>
                </Author>
            </AuthorList>
            <Language>eng</Language>
            <GrantList CompleteYN="Y">
                <Grant>
                    <GrantID>P30 AG022838-019002</GrantID>
                    <Acronym>AG</Acronym>
                    <Agency>NIA NIH HHS</Agency>
                    <Country>United States</Country>
                </Grant>
                <Grant>
                    <GrantID>R21 EY014071</GrantID>
                    <Acronym>EY</Acronym>
                    <Agency>NEI NIH HHS</Agency>
                    <Country>United States</Country>
                </Grant>
                <Grant>
                    <GrantID>P30-AG22838</GrantID>
                    <Acronym>AG</Acronym>
                    <Agency>NIA NIH HHS</Agency>
                    <Country>United States</Country>
                </Grant>
                <Grant>
                    <GrantID>R01-AG014684</GrantID>
                    <Acronym>AG</Acronym>
                    <Agency>NIA NIH HHS</Agency>
                    <Country>United States</Country>
                </Grant>
                <Grant>
                    <GrantID>R21 EY014071-02</GrantID>
                    <Acronym>EY</Acronym>
                    <Agency>NEI NIH HHS</Agency>
                    <Country>United States</Country>
                </Grant>
                <Grant>
                    <GrantID>P30 AG022838-059002</GrantID>
                    <Acronym>AG</Acronym>
                    <Agency>NIA NIH HHS</Agency>
                    <Country>United States</Country>
                </Grant>
                <Grant>
                    <GrantID>P30 AG022838</GrantID>
                    <Acronym>AG</Acronym>
                    <Agency>NIA NIH HHS</Agency>
                    <Country>United States</Country>
                </Grant>
                <Grant>
                    <GrantID>R21 EY014071-01</GrantID>
                    <Acronym>EY</Acronym>
                    <Agency>NEI NIH HHS</Agency>
                    <Country>United States</Country>
                </Grant>
                <Grant>
                    <GrantID>R01 AG014684-02</GrantID>
                    <Acronym>AG</Acronym>
                    <Agency>NIA NIH HHS</Agency>
                    <Country>United States</Country>
                </Grant>
                <Grant>
                    <GrantID>P30 AG022838-049002</GrantID>
                    <Acronym>AG</Acronym>
                    <Agency>NIA NIH HHS</Agency>
                    <Country>United States</Country>
                </Grant>
                <Grant>
                    <GrantID>R21 EY014071-03</GrantID>
                    <Acronym>EY</Acronym>
                    <Agency>NEI NIH HHS</Agency>
                    <Country>United States</Country>
                </Grant>
                <Grant>
                    <GrantID>R21 EY014071-05</GrantID>
                    <Acronym>EY</Acronym>
                    <Agency>NEI NIH HHS</Agency>
                    <Country>United States</Country>
                </Grant>
                <Grant>
                    <GrantID>R21 EY014071-04</GrantID>
                    <Acronym>EY</Acronym>
                    <Agency>NEI NIH HHS</Agency>
                    <Country>United States</Country>
                </Grant>
                <Grant>
                    <GrantID>R21-EY14071</GrantID>
                    <Acronym>EY</Acronym>
                    <Agency>NEI NIH HHS</Agency>
                    <Country>United States</Country>
                </Grant>
            </GrantList>
            <PublicationTypeList>
                <PublicationType UI="D016428">Journal Article</PublicationType>
                <PublicationType UI="D052061">Research Support, N.I.H., Extramural</PublicationType>
                <PublicationType UI="D013485">Research Support, Non-U.S. Gov't</PublicationType>
            </PublicationTypeList>
            <ArticleDate DateType="Electronic">
                <Year>2008</Year>
                <Month>10</Month>
                <Day>16</Day>
            </ArticleDate>
        </Article>
        <MedlineJournalInfo>
            <Country>England</Country>
            <MedlineTA>Br J Ophthalmol</MedlineTA>
            <NlmUniqueID>0421041</NlmUniqueID>
            <ISSNLinking>0007-1161</ISSNLinking>
        </MedlineJournalInfo>
        <CitationSubset>IM</CitationSubset>
        <MeshHeadingList>
            <MeshHeading>
                <DescriptorName UI="D016001" MajorTopicYN="N">Confidence Intervals</DescriptorName>
            </MeshHeading>
            <MeshHeading>
                <DescriptorName UI="D003430" MajorTopicYN="N">Cross-Sectional Studies</DescriptorName>
            </MeshHeading>
            <MeshHeading>
                <DescriptorName UI="D005260" MajorTopicYN="N">Female</DescriptorName>
            </MeshHeading>
            <MeshHeading>
                <DescriptorName UI="D005902" MajorTopicYN="N">Glaucoma, Open-Angle</DescriptorName>
                <QualifierName UI="Q000209" MajorTopicYN="Y">etiology</QualifierName>
            </MeshHeading>
            <MeshHeading>
                <DescriptorName UI="D006302" MajorTopicYN="N">Health Services Research</DescriptorName>
                <QualifierName UI="Q000706" MajorTopicYN="N">statistics &amp; numerical data</QualifierName>
            </MeshHeading>
            <MeshHeading>
                <DescriptorName UI="D006801" MajorTopicYN="N">Humans</DescriptorName>
            </MeshHeading>
            <MeshHeading>
                <DescriptorName UI="D007429" MajorTopicYN="N">Intraocular Pressure</DescriptorName>
            </MeshHeading>
            <MeshHeading>
                <DescriptorName UI="D008297" MajorTopicYN="N">Male</DescriptorName>
            </MeshHeading>
            <MeshHeading>
                <DescriptorName UI="D008875" MajorTopicYN="N">Middle Aged</DescriptorName>
            </MeshHeading>
            <MeshHeading>
                <DescriptorName UI="D016017" MajorTopicYN="N">Odds Ratio</DescriptorName>
            </MeshHeading>
            <MeshHeading>
                <DescriptorName UI="D012307" MajorTopicYN="N">Risk Factors</DescriptorName>
            </MeshHeading>
            <MeshHeading>
                <DescriptorName UI="D012907" MajorTopicYN="N">Smoking</DescriptorName>
                <QualifierName UI="Q000009" MajorTopicYN="N">adverse effects</QualifierName>
            </MeshHeading>
            <MeshHeading>
                <DescriptorName UI="D013959" MajorTopicYN="N">Thyroid Diseases</DescriptorName>
                <QualifierName UI="Q000150" MajorTopicYN="Y">complications</QualifierName>
            </MeshHeading>
            <MeshHeading>
                <DescriptorName UI="D014481" MajorTopicYN="N" Type="Geographic">United States</DescriptorName>
            </MeshHeading>
        </MeshHeadingList>
    </MedlineCitation>
    <PubmedData>
        <History>
            <PubMedPubDate PubStatus="pubmed">
                <Year>2008</Year>
                <Month>10</Month>
                <Day>18</Day>
                <Hour>9</Hour>
                <Minute>0</Minute>
            </PubMedPubDate>
            <PubMedPubDate PubStatus="medline">
                <Year>2008</Year>
                <Month>12</Month>
                <Day>17</Day>
                <Hour>9</Hour>
                <Minute>0</Minute>
            </PubMedPubDate>
            <PubMedPubDate PubStatus="entrez">
                <Year>2008</Year>
                <Month>10</Month>
                <Day>18</Day>
                <Hour>9</Hour>
                <Minute>0</Minute>
            </PubMedPubDate>
        </History>
        <PublicationStatus>ppublish</PublicationStatus>
        <ArticleIdList>
            <ArticleId IdType="pubmed">18927223</ArticleId>
            <ArticleId IdType="pii">bjo.2008.147165</ArticleId>
            <ArticleId IdType="doi">10.1136/bjo.2008.147165</ArticleId>
            <ArticleId IdType="pmc">PMC2708670</ArticleId>
            <ArticleId IdType="mid">NIHMS119411</ArticleId>
        </ArticleIdList>
        <ReferenceList>
            <Reference>
                <Citation>Ophthalmology. 2008 Sep;115(9):1581-4</Citation>
                <ArticleIdList>
                    <ArticleId IdType="pubmed">18355921</ArticleId>
                </ArticleIdList>
            </Reference>
            <Reference>
                <Citation>Ophthalmology. 2008 Apr;115(4):639-647.e2</Citation>
                <ArticleIdList>
                    <ArticleId IdType="pubmed">17900693</ArticleId>
                </ArticleIdList>
            </Reference>
            <Reference>
                <Citation>Eye (Lond). 1997;11 ( Pt 1):113-4</Citation>
                <ArticleIdList>
                    <ArticleId IdType="pubmed">9246288</ArticleId>
                </ArticleIdList>
            </Reference>
            <Reference>
                <Citation>Graefes Arch Clin Exp Ophthalmol. 1999 Mar;237(3):231-40</Citation>
                <ArticleIdList>
                    <ArticleId IdType="pubmed">10090587</ArticleId>
                </ArticleIdList>
            </Reference>
            <Reference>
                <Citation>Ophthalmology. 2004 Sep;111(9):1649-52</Citation>
                <ArticleIdList>
                    <ArticleId IdType="pubmed">15350317</ArticleId>
                </ArticleIdList>
            </Reference>
            <Reference>
                <Citation>Annu Rev Public Health. 1996;17:121-36</Citation>
                <ArticleIdList>
                    <ArticleId IdType="pubmed">8724220</ArticleId>
                </ArticleIdList>
            </Reference>
            <Reference>
                <Citation>Can J Ophthalmol. 1992 Dec;27(7):341-4</Citation>
                <ArticleIdList>
                    <ArticleId IdType="pubmed">1490244</ArticleId>
                </ArticleIdList>
            </Reference>
            <Reference>
                <Citation>Ophthalmology. 1997 Jun;104(6):914-7</Citation>
                <ArticleIdList>
                    <ArticleId IdType="pubmed">9186429</ArticleId>
                </ArticleIdList>
            </Reference>
            <Reference>
                <Citation>Acta Physiol Scand. 1954;30(2-3):240-8</Citation>
                <ArticleIdList>
                    <ArticleId IdType="pubmed">13158098</ArticleId>
                </ArticleIdList>
            </Reference>
            <Reference>
                <Citation>Thyroid. 2001 Aug;11(8):769-73</Citation>
                <ArticleIdList>
                    <ArticleId IdType="pubmed">11525270</ArticleId>
                </ArticleIdList>
            </Reference>
            <Reference>
                <Citation>Ophthalmologica. 2000 Sep-Oct;214(5):347-9</Citation>
                <ArticleIdList>
                    <ArticleId IdType="pubmed">10965249</ArticleId>
                </ArticleIdList>
            </Reference>
            <Reference>
                <Citation>J Glaucoma. 1995 Jun;4(3):194-9</Citation>
                <ArticleIdList>
                    <ArticleId IdType="pubmed">19920668</ArticleId>
                </ArticleIdList>
            </Reference>
            <Reference>
                <Citation>Eye (Lond). 2004 Jun;18(6):600-8</Citation>
                <ArticleIdList>
                    <ArticleId IdType="pubmed">14716330</ArticleId>
                </ArticleIdList>
            </Reference>
            <Reference>
                <Citation>Ophthalmology. 1993 Oct;100(10):1580-4</Citation>
                <ArticleIdList>
                    <ArticleId IdType="pubmed">8414419</ArticleId>
                </ArticleIdList>
            </Reference>
            <Reference>
                <Citation>East Mediterr Health J. 2000 Mar-May;6(2-3):299-303</Citation>
                <ArticleIdList>
                    <ArticleId IdType="pubmed">11556016</ArticleId>
                </ArticleIdList>
            </Reference>
            <Reference>
                <Citation>J Glaucoma. 2007 Jun-Jul;16(4):358-62</Citation>
                <ArticleIdList>
                    <ArticleId IdType="pubmed">17570998</ArticleId>
                </ArticleIdList>
            </Reference>
            <Reference>
                <Citation>Eur J Ophthalmol. 2005 Sep-Oct;15(5):556-61</Citation>
                <ArticleIdList>
                    <ArticleId IdType="pubmed">16167286</ArticleId>
                </ArticleIdList>
            </Reference>
            <Reference>
                <Citation>Am J Ophthalmol. 2001 Jan;131(1):126-8</Citation>
                <ArticleIdList>
                    <ArticleId IdType="pubmed">11162988</ArticleId>
                </ArticleIdList>
            </Reference>
            <Reference>
                <Citation>Am J Ophthalmol. 2000 May;129(5):613-7</Citation>
                <ArticleIdList>
                    <ArticleId IdType="pubmed">10844052</ArticleId>
                </ArticleIdList>
            </Reference>
            <Reference>
                <Citation>Am J Public Health. 2008 Mar;98(3):454-61</Citation>
                <ArticleIdList>
                    <ArticleId IdType="pubmed">18235074</ArticleId>
                </ArticleIdList>
            </Reference>
            <Reference>
                <Citation>Trans Opthal Soc U K. 1956;76:51-63</Citation>
                <ArticleIdList>
                    <ArticleId IdType="pubmed">13409528</ArticleId>
                </ArticleIdList>
            </Reference>
            <Reference>
                <Citation>Arch Ophthalmol. 2004 Apr;122(4):532-8</Citation>
                <ArticleIdList>
                    <ArticleId IdType="pubmed">15078671</ArticleId>
                </ArticleIdList>
            </Reference>
            <Reference>
                <Citation>Otolaryngol Clin North Am. 2006 Oct;39(5):923-42, vi</Citation>
                <ArticleIdList>
                    <ArticleId IdType="pubmed">16982255</ArticleId>
                </ArticleIdList>
            </Reference>
        </ReferenceList>
    </PubmedData>
</PubmedArticle>

</PubmedArticleSet>