<?xml version="1.0" ?>
<!DOCTYPE PubmedArticleSet PUBLIC "-//NLM//DTD PubMedArticle, 1st January 2019//EN" "https://dtd.nlm.nih.gov/ncbi/pubmed/out/pubmed_190101.dtd">
<PubmedArticleSet>
<PubmedArticle>
    <MedlineCitation Status="MEDLINE" Owner="NLM">
        <PMID Version="1">20557938</PMID>
        <DateCompleted>
            <Year>2010</Year>
            <Month>10</Month>
            <Day>20</Day>
        </DateCompleted>
        <DateRevised>
            <Year>2013</Year>
            <Month>11</Month>
            <Day>21</Day>
        </DateRevised>
        <Article PubModel="Print-Electronic">
            <Journal>
                <ISSN IssnType="Electronic">1549-4713</ISSN>
                <JournalIssue CitedMedium="Internet">
                    <Volume>117</Volume>
                    <Issue>10</Issue>
                    <PubDate>
                        <Year>2010</Year>
                        <Month>Oct</Month>
                    </PubDate>
                </JournalIssue>
                <Title>Ophthalmology</Title>
                <ISOAbbreviation>Ophthalmology</ISOAbbreviation>
            </Journal>
            <ArticleTitle>Hypothyroidism and the risk of developing open-angle glaucoma: a five-year population-based follow-up study.</ArticleTitle>
            <Pagination>
                <MedlinePgn>1960-6</MedlinePgn>
            </Pagination>
            <ELocationID EIdType="doi" ValidYN="Y">10.1016/j.ophtha.2010.02.005</ELocationID>
            <Abstract>
                <AbstractText Label="OBJECTIVE" NlmCategory="OBJECTIVE">To investigate the risk of open-angle glaucoma (OAG) after a diagnosis of hypothyroidism.</AbstractText>
                <AbstractText Label="DESIGN" NlmCategory="METHODS">A retrospective, population-based follow-up study using an administrative database.</AbstractText>
                <AbstractText Label="PARTICIPANTS" NlmCategory="METHODS">The study group comprised 257 hypothyroidism patients. The comparison group included 2056 subjects.</AbstractText>
                <AbstractText Label="METHODS" NlmCategory="METHODS">Data were retrospectively collected from the Taiwan Longitudinal Health Insurance Database. The study cohort comprised patients aged ≥ 60 who received a first diagnosis of hypothyroidism (International Classification of Diseases, Ninth Revision, Clinical Modification code 244.9) from 1997 to 2001 (n = 257). The comparison cohort consisted of randomly selected patients without hypothyroidism who were aged ≥ 60 and had no diagnosis of glaucoma before 2001 (8 for every OAG patient; n = 2056). Each sampled patient was tracked for 5 years from their index visit. Cox proportional hazard regressions were used to compute the 5-year OAG-free survival rate, after adjusting for possible confounding factors.</AbstractText>
                <AbstractText Label="MAIN OUTCOME MEASURES" NlmCategory="METHODS">The risk of developing OAG during the 5-year follow-up period.</AbstractText>
                <AbstractText Label="RESULTS" NlmCategory="RESULTS">Open-angle glaucoma developed in 7.4% of patients with hypothyroidism and 3.8% of patients in the comparison cohort during the follow-up period. Hypothyroid patients had a significantly lower 5-year OAG-free survival rate than patients in the comparison cohort. After adjusting for patients' age, gender, monthly income, urbanization level, and comorbid medical disorders, hypothyroidism patients were found to have a 1.78-fold (95% confidence interval [CI], 1.04-3.06) greater risk of developing OAG than the comparison cohort. This association remained significant in untreated hypothyroidism patients (adjusted hazard ratio [HR], 2.37; 95% CI, 1.10-5.09) and became statistically nonsignificant in patients treated with levothyroxine (adjusted HR, 1.73; 95% CI, 0.89-3.38).</AbstractText>
                <AbstractText Label="CONCLUSIONS" NlmCategory="CONCLUSIONS">Hypothyroid patients had a significantly increased risk of OAG development during the 5-year follow-up period. Levothyroxine seemed to be protective.</AbstractText>
                <CopyrightInformation>Copyright © 2010 American Academy of Ophthalmology. Published by Elsevier Inc. All rights reserved.</CopyrightInformation>
            </Abstract>
            <AuthorList CompleteYN="Y">
                <Author ValidYN="Y">
                    <LastName>Lin</LastName>
                    <ForeName>Herng-Ching</ForeName>
                    <Initials>HC</Initials>
                    <AffiliationInfo>
                        <Affiliation>School of Health Care Administration, Taipei Medical University, Taipei, Taiwan.</Affiliation>
                    </AffiliationInfo>
                </Author>
                <Author ValidYN="Y">
                    <LastName>Kang</LastName>
                    <ForeName>Jiunn-Horng</ForeName>
                    <Initials>JH</Initials>
                </Author>
                <Author ValidYN="Y">
                    <LastName>Jiang</LastName>
                    <ForeName>Yi-Der</ForeName>
                    <Initials>YD</Initials>
                </Author>
                <Author ValidYN="Y">
                    <LastName>Ho</LastName>
                    <ForeName>Jau-Der</ForeName>
                    <Initials>JD</Initials>
                </Author>
            </AuthorList>
            <Language>eng</Language>
            <PublicationTypeList>
                <PublicationType UI="D016428">Journal Article</PublicationType>
            </PublicationTypeList>
            <ArticleDate DateType="Electronic">
                <Year>2010</Year>
                <Month>06</Month>
                <Day>16</Day>
            </ArticleDate>
        </Article>
        <MedlineJournalInfo>
            <Country>United States</Country>
            <MedlineTA>Ophthalmology</MedlineTA>
            <NlmUniqueID>7802443</NlmUniqueID>
            <ISSNLinking>0161-6420</ISSNLinking>
        </MedlineJournalInfo>
        <ChemicalList>
            <Chemical>
                <RegistryNumber>Q51BO43MG4</RegistryNumber>
                <NameOfSubstance UI="D013974">Thyroxine</NameOfSubstance>
            </Chemical>
        </ChemicalList>
        <CitationSubset>IM</CitationSubset>
        <MeshHeadingList>
            <MeshHeading>
                <DescriptorName UI="D000368" MajorTopicYN="N">Aged</DescriptorName>
            </MeshHeading>
            <MeshHeading>
                <DescriptorName UI="D018572" MajorTopicYN="N">Disease-Free Survival</DescriptorName>
            </MeshHeading>
            <MeshHeading>
                <DescriptorName UI="D005260" MajorTopicYN="N">Female</DescriptorName>
            </MeshHeading>
            <MeshHeading>
                <DescriptorName UI="D005500" MajorTopicYN="N">Follow-Up Studies</DescriptorName>
            </MeshHeading>
            <MeshHeading>
                <DescriptorName UI="D005902" MajorTopicYN="N">Glaucoma, Open-Angle</DescriptorName>
                <QualifierName UI="Q000209" MajorTopicYN="Y">etiology</QualifierName>
            </MeshHeading>
            <MeshHeading>
                <DescriptorName UI="D006801" MajorTopicYN="N">Humans</DescriptorName>
            </MeshHeading>
            <MeshHeading>
                <DescriptorName UI="D007037" MajorTopicYN="N">Hypothyroidism</DescriptorName>
                <QualifierName UI="Q000150" MajorTopicYN="Y">complications</QualifierName>
                <QualifierName UI="Q000517" MajorTopicYN="N">prevention &amp; control</QualifierName>
            </MeshHeading>
            <MeshHeading>
                <DescriptorName UI="D008297" MajorTopicYN="N">Male</DescriptorName>
            </MeshHeading>
            <MeshHeading>
                <DescriptorName UI="D008875" MajorTopicYN="N">Middle Aged</DescriptorName>
            </MeshHeading>
            <MeshHeading>
                <DescriptorName UI="D016016" MajorTopicYN="N">Proportional Hazards Models</DescriptorName>
            </MeshHeading>
            <MeshHeading>
                <DescriptorName UI="D012189" MajorTopicYN="N">Retrospective Studies</DescriptorName>
            </MeshHeading>
            <MeshHeading>
                <DescriptorName UI="D012307" MajorTopicYN="N">Risk Factors</DescriptorName>
            </MeshHeading>
            <MeshHeading>
                <DescriptorName UI="D013974" MajorTopicYN="N">Thyroxine</DescriptorName>
                <QualifierName UI="Q000627" MajorTopicYN="N">therapeutic use</QualifierName>
            </MeshHeading>
        </MeshHeadingList>
    </MedlineCitation>
    <PubmedData>
        <History>
            <PubMedPubDate PubStatus="received">
                <Year>2009</Year>
                <Month>09</Month>
                <Day>04</Day>
            </PubMedPubDate>
            <PubMedPubDate PubStatus="revised">
                <Year>2010</Year>
                <Month>01</Month>
                <Day>22</Day>
            </PubMedPubDate>
            <PubMedPubDate PubStatus="accepted">
                <Year>2010</Year>
                <Month>02</Month>
                <Day>02</Day>
            </PubMedPubDate>
            <PubMedPubDate PubStatus="entrez">
                <Year>2010</Year>
                <Month>6</Month>
                <Day>19</Day>
                <Hour>6</Hour>
                <Minute>0</Minute>
            </PubMedPubDate>
            <PubMedPubDate PubStatus="pubmed">
                <Year>2010</Year>
                <Month>6</Month>
                <Day>19</Day>
                <Hour>6</Hour>
                <Minute>0</Minute>
            </PubMedPubDate>
            <PubMedPubDate PubStatus="medline">
                <Year>2010</Year>
                <Month>10</Month>
                <Day>21</Day>
                <Hour>6</Hour>
                <Minute>0</Minute>
            </PubMedPubDate>
        </History>
        <PublicationStatus>ppublish</PublicationStatus>
        <ArticleIdList>
            <ArticleId IdType="pubmed">20557938</ArticleId>
            <ArticleId IdType="pii">S0161-6420(10)00138-7</ArticleId>
            <ArticleId IdType="doi">10.1016/j.ophtha.2010.02.005</ArticleId>
        </ArticleIdList>
    </PubmedData>
</PubmedArticle>

</PubmedArticleSet>