<?xml version="1.0" ?>
<!DOCTYPE PubmedArticleSet PUBLIC "-//NLM//DTD PubMedArticle, 1st January 2019//EN" "https://dtd.nlm.nih.gov/ncbi/pubmed/out/pubmed_190101.dtd">
<PubmedArticleSet>
<PubmedArticle>
    <MedlineCitation Status="MEDLINE" Owner="NLM">
        <PMID Version="1">26230664</PMID>
        <DateCompleted>
            <Year>2016</Year>
            <Month>05</Month>
            <Day>04</Day>
        </DateCompleted>
        <DateRevised>
            <Year>2018</Year>
            <Month>11</Month>
            <Day>13</Day>
        </DateRevised>
        <Article PubModel="Electronic-eCollection">
            <Journal>
                <ISSN IssnType="Electronic">1932-6203</ISSN>
                <JournalIssue CitedMedium="Internet">
                    <Volume>10</Volume>
                    <Issue>7</Issue>
                    <PubDate>
                        <Year>2015</Year>
                    </PubDate>
                </JournalIssue>
                <Title>PloS one</Title>
                <ISOAbbreviation>PLoS One</ISOAbbreviation>
            </Journal>
            <ArticleTitle>Hypothyroidism and Glaucoma in The United States.</ArticleTitle>
            <Pagination>
                <MedlinePgn>e0133688</MedlinePgn>
            </Pagination>
            <ELocationID EIdType="doi" ValidYN="Y">10.1371/journal.pone.0133688</ELocationID>
            <Abstract>
                <AbstractText Label="PURPOSE" NlmCategory="OBJECTIVE">To investigate the association between hypothyroidism and glaucomatous disease.</AbstractText>
                <AbstractText Label="METHODS" NlmCategory="METHODS">This cross-sectional study included all subjects above the age of 40 years from two nationwide surveys: the 2008 National Health Interview Survey (NHIS) as well as the 2007 and 2008 National Health and Nutrition Examination Survey (NHANES). The presence or absence of glaucoma, thyroid disease and other demographic and health-related information including comorbidities was ascertained via interview. Blood samples were collected from NHANES subjects and analyzed for thyrotropin (TSH).</AbstractText>
                <AbstractText Label="RESULTS" NlmCategory="RESULTS">A total of 13,599 and 3,839 NHIS and NHANES participants respectively were analyzed to assess for a possible relationship between self-reported glaucoma, and self-reported hypothyroidism as well as self-reported thyroid disease. The unadjusted odds ratio (OR) for NHIS showed a significant association between self-reported glaucoma and self-reported hypothyroidism (OR 1.46, 95% confidence interval [CI] 1.07-1.99). Multivariate logistic regression analysis adjusted for age, gender, race, comorbidities, and health-related behavior, however, showed no association between self-reported glaucoma and hypothyroidism or thyroid disease in both surveys (OR 1.60, 95%CI 0.87-2.95 for NHIS; OR 1.05, 95%CI 0.59-1.88 for NHANES).</AbstractText>
                <AbstractText Label="CONCLUSION" NlmCategory="CONCLUSIONS">A previously reported association between hypothyroidism and glaucomatous disease was not confirmed in two large U.S. health survey populations. While such an association was noted in the univariate analysis for the NHIS survey, such a relationship was not found in the multivariate analysis after adjustment for potential confounding variables.</AbstractText>
            </Abstract>
            <AuthorList CompleteYN="Y">
                <Author ValidYN="Y">
                    <LastName>Kakigi</LastName>
                    <ForeName>Caitlin</ForeName>
                    <Initials>C</Initials>
                    <AffiliationInfo>
                        <Affiliation>Department of Ophthalmology, University of California, San Francisco, San Francisco, California, United States of America.</Affiliation>
                    </AffiliationInfo>
                </Author>
                <Author ValidYN="Y">
                    <LastName>Kasuga</LastName>
                    <ForeName>Toshimitsu</ForeName>
                    <Initials>T</Initials>
                    <AffiliationInfo>
                        <Affiliation>Department of Ophthalmology, University of California, San Francisco, San Francisco, California, United States of America; Department of Ophthalmology, Juntendo University School of Medicine, Tokyo, Japan.</Affiliation>
                    </AffiliationInfo>
                </Author>
                <Author ValidYN="Y">
                    <LastName>Wang</LastName>
                    <ForeName>Sophia Y</ForeName>
                    <Initials>SY</Initials>
                    <AffiliationInfo>
                        <Affiliation>Department of Ophthalmology, University of California, San Francisco, San Francisco, California, United States of America.</Affiliation>
                    </AffiliationInfo>
                </Author>
                <Author ValidYN="Y">
                    <LastName>Singh</LastName>
                    <ForeName>Kuldev</ForeName>
                    <Initials>K</Initials>
                    <AffiliationInfo>
                        <Affiliation>Department of Ophthalmology, Stanford University, Stanford, California, United States of America.</Affiliation>
                    </AffiliationInfo>
                </Author>
                <Author ValidYN="Y">
                    <LastName>Hiratsuka</LastName>
                    <ForeName>Yoshimune</ForeName>
                    <Initials>Y</Initials>
                    <AffiliationInfo>
                        <Affiliation>Department of Ophthalmology, Juntendo University School of Medicine, Tokyo, Japan.</Affiliation>
                    </AffiliationInfo>
                </Author>
                <Author ValidYN="Y">
                    <LastName>Murakami</LastName>
                    <ForeName>Akira</ForeName>
                    <Initials>A</Initials>
                    <AffiliationInfo>
                        <Affiliation>Department of Ophthalmology, Juntendo University School of Medicine, Tokyo, Japan.</Affiliation>
                    </AffiliationInfo>
                </Author>
                <Author ValidYN="Y">
                    <LastName>Lin</LastName>
                    <ForeName>Shan C</ForeName>
                    <Initials>SC</Initials>
                    <AffiliationInfo>
                        <Affiliation>Department of Ophthalmology, University of California, San Francisco, San Francisco, California, United States of America.</Affiliation>
                    </AffiliationInfo>
                </Author>
            </AuthorList>
            <Language>eng</Language>
            <GrantList CompleteYN="Y">
                <Grant>
                    <GrantID>P30 EY002162</GrantID>
                    <Acronym>EY</Acronym>
                    <Agency>NEI NIH HHS</Agency>
                    <Country>United States</Country>
                </Grant>
                <Grant>
                    <GrantID>EY002162</GrantID>
                    <Acronym>EY</Acronym>
                    <Agency>NEI NIH HHS</Agency>
                    <Country>United States</Country>
                </Grant>
            </GrantList>
            <PublicationTypeList>
                <PublicationType UI="D016428">Journal Article</PublicationType>
                <PublicationType UI="D052061">Research Support, N.I.H., Extramural</PublicationType>
                <PublicationType UI="D013485">Research Support, Non-U.S. Gov't</PublicationType>
            </PublicationTypeList>
            <ArticleDate DateType="Electronic">
                <Year>2015</Year>
                <Month>07</Month>
                <Day>31</Day>
            </ArticleDate>
        </Article>
        <MedlineJournalInfo>
            <Country>United States</Country>
            <MedlineTA>PLoS One</MedlineTA>
            <NlmUniqueID>101285081</NlmUniqueID>
            <ISSNLinking>1932-6203</ISSNLinking>
        </MedlineJournalInfo>
        <ChemicalList>
            <Chemical>
                <RegistryNumber>9002-71-5</RegistryNumber>
                <NameOfSubstance UI="D013972">Thyrotropin</NameOfSubstance>
            </Chemical>
        </ChemicalList>
        <CitationSubset>IM</CitationSubset>
        <MeshHeadingList>
            <MeshHeading>
                <DescriptorName UI="D003430" MajorTopicYN="N">Cross-Sectional Studies</DescriptorName>
            </MeshHeading>
            <MeshHeading>
                <DescriptorName UI="D005260" MajorTopicYN="N">Female</DescriptorName>
            </MeshHeading>
            <MeshHeading>
                <DescriptorName UI="D005901" MajorTopicYN="N">Glaucoma</DescriptorName>
                <QualifierName UI="Q000097" MajorTopicYN="N">blood</QualifierName>
                <QualifierName UI="Q000503" MajorTopicYN="Y">physiopathology</QualifierName>
            </MeshHeading>
            <MeshHeading>
                <DescriptorName UI="D006306" MajorTopicYN="N">Health Surveys</DescriptorName>
            </MeshHeading>
            <MeshHeading>
                <DescriptorName UI="D006801" MajorTopicYN="N">Humans</DescriptorName>
            </MeshHeading>
            <MeshHeading>
                <DescriptorName UI="D007037" MajorTopicYN="N">Hypothyroidism</DescriptorName>
                <QualifierName UI="Q000097" MajorTopicYN="N">blood</QualifierName>
                <QualifierName UI="Q000503" MajorTopicYN="Y">physiopathology</QualifierName>
            </MeshHeading>
            <MeshHeading>
                <DescriptorName UI="D008297" MajorTopicYN="N">Male</DescriptorName>
            </MeshHeading>
            <MeshHeading>
                <DescriptorName UI="D008875" MajorTopicYN="N">Middle Aged</DescriptorName>
            </MeshHeading>
            <MeshHeading>
                <DescriptorName UI="D016017" MajorTopicYN="N">Odds Ratio</DescriptorName>
            </MeshHeading>
            <MeshHeading>
                <DescriptorName UI="D012307" MajorTopicYN="N">Risk Factors</DescriptorName>
            </MeshHeading>
            <MeshHeading>
                <DescriptorName UI="D057566" MajorTopicYN="N">Self Report</DescriptorName>
            </MeshHeading>
            <MeshHeading>
                <DescriptorName UI="D013959" MajorTopicYN="N">Thyroid Diseases</DescriptorName>
                <QualifierName UI="Q000097" MajorTopicYN="N">blood</QualifierName>
                <QualifierName UI="Q000503" MajorTopicYN="N">physiopathology</QualifierName>
            </MeshHeading>
            <MeshHeading>
                <DescriptorName UI="D013972" MajorTopicYN="N">Thyrotropin</DescriptorName>
                <QualifierName UI="Q000097" MajorTopicYN="N">blood</QualifierName>
            </MeshHeading>
            <MeshHeading>
                <DescriptorName UI="D014481" MajorTopicYN="N" Type="Geographic">United States</DescriptorName>
            </MeshHeading>
        </MeshHeadingList>
    </MedlineCitation>
    <PubmedData>
        <History>
            <PubMedPubDate PubStatus="received">
                <Year>2014</Year>
                <Month>05</Month>
                <Day>11</Day>
            </PubMedPubDate>
            <PubMedPubDate PubStatus="accepted">
                <Year>2015</Year>
                <Month>07</Month>
                <Day>01</Day>
            </PubMedPubDate>
            <PubMedPubDate PubStatus="entrez">
                <Year>2015</Year>
                <Month>8</Month>
                <Day>1</Day>
                <Hour>6</Hour>
                <Minute>0</Minute>
            </PubMedPubDate>
            <PubMedPubDate PubStatus="pubmed">
                <Year>2015</Year>
                <Month>8</Month>
                <Day>1</Day>
                <Hour>6</Hour>
                <Minute>0</Minute>
            </PubMedPubDate>
            <PubMedPubDate PubStatus="medline">
                <Year>2016</Year>
                <Month>5</Month>
                <Day>5</Day>
                <Hour>6</Hour>
                <Minute>0</Minute>
            </PubMedPubDate>
        </History>
        <PublicationStatus>epublish</PublicationStatus>
        <ArticleIdList>
            <ArticleId IdType="pubmed">26230664</ArticleId>
            <ArticleId IdType="doi">10.1371/journal.pone.0133688</ArticleId>
            <ArticleId IdType="pii">PONE-D-14-19804</ArticleId>
            <ArticleId IdType="pmc">PMC4521841</ArticleId>
        </ArticleIdList>
        <ReferenceList>
            <Reference>
                <Citation>Ophthalmologica. 2000 Sep-Oct;214(5):347-9</Citation>
                <ArticleIdList>
                    <ArticleId IdType="pubmed">10965249</ArticleId>
                </ArticleIdList>
            </Reference>
            <Reference>
                <Citation>Br J Ophthalmol. 2011 Apr;95(4):592-4</Citation>
                <ArticleIdList>
                    <ArticleId IdType="pubmed">21258079</ArticleId>
                </ArticleIdList>
            </Reference>
            <Reference>
                <Citation>Thyroid. 2001 Aug;11(8):769-73</Citation>
                <ArticleIdList>
                    <ArticleId IdType="pubmed">11525270</ArticleId>
                </ArticleIdList>
            </Reference>
            <Reference>
                <Citation>J Clin Endocrinol Metab. 2002 Feb;87(2):489-99</Citation>
                <ArticleIdList>
                    <ArticleId IdType="pubmed">11836274</ArticleId>
                </ArticleIdList>
            </Reference>
            <Reference>
                <Citation>Eye (Lond). 2004 Jun;18(6):600-8</Citation>
                <ArticleIdList>
                    <ArticleId IdType="pubmed">14716330</ArticleId>
                </ArticleIdList>
            </Reference>
            <Reference>
                <Citation>Can J Ophthalmol. 1992 Dec;27(7):341-4</Citation>
                <ArticleIdList>
                    <ArticleId IdType="pubmed">1490244</ArticleId>
                </ArticleIdList>
            </Reference>
            <Reference>
                <Citation>Can J Ophthalmol. 1992 Dec;27(7):345-7</Citation>
                <ArticleIdList>
                    <ArticleId IdType="pubmed">1490245</ArticleId>
                </ArticleIdList>
            </Reference>
            <Reference>
                <Citation>Ophthalmology. 1993 Oct;100(10):1580-4</Citation>
                <ArticleIdList>
                    <ArticleId IdType="pubmed">8414419</ArticleId>
                </ArticleIdList>
            </Reference>
            <Reference>
                <Citation>Ophthalmology. 1994 Apr;101(4):623-4</Citation>
                <ArticleIdList>
                    <ArticleId IdType="pubmed">8152752</ArticleId>
                </ArticleIdList>
            </Reference>
            <Reference>
                <Citation>J Am Optom Assoc. 1996 Feb;67(2):109-14</Citation>
                <ArticleIdList>
                    <ArticleId IdType="pubmed">9120201</ArticleId>
                </ArticleIdList>
            </Reference>
            <Reference>
                <Citation>Eur J Endocrinol. 1997 Jun;136(6):595-8</Citation>
                <ArticleIdList>
                    <ArticleId IdType="pubmed">9225722</ArticleId>
                </ArticleIdList>
            </Reference>
            <Reference>
                <Citation>Eye (Lond). 1997;11 ( Pt 1):113-4</Citation>
                <ArticleIdList>
                    <ArticleId IdType="pubmed">9246288</ArticleId>
                </ArticleIdList>
            </Reference>
            <Reference>
                <Citation>Acta Ophthalmol Scand Suppl. 1997;(224):47-8</Citation>
                <ArticleIdList>
                    <ArticleId IdType="pubmed">9589734</ArticleId>
                </ArticleIdList>
            </Reference>
            <Reference>
                <Citation>Ophthalmology. 2008 Sep;115(9):1581-4</Citation>
                <ArticleIdList>
                    <ArticleId IdType="pubmed">18355921</ArticleId>
                </ArticleIdList>
            </Reference>
            <Reference>
                <Citation>Br J Ophthalmol. 2008 Nov;92(11):1503-5</Citation>
                <ArticleIdList>
                    <ArticleId IdType="pubmed">18927223</ArticleId>
                </ArticleIdList>
            </Reference>
            <Reference>
                <Citation>Ophthalmology. 2010 Oct;117(10):1960-6</Citation>
                <ArticleIdList>
                    <ArticleId IdType="pubmed">20557938</ArticleId>
                </ArticleIdList>
            </Reference>
            <Reference>
                <Citation>Jpn J Ophthalmol. 2012 Jul;56(4):324-9</Citation>
                <ArticleIdList>
                    <ArticleId IdType="pubmed">22661397</ArticleId>
                </ArticleIdList>
            </Reference>
            <Reference>
                <Citation>Ophthalmology. 2012 Sep;119(9):1725-30</Citation>
                <ArticleIdList>
                    <ArticleId IdType="pubmed">22537615</ArticleId>
                </ArticleIdList>
            </Reference>
            <Reference>
                <Citation>Am J Ophthalmol. 2001 Jan;131(1):126-8</Citation>
                <ArticleIdList>
                    <ArticleId IdType="pubmed">11162988</ArticleId>
                </ArticleIdList>
            </Reference>
        </ReferenceList>
    </PubmedData>
</PubmedArticle>

</PubmedArticleSet>