<?xml version="1.0" ?>
<!DOCTYPE PubmedArticleSet PUBLIC "-//NLM//DTD PubMedArticle, 1st January 2019//EN" "https://dtd.nlm.nih.gov/ncbi/pubmed/out/pubmed_190101.dtd">
<PubmedArticleSet>
<PubmedArticle>
    <MedlineCitation Status="MEDLINE" Owner="NLM">
        <PMID Version="1">27794426</PMID>
        <DateCompleted>
            <Year>2017</Year>
            <Month>06</Month>
            <Day>02</Day>
        </DateCompleted>
        <DateRevised>
            <Year>2018</Year>
            <Month>12</Month>
            <Day>02</Day>
        </DateRevised>
        <Article PubModel="Print-Electronic">
            <Journal>
                <ISSN IssnType="Electronic">1879-1891</ISSN>
                <JournalIssue CitedMedium="Internet">
                    <Volume>174</Volume>
                    <PubDate>
                        <Year>2017</Year>
                        <Month>Feb</Month>
                    </PubDate>
                </JournalIssue>
                <Title>American journal of ophthalmology</Title>
                <ISOAbbreviation>Am J Ophthalmol</ISOAbbreviation>
            </Journal>
            <ArticleTitle>Fornix-Based Versus Limbal-Based Conjunctival Trabeculectomy Flaps for Glaucoma: Findings From a Cochrane Systematic Review.</ArticleTitle>
            <Pagination>
                <MedlinePgn>33-41</MedlinePgn>
            </Pagination>
            <ELocationID EIdType="pii" ValidYN="Y">S0002-9394(16)30518-9</ELocationID>
            <ELocationID EIdType="doi" ValidYN="Y">10.1016/j.ajo.2016.10.006</ELocationID>
            <Abstract>
                <AbstractText Label="PURPOSE" NlmCategory="OBJECTIVE">To compare effectiveness of fornix- and limbal-based conjunctival flaps in trabeculectomy surgery.</AbstractText>
                <AbstractText Label="DESIGN" NlmCategory="METHODS">Systematic review.</AbstractText>
                <AbstractText Label="METHODS" NlmCategory="METHODS">Setting: CENTRAL, MEDLINE, LILACS, ISRCTN registry, ClinicalTrials.gov, WHO, and ICTRP were searched to identify eligible randomized controlled trials (RCTs).</AbstractText>
                <AbstractText Label="STUDY POPULATION" NlmCategory="METHODS">RCTs in which benefits and complications of fornix- vs limbal-based trabeculectomy for glaucoma were compared in adult glaucoma patients.</AbstractText>
                <AbstractText Label="OBSERVATION PROCEDURE" NlmCategory="METHODS">We followed Cochrane methodology for data extraction.</AbstractText>
                <AbstractText Label="MAIN OUTCOME MEASURES" NlmCategory="METHODS">Proportion of failed trabeculectomies at 24 months, defined as the need for repeat surgery or uncontrolled intraocular pressure (IOP) &gt;22 mm Hg, despite topical/systemic medications.</AbstractText>
                <AbstractText Label="RESULTS" NlmCategory="RESULTS">The review included 6 trials with a total of 361 participants, showing no difference in effectiveness between fornix-based vs limbal-based trabeculectomy surgery, although with a high level of uncertainty owing to low event rates. In the fornix-based and limbal-based surgery, mean IOP at 12 months was similar, with ranges of 12.5-15.5 mm Hg and 11.7-15.1 mm Hg, respectively. Mean difference was 0.44 mm Hg (95% CI -0.45 to 1.33) and 0.86 mm Hg (95% CI -0.52 to 2.24) at 12 and 24 months of follow-up, respectively. Mean number of postoperative glaucoma medications was similar between the 2 groups. Mean difference was 0.02 (95% CI -0.15 to 0.19) at 12 months. As far as postoperative complications, an increased risk of shallow anterior chamber was observed in the limbal-based group.</AbstractText>
                <AbstractText Label="CONCLUSION" NlmCategory="CONCLUSIONS">Similar efficacy of trabeculectomy surgery with respect to bleb failure or IOP control was observed in both types of conjunctival flap incisions. A significant difference was detected in the risk of postoperative shallow anterior chamber, which was increased in the limbal-based group.</AbstractText>
                <CopyrightInformation>Copyright © 2016 Elsevier Inc. All rights reserved.</CopyrightInformation>
            </Abstract>
            <AuthorList CompleteYN="Y">
                <Author ValidYN="Y">
                    <LastName>Al-Haddad</LastName>
                    <ForeName>Christiane E</ForeName>
                    <Initials>CE</Initials>
                    <AffiliationInfo>
                        <Affiliation>Department of Ophthalmology, American University of Beirut, Beirut, Lebanon. Electronic address: ca12@aub.edu.lb.</Affiliation>
                    </AffiliationInfo>
                </Author>
                <Author ValidYN="Y">
                    <LastName>Abdulaal</LastName>
                    <ForeName>Marwan</ForeName>
                    <Initials>M</Initials>
                    <AffiliationInfo>
                        <Affiliation>Department of Ophthalmology, American University of Beirut, Beirut, Lebanon.</Affiliation>
                    </AffiliationInfo>
                </Author>
                <Author ValidYN="Y">
                    <LastName>Al-Moujahed</LastName>
                    <ForeName>Ahmad</ForeName>
                    <Initials>A</Initials>
                    <AffiliationInfo>
                        <Affiliation>Department of Ophthalmology, Massachusetts Eye and Ear Infirmary, Harvard Medical School, Boston, Massachusetts.</Affiliation>
                    </AffiliationInfo>
                </Author>
                <Author ValidYN="Y">
                    <LastName>Ervin</LastName>
                    <ForeName>Ann-Margret</ForeName>
                    <Initials>AM</Initials>
                    <AffiliationInfo>
                        <Affiliation>Department of Epidemiology, Johns Hopkins Bloomberg School of Public Health, Baltimore, Maryland.</Affiliation>
                    </AffiliationInfo>
                </Author>
                <Author ValidYN="Y">
                    <LastName>Ismail</LastName>
                    <ForeName>Karine</ForeName>
                    <Initials>K</Initials>
                    <AffiliationInfo>
                        <Affiliation>Department of Ophthalmology, American University of Beirut, Beirut, Lebanon.</Affiliation>
                    </AffiliationInfo>
                </Author>
            </AuthorList>
            <Language>eng</Language>
            <GrantList CompleteYN="Y">
                <Grant>
                    <GrantID>U01 EY020522</GrantID>
                    <Acronym>EY</Acronym>
                    <Agency>NEI NIH HHS</Agency>
                    <Country>United States</Country>
                </Grant>
            </GrantList>
            <PublicationTypeList>
                <PublicationType UI="D016428">Journal Article</PublicationType>
                <PublicationType UI="D016454">Review</PublicationType>
                <PublicationType UI="D000078182">Systematic Review</PublicationType>
            </PublicationTypeList>
            <ArticleDate DateType="Electronic">
                <Year>2016</Year>
                <Month>10</Month>
                <Day>26</Day>
            </ArticleDate>
        </Article>
        <MedlineJournalInfo>
            <Country>United States</Country>
            <MedlineTA>Am J Ophthalmol</MedlineTA>
            <NlmUniqueID>0370500</NlmUniqueID>
            <ISSNLinking>0002-9394</ISSNLinking>
        </MedlineJournalInfo>
        <CitationSubset>AIM</CitationSubset>
        <CitationSubset>IM</CitationSubset>
        <MeshHeadingList>
            <MeshHeading>
                <DescriptorName UI="D003228" MajorTopicYN="N">Conjunctiva</DescriptorName>
                <QualifierName UI="Q000601" MajorTopicYN="Y">surgery</QualifierName>
            </MeshHeading>
            <MeshHeading>
                <DescriptorName UI="D005901" MajorTopicYN="N">Glaucoma</DescriptorName>
                <QualifierName UI="Q000601" MajorTopicYN="Y">surgery</QualifierName>
            </MeshHeading>
            <MeshHeading>
                <DescriptorName UI="D006801" MajorTopicYN="N">Humans</DescriptorName>
            </MeshHeading>
            <MeshHeading>
                <DescriptorName UI="D016850" MajorTopicYN="N">Limbus Corneae</DescriptorName>
                <QualifierName UI="Q000601" MajorTopicYN="Y">surgery</QualifierName>
            </MeshHeading>
            <MeshHeading>
                <DescriptorName UI="D013524" MajorTopicYN="Y">Surgical Flaps</DescriptorName>
            </MeshHeading>
            <MeshHeading>
                <DescriptorName UI="D014130" MajorTopicYN="N">Trabeculectomy</DescriptorName>
                <QualifierName UI="Q000379" MajorTopicYN="Y">methods</QualifierName>
            </MeshHeading>
        </MeshHeadingList>
    </MedlineCitation>
    <PubmedData>
        <History>
            <PubMedPubDate PubStatus="received">
                <Year>2016</Year>
                <Month>08</Month>
                <Day>05</Day>
            </PubMedPubDate>
            <PubMedPubDate PubStatus="revised">
                <Year>2016</Year>
                <Month>10</Month>
                <Day>14</Day>
            </PubMedPubDate>
            <PubMedPubDate PubStatus="accepted">
                <Year>2016</Year>
                <Month>10</Month>
                <Day>19</Day>
            </PubMedPubDate>
            <PubMedPubDate PubStatus="pubmed">
                <Year>2016</Year>
                <Month>10</Month>
                <Day>31</Day>
                <Hour>6</Hour>
                <Minute>0</Minute>
            </PubMedPubDate>
            <PubMedPubDate PubStatus="medline">
                <Year>2017</Year>
                <Month>6</Month>
                <Day>3</Day>
                <Hour>6</Hour>
                <Minute>0</Minute>
            </PubMedPubDate>
            <PubMedPubDate PubStatus="entrez">
                <Year>2016</Year>
                <Month>10</Month>
                <Day>31</Day>
                <Hour>6</Hour>
                <Minute>0</Minute>
            </PubMedPubDate>
        </History>
        <PublicationStatus>ppublish</PublicationStatus>
        <ArticleIdList>
            <ArticleId IdType="pubmed">27794426</ArticleId>
            <ArticleId IdType="pii">S0002-9394(16)30518-9</ArticleId>
            <ArticleId IdType="doi">10.1016/j.ajo.2016.10.006</ArticleId>
            <ArticleId IdType="pmc">PMC5321540</ArticleId>
            <ArticleId IdType="mid">NIHMS838266</ArticleId>
        </ArticleIdList>
        <ReferenceList>
            <Reference>
                <Citation>Int Ophthalmol Clin. 2005 Fall;45(4):107-13</Citation>
                <ArticleIdList>
                    <ArticleId IdType="pubmed">16199970</ArticleId>
                </ArticleIdList>
            </Reference>
            <Reference>
                <Citation>Eye (Lond). 2005 Jun;19(6):631-6</Citation>
                <ArticleIdList>
                    <ArticleId IdType="pubmed">15389284</ArticleId>
                </ArticleIdList>
            </Reference>
            <Reference>
                <Citation>J Cataract Refract Surg. 2002 Oct;28(10):1758-62</Citation>
                <ArticleIdList>
                    <ArticleId IdType="pubmed">12388024</ArticleId>
                </ArticleIdList>
            </Reference>
            <Reference>
                <Citation>Am J Ophthalmol. 1968 Oct;66(4):673-9</Citation>
                <ArticleIdList>
                    <ArticleId IdType="pubmed">4891876</ArticleId>
                </ArticleIdList>
            </Reference>
            <Reference>
                <Citation>Arch Ophthalmol. 1984 Mar;102(3):361-2</Citation>
                <ArticleIdList>
                    <ArticleId IdType="pubmed">6703982</ArticleId>
                </ArticleIdList>
            </Reference>
            <Reference>
                <Citation>Ophthalmic Surg Lasers. 1997 Jul;28(7):551-7</Citation>
                <ArticleIdList>
                    <ArticleId IdType="pubmed">9243657</ArticleId>
                </ArticleIdList>
            </Reference>
            <Reference>
                <Citation>Cochrane Database Syst Rev. 2006 Jul 19;(3):CD005555</Citation>
                <ArticleIdList>
                    <ArticleId IdType="pubmed">16856103</ArticleId>
                </ArticleIdList>
            </Reference>
            <Reference>
                <Citation>Am J Ophthalmol. 1998 Mar;125(3):340-5</Citation>
                <ArticleIdList>
                    <ArticleId IdType="pubmed">9512151</ArticleId>
                </ArticleIdList>
            </Reference>
            <Reference>
                <Citation>Am J Ophthalmol. 1990 Jun 15;109(6):709-15</Citation>
                <ArticleIdList>
                    <ArticleId IdType="pubmed">2346201</ArticleId>
                </ArticleIdList>
            </Reference>
            <Reference>
                <Citation>J Glaucoma. 2015 Sep;24(7):533-8</Citation>
                <ArticleIdList>
                    <ArticleId IdType="pubmed">24240876</ArticleId>
                </ArticleIdList>
            </Reference>
            <Reference>
                <Citation>Cochrane Database Syst Rev. 2015 Nov 25;(11):CD009380</Citation>
                <ArticleIdList>
                    <ArticleId IdType="pubmed">26599668</ArticleId>
                </ArticleIdList>
            </Reference>
            <Reference>
                <Citation>Ophthalmology. 2008 Mar;115(3):447-454.e1</Citation>
                <ArticleIdList>
                    <ArticleId IdType="pubmed">17825417</ArticleId>
                </ArticleIdList>
            </Reference>
            <Reference>
                <Citation>Bull World Health Organ. 1995;73(1):115-21</Citation>
                <ArticleIdList>
                    <ArticleId IdType="pubmed">7704921</ArticleId>
                </ArticleIdList>
            </Reference>
            <Reference>
                <Citation>Indian J Ophthalmol. 1992 Apr-Jun;40(2):41-3</Citation>
                <ArticleIdList>
                    <ArticleId IdType="pubmed">1452280</ArticleId>
                </ArticleIdList>
            </Reference>
            <Reference>
                <Citation>Cochrane Database Syst Rev. 2005 Oct 19;(4):CD002897</Citation>
                <ArticleIdList>
                    <ArticleId IdType="pubmed">16235305</ArticleId>
                </ArticleIdList>
            </Reference>
            <Reference>
                <Citation>J Glaucoma. 1999 Apr;8(2):124-8</Citation>
                <ArticleIdList>
                    <ArticleId IdType="pubmed">10209729</ArticleId>
                </ArticleIdList>
            </Reference>
            <Reference>
                <Citation>Curr Opin Ophthalmol. 2010 Mar;21(2):118-22</Citation>
                <ArticleIdList>
                    <ArticleId IdType="pubmed">20040874</ArticleId>
                </ArticleIdList>
            </Reference>
            <Reference>
                <Citation>Br J Ophthalmol. 2014 Apr;98(4):464-8</Citation>
                <ArticleIdList>
                    <ArticleId IdType="pubmed">24420917</ArticleId>
                </ArticleIdList>
            </Reference>
            <Reference>
                <Citation>Int Ophthalmol. 1989 Jan;13(1-2):139-43</Citation>
                <ArticleIdList>
                    <ArticleId IdType="pubmed">2744943</ArticleId>
                </ArticleIdList>
            </Reference>
            <Reference>
                <Citation>J Glaucoma. 2016 Jun;25(6):539-46</Citation>
                <ArticleIdList>
                    <ArticleId IdType="pubmed">26091178</ArticleId>
                </ArticleIdList>
            </Reference>
            <Reference>
                <Citation>Am J Ophthalmol. 2001 Jul;132(1):27-35</Citation>
                <ArticleIdList>
                    <ArticleId IdType="pubmed">11438050</ArticleId>
                </ArticleIdList>
            </Reference>
        </ReferenceList>
    </PubmedData>
</PubmedArticle>

</PubmedArticleSet>