<?xml version="1.0" ?>
<!DOCTYPE PubmedArticleSet PUBLIC "-//NLM//DTD PubMedArticle, 1st January 2019//EN" "https://dtd.nlm.nih.gov/ncbi/pubmed/out/pubmed_190101.dtd">
<PubmedArticleSet>
<PubmedArticle>
    <MedlineCitation Status="MEDLINE" Owner="NLM">
        <PMID Version="1">12867381</PMID>
        <DateCompleted>
            <Year>2003</Year>
            <Month>07</Month>
            <Day>28</Day>
        </DateCompleted>
        <DateRevised>
            <Year>2006</Year>
            <Month>11</Month>
            <Day>15</Day>
        </DateRevised>
        <Article PubModel="Print">
            <Journal>
                <ISSN IssnType="Print">0161-6420</ISSN>
                <JournalIssue CitedMedium="Print">
                    <Volume>110</Volume>
                    <Issue>7</Issue>
                    <PubDate>
                        <Year>2003</Year>
                        <Month>Jul</Month>
                    </PubDate>
                </JournalIssue>
                <Title>Ophthalmology</Title>
                <ISOAbbreviation>Ophthalmology</ISOAbbreviation>
            </Journal>
            <ArticleTitle>Is there a direct association between age-related eye diseases and mortality? The Rotterdam Study.</ArticleTitle>
            <Pagination>
                <MedlinePgn>1292-6</MedlinePgn>
            </Pagination>
            <Abstract>
                <AbstractText Label="PURPOSE" NlmCategory="OBJECTIVE">To study mortality in subjects with age-related maculopathy (ARM), cataract, or open-angle glaucoma (OAG) in comparison with those without these disorders.</AbstractText>
                <AbstractText Label="DESIGN" NlmCategory="METHODS">Population-based prospective cohort study.</AbstractText>
                <AbstractText Label="PARTICIPANTS" NlmCategory="METHODS">Subjects (n = 6339) aged 55 years and older from the population-based Rotterdam Study for whom complete information on eye disease status was present.</AbstractText>
                <AbstractText Label="MAIN OUTCOME MEASURES" NlmCategory="METHODS">Vital status continuously monitored from 1990 until January 1, 2000.</AbstractText>
                <AbstractText Label="METHODS" NlmCategory="METHODS">The diagnosis of ARM was made according to the International Classification System. Cataract, determined on biomicroscopy, was defined as any sign of nuclear or (sub)cortical cataract, or both, in at least one eye with a visual acuity of 20/40 or less. Aphakia and pseudophakia in at least one eye were classified as operated cataract. Definite OAG was defined as a glaucomatous optic neuropathy combined with a glaucomatous visual field defect. Diagnoses were assessed at baseline. Mortality hazard ratios were computed using Cox proportional hazard regression analysis, adjusted for appropriate confounders (age, gender, smoking status, body mass index, cholesterol level, atherosclerosis, hypertension, history of cardiovascular disease, and diabetes mellitus).</AbstractText>
                <AbstractText Label="RESULTS" NlmCategory="RESULTS">The adjusted mortality hazard ratio for subjects with AMD (n = 104) was 0.94 (95% confidence interval [CI], 0.52-1.68), with biomicroscopic cataract (n = 951) was 0.94 (95% CI, 0.74-1.21), with surgical cataract (n = 298) was 1.20 (95% CI, 0.86-1.68), and with definite OAG (n = 44) was 0.39 (95% CI, 0.10-1.55).</AbstractText>
                <AbstractText Label="CONCLUSIONS" NlmCategory="CONCLUSIONS">Both ARM and cataract are predictors of shorter survival because they have risk factors that also affect mortality. When adjusted for these factors, ARM, cataract, and OAG were themselves not significantly associated with mortality.</AbstractText>
            </Abstract>
            <AuthorList CompleteYN="Y">
                <Author ValidYN="Y">
                    <LastName>Borger</LastName>
                    <ForeName>Petra H</ForeName>
                    <Initials>PH</Initials>
                    <AffiliationInfo>
                        <Affiliation>Department of Epidemiology &amp; Biostatistics, Erasmus Medical Center, Rotterdam, The Netherlands.</Affiliation>
                    </AffiliationInfo>
                </Author>
                <Author ValidYN="Y">
                    <LastName>van Leeuwen</LastName>
                    <ForeName>Redmer</ForeName>
                    <Initials>R</Initials>
                </Author>
                <Author ValidYN="Y">
                    <LastName>Hulsman</LastName>
                    <ForeName>Caroline A A</ForeName>
                    <Initials>CA</Initials>
                </Author>
                <Author ValidYN="Y">
                    <LastName>Wolfs</LastName>
                    <ForeName>Roger C W</ForeName>
                    <Initials>RC</Initials>
                </Author>
                <Author ValidYN="Y">
                    <LastName>van der Kuip</LastName>
                    <ForeName>Deirdre A</ForeName>
                    <Initials>DA</Initials>
                </Author>
                <Author ValidYN="Y">
                    <LastName>Hofman</LastName>
                    <ForeName>Albert</ForeName>
                    <Initials>A</Initials>
                </Author>
                <Author ValidYN="Y">
                    <LastName>de Jong</LastName>
                    <ForeName>Paulus T V M</ForeName>
                    <Initials>PT</Initials>
                </Author>
            </AuthorList>
            <Language>eng</Language>
            <PublicationTypeList>
                <PublicationType UI="D016428">Journal Article</PublicationType>
                <PublicationType UI="D013485">Research Support, Non-U.S. Gov't</PublicationType>
            </PublicationTypeList>
        </Article>
        <MedlineJournalInfo>
            <Country>United States</Country>
            <MedlineTA>Ophthalmology</MedlineTA>
            <NlmUniqueID>7802443</NlmUniqueID>
            <ISSNLinking>0161-6420</ISSNLinking>
        </MedlineJournalInfo>
        <CitationSubset>IM</CitationSubset>
        <MeshHeadingList>
            <MeshHeading>
                <DescriptorName UI="D000368" MajorTopicYN="N">Aged</DescriptorName>
            </MeshHeading>
            <MeshHeading>
                <DescriptorName UI="D000375" MajorTopicYN="Y">Aging</DescriptorName>
            </MeshHeading>
            <MeshHeading>
                <DescriptorName UI="D002386" MajorTopicYN="N">Cataract</DescriptorName>
                <QualifierName UI="Q000175" MajorTopicYN="N">diagnosis</QualifierName>
                <QualifierName UI="Q000401" MajorTopicYN="Y">mortality</QualifierName>
            </MeshHeading>
            <MeshHeading>
                <DescriptorName UI="D015331" MajorTopicYN="N">Cohort Studies</DescriptorName>
            </MeshHeading>
            <MeshHeading>
                <DescriptorName UI="D005260" MajorTopicYN="N">Female</DescriptorName>
            </MeshHeading>
            <MeshHeading>
                <DescriptorName UI="D005902" MajorTopicYN="N">Glaucoma, Open-Angle</DescriptorName>
                <QualifierName UI="Q000175" MajorTopicYN="N">diagnosis</QualifierName>
                <QualifierName UI="Q000401" MajorTopicYN="Y">mortality</QualifierName>
            </MeshHeading>
            <MeshHeading>
                <DescriptorName UI="D006801" MajorTopicYN="N">Humans</DescriptorName>
            </MeshHeading>
            <MeshHeading>
                <DescriptorName UI="D008268" MajorTopicYN="N">Macular Degeneration</DescriptorName>
                <QualifierName UI="Q000175" MajorTopicYN="N">diagnosis</QualifierName>
                <QualifierName UI="Q000401" MajorTopicYN="Y">mortality</QualifierName>
            </MeshHeading>
            <MeshHeading>
                <DescriptorName UI="D008297" MajorTopicYN="N">Male</DescriptorName>
            </MeshHeading>
            <MeshHeading>
                <DescriptorName UI="D008875" MajorTopicYN="N">Middle Aged</DescriptorName>
            </MeshHeading>
            <MeshHeading>
                <DescriptorName UI="D009426" MajorTopicYN="N" Type="Geographic">Netherlands</DescriptorName>
                <QualifierName UI="Q000453" MajorTopicYN="N">epidemiology</QualifierName>
            </MeshHeading>
            <MeshHeading>
                <DescriptorName UI="D016016" MajorTopicYN="N">Proportional Hazards Models</DescriptorName>
            </MeshHeading>
            <MeshHeading>
                <DescriptorName UI="D011446" MajorTopicYN="N">Prospective Studies</DescriptorName>
            </MeshHeading>
            <MeshHeading>
                <DescriptorName UI="D015996" MajorTopicYN="N">Survival Rate</DescriptorName>
            </MeshHeading>
        </MeshHeadingList>
    </MedlineCitation>
    <PubmedData>
        <History>
            <PubMedPubDate PubStatus="pubmed">
                <Year>2003</Year>
                <Month>7</Month>
                <Day>18</Day>
                <Hour>5</Hour>
                <Minute>0</Minute>
            </PubMedPubDate>
            <PubMedPubDate PubStatus="medline">
                <Year>2003</Year>
                <Month>7</Month>
                <Day>29</Day>
                <Hour>5</Hour>
                <Minute>0</Minute>
            </PubMedPubDate>
            <PubMedPubDate PubStatus="entrez">
                <Year>2003</Year>
                <Month>7</Month>
                <Day>18</Day>
                <Hour>5</Hour>
                <Minute>0</Minute>
            </PubMedPubDate>
        </History>
        <PublicationStatus>ppublish</PublicationStatus>
        <ArticleIdList>
            <ArticleId IdType="pubmed">12867381</ArticleId>
            <ArticleId IdType="pii">S0161-6420(03)00450-0</ArticleId>
            <ArticleId IdType="doi">10.1016/S0161-6420(03)00450-0</ArticleId>
        </ArticleIdList>
    </PubmedData>
</PubmedArticle>

</PubmedArticleSet>