<?xml version="1.0" ?>
<!DOCTYPE PubmedArticleSet PUBLIC "-//NLM//DTD PubMedArticle, 1st January 2019//EN" "https://dtd.nlm.nih.gov/ncbi/pubmed/out/pubmed_190101.dtd">
<PubmedArticleSet>
<PubmedArticle>
    <MedlineCitation Status="MEDLINE" Owner="NLM">
        <PMID Version="1">16476894</PMID>
        <DateCompleted>
            <Year>2006</Year>
            <Month>02</Month>
            <Day>27</Day>
        </DateCompleted>
        <DateRevised>
            <Year>2015</Year>
            <Month>11</Month>
            <Day>19</Day>
        </DateRevised>
        <Article PubModel="Print">
            <Journal>
                <ISSN IssnType="Print">0003-9950</ISSN>
                <JournalIssue CitedMedium="Print">
                    <Volume>124</Volume>
                    <Issue>2</Issue>
                    <PubDate>
                        <Year>2006</Year>
                        <Month>Feb</Month>
                    </PubDate>
                </JournalIssue>
                <Title>Archives of ophthalmology (Chicago, Ill. : 1960)</Title>
                <ISOAbbreviation>Arch Ophthalmol</ISOAbbreviation>
            </Journal>
            <ArticleTitle>Age-related eye disease, visual impairment, and survival: the Beaver Dam Eye Study.</ArticleTitle>
            <Pagination>
                <MedlinePgn>243-9</MedlinePgn>
            </Pagination>
            <Abstract>
                <AbstractText Label="OBJECTIVE" NlmCategory="OBJECTIVE">To investigate the relationship of age-related maculopathy, cataract, glaucoma, visual impairment, and diabetic retinopathy to survival during a 14-year period.</AbstractText>
                <AbstractText Label="METHODS" NlmCategory="METHODS">Persons ranging in age from 43 to 84 years in the period from September 15, 1987, to May 4, 1988, participated in the baseline examination of the population-based Beaver Dam Eye Study (n = 4926). Standardized protocols, including photography, were used to determine the presence of ocular disease. Survival was followed using standardized protocols.</AbstractText>
                <AbstractText Label="RESULTS" NlmCategory="RESULTS">As of December 31, 2002, 32% of the baseline population had died (median follow-up, 13.2 years). After adjusting for age, sex, and systemic and lifestyle factors, poorer survival was associated with cortical cataract (hazard ratio [HR], 1.21; 95% confidence interval [CI], 1.06-1.37), any cataract (HR, 1.16; 95% CI, 1.03-1.32), diabetic retinopathy (HR per 1-step increase in 4-level severity, 1.36; 95% CI, 1.14-1.63), and visual impairment (HR, 1.24; 95% CI, 1.04-1.48) and marginally associated with increasing severity of nuclear sclerosis (HR, 1.07; 95% CI, 0.99-1.16). Age-related maculopathy and glaucoma were not associated with poorer survival. Associations tended to be slightly stronger in men than women.</AbstractText>
                <AbstractText Label="CONCLUSIONS" NlmCategory="CONCLUSIONS">Cataract, diabetic retinopathy, and visual impairment were associated with poorer survival and not explained by traditional risk factors for mortality. These ocular conditions may serve as markers for mortality in the general population.</AbstractText>
            </Abstract>
            <AuthorList CompleteYN="Y">
                <Author ValidYN="Y">
                    <LastName>Knudtson</LastName>
                    <ForeName>Michael D</ForeName>
                    <Initials>MD</Initials>
                    <AffiliationInfo>
                        <Affiliation>Department of Ophthalmology and Visual Sciences, University of Wisconsin School of Medicine and Public Health, Madison 53726-2336, USA. knudtson@epi.ophth.wisc.edu</Affiliation>
                    </AffiliationInfo>
                </Author>
                <Author ValidYN="Y">
                    <LastName>Klein</LastName>
                    <ForeName>Barbara E K</ForeName>
                    <Initials>BE</Initials>
                </Author>
                <Author ValidYN="Y">
                    <LastName>Klein</LastName>
                    <ForeName>Ronald</ForeName>
                    <Initials>R</Initials>
                </Author>
            </AuthorList>
            <Language>eng</Language>
            <GrantList CompleteYN="Y">
                <Grant>
                    <GrantID>AY06594</GrantID>
                    <Agency>PHS HHS</Agency>
                    <Country>United States</Country>
                </Grant>
            </GrantList>
            <PublicationTypeList>
                <PublicationType UI="D016428">Journal Article</PublicationType>
                <PublicationType UI="D052061">Research Support, N.I.H., Extramural</PublicationType>
            </PublicationTypeList>
        </Article>
        <MedlineJournalInfo>
            <Country>United States</Country>
            <MedlineTA>Arch Ophthalmol</MedlineTA>
            <NlmUniqueID>7706534</NlmUniqueID>
            <ISSNLinking>0003-9950</ISSNLinking>
        </MedlineJournalInfo>
        <CitationSubset>AIM</CitationSubset>
        <CitationSubset>IM</CitationSubset>
        <MeshHeadingList>
            <MeshHeading>
                <DescriptorName UI="D000328" MajorTopicYN="N">Adult</DescriptorName>
            </MeshHeading>
            <MeshHeading>
                <DescriptorName UI="D000368" MajorTopicYN="N">Aged</DescriptorName>
            </MeshHeading>
            <MeshHeading>
                <DescriptorName UI="D000369" MajorTopicYN="N">Aged, 80 and over</DescriptorName>
            </MeshHeading>
            <MeshHeading>
                <DescriptorName UI="D000375" MajorTopicYN="N">Aging</DescriptorName>
                <QualifierName UI="Q000502" MajorTopicYN="Y">physiology</QualifierName>
            </MeshHeading>
            <MeshHeading>
                <DescriptorName UI="D002386" MajorTopicYN="N">Cataract</DescriptorName>
                <QualifierName UI="Q000401" MajorTopicYN="N">mortality</QualifierName>
            </MeshHeading>
            <MeshHeading>
                <DescriptorName UI="D003930" MajorTopicYN="N">Diabetic Retinopathy</DescriptorName>
                <QualifierName UI="Q000401" MajorTopicYN="N">mortality</QualifierName>
            </MeshHeading>
            <MeshHeading>
                <DescriptorName UI="D005128" MajorTopicYN="N">Eye Diseases</DescriptorName>
                <QualifierName UI="Q000401" MajorTopicYN="Y">mortality</QualifierName>
            </MeshHeading>
            <MeshHeading>
                <DescriptorName UI="D005260" MajorTopicYN="N">Female</DescriptorName>
            </MeshHeading>
            <MeshHeading>
                <DescriptorName UI="D005901" MajorTopicYN="N">Glaucoma</DescriptorName>
                <QualifierName UI="Q000401" MajorTopicYN="N">mortality</QualifierName>
            </MeshHeading>
            <MeshHeading>
                <DescriptorName UI="D006801" MajorTopicYN="N">Humans</DescriptorName>
            </MeshHeading>
            <MeshHeading>
                <DescriptorName UI="D008268" MajorTopicYN="N">Macular Degeneration</DescriptorName>
                <QualifierName UI="Q000401" MajorTopicYN="N">mortality</QualifierName>
            </MeshHeading>
            <MeshHeading>
                <DescriptorName UI="D008297" MajorTopicYN="N">Male</DescriptorName>
            </MeshHeading>
            <MeshHeading>
                <DescriptorName UI="D008875" MajorTopicYN="N">Middle Aged</DescriptorName>
            </MeshHeading>
            <MeshHeading>
                <DescriptorName UI="D011795" MajorTopicYN="N">Surveys and Questionnaires</DescriptorName>
            </MeshHeading>
            <MeshHeading>
                <DescriptorName UI="D015996" MajorTopicYN="N">Survival Rate</DescriptorName>
            </MeshHeading>
            <MeshHeading>
                <DescriptorName UI="D014786" MajorTopicYN="N">Vision Disorders</DescriptorName>
                <QualifierName UI="Q000401" MajorTopicYN="Y">mortality</QualifierName>
            </MeshHeading>
            <MeshHeading>
                <DescriptorName UI="D019987" MajorTopicYN="N">Visually Impaired Persons</DescriptorName>
                <QualifierName UI="Q000706" MajorTopicYN="Y">statistics &amp; numerical data</QualifierName>
            </MeshHeading>
            <MeshHeading>
                <DescriptorName UI="D014922" MajorTopicYN="N" Type="Geographic">Wisconsin</DescriptorName>
                <QualifierName UI="Q000453" MajorTopicYN="N">epidemiology</QualifierName>
            </MeshHeading>
        </MeshHeadingList>
    </MedlineCitation>
    <PubmedData>
        <History>
            <PubMedPubDate PubStatus="pubmed">
                <Year>2006</Year>
                <Month>2</Month>
                <Day>16</Day>
                <Hour>9</Hour>
                <Minute>0</Minute>
            </PubMedPubDate>
            <PubMedPubDate PubStatus="medline">
                <Year>2006</Year>
                <Month>2</Month>
                <Day>28</Day>
                <Hour>9</Hour>
                <Minute>0</Minute>
            </PubMedPubDate>
            <PubMedPubDate PubStatus="entrez">
                <Year>2006</Year>
                <Month>2</Month>
                <Day>16</Day>
                <Hour>9</Hour>
                <Minute>0</Minute>
            </PubMedPubDate>
        </History>
        <PublicationStatus>ppublish</PublicationStatus>
        <ArticleIdList>
            <ArticleId IdType="pubmed">16476894</ArticleId>
            <ArticleId IdType="pii">124/2/243</ArticleId>
            <ArticleId IdType="doi">10.1001/archopht.124.2.243</ArticleId>
        </ArticleIdList>
    </PubmedData>
</PubmedArticle>

</PubmedArticleSet>