<?xml version="1.0" ?>
<!DOCTYPE PubmedArticleSet PUBLIC "-//NLM//DTD PubMedArticle, 1st January 2019//EN" "https://dtd.nlm.nih.gov/ncbi/pubmed/out/pubmed_190101.dtd">
<PubmedArticleSet>
<PubmedArticle>
    <MedlineCitation Status="MEDLINE" Owner="NLM">
        <PMID Version="1">16847292</PMID>
        <DateCompleted>
            <Year>2006</Year>
            <Month>08</Month>
            <Day>04</Day>
        </DateCompleted>
        <DateRevised>
            <Year>2019</Year>
            <Month>06</Month>
            <Day>19</Day>
        </DateRevised>
        <Article PubModel="Print">
            <Journal>
                <ISSN IssnType="Electronic">1539-3704</ISSN>
                <JournalIssue CitedMedium="Internet">
                    <Volume>145</Volume>
                    <Issue>2</Issue>
                    <PubDate>
                        <Year>2006</Year>
                        <Month>Jul</Month>
                        <Day>18</Day>
                    </PubDate>
                </JournalIssue>
                <Title>Annals of internal medicine</Title>
                <ISOAbbreviation>Ann Intern Med</ISOAbbreviation>
            </Journal>
            <ArticleTitle>Age-related macular degeneration and risk for stroke.</ArticleTitle>
            <Pagination>
                <MedlinePgn>98-106</MedlinePgn>
            </Pagination>
            <Abstract>
                <AbstractText Label="BACKGROUND" NlmCategory="BACKGROUND">Age-related macular degeneration (AMD) affects 7 million persons 40 years of age and older in the United States. Risk factors for the disease are similar to those for stroke.</AbstractText>
                <AbstractText Label="OBJECTIVE" NlmCategory="OBJECTIVE">To determine what relationship, if any, exists between AMD and incident clinical stroke.</AbstractText>
                <AbstractText Label="DESIGN" NlmCategory="METHODS">Prospective cohort study.</AbstractText>
                <AbstractText Label="SETTING" NlmCategory="METHODS">The population-based Atherosclerosis Risk in Communities Study, which was conducted in Minnesota, Maryland, Mississippi, and North Carolina.</AbstractText>
                <AbstractText Label="PATIENTS" NlmCategory="METHODS">10 405 persons between 49 and 73 years of age who had no history of stroke or coronary heart disease.</AbstractText>
                <AbstractText Label="MEASUREMENTS" NlmCategory="METHODS">Participants had retinal photographs taken between 1993 and 1995. A standardized protocol was used to evaluate the photographs for the presence of drusen and other signs of AMD. Incident stroke events were identified and validated by reviewing case records.</AbstractText>
                <AbstractText Label="RESULTS" NlmCategory="RESULTS">There were 498 early-stage and 10 late-stage cases of AMD in the cohort (n = 508). Over a 10-year period, 241 persons had an incident stroke event. After adjusting for age, sex, ethnicity, and site, the authors found that persons with early-stage AMD had a higher cumulative incidence of stroke than those without the disease (4.08% vs. 2.14%). The presence of early-stage AMD was associated with a higher adjusted risk for stroke (hazard ratio, 1.87 [95% CI, 1.21 to 2.88]). Further adjustment for systolic blood pressure, diabetes, cigarette smoking, and use of antihypertensive medications did not substantially alter this association (hazard ratio, 1.85 [CI, 1.19 to 2.87]). The authors found that the association between early-stage AMD and stroke varied by study site and patient ethnicity. Multivariable-adjusted hazard ratios were 3.15 and 1.07 in samples of white patients in Minnesota and Maryland, respectively; 3.77 in a sample of African-American patients in Mississippi; and 0.33 in a sample of mostly white patients (91%) in North Carolina. No site included sufficient numbers of both African-American and white patients to determine whether ethnicity contributed to the observed differences by study site.</AbstractText>
                <AbstractText Label="LIMITATIONS" NlmCategory="CONCLUSIONS">There were few cases of late-stage AMD, and the cohort assembly method prohibited full understanding of variation by ethnicity and site.</AbstractText>
                <AbstractText Label="CONCLUSION" NlmCategory="CONCLUSIONS">Middle-aged persons with signs of early-stage AMD have a higher risk for stroke independent of traditional stroke risk factors.</AbstractText>
            </Abstract>
            <AuthorList CompleteYN="Y">
                <Author ValidYN="Y">
                    <LastName>Wong</LastName>
                    <ForeName>Tien Yin</ForeName>
                    <Initials>TY</Initials>
                    <AffiliationInfo>
                        <Affiliation>Centre for Eye Research Australia, University of Melbourne, East Melbourne, Victoria, Australia. twong@unimelb.edu.au</Affiliation>
                    </AffiliationInfo>
                </Author>
                <Author ValidYN="Y">
                    <LastName>Klein</LastName>
                    <ForeName>Ronald</ForeName>
                    <Initials>R</Initials>
                </Author>
                <Author ValidYN="Y">
                    <LastName>Sun</LastName>
                    <ForeName>Cong</ForeName>
                    <Initials>C</Initials>
                </Author>
                <Author ValidYN="Y">
                    <LastName>Mitchell</LastName>
                    <ForeName>Paul</ForeName>
                    <Initials>P</Initials>
                </Author>
                <Author ValidYN="Y">
                    <LastName>Couper</LastName>
                    <ForeName>David J</ForeName>
                    <Initials>DJ</Initials>
                </Author>
                <Author ValidYN="Y">
                    <LastName>Lai</LastName>
                    <ForeName>Hong</ForeName>
                    <Initials>H</Initials>
                </Author>
                <Author ValidYN="Y">
                    <LastName>Hubbard</LastName>
                    <ForeName>Larry D</ForeName>
                    <Initials>LD</Initials>
                </Author>
                <Author ValidYN="Y">
                    <LastName>Sharrett</LastName>
                    <ForeName>A Richey</ForeName>
                    <Initials>AR</Initials>
                </Author>
                <Author ValidYN="Y">
                    <CollectiveName>Atherosclerosis Risk in Communities Study</CollectiveName>
                </Author>
            </AuthorList>
            <Language>eng</Language>
            <GrantList CompleteYN="Y">
                <Grant>
                    <GrantID>N01-HC-55015</GrantID>
                    <Acronym>HC</Acronym>
                    <Agency>NHLBI NIH HHS</Agency>
                    <Country>United States</Country>
                </Grant>
                <Grant>
                    <GrantID>N01-HC-55016</GrantID>
                    <Acronym>HC</Acronym>
                    <Agency>NHLBI NIH HHS</Agency>
                    <Country>United States</Country>
                </Grant>
                <Grant>
                    <GrantID>N01-HC-55018</GrantID>
                    <Acronym>HC</Acronym>
                    <Agency>NHLBI NIH HHS</Agency>
                    <Country>United States</Country>
                </Grant>
                <Grant>
                    <GrantID>N01-HC-55019</GrantID>
                    <Acronym>HC</Acronym>
                    <Agency>NHLBI NIH HHS</Agency>
                    <Country>United States</Country>
                </Grant>
                <Grant>
                    <GrantID>N01-HC-55020</GrantID>
                    <Acronym>HC</Acronym>
                    <Agency>NHLBI NIH HHS</Agency>
                    <Country>United States</Country>
                </Grant>
                <Grant>
                    <GrantID>N01-HC-55021</GrantID>
                    <Acronym>HC</Acronym>
                    <Agency>NHLBI NIH HHS</Agency>
                    <Country>United States</Country>
                </Grant>
                <Grant>
                    <GrantID>N01-HC-55022</GrantID>
                    <Acronym>HC</Acronym>
                    <Agency>NHLBI NIH HHS</Agency>
                    <Country>United States</Country>
                </Grant>
            </GrantList>
            <PublicationTypeList>
                <PublicationType UI="D016428">Journal Article</PublicationType>
                <PublicationType UI="D052061">Research Support, N.I.H., Extramural</PublicationType>
                <PublicationType UI="D013485">Research Support, Non-U.S. Gov't</PublicationType>
            </PublicationTypeList>
        </Article>
        <MedlineJournalInfo>
            <Country>United States</Country>
            <MedlineTA>Ann Intern Med</MedlineTA>
            <NlmUniqueID>0372351</NlmUniqueID>
            <ISSNLinking>0003-4819</ISSNLinking>
        </MedlineJournalInfo>
        <CitationSubset>AIM</CitationSubset>
        <CitationSubset>IM</CitationSubset>
        <CommentsCorrectionsList>
            <CommentsCorrections RefType="SummaryForPatientsIn">
                <RefSource>Ann Intern Med. 2006 Jul 18;145(2):I37</RefSource>
                <PMID Version="1">16847288</PMID>
            </CommentsCorrections>
            <CommentsCorrections RefType="CommentIn">
                <RefSource>Surv Ophthalmol. 2007 Sep-Oct;52(5):551-3</RefSource>
                <PMID Version="1">17719377</PMID>
            </CommentsCorrections>
        </CommentsCorrectionsList>
        <MeshHeadingList>
            <MeshHeading>
                <DescriptorName UI="D000368" MajorTopicYN="N">Aged</DescriptorName>
            </MeshHeading>
            <MeshHeading>
                <DescriptorName UI="D005260" MajorTopicYN="N">Female</DescriptorName>
            </MeshHeading>
            <MeshHeading>
                <DescriptorName UI="D006801" MajorTopicYN="N">Humans</DescriptorName>
            </MeshHeading>
            <MeshHeading>
                <DescriptorName UI="D015994" MajorTopicYN="N">Incidence</DescriptorName>
            </MeshHeading>
            <MeshHeading>
                <DescriptorName UI="D008268" MajorTopicYN="N">Macular Degeneration</DescriptorName>
                <QualifierName UI="Q000150" MajorTopicYN="Y">complications</QualifierName>
            </MeshHeading>
            <MeshHeading>
                <DescriptorName UI="D008297" MajorTopicYN="N">Male</DescriptorName>
            </MeshHeading>
            <MeshHeading>
                <DescriptorName UI="D008396" MajorTopicYN="N" Type="Geographic">Maryland</DescriptorName>
                <QualifierName UI="Q000453" MajorTopicYN="N">epidemiology</QualifierName>
            </MeshHeading>
            <MeshHeading>
                <DescriptorName UI="D008875" MajorTopicYN="N">Middle Aged</DescriptorName>
            </MeshHeading>
            <MeshHeading>
                <DescriptorName UI="D008910" MajorTopicYN="N" Type="Geographic">Minnesota</DescriptorName>
                <QualifierName UI="Q000453" MajorTopicYN="N">epidemiology</QualifierName>
            </MeshHeading>
            <MeshHeading>
                <DescriptorName UI="D008922" MajorTopicYN="N" Type="Geographic">Mississippi</DescriptorName>
                <QualifierName UI="Q000453" MajorTopicYN="N">epidemiology</QualifierName>
            </MeshHeading>
            <MeshHeading>
                <DescriptorName UI="D009657" MajorTopicYN="N" Type="Geographic">North Carolina</DescriptorName>
                <QualifierName UI="Q000453" MajorTopicYN="N">epidemiology</QualifierName>
            </MeshHeading>
            <MeshHeading>
                <DescriptorName UI="D015995" MajorTopicYN="N">Prevalence</DescriptorName>
            </MeshHeading>
            <MeshHeading>
                <DescriptorName UI="D011446" MajorTopicYN="N">Prospective Studies</DescriptorName>
            </MeshHeading>
            <MeshHeading>
                <DescriptorName UI="D012307" MajorTopicYN="N">Risk Factors</DescriptorName>
            </MeshHeading>
            <MeshHeading>
                <DescriptorName UI="D020521" MajorTopicYN="N">Stroke</DescriptorName>
                <QualifierName UI="Q000453" MajorTopicYN="Y">epidemiology</QualifierName>
                <QualifierName UI="Q000208" MajorTopicYN="N">ethnology</QualifierName>
            </MeshHeading>
        </MeshHeadingList>
    </MedlineCitation>
    <PubmedData>
        <History>
            <PubMedPubDate PubStatus="pubmed">
                <Year>2006</Year>
                <Month>7</Month>
                <Day>19</Day>
                <Hour>9</Hour>
                <Minute>0</Minute>
            </PubMedPubDate>
            <PubMedPubDate PubStatus="medline">
                <Year>2006</Year>
                <Month>8</Month>
                <Day>5</Day>
                <Hour>9</Hour>
                <Minute>0</Minute>
            </PubMedPubDate>
            <PubMedPubDate PubStatus="entrez">
                <Year>2006</Year>
                <Month>7</Month>
                <Day>19</Day>
                <Hour>9</Hour>
                <Minute>0</Minute>
            </PubMedPubDate>
        </History>
        <PublicationStatus>ppublish</PublicationStatus>
        <ArticleIdList>
            <ArticleId IdType="pubmed">16847292</ArticleId>
            <ArticleId IdType="pii">145/2/98</ArticleId>
            <ArticleId IdType="doi">10.7326/0003-4819-145-2-200607180-00007</ArticleId>
        </ArticleIdList>
    </PubmedData>
</PubmedArticle>

</PubmedArticleSet>