<?xml version="1.0" ?>
<!DOCTYPE PubmedArticleSet PUBLIC "-//NLM//DTD PubMedArticle, 1st January 2019//EN" "https://dtd.nlm.nih.gov/ncbi/pubmed/out/pubmed_190101.dtd">
<PubmedArticleSet>
<PubmedArticle>
    <MedlineCitation Status="MEDLINE" Owner="NLM">
        <PMID Version="1">17187863</PMID>
        <DateCompleted>
            <Year>2007</Year>
            <Month>04</Month>
            <Day>12</Day>
        </DateCompleted>
        <DateRevised>
            <Year>2007</Year>
            <Month>09</Month>
            <Day>18</Day>
        </DateRevised>
        <Article PubModel="Print-Electronic">
            <Journal>
                <ISSN IssnType="Electronic">1549-4713</ISSN>
                <JournalIssue CitedMedium="Internet">
                    <Volume>114</Volume>
                    <Issue>4</Issue>
                    <PubDate>
                        <Year>2007</Year>
                        <Month>Apr</Month>
                    </PubDate>
                </JournalIssue>
                <Title>Ophthalmology</Title>
                <ISOAbbreviation>Ophthalmology</ISOAbbreviation>
            </Journal>
            <ArticleTitle>Age-related macular degeneration is associated with incident myocardial infarction among elderly Americans.</ArticleTitle>
            <Pagination>
                <MedlinePgn>732-7</MedlinePgn>
            </Pagination>
            <Abstract>
                <AbstractText Label="OBJECTIVE" NlmCategory="OBJECTIVE">To investigate whether age-related macular degeneration (AMD) is associated with the development of myocardial infarction (MI) among elderly Americans.</AbstractText>
                <AbstractText Label="DESIGN" NlmCategory="METHODS">Population-based cross-sectional and cohort study.</AbstractText>
                <AbstractText Label="PARTICIPANTS" NlmCategory="METHODS">Five percent random sample of 2000 to 2003 Medicare enrollees.</AbstractText>
                <AbstractText Label="METHODS" NlmCategory="METHODS">The cross-sectional study included the first 2-year (2000 and 2001) enrollees who were aged &gt; or =65 years (n = 1,519,086). The cohort study included only baseline MI-free enrollees (n = 1445677).</AbstractText>
                <AbstractText Label="MAIN OUTCOME MEASURES" NlmCategory="METHODS">Chronic conditions (AMD and type, history of MI, hypertension, and diabetes) were defined based on any occurrence of relevant International Classification of Diseases 9 codes in relevant diagnosis fields of the baseline Medicare claim files. A total of 56611 incident MI cases were identified from the follow-up data (2002 and 2003).</AbstractText>
                <AbstractText Label="RESULTS" NlmCategory="RESULTS">Baseline mean age was 76 years, with 60% women and 88% whites. The prevalence of neovascular AMD was 2.2% (2.3% in women vs. 1.7% in men and 2.3% in whites vs. 1.2% in blacks; P&lt;0.01 for both gender and race differences). The prevalence of nonneovascular AMD was 8.8% (9.9% in women vs. 7.3% in men and 9.5% in whites vs. 4.3% in blacks; P&lt;0.01 for both gender and race differences). Baseline age-, gender-, and race-adjusted prevalences of hypertension, diabetes, and history of MI were 75%, 33%, and 5.00%, respectively, in the neovascular AMD group. In contrast, they were 73%, 27%, and 4.68% in the nonneovascular AMD group, and 65%, 25%, and 4.54% in the non-AMD group (P&lt;0.01 for comparing the prevalence in neovascular and nonneovascular AMD vs. non-AMD groups). Prospectively, baseline age-, gender-, race-, hypertension-, and diabetes-adjusted 2-year incident odds ratios and 95% confidence intervals of MI associated with AMD are 1.19 (1.16-1.22) for all persons with AMD, 1.26 (1.20-1.33) for neovascular AMD, and 1.18 (1.14-1.21) for nonneovascular AMD.</AbstractText>
                <AbstractText Label="CONCLUSIONS" NlmCategory="CONCLUSIONS">AMD is associated with older age, female gender, being white, and having a history of MI, hypertension, and diabetes. Furthermore, presence of AMD, especially neovascular AMD, is prospectively associated with a higher risk of incident MI. These findings, if confirmed by other studies that control for smoking and other lifestyle covariables, suggest the possibility of shared common antecedents between MI and AMD.</AbstractText>
            </Abstract>
            <AuthorList CompleteYN="Y">
                <Author ValidYN="Y">
                    <LastName>Duan</LastName>
                    <ForeName>Yinkang</ForeName>
                    <Initials>Y</Initials>
                    <AffiliationInfo>
                        <Affiliation>Pennsylvania State University College of Medicine, Hershey, Pennsylvania 17033, USA.</Affiliation>
                    </AffiliationInfo>
                </Author>
                <Author ValidYN="Y">
                    <LastName>Mo</LastName>
                    <ForeName>Jingping</ForeName>
                    <Initials>J</Initials>
                </Author>
                <Author ValidYN="Y">
                    <LastName>Klein</LastName>
                    <ForeName>Ronald</ForeName>
                    <Initials>R</Initials>
                </Author>
                <Author ValidYN="Y">
                    <LastName>Scott</LastName>
                    <ForeName>Ingrid U</ForeName>
                    <Initials>IU</Initials>
                </Author>
                <Author ValidYN="Y">
                    <LastName>Lin</LastName>
                    <ForeName>Hung-Mo</ForeName>
                    <Initials>HM</Initials>
                </Author>
                <Author ValidYN="Y">
                    <LastName>Caulfield</LastName>
                    <ForeName>Joanne</ForeName>
                    <Initials>J</Initials>
                </Author>
                <Author ValidYN="Y">
                    <LastName>Patel</LastName>
                    <ForeName>Manju</ForeName>
                    <Initials>M</Initials>
                </Author>
                <Author ValidYN="Y">
                    <LastName>Liao</LastName>
                    <ForeName>Duanping</ForeName>
                    <Initials>D</Initials>
                </Author>
            </AuthorList>
            <Language>eng</Language>
            <PublicationTypeList>
                <PublicationType UI="D016428">Journal Article</PublicationType>
                <PublicationType UI="D013485">Research Support, Non-U.S. Gov't</PublicationType>
            </PublicationTypeList>
            <ArticleDate DateType="Electronic">
                <Year>2006</Year>
                <Month>12</Month>
                <Day>20</Day>
            </ArticleDate>
        </Article>
        <MedlineJournalInfo>
            <Country>United States</Country>
            <MedlineTA>Ophthalmology</MedlineTA>
            <NlmUniqueID>7802443</NlmUniqueID>
            <ISSNLinking>0161-6420</ISSNLinking>
        </MedlineJournalInfo>
        <CitationSubset>IM</CitationSubset>
        <CommentsCorrectionsList>
            <CommentsCorrections RefType="CommentIn">
                <RefSource>Ophthalmology. 2007 Sep;114(9):1793</RefSource>
                <PMID Version="1">17822992</PMID>
            </CommentsCorrections>
        </CommentsCorrectionsList>
        <MeshHeadingList>
            <MeshHeading>
                <DescriptorName UI="D000367" MajorTopicYN="N">Age Factors</DescriptorName>
            </MeshHeading>
            <MeshHeading>
                <DescriptorName UI="D000368" MajorTopicYN="N">Aged</DescriptorName>
            </MeshHeading>
            <MeshHeading>
                <DescriptorName UI="D000369" MajorTopicYN="N">Aged, 80 and over</DescriptorName>
            </MeshHeading>
            <MeshHeading>
                <DescriptorName UI="D003430" MajorTopicYN="N">Cross-Sectional Studies</DescriptorName>
            </MeshHeading>
            <MeshHeading>
                <DescriptorName UI="D048909" MajorTopicYN="N">Diabetes Complications</DescriptorName>
            </MeshHeading>
            <MeshHeading>
                <DescriptorName UI="D044465" MajorTopicYN="N">European Continental Ancestry Group</DescriptorName>
                <QualifierName UI="Q000208" MajorTopicYN="N">ethnology</QualifierName>
            </MeshHeading>
            <MeshHeading>
                <DescriptorName UI="D005260" MajorTopicYN="N">Female</DescriptorName>
            </MeshHeading>
            <MeshHeading>
                <DescriptorName UI="D006801" MajorTopicYN="N">Humans</DescriptorName>
            </MeshHeading>
            <MeshHeading>
                <DescriptorName UI="D006973" MajorTopicYN="N">Hypertension</DescriptorName>
                <QualifierName UI="Q000150" MajorTopicYN="N">complications</QualifierName>
            </MeshHeading>
            <MeshHeading>
                <DescriptorName UI="D008268" MajorTopicYN="N">Macular Degeneration</DescriptorName>
                <QualifierName UI="Q000208" MajorTopicYN="N">ethnology</QualifierName>
                <QualifierName UI="Q000209" MajorTopicYN="Y">etiology</QualifierName>
            </MeshHeading>
            <MeshHeading>
                <DescriptorName UI="D008297" MajorTopicYN="N">Male</DescriptorName>
            </MeshHeading>
            <MeshHeading>
                <DescriptorName UI="D009203" MajorTopicYN="N">Myocardial Infarction</DescriptorName>
                <QualifierName UI="Q000150" MajorTopicYN="Y">complications</QualifierName>
                <QualifierName UI="Q000208" MajorTopicYN="N">ethnology</QualifierName>
            </MeshHeading>
            <MeshHeading>
                <DescriptorName UI="D016017" MajorTopicYN="N">Odds Ratio</DescriptorName>
            </MeshHeading>
            <MeshHeading>
                <DescriptorName UI="D015995" MajorTopicYN="N">Prevalence</DescriptorName>
            </MeshHeading>
            <MeshHeading>
                <DescriptorName UI="D011446" MajorTopicYN="N">Prospective Studies</DescriptorName>
            </MeshHeading>
            <MeshHeading>
                <DescriptorName UI="D012307" MajorTopicYN="N">Risk Factors</DescriptorName>
            </MeshHeading>
            <MeshHeading>
                <DescriptorName UI="D012737" MajorTopicYN="N">Sex Factors</DescriptorName>
            </MeshHeading>
            <MeshHeading>
                <DescriptorName UI="D014481" MajorTopicYN="N" Type="Geographic">United States</DescriptorName>
                <QualifierName UI="Q000453" MajorTopicYN="N">epidemiology</QualifierName>
            </MeshHeading>
        </MeshHeadingList>
    </MedlineCitation>
    <PubmedData>
        <History>
            <PubMedPubDate PubStatus="received">
                <Year>2006</Year>
                <Month>04</Month>
                <Day>17</Day>
            </PubMedPubDate>
            <PubMedPubDate PubStatus="revised">
                <Year>2006</Year>
                <Month>07</Month>
                <Day>17</Day>
            </PubMedPubDate>
            <PubMedPubDate PubStatus="accepted">
                <Year>2006</Year>
                <Month>07</Month>
                <Day>18</Day>
            </PubMedPubDate>
            <PubMedPubDate PubStatus="pubmed">
                <Year>2006</Year>
                <Month>12</Month>
                <Day>26</Day>
                <Hour>9</Hour>
                <Minute>0</Minute>
            </PubMedPubDate>
            <PubMedPubDate PubStatus="medline">
                <Year>2007</Year>
                <Month>4</Month>
                <Day>14</Day>
                <Hour>9</Hour>
                <Minute>0</Minute>
            </PubMedPubDate>
            <PubMedPubDate PubStatus="entrez">
                <Year>2006</Year>
                <Month>12</Month>
                <Day>26</Day>
                <Hour>9</Hour>
                <Minute>0</Minute>
            </PubMedPubDate>
        </History>
        <PublicationStatus>ppublish</PublicationStatus>
        <ArticleIdList>
            <ArticleId IdType="pubmed">17187863</ArticleId>
            <ArticleId IdType="pii">S0161-6420(06)01177-8</ArticleId>
            <ArticleId IdType="doi">10.1016/j.ophtha.2006.07.045</ArticleId>
        </ArticleIdList>
    </PubmedData>
</PubmedArticle>

</PubmedArticleSet>