<?xml version="1.0" ?>
<!DOCTYPE PubmedArticleSet PUBLIC "-//NLM//DTD PubMedArticle, 1st January 2019//EN" "https://dtd.nlm.nih.gov/ncbi/pubmed/out/pubmed_190101.dtd">
<PubmedArticleSet>
<PubmedArticle>
    <MedlineCitation Status="MEDLINE" Owner="NLM">
        <PMID Version="1">18054636</PMID>
        <DateCompleted>
            <Year>2007</Year>
            <Month>12</Month>
            <Day>18</Day>
        </DateCompleted>
        <DateRevised>
            <Year>2007</Year>
            <Month>12</Month>
            <Day>06</Day>
        </DateRevised>
        <Article PubModel="Print">
            <Journal>
                <ISSN IssnType="Electronic">1549-4713</ISSN>
                <JournalIssue CitedMedium="Internet">
                    <Volume>114</Volume>
                    <Issue>12</Issue>
                    <PubDate>
                        <Year>2007</Year>
                        <Month>Dec</Month>
                    </PubDate>
                </JournalIssue>
                <Title>Ophthalmology</Title>
                <ISOAbbreviation>Ophthalmology</ISOAbbreviation>
            </Journal>
            <ArticleTitle>Annual rates of arterial thromboembolic events in medicare neovascular age-related macular degeneration patients.</ArticleTitle>
            <Pagination>
                <MedlinePgn>2174-8</MedlinePgn>
            </Pagination>
            <Abstract>
                <AbstractText Label="PURPOSE" NlmCategory="OBJECTIVE">Smoking, age, and nutrition have been associated with the development of neovascular age-related macular degeneration (AMD) and can increase the risk of arterial thromboembolic events (ATEs). This study assesses annual rates of ATEs in new-onset neovascular AMD patients compared with matched controls.</AbstractText>
                <AbstractText Label="DESIGN" NlmCategory="METHODS">Retrospective study.</AbstractText>
                <AbstractText Label="PARTICIPANTS" NlmCategory="METHODS">New-onset neovascular AMD patients and age-, race-, gender-, and database length-matched controls from the 5% Medicare database.</AbstractText>
                <AbstractText Label="METHODS" NlmCategory="METHODS">We conducted a retrospective analysis of the 5% Medicare database from 2001 to 2003. New-onset neovascular AMD patients were included if they were &gt; or =65 years old, had 2 diagnoses of neovascular AMD, and had at least 1 year of data before the first diagnosis of AMD within the dataset. A control group was constructed in a 3:1 ratio from those without a diagnosis of a major eye disorder and matched by age, race, gender, and length of data. Annual prevalence rates were determined for myocardial infarctions (MIs) and ischemic cerebral vascular accidents (CVAs).</AbstractText>
                <AbstractText Label="MAIN OUTCOME MEASURES" NlmCategory="METHODS">Rates of MIs and ischemic CVAs in new-onset neovascular AMD patients and matched controls from 2001 to 2003.</AbstractText>
                <AbstractText Label="RESULTS" NlmCategory="RESULTS">There were 15771 new-onset neovascular AMD patients identified and matched with 46 408 controls. Average age was 80.5 years, with 64% &gt; or =80; 65% were female; and 95.9% were white. Inpatient MI rates for neovascular AMD patients and controls were 2.2% and 2.2%, respectively (P = 0.74). Inpatient ischemic CVA rates for neovascular AMD patients and controls were 3.5% and 3.6%, respectively (P = 0.59). Myocardial infarction rates and ischemic CVA rates for both groups increased with age. Subgroups of patients with comorbidities known to be risk factors for ATEs (i.e., hypertension, hyperlipidemia, diabetes, and arrhythmias) had a higher rate of events. Patients with previous ATEs were also at a higher risk of subsequent events, at 7.4% for inpatient MI and 35.1% for inpatient ischemic stroke.</AbstractText>
                <AbstractText Label="CONCLUSION" NlmCategory="CONCLUSIONS">Despite the shared risk factors associated with neovascular AMD and ATEs, Medicare beneficiaries with neovascular AMD had a rate of ATEs similar to that of matched controls. Rates of ATEs increased in patients with comorbidities and for patients with previous events.</AbstractText>
            </Abstract>
            <AuthorList CompleteYN="Y">
                <Author ValidYN="Y">
                    <LastName>Alexander</LastName>
                    <ForeName>Sherri L</ForeName>
                    <Initials>SL</Initials>
                    <AffiliationInfo>
                        <Affiliation>Genentech, Inc., South San Francisco, California, USA.</Affiliation>
                    </AffiliationInfo>
                </Author>
                <Author ValidYN="Y">
                    <LastName>Linde-Zwirble</LastName>
                    <ForeName>Walter T</ForeName>
                    <Initials>WT</Initials>
                </Author>
                <Author ValidYN="Y">
                    <LastName>Werther</LastName>
                    <ForeName>Winifred</ForeName>
                    <Initials>W</Initials>
                </Author>
                <Author ValidYN="Y">
                    <LastName>Depperschmidt</LastName>
                    <ForeName>Eric E</ForeName>
                    <Initials>EE</Initials>
                </Author>
                <Author ValidYN="Y">
                    <LastName>Wilson</LastName>
                    <ForeName>Laura J</ForeName>
                    <Initials>LJ</Initials>
                </Author>
                <Author ValidYN="Y">
                    <LastName>Palanki</LastName>
                    <ForeName>Ram</ForeName>
                    <Initials>R</Initials>
                </Author>
                <Author ValidYN="Y">
                    <LastName>Saroj</LastName>
                    <ForeName>Namrata</ForeName>
                    <Initials>N</Initials>
                </Author>
                <Author ValidYN="Y">
                    <LastName>Butterworth</LastName>
                    <ForeName>Sara L</ForeName>
                    <Initials>SL</Initials>
                </Author>
                <Author ValidYN="Y">
                    <LastName>Ianchulev</LastName>
                    <ForeName>Tsontcho</ForeName>
                    <Initials>T</Initials>
                </Author>
            </AuthorList>
            <Language>eng</Language>
            <PublicationTypeList>
                <PublicationType UI="D016428">Journal Article</PublicationType>
                <PublicationType UI="D013485">Research Support, Non-U.S. Gov't</PublicationType>
            </PublicationTypeList>
        </Article>
        <MedlineJournalInfo>
            <Country>United States</Country>
            <MedlineTA>Ophthalmology</MedlineTA>
            <NlmUniqueID>7802443</NlmUniqueID>
            <ISSNLinking>0161-6420</ISSNLinking>
        </MedlineJournalInfo>
        <CitationSubset>IM</CitationSubset>
        <MeshHeadingList>
            <MeshHeading>
                <DescriptorName UI="D000368" MajorTopicYN="N">Aged</DescriptorName>
            </MeshHeading>
            <MeshHeading>
                <DescriptorName UI="D000369" MajorTopicYN="N">Aged, 80 and over</DescriptorName>
            </MeshHeading>
            <MeshHeading>
                <DescriptorName UI="D020256" MajorTopicYN="N">Choroidal Neovascularization</DescriptorName>
                <QualifierName UI="Q000453" MajorTopicYN="Y">epidemiology</QualifierName>
            </MeshHeading>
            <MeshHeading>
                <DescriptorName UI="D015897" MajorTopicYN="N">Comorbidity</DescriptorName>
            </MeshHeading>
            <MeshHeading>
                <DescriptorName UI="D005260" MajorTopicYN="N">Female</DescriptorName>
            </MeshHeading>
            <MeshHeading>
                <DescriptorName UI="D006801" MajorTopicYN="N">Humans</DescriptorName>
            </MeshHeading>
            <MeshHeading>
                <DescriptorName UI="D015994" MajorTopicYN="N">Incidence</DescriptorName>
            </MeshHeading>
            <MeshHeading>
                <DescriptorName UI="D008268" MajorTopicYN="N">Macular Degeneration</DescriptorName>
                <QualifierName UI="Q000453" MajorTopicYN="Y">epidemiology</QualifierName>
            </MeshHeading>
            <MeshHeading>
                <DescriptorName UI="D008297" MajorTopicYN="N">Male</DescriptorName>
            </MeshHeading>
            <MeshHeading>
                <DescriptorName UI="D006278" MajorTopicYN="N">Medicare</DescriptorName>
                <QualifierName UI="Q000706" MajorTopicYN="Y">statistics &amp; numerical data</QualifierName>
            </MeshHeading>
            <MeshHeading>
                <DescriptorName UI="D009203" MajorTopicYN="N">Myocardial Infarction</DescriptorName>
                <QualifierName UI="Q000453" MajorTopicYN="Y">epidemiology</QualifierName>
            </MeshHeading>
            <MeshHeading>
                <DescriptorName UI="D015995" MajorTopicYN="N">Prevalence</DescriptorName>
            </MeshHeading>
            <MeshHeading>
                <DescriptorName UI="D012189" MajorTopicYN="N">Retrospective Studies</DescriptorName>
            </MeshHeading>
            <MeshHeading>
                <DescriptorName UI="D012307" MajorTopicYN="N">Risk Factors</DescriptorName>
            </MeshHeading>
            <MeshHeading>
                <DescriptorName UI="D020521" MajorTopicYN="N">Stroke</DescriptorName>
                <QualifierName UI="Q000453" MajorTopicYN="Y">epidemiology</QualifierName>
            </MeshHeading>
            <MeshHeading>
                <DescriptorName UI="D013923" MajorTopicYN="N">Thromboembolism</DescriptorName>
                <QualifierName UI="Q000453" MajorTopicYN="Y">epidemiology</QualifierName>
            </MeshHeading>
            <MeshHeading>
                <DescriptorName UI="D014481" MajorTopicYN="N" Type="Geographic">United States</DescriptorName>
                <QualifierName UI="Q000453" MajorTopicYN="N">epidemiology</QualifierName>
            </MeshHeading>
        </MeshHeadingList>
    </MedlineCitation>
    <PubmedData>
        <History>
            <PubMedPubDate PubStatus="received">
                <Year>2007</Year>
                <Month>04</Month>
                <Day>02</Day>
            </PubMedPubDate>
            <PubMedPubDate PubStatus="revised">
                <Year>2007</Year>
                <Month>09</Month>
                <Day>20</Day>
            </PubMedPubDate>
            <PubMedPubDate PubStatus="accepted">
                <Year>2007</Year>
                <Month>09</Month>
                <Day>21</Day>
            </PubMedPubDate>
            <PubMedPubDate PubStatus="pubmed">
                <Year>2007</Year>
                <Month>12</Month>
                <Day>7</Day>
                <Hour>9</Hour>
                <Minute>0</Minute>
            </PubMedPubDate>
            <PubMedPubDate PubStatus="medline">
                <Year>2007</Year>
                <Month>12</Month>
                <Day>19</Day>
                <Hour>9</Hour>
                <Minute>0</Minute>
            </PubMedPubDate>
            <PubMedPubDate PubStatus="entrez">
                <Year>2007</Year>
                <Month>12</Month>
                <Day>7</Day>
                <Hour>9</Hour>
                <Minute>0</Minute>
            </PubMedPubDate>
        </History>
        <PublicationStatus>ppublish</PublicationStatus>
        <ArticleIdList>
            <ArticleId IdType="pubmed">18054636</ArticleId>
            <ArticleId IdType="pii">S0161-6420(07)01051-2</ArticleId>
            <ArticleId IdType="doi">10.1016/j.ophtha.2007.09.017</ArticleId>
        </ArticleIdList>
    </PubmedData>
</PubmedArticle>

</PubmedArticleSet>