<?xml version="1.0" ?>
<!DOCTYPE PubmedArticleSet PUBLIC "-//NLM//DTD PubMedArticle, 1st January 2019//EN" "https://dtd.nlm.nih.gov/ncbi/pubmed/out/pubmed_190101.dtd">
<PubmedArticleSet>
<PubmedArticle>
    <MedlineCitation Status="MEDLINE" Owner="NLM">
        <PMID Version="1">18310310</PMID>
        <DateCompleted>
            <Year>2008</Year>
            <Month>04</Month>
            <Day>21</Day>
        </DateCompleted>
        <DateRevised>
            <Year>2008</Year>
            <Month>12</Month>
            <Day>03</Day>
        </DateRevised>
        <Article PubModel="Print-Electronic">
            <Journal>
                <ISSN IssnType="Electronic">1468-2079</ISSN>
                <JournalIssue CitedMedium="Internet">
                    <Volume>92</Volume>
                    <Issue>4</Issue>
                    <PubDate>
                        <Year>2008</Year>
                        <Month>Apr</Month>
                    </PubDate>
                </JournalIssue>
                <Title>The British journal of ophthalmology</Title>
                <ISOAbbreviation>Br J Ophthalmol</ISOAbbreviation>
            </Journal>
            <ArticleTitle>Age-related macular degeneration and mortality from cardiovascular disease or stroke.</ArticleTitle>
            <Pagination>
                <MedlinePgn>509-12</MedlinePgn>
            </Pagination>
            <ELocationID EIdType="doi" ValidYN="Y">10.1136/bjo.2007.131706</ELocationID>
            <Abstract>
                <AbstractText Label="BACKGROUND/AIMS" NlmCategory="OBJECTIVE">Age-related macular degeneration (AMD) and vascular disease share similar risk factors. Recent data suggest AMD may independently predict stroke or coronary heart disease. We prospectively assessed the relationship between AMD and risk of stroke- or cardiovascular-related death in an Australian population.</AbstractText>
                <AbstractText Label="METHODS" NlmCategory="METHODS">Of 3654 baseline participants (1992-4) aged 49+ years, 2335 were re-examined after 5 years and 1952 after 10 years. Retinal photographs were graded using the Wisconsin System. History and physical examination provided data on possible risk factors. Deaths and cause of death were confirmed by data linkage with the Australian National Death Index. Risk ratios (RR) were estimated in Cox models.</AbstractText>
                <AbstractText Label="RESULTS" NlmCategory="RESULTS">Among persons aged &lt;75 years at baseline, early AMD predicted a doubling of cardiovascular mortality (RR, 2.32; 95% confidence interval (CI), 1.03 to 5.19), over the next decade, after controlling for traditional cardiovascular risk factors. Late AMD predicted fivefold higher cardiovascular mortality (RR, 5.57; 95% CI, 1.35 to 22.99) and 10-fold higher stroke mortality (RR, 10.21; 95% CI, 2.39 to 43.60) after adjusting for age and sex only. These associations were not present when persons older than 75 were included.</AbstractText>
                <AbstractText Label="CONCLUSION" NlmCategory="CONCLUSIONS">AMD predicted stroke and cardiovascular events over the long term in persons aged 49-75 years. This may have potential implications for new intravitreal anti-VEGF AMD therapies.</AbstractText>
            </Abstract>
            <AuthorList CompleteYN="Y">
                <Author ValidYN="Y">
                    <LastName>Tan</LastName>
                    <ForeName>J S L</ForeName>
                    <Initials>JS</Initials>
                    <AffiliationInfo>
                        <Affiliation>Centre for Vision Research, Department of Ophthalmology, University of Sydney, Westmead Hospital, Hawkesbury Rd, Westmead, NSW Australia.</Affiliation>
                    </AffiliationInfo>
                </Author>
                <Author ValidYN="Y">
                    <LastName>Wang</LastName>
                    <ForeName>J J</ForeName>
                    <Initials>JJ</Initials>
                </Author>
                <Author ValidYN="Y">
                    <LastName>Liew</LastName>
                    <ForeName>G</ForeName>
                    <Initials>G</Initials>
                </Author>
                <Author ValidYN="Y">
                    <LastName>Rochtchina</LastName>
                    <ForeName>E</ForeName>
                    <Initials>E</Initials>
                </Author>
                <Author ValidYN="Y">
                    <LastName>Mitchell</LastName>
                    <ForeName>P</ForeName>
                    <Initials>P</Initials>
                </Author>
            </AuthorList>
            <Language>eng</Language>
            <PublicationTypeList>
                <PublicationType UI="D016428">Journal Article</PublicationType>
                <PublicationType UI="D013485">Research Support, Non-U.S. Gov't</PublicationType>
            </PublicationTypeList>
            <ArticleDate DateType="Electronic">
                <Year>2008</Year>
                <Month>02</Month>
                <Day>29</Day>
            </ArticleDate>
        </Article>
        <MedlineJournalInfo>
            <Country>England</Country>
            <MedlineTA>Br J Ophthalmol</MedlineTA>
            <NlmUniqueID>0421041</NlmUniqueID>
            <ISSNLinking>0007-1161</ISSNLinking>
        </MedlineJournalInfo>
        <CitationSubset>IM</CitationSubset>
        <CommentsCorrectionsList>
            <CommentsCorrections RefType="CommentIn">
                <RefSource>Br J Ophthalmol. 2008 Nov;92(11):1564</RefSource>
                <PMID Version="1">18952662</PMID>
            </CommentsCorrections>
        </CommentsCorrectionsList>
        <MeshHeadingList>
            <MeshHeading>
                <DescriptorName UI="D000367" MajorTopicYN="N">Age Factors</DescriptorName>
            </MeshHeading>
            <MeshHeading>
                <DescriptorName UI="D000368" MajorTopicYN="N">Aged</DescriptorName>
            </MeshHeading>
            <MeshHeading>
                <DescriptorName UI="D001315" MajorTopicYN="N" Type="Geographic">Australia</DescriptorName>
                <QualifierName UI="Q000453" MajorTopicYN="N">epidemiology</QualifierName>
            </MeshHeading>
            <MeshHeading>
                <DescriptorName UI="D002318" MajorTopicYN="N">Cardiovascular Diseases</DescriptorName>
                <QualifierName UI="Q000150" MajorTopicYN="N">complications</QualifierName>
                <QualifierName UI="Q000401" MajorTopicYN="Y">mortality</QualifierName>
            </MeshHeading>
            <MeshHeading>
                <DescriptorName UI="D004812" MajorTopicYN="N">Epidemiologic Methods</DescriptorName>
            </MeshHeading>
            <MeshHeading>
                <DescriptorName UI="D005260" MajorTopicYN="N">Female</DescriptorName>
            </MeshHeading>
            <MeshHeading>
                <DescriptorName UI="D006801" MajorTopicYN="N">Humans</DescriptorName>
            </MeshHeading>
            <MeshHeading>
                <DescriptorName UI="D008268" MajorTopicYN="N">Macular Degeneration</DescriptorName>
                <QualifierName UI="Q000150" MajorTopicYN="N">complications</QualifierName>
                <QualifierName UI="Q000401" MajorTopicYN="Y">mortality</QualifierName>
            </MeshHeading>
            <MeshHeading>
                <DescriptorName UI="D008297" MajorTopicYN="N">Male</DescriptorName>
            </MeshHeading>
            <MeshHeading>
                <DescriptorName UI="D008875" MajorTopicYN="N">Middle Aged</DescriptorName>
            </MeshHeading>
            <MeshHeading>
                <DescriptorName UI="D011379" MajorTopicYN="N">Prognosis</DescriptorName>
            </MeshHeading>
            <MeshHeading>
                <DescriptorName UI="D020521" MajorTopicYN="N">Stroke</DescriptorName>
                <QualifierName UI="Q000150" MajorTopicYN="N">complications</QualifierName>
                <QualifierName UI="Q000401" MajorTopicYN="N">mortality</QualifierName>
            </MeshHeading>
        </MeshHeadingList>
    </MedlineCitation>
    <PubmedData>
        <History>
            <PubMedPubDate PubStatus="pubmed">
                <Year>2008</Year>
                <Month>3</Month>
                <Day>4</Day>
                <Hour>9</Hour>
                <Minute>0</Minute>
            </PubMedPubDate>
            <PubMedPubDate PubStatus="medline">
                <Year>2008</Year>
                <Month>4</Month>
                <Day>22</Day>
                <Hour>9</Hour>
                <Minute>0</Minute>
            </PubMedPubDate>
            <PubMedPubDate PubStatus="entrez">
                <Year>2008</Year>
                <Month>3</Month>
                <Day>4</Day>
                <Hour>9</Hour>
                <Minute>0</Minute>
            </PubMedPubDate>
        </History>
        <PublicationStatus>ppublish</PublicationStatus>
        <ArticleIdList>
            <ArticleId IdType="pubmed">18310310</ArticleId>
            <ArticleId IdType="pii">bjo.2007.131706</ArticleId>
            <ArticleId IdType="doi">10.1136/bjo.2007.131706</ArticleId>
        </ArticleIdList>
    </PubmedData>
</PubmedArticle>

</PubmedArticleSet>