<?xml version="1.0" ?>
<!DOCTYPE PubmedArticleSet PUBLIC "-//NLM//DTD PubMedArticle, 1st January 2019//EN" "https://dtd.nlm.nih.gov/ncbi/pubmed/out/pubmed_190101.dtd">
<PubmedArticleSet>
<PubmedArticle>
    <MedlineCitation Status="PubMed-not-MEDLINE" Owner="NLM">
        <PMID Version="1">19516892</PMID>
        <DateCompleted>
            <Year>2013</Year>
            <Month>07</Month>
            <Day>04</Day>
        </DateCompleted>
        <DateRevised>
            <Year>2020</Year>
            <Month>09</Month>
            <Day>30</Day>
        </DateRevised>
        <Article PubModel="Electronic">
            <Journal>
                <ISSN IssnType="Electronic">1874-3641</ISSN>
                <JournalIssue CitedMedium="Internet">
                    <Volume>2</Volume>
                    <PubDate>
                        <Year>2008</Year>
                        <Month>Mar</Month>
                        <Day>08</Day>
                    </PubDate>
                </JournalIssue>
                <Title>The open ophthalmology journal</Title>
                <ISOAbbreviation>Open Ophthalmol J</ISOAbbreviation>
            </Journal>
            <ArticleTitle>Is age-related macular degeneration associated with stroke among elderly americans?</ArticleTitle>
            <Pagination>
                <MedlinePgn>37-42</MedlinePgn>
            </Pagination>
            <ELocationID EIdType="doi" ValidYN="Y">10.2174/1874364100802010037</ELocationID>
            <Abstract>
                <AbstractText Label="OBJECTIVE" NlmCategory="OBJECTIVE">To investigate whether age-related macular degeneration (AMD) is associated with the development of ischemic and hemorrhagic stroke among elderly Americans.</AbstractText>
                <AbstractText Label="DESIGN" NlmCategory="METHODS">Population-based cohort study.</AbstractText>
                <AbstractText Label="PARTICIPANTS" NlmCategory="METHODS">The five percent random sample of 2000-2003 Medicare enrollees was obtained. The cohort (n=1,519,086) consisted of enrollees who were aged 65 or older at the first two-year (January 1, 2000 to December 31, 2001).</AbstractText>
                <AbstractText Label="METHODS" NlmCategory="METHODS">Baseline demographic variables and chronic conditions (AMD and type, history of myocardial infarction (MI), stroke, hypertension, and diabetes) were defined based on the occurrence of relevant ICD-9 codes in relevant diagnosis fields of the baseline Medicare Data. We excluded 215,900 persons who had a diagnosis of MI or stroke during baseline period to form a cohort of 1,303,186 individuals who were free of major cardio-cerebral vascular disease (CVD) at baseline.</AbstractText>
                <AbstractText Label="MAIN OUTCOME MEASURES" NlmCategory="METHODS">In two years of follow-up (January 1, 2002 to December 31, 2003), a total of 89,501 incident stroke cases were identified, including 80,018 ischemic, 7048 hemorrhagic, and 2,435 stroke cases of both types.</AbstractText>
                <AbstractText Label="RESULTS" NlmCategory="RESULTS">Baseline mean age was 75 years (Standard Divination=7.7), with 60% women and 88% whites. The prevalence of AMD was 10.6%, with 19.7% being neovascular AMD and 80.3% being non-neovascular AMD. Baseline age, gender, race, hypertension, and diabetes adjusted 2-year incident odds ratios and 95% confidence internal of stroke associated with AMD were 1.31 (1.26, 1.36) for neovascular AMD, 1.18 (1.15, 1.21) for non-neovascular AMD, and 1.21 (1.18, 1.23) for either neovascular or non-neovascular AMD.</AbstractText>
                <AbstractText Label="CONCLUSION" NlmCategory="CONCLUSIONS">The findings are suggestive of an association between AMD, especially neovascular AMD, and incident stroke, independent of demographic factors and co-morbidity. These findings, if confirmed by other studies that control for smoking and other lifestyle covariables not measured in this study, suggest the possibility of shared common antecedents between stroke and AMD.</AbstractText>
            </Abstract>
            <AuthorList CompleteYN="Y">
                <Author ValidYN="Y">
                    <LastName>Liao</LastName>
                    <ForeName>Duanping</ForeName>
                    <Initials>D</Initials>
                    <AffiliationInfo>
                        <Affiliation>Department of Public Health Sciences, Pennsylvania State University College of Medicine, Hershey, PA, USA. dliao@psu.edu</Affiliation>
                    </AffiliationInfo>
                </Author>
                <Author ValidYN="Y">
                    <LastName>Mo</LastName>
                    <ForeName>Jingping</ForeName>
                    <Initials>J</Initials>
                </Author>
                <Author ValidYN="Y">
                    <LastName>Duan</LastName>
                    <ForeName>Yinkang</ForeName>
                    <Initials>Y</Initials>
                </Author>
                <Author ValidYN="Y">
                    <LastName>Klein</LastName>
                    <ForeName>Ronald</ForeName>
                    <Initials>R</Initials>
                </Author>
                <Author ValidYN="Y">
                    <LastName>Scott</LastName>
                    <ForeName>Ingrid U</ForeName>
                    <Initials>IU</Initials>
                </Author>
                <Author ValidYN="Y">
                    <LastName>Huang</LastName>
                    <ForeName>Kui A</ForeName>
                    <Initials>KA</Initials>
                </Author>
                <Author ValidYN="Y">
                    <LastName>Zhou</LastName>
                    <ForeName>Haibo</ForeName>
                    <Initials>H</Initials>
                </Author>
            </AuthorList>
            <Language>eng</Language>
            <PublicationTypeList>
                <PublicationType UI="D016428">Journal Article</PublicationType>
            </PublicationTypeList>
            <ArticleDate DateType="Electronic">
                <Year>2008</Year>
                <Month>03</Month>
                <Day>08</Day>
            </ArticleDate>
        </Article>
        <MedlineJournalInfo>
            <Country>United Arab Emirates</Country>
            <MedlineTA>Open Ophthalmol J</MedlineTA>
            <NlmUniqueID>101480505</NlmUniqueID>
            <ISSNLinking>1874-3641</ISSNLinking>
        </MedlineJournalInfo>
        <KeywordList Owner="NOTNLM">
            <Keyword MajorTopicYN="N">Age-related macular degeneration</Keyword>
            <Keyword MajorTopicYN="N">Medicare medical claims</Keyword>
            <Keyword MajorTopicYN="N">follow-up study.</Keyword>
            <Keyword MajorTopicYN="N">stroke</Keyword>
        </KeywordList>
    </MedlineCitation>
    <PubmedData>
        <History>
            <PubMedPubDate PubStatus="received">
                <Year>2007</Year>
                <Month>12</Month>
                <Day>23</Day>
            </PubMedPubDate>
            <PubMedPubDate PubStatus="revised">
                <Year>2008</Year>
                <Month>02</Month>
                <Day>20</Day>
            </PubMedPubDate>
            <PubMedPubDate PubStatus="accepted">
                <Year>2008</Year>
                <Month>02</Month>
                <Day>21</Day>
            </PubMedPubDate>
            <PubMedPubDate PubStatus="entrez">
                <Year>2009</Year>
                <Month>6</Month>
                <Day>12</Day>
                <Hour>9</Hour>
                <Minute>0</Minute>
            </PubMedPubDate>
            <PubMedPubDate PubStatus="pubmed">
                <Year>2008</Year>
                <Month>1</Month>
                <Day>1</Day>
                <Hour>0</Hour>
                <Minute>0</Minute>
            </PubMedPubDate>
            <PubMedPubDate PubStatus="medline">
                <Year>2008</Year>
                <Month>1</Month>
                <Day>1</Day>
                <Hour>0</Hour>
                <Minute>1</Minute>
            </PubMedPubDate>
        </History>
        <PublicationStatus>epublish</PublicationStatus>
        <ArticleIdList>
            <ArticleId IdType="pubmed">19516892</ArticleId>
            <ArticleId IdType="doi">10.2174/1874364100802010037</ArticleId>
            <ArticleId IdType="pmc">PMC2687926</ArticleId>
        </ArticleIdList>
        <ReferenceList>
            <Reference>
                <Citation>Am J Epidemiol. 1995 Aug 15;142(4):404-9</Citation>
                <ArticleIdList>
                    <ArticleId IdType="pubmed">7625405</ArticleId>
                </ArticleIdList>
            </Reference>
            <Reference>
                <Citation>Ophthalmology. 2005 Dec;112(12):2076-80</Citation>
                <ArticleIdList>
                    <ArticleId IdType="pubmed">16225921</ArticleId>
                </ArticleIdList>
            </Reference>
            <Reference>
                <Citation>Science. 1997 Sep 19;277(5333):1805-7</Citation>
                <ArticleIdList>
                    <ArticleId IdType="pubmed">9295268</ArticleId>
                </ArticleIdList>
            </Reference>
            <Reference>
                <Citation>Ann Intern Med. 2006 Jul 18;145(2):98-106</Citation>
                <ArticleIdList>
                    <ArticleId IdType="pubmed">16847292</ArticleId>
                </ArticleIdList>
            </Reference>
            <Reference>
                <Citation>Ophthalmology. 2007 Apr;114(4):732-7</Citation>
                <ArticleIdList>
                    <ArticleId IdType="pubmed">17187863</ArticleId>
                </ArticleIdList>
            </Reference>
            <Reference>
                <Citation>Arch Ophthalmol. 2000 Mar;118(3):351-8</Citation>
                <ArticleIdList>
                    <ArticleId IdType="pubmed">10721957</ArticleId>
                </ArticleIdList>
            </Reference>
            <Reference>
                <Citation>Arch Ophthalmol. 2000 Mar;118(3):401-4</Citation>
                <ArticleIdList>
                    <ArticleId IdType="pubmed">10721964</ArticleId>
                </ArticleIdList>
            </Reference>
            <Reference>
                <Citation>Ophthalmology. 2000 Dec;107(12):2224-32</Citation>
                <ArticleIdList>
                    <ArticleId IdType="pubmed">11097601</ArticleId>
                </ArticleIdList>
            </Reference>
            <Reference>
                <Citation>Arch Ophthalmol. 2001 Sep;119(9):1259-65</Citation>
                <ArticleIdList>
                    <ArticleId IdType="pubmed">11545630</ArticleId>
                </ArticleIdList>
            </Reference>
            <Reference>
                <Citation>Med Care. 2002 Feb;40(2):96-104</Citation>
                <ArticleIdList>
                    <ArticleId IdType="pubmed">11802082</ArticleId>
                </ArticleIdList>
            </Reference>
            <Reference>
                <Citation>Eye (Lond). 2002 May;16(3):242-60</Citation>
                <ArticleIdList>
                    <ArticleId IdType="pubmed">12032713</ArticleId>
                </ArticleIdList>
            </Reference>
            <Reference>
                <Citation>Ophthalmology. 2003 Jan;110(1):25-33</Citation>
                <ArticleIdList>
                    <ArticleId IdType="pubmed">12511342</ArticleId>
                </ArticleIdList>
            </Reference>
            <Reference>
                <Citation>Ophthalmology. 2003 Aug;110(8):1534-9</Citation>
                <ArticleIdList>
                    <ArticleId IdType="pubmed">12917168</ArticleId>
                </ArticleIdList>
            </Reference>
            <Reference>
                <Citation>Invest Ophthalmol Vis Sci. 2003 Sep;44(9):3771-7</Citation>
                <ArticleIdList>
                    <ArticleId IdType="pubmed">12939290</ArticleId>
                </ArticleIdList>
            </Reference>
            <Reference>
                <Citation>Arch Ophthalmol. 2003 Sep;121(9):1303-10</Citation>
                <ArticleIdList>
                    <ArticleId IdType="pubmed">12963614</ArticleId>
                </ArticleIdList>
            </Reference>
            <Reference>
                <Citation>Arch Ophthalmol. 2004 Apr;122(4):564-72</Citation>
                <ArticleIdList>
                    <ArticleId IdType="pubmed">15078675</ArticleId>
                </ArticleIdList>
            </Reference>
            <Reference>
                <Citation>Am J Epidemiol. 1977 Jul;106(1):33-41</Citation>
                <ArticleIdList>
                    <ArticleId IdType="pubmed">141882</ArticleId>
                </ArticleIdList>
            </Reference>
            <Reference>
                <Citation>Arch Ophthalmol. 1995 Jun;113(6):743-8</Citation>
                <ArticleIdList>
                    <ArticleId IdType="pubmed">7786215</ArticleId>
                </ArticleIdList>
            </Reference>
            <Reference>
                <Citation>Surv Ophthalmol. 1980 May-Jun;24(Suppl):335-610</Citation>
                <ArticleIdList>
                    <ArticleId IdType="pubmed">7444756</ArticleId>
                </ArticleIdList>
            </Reference>
            <Reference>
                <Citation>Am J Epidemiol. 1983 Aug;118(2):213-27</Citation>
                <ArticleIdList>
                    <ArticleId IdType="pubmed">6881127</ArticleId>
                </ArticleIdList>
            </Reference>
            <Reference>
                <Citation>Arch Ophthalmol. 1986 Feb;104(2):216-9</Citation>
                <ArticleIdList>
                    <ArticleId IdType="pubmed">3947296</ArticleId>
                </ArticleIdList>
            </Reference>
            <Reference>
                <Citation>Am J Epidemiol. 1988 Oct;128(4):700-10</Citation>
                <ArticleIdList>
                    <ArticleId IdType="pubmed">3421236</ArticleId>
                </ArticleIdList>
            </Reference>
            <Reference>
                <Citation>Acta Ophthalmol (Copenh). 1992 Feb;70(1):66-72</Citation>
                <ArticleIdList>
                    <ArticleId IdType="pubmed">1557977</ArticleId>
                </ArticleIdList>
            </Reference>
            <Reference>
                <Citation>Arch Ophthalmol. 1992 Dec;110(12):1701-8</Citation>
                <ArticleIdList>
                    <ArticleId IdType="pubmed">1281403</ArticleId>
                </ArticleIdList>
            </Reference>
            <Reference>
                <Citation>Arch Ophthalmol. 1993 Apr;111(4):514-8</Citation>
                <ArticleIdList>
                    <ArticleId IdType="pubmed">8470986</ArticleId>
                </ArticleIdList>
            </Reference>
            <Reference>
                <Citation>Genet Epidemiol. 1994;11(1):51-67</Citation>
                <ArticleIdList>
                    <ArticleId IdType="pubmed">8013888</ArticleId>
                </ArticleIdList>
            </Reference>
            <Reference>
                <Citation>JAMA. 1994 Nov 9;272(18):1413-20</Citation>
                <ArticleIdList>
                    <ArticleId IdType="pubmed">7933422</ArticleId>
                </ArticleIdList>
            </Reference>
            <Reference>
                <Citation>Ophthalmology. 1997 Nov;104(11):1804-12</Citation>
                <ArticleIdList>
                    <ArticleId IdType="pubmed">9373110</ArticleId>
                </ArticleIdList>
            </Reference>
            <Reference>
                <Citation>Am J Epidemiol. 1998 Jan 15;147(2):103-10</Citation>
                <ArticleIdList>
                    <ArticleId IdType="pubmed">9456998</ArticleId>
                </ArticleIdList>
            </Reference>
            <Reference>
                <Citation>Arch Ophthalmol. 1998 May;116(5):583-7</Citation>
                <ArticleIdList>
                    <ArticleId IdType="pubmed">9596493</ArticleId>
                </ArticleIdList>
            </Reference>
            <Reference>
                <Citation>Am J Hum Genet. 1998 Jul;63(1):200-6</Citation>
                <ArticleIdList>
                    <ArticleId IdType="pubmed">9634502</ArticleId>
                </ArticleIdList>
            </Reference>
            <Reference>
                <Citation>Arch Ophthalmol. 1999 Sep;117(9):1203-10</Citation>
                <ArticleIdList>
                    <ArticleId IdType="pubmed">10496392</ArticleId>
                </ArticleIdList>
            </Reference>
            <Reference>
                <Citation>Health Serv Res. 2004 Dec;39(6 Pt 1):1839-57</Citation>
                <ArticleIdList>
                    <ArticleId IdType="pubmed">15533190</ArticleId>
                </ArticleIdList>
            </Reference>
            <Reference>
                <Citation>Med Care. 2005 May;43(5):480-5</Citation>
                <ArticleIdList>
                    <ArticleId IdType="pubmed">15838413</ArticleId>
                </ArticleIdList>
            </Reference>
            <Reference>
                <Citation>Ophthalmology. 1997 May;104(5):770-6</Citation>
                <ArticleIdList>
                    <ArticleId IdType="pubmed">9160021</ArticleId>
                </ArticleIdList>
            </Reference>
        </ReferenceList>
    </PubmedData>
</PubmedArticle>

</PubmedArticleSet>