<?xml version="1.0" ?>
<!DOCTYPE PubmedArticleSet PUBLIC "-//NLM//DTD PubMedArticle, 1st January 2019//EN" "https://dtd.nlm.nih.gov/ncbi/pubmed/out/pubmed_190101.dtd">
<PubmedArticleSet>
<PubmedArticle>
    <MedlineCitation Status="MEDLINE" Owner="NLM">
        <PMID Version="1">19592102</PMID>
        <DateCompleted>
            <Year>2009</Year>
            <Month>10</Month>
            <Day>16</Day>
        </DateCompleted>
        <DateRevised>
            <Year>2018</Year>
            <Month>11</Month>
            <Day>13</Day>
        </DateRevised>
        <Article PubModel="Print-Electronic">
            <Journal>
                <ISSN IssnType="Electronic">1549-4713</ISSN>
                <JournalIssue CitedMedium="Internet">
                    <Volume>116</Volume>
                    <Issue>10</Issue>
                    <PubDate>
                        <Year>2009</Year>
                        <Month>Oct</Month>
                    </PubDate>
                </JournalIssue>
                <Title>Ophthalmology</Title>
                <ISOAbbreviation>Ophthalmology</ISOAbbreviation>
            </Journal>
            <ArticleTitle>Age-related macular degeneration and risk of coronary heart disease and stroke: the Cardiovascular Health Study.</ArticleTitle>
            <Pagination>
                <MedlinePgn>1913-9</MedlinePgn>
            </Pagination>
            <ELocationID EIdType="doi" ValidYN="Y">10.1016/j.ophtha.2009.03.046</ELocationID>
            <Abstract>
                <AbstractText Label="PURPOSE" NlmCategory="OBJECTIVE">To examine the associations of age-related macular degeneration (AMD) with incident coronary heart disease (CHD) and stroke in the Cardiovascular Health Study.</AbstractText>
                <AbstractText Label="DESIGN" NlmCategory="METHODS">Population-based prospective cohort study.</AbstractText>
                <AbstractText Label="PARTICIPANTS" NlmCategory="METHODS">A total of 1786 white and African-American participants free of CHD or 2228 participants free of stroke, aged 69 to 97 years.</AbstractText>
                <AbstractText Label="METHODS" NlmCategory="METHODS">AMD was evaluated from photographs taken in 1997 and 1998.</AbstractText>
                <AbstractText Label="MAIN OUTCOME MEASURES" NlmCategory="METHODS">Incident CHD and stroke ascertained using standardized methods.</AbstractText>
                <AbstractText Label="RESULTS" NlmCategory="RESULTS">Of the 1786 persons free of CHD, 303 developed incident CHD over 7 years. Participants with early AMD (n = 277) had a higher cumulative incidence of CHD than participants without early AMD (25.8% vs. 18.9%, P = 0.001). By adjusting for age, gender, race, systolic and diastolic blood pressure, hypertension status, fasting glucose, triglyceride, low-density lipoprotein cholesterol, cigarette smoking, pack years of smoking, and C-reactive protein, the presence of early AMD was associated with an increased risk of incident CHD (hazard ratio 1.57; 95% confidence interval, 1.17-2.22). Late AMD (n = 25) was not associated with incident CHD (hazard ratio 0.78; 95% confidence interval, 0.25-2.48). Among 2228 persons at risk, 198 developed incident stroke; neither early nor late AMD was associated with incident stroke.</AbstractText>
                <AbstractText Label="CONCLUSIONS" NlmCategory="CONCLUSIONS">This study suggests persons with early AMD have a higher risk of CHD but not stroke in a population aged 69 to 97 years. This provides further support that AMD is associated with underlying systemic vascular disease.</AbstractText>
            </Abstract>
            <AuthorList CompleteYN="Y">
                <Author ValidYN="Y">
                    <LastName>Sun</LastName>
                    <ForeName>Cong</ForeName>
                    <Initials>C</Initials>
                    <AffiliationInfo>
                        <Affiliation>Centre for Eye Research Australia, Department of Ophthalmology, University of Melbourne, VIC, Australia.</Affiliation>
                    </AffiliationInfo>
                </Author>
                <Author ValidYN="Y">
                    <LastName>Klein</LastName>
                    <ForeName>Ronald</ForeName>
                    <Initials>R</Initials>
                </Author>
                <Author ValidYN="Y">
                    <LastName>Wong</LastName>
                    <ForeName>Tien Y</ForeName>
                    <Initials>TY</Initials>
                </Author>
            </AuthorList>
            <Language>eng</Language>
            <GrantList CompleteYN="Y">
                <Grant>
                    <GrantID>U01 HL080295</GrantID>
                    <Acronym>HL</Acronym>
                    <Agency>NHLBI NIH HHS</Agency>
                    <Country>United States</Country>
                </Grant>
                <Grant>
                    <GrantID>HHSN268200800007C</GrantID>
                    <Acronym>HL</Acronym>
                    <Agency>NHLBI NIH HHS</Agency>
                    <Country>United States</Country>
                </Grant>
                <Grant>
                    <GrantID>N01 HC015103</GrantID>
                    <Acronym>HC</Acronym>
                    <Agency>NHLBI NIH HHS</Agency>
                    <Country>United States</Country>
                </Grant>
                <Grant>
                    <GrantID>R21-HL077166</GrantID>
                    <Acronym>HL</Acronym>
                    <Agency>NHLBI NIH HHS</Agency>
                    <Country>United States</Country>
                </Grant>
                <Grant>
                    <GrantID>N01HC55222</GrantID>
                    <Acronym>HL</Acronym>
                    <Agency>NHLBI NIH HHS</Agency>
                    <Country>United States</Country>
                </Grant>
                <Grant>
                    <GrantID>N01-HC-85086</GrantID>
                    <Acronym>HC</Acronym>
                    <Agency>NHLBI NIH HHS</Agency>
                    <Country>United States</Country>
                </Grant>
                <Grant>
                    <GrantID>N01HC85086</GrantID>
                    <Acronym>HL</Acronym>
                    <Agency>NHLBI NIH HHS</Agency>
                    <Country>United States</Country>
                </Grant>
                <Grant>
                    <GrantID>N01 HC-55222</GrantID>
                    <Acronym>HC</Acronym>
                    <Agency>NHLBI NIH HHS</Agency>
                    <Country>United States</Country>
                </Grant>
                <Grant>
                    <GrantID>N01-HC-75150</GrantID>
                    <Acronym>HC</Acronym>
                    <Agency>NHLBI NIH HHS</Agency>
                    <Country>United States</Country>
                </Grant>
                <Grant>
                    <GrantID>N01HC75150</GrantID>
                    <Acronym>HL</Acronym>
                    <Agency>NHLBI NIH HHS</Agency>
                    <Country>United States</Country>
                </Grant>
                <Grant>
                    <GrantID>R21 HL077166</GrantID>
                    <Acronym>HL</Acronym>
                    <Agency>NHLBI NIH HHS</Agency>
                    <Country>United States</Country>
                </Grant>
                <Grant>
                    <GrantID>N01-HC-85079</GrantID>
                    <Acronym>HC</Acronym>
                    <Agency>NHLBI NIH HHS</Agency>
                    <Country>United States</Country>
                </Grant>
                <Grant>
                    <GrantID>N01HC85079</GrantID>
                    <Acronym>HL</Acronym>
                    <Agency>NHLBI NIH HHS</Agency>
                    <Country>United States</Country>
                </Grant>
                <Grant>
                    <GrantID>N01 HC045133</GrantID>
                    <Acronym>HC</Acronym>
                    <Agency>NHLBI NIH HHS</Agency>
                    <Country>United States</Country>
                </Grant>
                <Grant>
                    <GrantID>N01 HC035129</GrantID>
                    <Acronym>HC</Acronym>
                    <Agency>NHLBI NIH HHS</Agency>
                    <Country>United States</Country>
                </Grant>
            </GrantList>
            <PublicationTypeList>
                <PublicationType UI="D016428">Journal Article</PublicationType>
                <PublicationType UI="D052061">Research Support, N.I.H., Extramural</PublicationType>
                <PublicationType UI="D013485">Research Support, Non-U.S. Gov't</PublicationType>
            </PublicationTypeList>
            <ArticleDate DateType="Electronic">
                <Year>2009</Year>
                <Month>07</Month>
                <Day>09</Day>
            </ArticleDate>
        </Article>
        <MedlineJournalInfo>
            <Country>United States</Country>
            <MedlineTA>Ophthalmology</MedlineTA>
            <NlmUniqueID>7802443</NlmUniqueID>
            <ISSNLinking>0161-6420</ISSNLinking>
        </MedlineJournalInfo>
        <ChemicalList>
            <Chemical>
                <RegistryNumber>0</RegistryNumber>
                <NameOfSubstance UI="D008078">Cholesterol, LDL</NameOfSubstance>
            </Chemical>
            <Chemical>
                <RegistryNumber>0</RegistryNumber>
                <NameOfSubstance UI="D014280">Triglycerides</NameOfSubstance>
            </Chemical>
        </ChemicalList>
        <CitationSubset>IM</CitationSubset>
        <CommentsCorrectionsList>
            <CommentsCorrections RefType="CommentIn">
                <RefSource>Ophthalmology. 2010 Jan;117(1):194</RefSource>
                <PMID Version="1">20114115</PMID>
            </CommentsCorrections>
        </CommentsCorrectionsList>
        <MeshHeadingList>
            <MeshHeading>
                <DescriptorName UI="D001741" MajorTopicYN="N">African Americans</DescriptorName>
                <QualifierName UI="Q000208" MajorTopicYN="N">ethnology</QualifierName>
            </MeshHeading>
            <MeshHeading>
                <DescriptorName UI="D000367" MajorTopicYN="N">Age Factors</DescriptorName>
            </MeshHeading>
            <MeshHeading>
                <DescriptorName UI="D000368" MajorTopicYN="N">Aged</DescriptorName>
            </MeshHeading>
            <MeshHeading>
                <DescriptorName UI="D000369" MajorTopicYN="N">Aged, 80 and over</DescriptorName>
            </MeshHeading>
            <MeshHeading>
                <DescriptorName UI="D001794" MajorTopicYN="N">Blood Pressure</DescriptorName>
            </MeshHeading>
            <MeshHeading>
                <DescriptorName UI="D008078" MajorTopicYN="N">Cholesterol, LDL</DescriptorName>
                <QualifierName UI="Q000097" MajorTopicYN="N">blood</QualifierName>
            </MeshHeading>
            <MeshHeading>
                <DescriptorName UI="D003327" MajorTopicYN="N">Coronary Disease</DescriptorName>
                <QualifierName UI="Q000175" MajorTopicYN="N">diagnosis</QualifierName>
                <QualifierName UI="Q000453" MajorTopicYN="Y">epidemiology</QualifierName>
            </MeshHeading>
            <MeshHeading>
                <DescriptorName UI="D044465" MajorTopicYN="N">European Continental Ancestry Group</DescriptorName>
                <QualifierName UI="Q000208" MajorTopicYN="N">ethnology</QualifierName>
            </MeshHeading>
            <MeshHeading>
                <DescriptorName UI="D005260" MajorTopicYN="N">Female</DescriptorName>
            </MeshHeading>
            <MeshHeading>
                <DescriptorName UI="D006801" MajorTopicYN="N">Humans</DescriptorName>
            </MeshHeading>
            <MeshHeading>
                <DescriptorName UI="D015994" MajorTopicYN="N">Incidence</DescriptorName>
            </MeshHeading>
            <MeshHeading>
                <DescriptorName UI="D008268" MajorTopicYN="N">Macular Degeneration</DescriptorName>
                <QualifierName UI="Q000175" MajorTopicYN="N">diagnosis</QualifierName>
                <QualifierName UI="Q000453" MajorTopicYN="Y">epidemiology</QualifierName>
            </MeshHeading>
            <MeshHeading>
                <DescriptorName UI="D008297" MajorTopicYN="N">Male</DescriptorName>
            </MeshHeading>
            <MeshHeading>
                <DescriptorName UI="D011446" MajorTopicYN="N">Prospective Studies</DescriptorName>
            </MeshHeading>
            <MeshHeading>
                <DescriptorName UI="D012307" MajorTopicYN="N">Risk Factors</DescriptorName>
            </MeshHeading>
            <MeshHeading>
                <DescriptorName UI="D012737" MajorTopicYN="N">Sex Factors</DescriptorName>
            </MeshHeading>
            <MeshHeading>
                <DescriptorName UI="D020521" MajorTopicYN="N">Stroke</DescriptorName>
                <QualifierName UI="Q000175" MajorTopicYN="N">diagnosis</QualifierName>
                <QualifierName UI="Q000453" MajorTopicYN="Y">epidemiology</QualifierName>
            </MeshHeading>
            <MeshHeading>
                <DescriptorName UI="D014280" MajorTopicYN="N">Triglycerides</DescriptorName>
                <QualifierName UI="Q000097" MajorTopicYN="N">blood</QualifierName>
            </MeshHeading>
            <MeshHeading>
                <DescriptorName UI="D014481" MajorTopicYN="N" Type="Geographic">United States</DescriptorName>
                <QualifierName UI="Q000453" MajorTopicYN="N">epidemiology</QualifierName>
            </MeshHeading>
        </MeshHeadingList>
    </MedlineCitation>
    <PubmedData>
        <History>
            <PubMedPubDate PubStatus="received">
                <Year>2008</Year>
                <Month>12</Month>
                <Day>04</Day>
            </PubMedPubDate>
            <PubMedPubDate PubStatus="revised">
                <Year>2009</Year>
                <Month>03</Month>
                <Day>17</Day>
            </PubMedPubDate>
            <PubMedPubDate PubStatus="accepted">
                <Year>2009</Year>
                <Month>03</Month>
                <Day>24</Day>
            </PubMedPubDate>
            <PubMedPubDate PubStatus="entrez">
                <Year>2009</Year>
                <Month>7</Month>
                <Day>14</Day>
                <Hour>9</Hour>
                <Minute>0</Minute>
            </PubMedPubDate>
            <PubMedPubDate PubStatus="pubmed">
                <Year>2009</Year>
                <Month>7</Month>
                <Day>14</Day>
                <Hour>9</Hour>
                <Minute>0</Minute>
            </PubMedPubDate>
            <PubMedPubDate PubStatus="medline">
                <Year>2009</Year>
                <Month>10</Month>
                <Day>17</Day>
                <Hour>6</Hour>
                <Minute>0</Minute>
            </PubMedPubDate>
        </History>
        <PublicationStatus>ppublish</PublicationStatus>
        <ArticleIdList>
            <ArticleId IdType="pubmed">19592102</ArticleId>
            <ArticleId IdType="pii">S0161-6420(09)00343-1</ArticleId>
            <ArticleId IdType="doi">10.1016/j.ophtha.2009.03.046</ArticleId>
            <ArticleId IdType="pmc">PMC3818148</ArticleId>
            <ArticleId IdType="mid">NIHMS519173</ArticleId>
        </ArticleIdList>
        <ReferenceList>
            <Reference>
                <Citation>Neurology. 1999 Oct 12;53(6):1308-11</Citation>
                <ArticleIdList>
                    <ArticleId IdType="pubmed">10522889</ArticleId>
                </ArticleIdList>
            </Reference>
            <Reference>
                <Citation>Arch Ophthalmol. 2008 Sep;126(9):1280-6</Citation>
                <ArticleIdList>
                    <ArticleId IdType="pubmed">18779491</ArticleId>
                </ArticleIdList>
            </Reference>
            <Reference>
                <Citation>Arch Ophthalmol. 2006 Feb;124(2):243-9</Citation>
                <ArticleIdList>
                    <ArticleId IdType="pubmed">16476894</ArticleId>
                </ArticleIdList>
            </Reference>
            <Reference>
                <Citation>Surv Ophthalmol. 2006 Mar-Apr;51(2):137-52</Citation>
                <ArticleIdList>
                    <ArticleId IdType="pubmed">16500214</ArticleId>
                </ArticleIdList>
            </Reference>
            <Reference>
                <Citation>J Am Coll Cardiol. 2006 Apr 18;47(8):1568-75</Citation>
                <ArticleIdList>
                    <ArticleId IdType="pubmed">16630992</ArticleId>
                </ArticleIdList>
            </Reference>
            <Reference>
                <Citation>Ann Intern Med. 2006 Jul 18;145(2):98-106</Citation>
                <ArticleIdList>
                    <ArticleId IdType="pubmed">16847292</ArticleId>
                </ArticleIdList>
            </Reference>
            <Reference>
                <Citation>Hum Mol Genet. 2006 Oct 15;15 Spec No 2:R117-23</Citation>
                <ArticleIdList>
                    <ArticleId IdType="pubmed">16987874</ArticleId>
                </ArticleIdList>
            </Reference>
            <Reference>
                <Citation>Arch Intern Med. 2006 Nov 27;166(21):2388-94</Citation>
                <ArticleIdList>
                    <ArticleId IdType="pubmed">17130394</ArticleId>
                </ArticleIdList>
            </Reference>
            <Reference>
                <Citation>Ophthalmology. 2007 Jan;114(1):86-91</Citation>
                <ArticleIdList>
                    <ArticleId IdType="pubmed">17198851</ArticleId>
                </ArticleIdList>
            </Reference>
            <Reference>
                <Citation>Lancet. 2007 Feb 3;369(9559):425-35</Citation>
                <ArticleIdList>
                    <ArticleId IdType="pubmed">17276782</ArticleId>
                </ArticleIdList>
            </Reference>
            <Reference>
                <Citation>Am J Ophthalmol. 2007 Mar;143(3):473-83</Citation>
                <ArticleIdList>
                    <ArticleId IdType="pubmed">17317391</ArticleId>
                </ArticleIdList>
            </Reference>
            <Reference>
                <Citation>Ophthalmology. 2007 Apr;114(4):732-7</Citation>
                <ArticleIdList>
                    <ArticleId IdType="pubmed">17187863</ArticleId>
                </ArticleIdList>
            </Reference>
            <Reference>
                <Citation>Arch Ophthalmol. 2007 Apr;125(4):534-43</Citation>
                <ArticleIdList>
                    <ArticleId IdType="pubmed">17420374</ArticleId>
                </ArticleIdList>
            </Reference>
            <Reference>
                <Citation>Circulation. 2007 Jul 3;116(1):32-8</Citation>
                <ArticleIdList>
                    <ArticleId IdType="pubmed">17576871</ArticleId>
                </ArticleIdList>
            </Reference>
            <Reference>
                <Citation>Science. 2005 Apr 15;308(5720):421-4</Citation>
                <ArticleIdList>
                    <ArticleId IdType="pubmed">15761121</ArticleId>
                </ArticleIdList>
            </Reference>
            <Reference>
                <Citation>Arch Ophthalmol. 2000 Mar;118(3):351-8</Citation>
                <ArticleIdList>
                    <ArticleId IdType="pubmed">10721957</ArticleId>
                </ArticleIdList>
            </Reference>
            <Reference>
                <Citation>Am J Ophthalmol. 2000 Nov;130(5):658-63</Citation>
                <ArticleIdList>
                    <ArticleId IdType="pubmed">11078846</ArticleId>
                </ArticleIdList>
            </Reference>
            <Reference>
                <Citation>Arch Ophthalmol. 2001 Oct;119(10):1455-62</Citation>
                <ArticleIdList>
                    <ArticleId IdType="pubmed">11594944</ArticleId>
                </ArticleIdList>
            </Reference>
            <Reference>
                <Citation>Ophthalmology. 2003 Jan;110(1):25-33</Citation>
                <ArticleIdList>
                    <ArticleId IdType="pubmed">12511342</ArticleId>
                </ArticleIdList>
            </Reference>
            <Reference>
                <Citation>Ophthalmology. 2003 Apr;110(4):658-66</Citation>
                <ArticleIdList>
                    <ArticleId IdType="pubmed">12689883</ArticleId>
                </ArticleIdList>
            </Reference>
            <Reference>
                <Citation>JAMA. 2004 Feb 11;291(6):704-10</Citation>
                <ArticleIdList>
                    <ArticleId IdType="pubmed">14871913</ArticleId>
                </ArticleIdList>
            </Reference>
            <Reference>
                <Citation>Am J Ophthalmol. 2004 Mar;137(3):504-10</Citation>
                <ArticleIdList>
                    <ArticleId IdType="pubmed">15013875</ArticleId>
                </ArticleIdList>
            </Reference>
            <Reference>
                <Citation>Arch Ophthalmol. 2004 Apr;122(4):564-72</Citation>
                <ArticleIdList>
                    <ArticleId IdType="pubmed">15078675</ArticleId>
                </ArticleIdList>
            </Reference>
            <Reference>
                <Citation>Ann Intern Med. 2004 Jul 20;141(2):137-47</Citation>
                <ArticleIdList>
                    <ArticleId IdType="pubmed">15262670</ArticleId>
                </ArticleIdList>
            </Reference>
            <Reference>
                <Citation>Ophthalmology. 1991 Jul;98(7):1128-34</Citation>
                <ArticleIdList>
                    <ArticleId IdType="pubmed">1843453</ArticleId>
                </ArticleIdList>
            </Reference>
            <Reference>
                <Citation>Ophthalmology. 1992 Nov;99(11):1686-92</Citation>
                <ArticleIdList>
                    <ArticleId IdType="pubmed">1454343</ArticleId>
                </ArticleIdList>
            </Reference>
            <Reference>
                <Citation>Ann Epidemiol. 1991 Feb;1(3):263-76</Citation>
                <ArticleIdList>
                    <ArticleId IdType="pubmed">1669507</ArticleId>
                </ArticleIdList>
            </Reference>
            <Reference>
                <Citation>Ann Epidemiol. 1993 Jul;3(4):358-66</Citation>
                <ArticleIdList>
                    <ArticleId IdType="pubmed">8275211</ArticleId>
                </ArticleIdList>
            </Reference>
            <Reference>
                <Citation>Hypertension. 1994 Jan;23(1):59-67</Citation>
                <ArticleIdList>
                    <ArticleId IdType="pubmed">8282331</ArticleId>
                </ArticleIdList>
            </Reference>
            <Reference>
                <Citation>Ann Epidemiol. 1993 Sep;3(5):504-7</Citation>
                <ArticleIdList>
                    <ArticleId IdType="pubmed">8167827</ArticleId>
                </ArticleIdList>
            </Reference>
            <Reference>
                <Citation>J Am Geriatr Soc. 1995 Aug;43(8):855-9</Citation>
                <ArticleIdList>
                    <ArticleId IdType="pubmed">7636091</ArticleId>
                </ArticleIdList>
            </Reference>
            <Reference>
                <Citation>Ann Epidemiol. 1995 Jul;5(4):270-7</Citation>
                <ArticleIdList>
                    <ArticleId IdType="pubmed">8520708</ArticleId>
                </ArticleIdList>
            </Reference>
            <Reference>
                <Citation>Ann Epidemiol. 1995 Jul;5(4):278-85</Citation>
                <ArticleIdList>
                    <ArticleId IdType="pubmed">8520709</ArticleId>
                </ArticleIdList>
            </Reference>
            <Reference>
                <Citation>Ann Neurol. 1996 Oct;40(4):587-96</Citation>
                <ArticleIdList>
                    <ArticleId IdType="pubmed">8871578</ArticleId>
                </ArticleIdList>
            </Reference>
            <Reference>
                <Citation>Arch Ophthalmol. 1998 May;116(5):583-7</Citation>
                <ArticleIdList>
                    <ArticleId IdType="pubmed">9596493</ArticleId>
                </ArticleIdList>
            </Reference>
            <Reference>
                <Citation>Am J Hum Genet. 1998 Jul;63(1):200-6</Citation>
                <ArticleIdList>
                    <ArticleId IdType="pubmed">9634502</ArticleId>
                </ArticleIdList>
            </Reference>
            <Reference>
                <Citation>Ophthalmology. 1999 Jun;106(6):1056-65</Citation>
                <ArticleIdList>
                    <ArticleId IdType="pubmed">10366071</ArticleId>
                </ArticleIdList>
            </Reference>
            <Reference>
                <Citation>Ophthalmic Epidemiol. 1999 Jun;6(2):125-43</Citation>
                <ArticleIdList>
                    <ArticleId IdType="pubmed">10420212</ArticleId>
                </ArticleIdList>
            </Reference>
            <Reference>
                <Citation>Ophthalmic Epidemiol. 2007 May-Jun;14(3):127-33</Citation>
                <ArticleIdList>
                    <ArticleId IdType="pubmed">17613847</ArticleId>
                </ArticleIdList>
            </Reference>
            <Reference>
                <Citation>Lancet. 2007 Jul 21;370(9583):204-6</Citation>
                <ArticleIdList>
                    <ArticleId IdType="pubmed">17658379</ArticleId>
                </ArticleIdList>
            </Reference>
            <Reference>
                <Citation>Ophthalmology. 2008 Jan;115(1):116-26</Citation>
                <ArticleIdList>
                    <ArticleId IdType="pubmed">17675159</ArticleId>
                </ArticleIdList>
            </Reference>
            <Reference>
                <Citation>Br J Ophthalmol. 2008 Apr;92(4):509-12</Citation>
                <ArticleIdList>
                    <ArticleId IdType="pubmed">18310310</ArticleId>
                </ArticleIdList>
            </Reference>
        </ReferenceList>
    </PubmedData>
</PubmedArticle>

</PubmedArticleSet>