<?xml version="1.0" ?>
<!DOCTYPE PubmedArticleSet PUBLIC "-//NLM//DTD PubMedArticle, 1st January 2019//EN" "https://dtd.nlm.nih.gov/ncbi/pubmed/out/pubmed_190101.dtd">
<PubmedArticleSet>
<PubmedArticle>
    <MedlineCitation Status="MEDLINE" Owner="NLM">
        <PMID Version="1">20150546</PMID>
        <DateCompleted>
            <Year>2010</Year>
            <Month>05</Month>
            <Day>03</Day>
        </DateCompleted>
        <DateRevised>
            <Year>2016</Year>
            <Month>11</Month>
            <Day>22</Day>
        </DateRevised>
        <Article PubModel="Print-Electronic">
            <Journal>
                <ISSN IssnType="Electronic">1524-4628</ISSN>
                <JournalIssue CitedMedium="Internet">
                    <Volume>41</Volume>
                    <Issue>4</Issue>
                    <PubDate>
                        <Year>2010</Year>
                        <Month>Apr</Month>
                    </PubDate>
                </JournalIssue>
                <Title>Stroke</Title>
                <ISOAbbreviation>Stroke</ISOAbbreviation>
            </Journal>
            <ArticleTitle>Neovascular age-related macular degeneration and the risk of stroke: a 5-year population-based follow-up study.</ArticleTitle>
            <Pagination>
                <MedlinePgn>613-7</MedlinePgn>
            </Pagination>
            <ELocationID EIdType="doi" ValidYN="Y">10.1161/STROKEAHA.109.571000</ELocationID>
            <Abstract>
                <AbstractText Label="BACKGROUND AND PURPOSE" NlmCategory="OBJECTIVE">Using a nationwide population-based data set from Taiwan, this study investigated the relationship between neovascular age-related macular degeneration (AMD) and the risk of stroke over a 5-year period.</AbstractText>
                <AbstractText Label="METHOD" NlmCategory="METHODS">The study cohort comprised 209 patients who received treatment for AMD between 1999 and 2001. We randomly selected 1045 subjects matched with the study cohort in terms of age and gender for comparison. Cox proportional hazard regressions were performed to compare the 5-year stroke-free survival rate.</AbstractText>
                <AbstractText Label="RESULTS" NlmCategory="RESULTS">Among the sampled patients, 142 patients (11.3%) had strokes during the 5-year follow-up period, 38 (18.2% of the patients with AMD) from the study cohort and 104 (9.9% of patients in the comparison cohort) from the comparison cohort. After adjusting for the patient's age, gender, monthly income, level of urbanization, and the geographic region of the community in which the patient resided and comorbidities, the hazard ratio for stroke during the follow-up period was 2.01 (P=0.001) times greater for patients with AMD than for patients without AMD. The adjusted hazard ratio for stroke during the follow-up period was 2.21 (P=0.001) times higher for patients with AMD &gt; or = 65 years old compared with the same age group in the comparison cohort. However, no significant difference was observed in the risk of stroke between patients with AMD &lt;65 years of age and comparison patients in the same age group.</AbstractText>
                <AbstractText Label="CONCLUSION" NlmCategory="CONCLUSIONS">We conclude that neovascular AMD is associated with a higher risk of stroke for patients with AMD &gt; or = 65 years old.</AbstractText>
            </Abstract>
            <AuthorList CompleteYN="Y">
                <Author ValidYN="Y">
                    <LastName>Hu</LastName>
                    <ForeName>Chao-Chien</ForeName>
                    <Initials>CC</Initials>
                    <AffiliationInfo>
                        <Affiliation>Department of Ophthalmology, Taipei Medical University, Taipei, Taiwan.</Affiliation>
                    </AffiliationInfo>
                </Author>
                <Author ValidYN="Y">
                    <LastName>Ho</LastName>
                    <ForeName>Jau-Der</ForeName>
                    <Initials>JD</Initials>
                </Author>
                <Author ValidYN="Y">
                    <LastName>Lin</LastName>
                    <ForeName>Herng-Ching</ForeName>
                    <Initials>HC</Initials>
                </Author>
            </AuthorList>
            <Language>eng</Language>
            <PublicationTypeList>
                <PublicationType UI="D016428">Journal Article</PublicationType>
                <PublicationType UI="D013485">Research Support, Non-U.S. Gov't</PublicationType>
            </PublicationTypeList>
            <ArticleDate DateType="Electronic">
                <Year>2010</Year>
                <Month>02</Month>
                <Day>11</Day>
            </ArticleDate>
        </Article>
        <MedlineJournalInfo>
            <Country>United States</Country>
            <MedlineTA>Stroke</MedlineTA>
            <NlmUniqueID>0235266</NlmUniqueID>
            <ISSNLinking>0039-2499</ISSNLinking>
        </MedlineJournalInfo>
        <CitationSubset>IM</CitationSubset>
        <CommentsCorrectionsList>
            <CommentsCorrections RefType="CommentIn">
                <RefSource>Stroke. 2010 Apr;41(4):575-6</RefSource>
                <PMID Version="1">20150541</PMID>
            </CommentsCorrections>
        </CommentsCorrectionsList>
        <MeshHeadingList>
            <MeshHeading>
                <DescriptorName UI="D000368" MajorTopicYN="N">Aged</DescriptorName>
            </MeshHeading>
            <MeshHeading>
                <DescriptorName UI="D015331" MajorTopicYN="N">Cohort Studies</DescriptorName>
            </MeshHeading>
            <MeshHeading>
                <DescriptorName UI="D005500" MajorTopicYN="N">Follow-Up Studies</DescriptorName>
            </MeshHeading>
            <MeshHeading>
                <DescriptorName UI="D006801" MajorTopicYN="N">Humans</DescriptorName>
            </MeshHeading>
            <MeshHeading>
                <DescriptorName UI="D008268" MajorTopicYN="N">Macular Degeneration</DescriptorName>
                <QualifierName UI="Q000453" MajorTopicYN="Y">epidemiology</QualifierName>
                <QualifierName UI="Q000503" MajorTopicYN="N">physiopathology</QualifierName>
            </MeshHeading>
            <MeshHeading>
                <DescriptorName UI="D008297" MajorTopicYN="N">Male</DescriptorName>
            </MeshHeading>
            <MeshHeading>
                <DescriptorName UI="D008875" MajorTopicYN="N">Middle Aged</DescriptorName>
            </MeshHeading>
            <MeshHeading>
                <DescriptorName UI="D012307" MajorTopicYN="N">Risk Factors</DescriptorName>
            </MeshHeading>
            <MeshHeading>
                <DescriptorName UI="D020521" MajorTopicYN="N">Stroke</DescriptorName>
                <QualifierName UI="Q000453" MajorTopicYN="Y">epidemiology</QualifierName>
                <QualifierName UI="Q000503" MajorTopicYN="N">physiopathology</QualifierName>
            </MeshHeading>
            <MeshHeading>
                <DescriptorName UI="D013624" MajorTopicYN="N" Type="Geographic">Taiwan</DescriptorName>
                <QualifierName UI="Q000453" MajorTopicYN="N">epidemiology</QualifierName>
            </MeshHeading>
        </MeshHeadingList>
    </MedlineCitation>
    <PubmedData>
        <History>
            <PubMedPubDate PubStatus="entrez">
                <Year>2010</Year>
                <Month>2</Month>
                <Day>13</Day>
                <Hour>6</Hour>
                <Minute>0</Minute>
            </PubMedPubDate>
            <PubMedPubDate PubStatus="pubmed">
                <Year>2010</Year>
                <Month>2</Month>
                <Day>13</Day>
                <Hour>6</Hour>
                <Minute>0</Minute>
            </PubMedPubDate>
            <PubMedPubDate PubStatus="medline">
                <Year>2010</Year>
                <Month>5</Month>
                <Day>4</Day>
                <Hour>6</Hour>
                <Minute>0</Minute>
            </PubMedPubDate>
        </History>
        <PublicationStatus>ppublish</PublicationStatus>
        <ArticleIdList>
            <ArticleId IdType="pubmed">20150546</ArticleId>
            <ArticleId IdType="pii">STROKEAHA.109.571000</ArticleId>
            <ArticleId IdType="doi">10.1161/STROKEAHA.109.571000</ArticleId>
        </ArticleIdList>
    </PubmedData>
</PubmedArticle>

</PubmedArticleSet>