<?xml version="1.0" ?>
<!DOCTYPE PubmedArticleSet PUBLIC "-//NLM//DTD PubMedArticle, 1st January 2019//EN" "https://dtd.nlm.nih.gov/ncbi/pubmed/out/pubmed_190101.dtd">
<PubmedArticleSet>
<PubmedArticle>
    <MedlineCitation Status="MEDLINE" Owner="NLM">
        <PMID Version="1">21337041</PMID>
        <DateCompleted>
            <Year>2011</Year>
            <Month>05</Month>
            <Day>20</Day>
        </DateCompleted>
        <DateRevised>
            <Year>2018</Year>
            <Month>11</Month>
            <Day>13</Day>
        </DateRevised>
        <Article PubModel="Print-Electronic">
            <Journal>
                <ISSN IssnType="Electronic">1435-702X</ISSN>
                <JournalIssue CitedMedium="Internet">
                    <Volume>249</Volume>
                    <Issue>2</Issue>
                    <PubDate>
                        <Year>2011</Year>
                        <Month>Feb</Month>
                    </PubDate>
                </JournalIssue>
                <Title>Graefe's archive for clinical and experimental ophthalmology = Albrecht von Graefes Archiv fur klinische und experimentelle Ophthalmologie</Title>
                <ISOAbbreviation>Graefes Arch Clin Exp Ophthalmol</ISOAbbreviation>
            </Journal>
            <ArticleTitle>The rate of myocardial infarction events among patients with age-related macular degeneration: a population-based study.</ArticleTitle>
            <Pagination>
                <MedlinePgn>179-82</MedlinePgn>
            </Pagination>
            <ELocationID EIdType="doi" ValidYN="Y">10.1007/s00417-010-1489-4</ELocationID>
            <Abstract>
                <AbstractText Label="PURPOSE" NlmCategory="OBJECTIVE">To examine the association between age-related macular degeneration (AMD) and the risk of myocardial infarctions (MIs) in a large health maintenance organization.</AbstractText>
                <AbstractText Label="DESIGN" NlmCategory="METHODS">A retrospective cohort study carried out at Maccabi Healthcare Services (MHS).</AbstractText>
                <AbstractText Label="PARTICIPANTS" NlmCategory="METHODS">A total of 6,546 patients aged ≥65 years who were diagnosed with AMD between April 18 1996 and June 6 2008, and 61,672 non-AMD patients frequency-matched for age and gender.</AbstractText>
                <AbstractText Label="METHODS" NlmCategory="METHODS">Participants were retrospectively followed to the day of leaving the MHS, to undergoing an MI, or to closure of the study on July 1 2008, whichever came earlier. The relative risk of MI associated with AMD was estimated using the Cox proportional hazard model.</AbstractText>
                <AbstractText Label="MAIN OUTCOME MEASURES" NlmCategory="METHODS">Incident myocardial infarction events.</AbstractText>
                <AbstractText Label="RESULTS" NlmCategory="RESULTS">During the study period, there were 159 (5.1 per 1,000 person years [PY]) and 2,997 (4.2 per 1,000 PY) MIs respectively in the AMD and non-AMD patient groups. The age- and gender-adjusted hazard ratio (HR) of MI among AMD patients was 1.01 (95%CI: 0.85-1.20). Baseline medical characteristics associated with increased risk of mortality included diabetes mellitus, hypertension, older age, and male gender. The fully adjusted HR associated with AMD was 1.03 (95%CI: 0.87-1.22).</AbstractText>
                <AbstractText Label="CONCLUSION" NlmCategory="CONCLUSIONS">Despite the shared risk factors associated with AMD and MIs, we found no increased risk of MI in AMD patients.</AbstractText>
            </Abstract>
            <AuthorList CompleteYN="Y">
                <Author ValidYN="Y">
                    <LastName>Golan</LastName>
                    <ForeName>Shani</ForeName>
                    <Initials>S</Initials>
                    <AffiliationInfo>
                        <Affiliation>Department of Ophthalmology, Tel Aviv Sourasky Medical Center, 6 Weizman Street, Tel Aviv, 64239, Israel. shanigol2@walla.com</Affiliation>
                    </AffiliationInfo>
                </Author>
                <Author ValidYN="Y">
                    <LastName>Shalev</LastName>
                    <ForeName>Varda</ForeName>
                    <Initials>V</Initials>
                </Author>
                <Author ValidYN="Y">
                    <LastName>Goldstein</LastName>
                    <ForeName>Michaela</ForeName>
                    <Initials>M</Initials>
                </Author>
                <Author ValidYN="Y">
                    <LastName>Treister</LastName>
                    <ForeName>Giora</ForeName>
                    <Initials>G</Initials>
                </Author>
                <Author ValidYN="Y">
                    <LastName>Chodick</LastName>
                    <ForeName>Gabriel</ForeName>
                    <Initials>G</Initials>
                </Author>
                <Author ValidYN="Y">
                    <LastName>Loewenstein</LastName>
                    <ForeName>Anat</ForeName>
                    <Initials>A</Initials>
                </Author>
            </AuthorList>
            <Language>eng</Language>
            <PublicationTypeList>
                <PublicationType UI="D016428">Journal Article</PublicationType>
            </PublicationTypeList>
            <ArticleDate DateType="Electronic">
                <Year>2010</Year>
                <Month>08</Month>
                <Day>18</Day>
            </ArticleDate>
        </Article>
        <MedlineJournalInfo>
            <Country>Germany</Country>
            <MedlineTA>Graefes Arch Clin Exp Ophthalmol</MedlineTA>
            <NlmUniqueID>8205248</NlmUniqueID>
            <ISSNLinking>0721-832X</ISSNLinking>
        </MedlineJournalInfo>
        <CitationSubset>IM</CitationSubset>
        <MeshHeadingList>
            <MeshHeading>
                <DescriptorName UI="D000368" MajorTopicYN="N">Aged</DescriptorName>
            </MeshHeading>
            <MeshHeading>
                <DescriptorName UI="D002423" MajorTopicYN="N">Cause of Death</DescriptorName>
            </MeshHeading>
            <MeshHeading>
                <DescriptorName UI="D015897" MajorTopicYN="N">Comorbidity</DescriptorName>
            </MeshHeading>
            <MeshHeading>
                <DescriptorName UI="D048909" MajorTopicYN="N">Diabetes Complications</DescriptorName>
                <QualifierName UI="Q000453" MajorTopicYN="N">epidemiology</QualifierName>
            </MeshHeading>
            <MeshHeading>
                <DescriptorName UI="D005260" MajorTopicYN="N">Female</DescriptorName>
            </MeshHeading>
            <MeshHeading>
                <DescriptorName UI="D006279" MajorTopicYN="N">Health Maintenance Organizations</DescriptorName>
                <QualifierName UI="Q000706" MajorTopicYN="N">statistics &amp; numerical data</QualifierName>
            </MeshHeading>
            <MeshHeading>
                <DescriptorName UI="D006302" MajorTopicYN="N">Health Services Research</DescriptorName>
            </MeshHeading>
            <MeshHeading>
                <DescriptorName UI="D006801" MajorTopicYN="N">Humans</DescriptorName>
            </MeshHeading>
            <MeshHeading>
                <DescriptorName UI="D006973" MajorTopicYN="N">Hypertension</DescriptorName>
                <QualifierName UI="Q000453" MajorTopicYN="N">epidemiology</QualifierName>
            </MeshHeading>
            <MeshHeading>
                <DescriptorName UI="D015994" MajorTopicYN="N">Incidence</DescriptorName>
            </MeshHeading>
            <MeshHeading>
                <DescriptorName UI="D007557" MajorTopicYN="N" Type="Geographic">Israel</DescriptorName>
                <QualifierName UI="Q000453" MajorTopicYN="N">epidemiology</QualifierName>
            </MeshHeading>
            <MeshHeading>
                <DescriptorName UI="D008268" MajorTopicYN="N">Macular Degeneration</DescriptorName>
                <QualifierName UI="Q000175" MajorTopicYN="N">diagnosis</QualifierName>
                <QualifierName UI="Q000453" MajorTopicYN="Y">epidemiology</QualifierName>
            </MeshHeading>
            <MeshHeading>
                <DescriptorName UI="D008297" MajorTopicYN="N">Male</DescriptorName>
            </MeshHeading>
            <MeshHeading>
                <DescriptorName UI="D009203" MajorTopicYN="N">Myocardial Infarction</DescriptorName>
                <QualifierName UI="Q000175" MajorTopicYN="N">diagnosis</QualifierName>
                <QualifierName UI="Q000453" MajorTopicYN="Y">epidemiology</QualifierName>
            </MeshHeading>
            <MeshHeading>
                <DescriptorName UI="D016016" MajorTopicYN="N">Proportional Hazards Models</DescriptorName>
            </MeshHeading>
            <MeshHeading>
                <DescriptorName UI="D012189" MajorTopicYN="N">Retrospective Studies</DescriptorName>
            </MeshHeading>
            <MeshHeading>
                <DescriptorName UI="D012307" MajorTopicYN="N">Risk Factors</DescriptorName>
            </MeshHeading>
        </MeshHeadingList>
    </MedlineCitation>
    <PubmedData>
        <History>
            <PubMedPubDate PubStatus="received">
                <Year>2010</Year>
                <Month>05</Month>
                <Day>05</Day>
            </PubMedPubDate>
            <PubMedPubDate PubStatus="accepted">
                <Year>2010</Year>
                <Month>08</Month>
                <Day>03</Day>
            </PubMedPubDate>
            <PubMedPubDate PubStatus="revised">
                <Year>2010</Year>
                <Month>07</Month>
                <Day>27</Day>
            </PubMedPubDate>
            <PubMedPubDate PubStatus="entrez">
                <Year>2011</Year>
                <Month>2</Month>
                <Day>22</Day>
                <Hour>6</Hour>
                <Minute>0</Minute>
            </PubMedPubDate>
            <PubMedPubDate PubStatus="pubmed">
                <Year>2011</Year>
                <Month>2</Month>
                <Day>22</Day>
                <Hour>6</Hour>
                <Minute>0</Minute>
            </PubMedPubDate>
            <PubMedPubDate PubStatus="medline">
                <Year>2011</Year>
                <Month>5</Month>
                <Day>21</Day>
                <Hour>6</Hour>
                <Minute>0</Minute>
            </PubMedPubDate>
        </History>
        <PublicationStatus>ppublish</PublicationStatus>
        <ArticleIdList>
            <ArticleId IdType="pubmed">21337041</ArticleId>
            <ArticleId IdType="doi">10.1007/s00417-010-1489-4</ArticleId>
        </ArticleIdList>
        <ReferenceList>
            <Reference>
                <Citation>Ophthalmology. 2003 Jun;110(6):1273-80</Citation>
                <ArticleIdList>
                    <ArticleId IdType="pubmed">12799274</ArticleId>
                </ArticleIdList>
            </Reference>
            <Reference>
                <Citation>Ophthalmology. 1997 May;104(5):770-6</Citation>
                <ArticleIdList>
                    <ArticleId IdType="pubmed">9160021</ArticleId>
                </ArticleIdList>
            </Reference>
            <Reference>
                <Citation>Arch Ophthalmol. 2000 Mar;118(3):351-8</Citation>
                <ArticleIdList>
                    <ArticleId IdType="pubmed">10721957</ArticleId>
                </ArticleIdList>
            </Reference>
            <Reference>
                <Citation>Arch Ophthalmol. 1986 Feb;104(2):216-9</Citation>
                <ArticleIdList>
                    <ArticleId IdType="pubmed">3947296</ArticleId>
                </ArticleIdList>
            </Reference>
            <Reference>
                <Citation>Arch Ophthalmol. 2001 Sep;119(9):1259-65</Citation>
                <ArticleIdList>
                    <ArticleId IdType="pubmed">11545630</ArticleId>
                </ArticleIdList>
            </Reference>
            <Reference>
                <Citation>Ophthalmology. 2007 Jan;114(1):86-91</Citation>
                <ArticleIdList>
                    <ArticleId IdType="pubmed">17198851</ArticleId>
                </ArticleIdList>
            </Reference>
            <Reference>
                <Citation>Am J Epidemiol. 1977 Jul;106(1):33-41</Citation>
                <ArticleIdList>
                    <ArticleId IdType="pubmed">141882</ArticleId>
                </ArticleIdList>
            </Reference>
            <Reference>
                <Citation>Ophthalmology. 1993 Mar;100(3):406-14</Citation>
                <ArticleIdList>
                    <ArticleId IdType="pubmed">8460013</ArticleId>
                </ArticleIdList>
            </Reference>
            <Reference>
                <Citation>Science. 1997 Sep 19;277(5333):1805-7</Citation>
                <ArticleIdList>
                    <ArticleId IdType="pubmed">9295268</ArticleId>
                </ArticleIdList>
            </Reference>
            <Reference>
                <Citation>Arch Ophthalmol. 1998 May;116(5):583-7</Citation>
                <ArticleIdList>
                    <ArticleId IdType="pubmed">9596493</ArticleId>
                </ArticleIdList>
            </Reference>
            <Reference>
                <Citation>N Engl J Med. 2006 Oct 5;355(14 ):1432-44</Citation>
                <ArticleIdList>
                    <ArticleId IdType="pubmed">17021319</ArticleId>
                </ArticleIdList>
            </Reference>
            <Reference>
                <Citation>Arch Ophthalmol. 1992 Dec;110(12):1701-8</Citation>
                <ArticleIdList>
                    <ArticleId IdType="pubmed">1281403</ArticleId>
                </ArticleIdList>
            </Reference>
            <Reference>
                <Citation>Am J Hum Genet. 1998 Jul;63(1):200-6</Citation>
                <ArticleIdList>
                    <ArticleId IdType="pubmed">9634502</ArticleId>
                </ArticleIdList>
            </Reference>
            <Reference>
                <Citation>Arch Ophthalmol. 2000 Mar;118(3):401-4</Citation>
                <ArticleIdList>
                    <ArticleId IdType="pubmed">10721964</ArticleId>
                </ArticleIdList>
            </Reference>
            <Reference>
                <Citation>Surv Ophthalmol. 1980 May-Jun;24(Suppl):335-610</Citation>
                <ArticleIdList>
                    <ArticleId IdType="pubmed">7444756</ArticleId>
                </ArticleIdList>
            </Reference>
            <Reference>
                <Citation>Br J Ophthalmol. 2008 Apr;92(4):509-12</Citation>
                <ArticleIdList>
                    <ArticleId IdType="pubmed">18310310</ArticleId>
                </ArticleIdList>
            </Reference>
            <Reference>
                <Citation>JAMA. 1994 Nov 9;272(18):1413-20</Citation>
                <ArticleIdList>
                    <ArticleId IdType="pubmed">7933422</ArticleId>
                </ArticleIdList>
            </Reference>
            <Reference>
                <Citation>N Engl J Med. 2004 Dec 30;351(27):2805-16</Citation>
                <ArticleIdList>
                    <ArticleId IdType="pubmed">15625332</ArticleId>
                </ArticleIdList>
            </Reference>
            <Reference>
                <Citation>Arch Ophthalmol. 1995 Jun;113(6):743-8</Citation>
                <ArticleIdList>
                    <ArticleId IdType="pubmed">7786215</ArticleId>
                </ArticleIdList>
            </Reference>
            <Reference>
                <Citation>N Engl J Med. 2006 Oct 5;355(14):1419-31</Citation>
                <ArticleIdList>
                    <ArticleId IdType="pubmed">17021318</ArticleId>
                </ArticleIdList>
            </Reference>
            <Reference>
                <Citation>Am J Epidemiol. 1998 Jan 15;147(2):103-10</Citation>
                <ArticleIdList>
                    <ArticleId IdType="pubmed">9456998</ArticleId>
                </ArticleIdList>
            </Reference>
            <Reference>
                <Citation>Med Care. 2005 May;43(5):480-5</Citation>
                <ArticleIdList>
                    <ArticleId IdType="pubmed">15838413</ArticleId>
                </ArticleIdList>
            </Reference>
            <Reference>
                <Citation>Br J Ophthalmol. 2006 Nov;90(11):1344-9</Citation>
                <ArticleIdList>
                    <ArticleId IdType="pubmed">16854824</ArticleId>
                </ArticleIdList>
            </Reference>
            <Reference>
                <Citation>Arch Ophthalmol. 1993 Apr;111(4):514-8</Citation>
                <ArticleIdList>
                    <ArticleId IdType="pubmed">8470986</ArticleId>
                </ArticleIdList>
            </Reference>
            <Reference>
                <Citation>Am J Epidemiol. 1995 Aug 15;142(4):404-9</Citation>
                <ArticleIdList>
                    <ArticleId IdType="pubmed">7625405</ArticleId>
                </ArticleIdList>
            </Reference>
        </ReferenceList>
    </PubmedData>
</PubmedArticle>

</PubmedArticleSet>