<?xml version="1.0" ?>
<!DOCTYPE PubmedArticleSet PUBLIC "-//NLM//DTD PubMedArticle, 1st January 2019//EN" "https://dtd.nlm.nih.gov/ncbi/pubmed/out/pubmed_190101.dtd">
<PubmedArticleSet>
<PubmedArticle>
    <MedlineCitation Status="MEDLINE" Owner="NLM">
        <PMID Version="1">21680903</PMID>
        <DateCompleted>
            <Year>2012</Year>
            <Month>08</Month>
            <Day>10</Day>
        </DateCompleted>
        <DateRevised>
            <Year>2016</Year>
            <Month>11</Month>
            <Day>22</Day>
        </DateRevised>
        <Article PubModel="Print-Electronic">
            <Journal>
                <ISSN IssnType="Electronic">1524-4628</ISSN>
                <JournalIssue CitedMedium="Internet">
                    <Volume>42</Volume>
                    <Issue>8</Issue>
                    <PubDate>
                        <Year>2011</Year>
                        <Month>Aug</Month>
                    </PubDate>
                </JournalIssue>
                <Title>Stroke</Title>
                <ISOAbbreviation>Stroke</ISOAbbreviation>
            </Journal>
            <ArticleTitle>Age-related macular degeneration and the risk of stroke: the Rotterdam study.</ArticleTitle>
            <Pagination>
                <MedlinePgn>2138-42</MedlinePgn>
            </Pagination>
            <ELocationID EIdType="doi" ValidYN="Y">10.1161/STROKEAHA.111.616359</ELocationID>
            <Abstract>
                <AbstractText Label="BACKGROUND AND PURPOSE" NlmCategory="OBJECTIVE">Age-related macular degeneration (AMD) and stroke are both frequent diseases in the elderly. A link between AMD and stroke has been suggested, because both disorders have many risk factors in common. The aim of this study was to investigate the association between AMD and stroke and the subtypes cerebral infarction and intracerebral hemorrhage in the general elderly population.</AbstractText>
                <AbstractText Label="METHODS" NlmCategory="METHODS">This study was part of the population-based Rotterdam Study and included 6207 participants aged ≥ 55 years who were stroke-free at baseline (1990 to 1993). Signs of AMD were assessed on fundus photographs at baseline and at regular follow-up examinations and were categorized in 5 stages (0 to 4) representing an increasing severity. Late AMD (Stage 4) was subdivided into dry and wet AMD. Follow-up for incident stroke was complete up to January 1, 2007. Data were analyzed using time-dependent Cox regression models adjusted for age, sex, and potential confounders.</AbstractText>
                <AbstractText Label="RESULTS" NlmCategory="RESULTS">During a median follow-up of 13.6 years, 726 participants developed a stroke (397 cerebral infarction, 59 intracerebral hemorrhage, 270 unspecified). Late AMD was associated with an increased risk of any stroke (hazard ratio, 1.56; 95% CI, 1.08 to 2.26) due to a strong association with intracerebral hemorrhage (hazard ratio, 6.11; 95% CI, 2.34 to 15.98). In contrast, late AMD was not associated with cerebral infarction. Earlier AMD stages were not associated with risk of stroke or any of its subtypes.</AbstractText>
                <AbstractText Label="CONCLUSIONS" NlmCategory="CONCLUSIONS">We found that late AMD is strongly associated with intracerebral hemorrhage, but not with cerebral infarction, in the general elderly population.</AbstractText>
            </Abstract>
            <AuthorList CompleteYN="Y">
                <Author ValidYN="Y">
                    <LastName>Wieberdink</LastName>
                    <ForeName>Renske G</ForeName>
                    <Initials>RG</Initials>
                    <AffiliationInfo>
                        <Affiliation>Department of Epidemiology, Erasmus Medical Center, CA Rotterdam, The Netherlands.</Affiliation>
                    </AffiliationInfo>
                </Author>
                <Author ValidYN="Y">
                    <LastName>Ho</LastName>
                    <ForeName>Lintje</ForeName>
                    <Initials>L</Initials>
                </Author>
                <Author ValidYN="Y">
                    <LastName>Ikram</LastName>
                    <ForeName>M Kamran</ForeName>
                    <Initials>MK</Initials>
                </Author>
                <Author ValidYN="Y">
                    <LastName>Koudstaal</LastName>
                    <ForeName>Peter J</ForeName>
                    <Initials>PJ</Initials>
                </Author>
                <Author ValidYN="Y">
                    <LastName>Hofman</LastName>
                    <ForeName>Albert</ForeName>
                    <Initials>A</Initials>
                </Author>
                <Author ValidYN="Y">
                    <LastName>de Jong</LastName>
                    <ForeName>Paulus T V M</ForeName>
                    <Initials>PT</Initials>
                </Author>
                <Author ValidYN="Y">
                    <LastName>Vingerling</LastName>
                    <ForeName>Johannes R</ForeName>
                    <Initials>JR</Initials>
                </Author>
                <Author ValidYN="Y">
                    <LastName>Breteler</LastName>
                    <ForeName>Monique M B</ForeName>
                    <Initials>MM</Initials>
                </Author>
            </AuthorList>
            <Language>eng</Language>
            <PublicationTypeList>
                <PublicationType UI="D016428">Journal Article</PublicationType>
                <PublicationType UI="D013485">Research Support, Non-U.S. Gov't</PublicationType>
            </PublicationTypeList>
            <ArticleDate DateType="Electronic">
                <Year>2011</Year>
                <Month>06</Month>
                <Day>16</Day>
            </ArticleDate>
        </Article>
        <MedlineJournalInfo>
            <Country>United States</Country>
            <MedlineTA>Stroke</MedlineTA>
            <NlmUniqueID>0235266</NlmUniqueID>
            <ISSNLinking>0039-2499</ISSNLinking>
        </MedlineJournalInfo>
        <CitationSubset>IM</CitationSubset>
        <MeshHeadingList>
            <MeshHeading>
                <DescriptorName UI="D000368" MajorTopicYN="N">Aged</DescriptorName>
            </MeshHeading>
            <MeshHeading>
                <DescriptorName UI="D000369" MajorTopicYN="N">Aged, 80 and over</DescriptorName>
            </MeshHeading>
            <MeshHeading>
                <DescriptorName UI="D002543" MajorTopicYN="N">Cerebral Hemorrhage</DescriptorName>
                <QualifierName UI="Q000150" MajorTopicYN="N">complications</QualifierName>
                <QualifierName UI="Q000453" MajorTopicYN="Y">epidemiology</QualifierName>
            </MeshHeading>
            <MeshHeading>
                <DescriptorName UI="D002544" MajorTopicYN="N">Cerebral Infarction</DescriptorName>
                <QualifierName UI="Q000150" MajorTopicYN="N">complications</QualifierName>
                <QualifierName UI="Q000453" MajorTopicYN="Y">epidemiology</QualifierName>
            </MeshHeading>
            <MeshHeading>
                <DescriptorName UI="D005260" MajorTopicYN="N">Female</DescriptorName>
            </MeshHeading>
            <MeshHeading>
                <DescriptorName UI="D005500" MajorTopicYN="N">Follow-Up Studies</DescriptorName>
            </MeshHeading>
            <MeshHeading>
                <DescriptorName UI="D006801" MajorTopicYN="N">Humans</DescriptorName>
            </MeshHeading>
            <MeshHeading>
                <DescriptorName UI="D015994" MajorTopicYN="N">Incidence</DescriptorName>
            </MeshHeading>
            <MeshHeading>
                <DescriptorName UI="D008268" MajorTopicYN="N">Macular Degeneration</DescriptorName>
                <QualifierName UI="Q000150" MajorTopicYN="N">complications</QualifierName>
                <QualifierName UI="Q000453" MajorTopicYN="Y">epidemiology</QualifierName>
            </MeshHeading>
            <MeshHeading>
                <DescriptorName UI="D008297" MajorTopicYN="N">Male</DescriptorName>
            </MeshHeading>
            <MeshHeading>
                <DescriptorName UI="D008875" MajorTopicYN="N">Middle Aged</DescriptorName>
            </MeshHeading>
            <MeshHeading>
                <DescriptorName UI="D012306" MajorTopicYN="N">Risk</DescriptorName>
            </MeshHeading>
            <MeshHeading>
                <DescriptorName UI="D012307" MajorTopicYN="N">Risk Factors</DescriptorName>
            </MeshHeading>
            <MeshHeading>
                <DescriptorName UI="D020521" MajorTopicYN="N">Stroke</DescriptorName>
                <QualifierName UI="Q000150" MajorTopicYN="N">complications</QualifierName>
                <QualifierName UI="Q000453" MajorTopicYN="Y">epidemiology</QualifierName>
            </MeshHeading>
        </MeshHeadingList>
    </MedlineCitation>
    <PubmedData>
        <History>
            <PubMedPubDate PubStatus="entrez">
                <Year>2011</Year>
                <Month>6</Month>
                <Day>18</Day>
                <Hour>6</Hour>
                <Minute>0</Minute>
            </PubMedPubDate>
            <PubMedPubDate PubStatus="pubmed">
                <Year>2011</Year>
                <Month>6</Month>
                <Day>18</Day>
                <Hour>6</Hour>
                <Minute>0</Minute>
            </PubMedPubDate>
            <PubMedPubDate PubStatus="medline">
                <Year>2012</Year>
                <Month>8</Month>
                <Day>11</Day>
                <Hour>6</Hour>
                <Minute>0</Minute>
            </PubMedPubDate>
        </History>
        <PublicationStatus>ppublish</PublicationStatus>
        <ArticleIdList>
            <ArticleId IdType="pubmed">21680903</ArticleId>
            <ArticleId IdType="pii">STROKEAHA.111.616359</ArticleId>
            <ArticleId IdType="doi">10.1161/STROKEAHA.111.616359</ArticleId>
        </ArticleIdList>
    </PubmedData>
</PubmedArticle>

</PubmedArticleSet>