<?xml version="1.0" ?>
<!DOCTYPE PubmedArticleSet PUBLIC "-//NLM//DTD PubMedArticle, 1st January 2019//EN" "https://dtd.nlm.nih.gov/ncbi/pubmed/out/pubmed_190101.dtd">
<PubmedArticleSet>
<PubmedArticle>
    <MedlineCitation Status="MEDLINE" Owner="NLM">
        <PMID Version="1">22197438</PMID>
        <DateCompleted>
            <Year>2012</Year>
            <Month>05</Month>
            <Day>17</Day>
        </DateCompleted>
        <DateRevised>
            <Year>2019</Year>
            <Month>10</Month>
            <Day>08</Day>
        </DateRevised>
        <Article PubModel="Print-Electronic">
            <Journal>
                <ISSN IssnType="Electronic">1549-4713</ISSN>
                <JournalIssue CitedMedium="Internet">
                    <Volume>119</Volume>
                    <Issue>4</Issue>
                    <PubDate>
                        <Year>2012</Year>
                        <Month>Apr</Month>
                    </PubDate>
                </JournalIssue>
                <Title>Ophthalmology</Title>
                <ISOAbbreviation>Ophthalmology</ISOAbbreviation>
            </Journal>
            <ArticleTitle>Age-related macular degeneration and incident cardiovascular disease: the Multi-Ethnic Study of Atherosclerosis.</ArticleTitle>
            <Pagination>
                <MedlinePgn>765-70</MedlinePgn>
            </Pagination>
            <ELocationID EIdType="doi" ValidYN="Y">10.1016/j.ophtha.2011.09.044</ELocationID>
            <Abstract>
                <AbstractText Label="OBJECTIVE" NlmCategory="OBJECTIVE">To determine whether age-related macular degeneration (AMD) is a risk indicator for coronary heart disease (CHD) and cardiovascular disease (CVD) events independent of other known risk factors in a multi-ethnic cohort.</AbstractText>
                <AbstractText Label="DESIGN" NlmCategory="METHODS">Population-based prospective cohort study.</AbstractText>
                <AbstractText Label="PARTICIPANTS" NlmCategory="METHODS">A diverse population sample of 6233 men and women aged 45 to 84 years without known CVD from the Multi-Ethnic Study of Atherosclerosis (MESA).</AbstractText>
                <AbstractText Label="METHODS" NlmCategory="METHODS">Participants in the MESA had retinal photographs taken between 2002 and 2003. Photographs were evaluated for AMD. Incident CHD and CVD events were ascertained during clinical follow-up visits for up to 8 years after the retinal images were taken.</AbstractText>
                <AbstractText Label="MAIN OUTCOME MEASURES" NlmCategory="METHODS">Incident CHD and CVD events.</AbstractText>
                <AbstractText Label="RESULTS" NlmCategory="RESULTS">Of the 6814 persons at risk of CHD, there were 893 participants with early AMD (13.1%) and 27 patients (0.5%) at baseline. Over a mean follow-up period of 5.4 years, there was no statistically significant difference in incident CHD or CVD between the AMD and non-AMD groups (5.0% vs. 3.9%, P = 0.13 for CHD and 6.6% vs. 5.5%, P = 0.19 for CVD). In Cox regression models adjusting for CVD risk factors, there was no significant relationship between presence of any AMD and any CHD/CVD events (hazard ratio 0.99; 95% confidence interval, 0.74-1.33; P = 0.97). No significant association was found between subgroups of early AMD or late AMD and incident CHD/CVD events.</AbstractText>
                <AbstractText Label="CONCLUSIONS" NlmCategory="CONCLUSIONS">In persons without a history of CVD, AMD was not associated with an increased risk of CHD or CVD.</AbstractText>
                <CopyrightInformation>Copyright © 2012 American Academy of Ophthalmology. Published by Elsevier Inc. All rights reserved.</CopyrightInformation>
            </Abstract>
            <AuthorList CompleteYN="Y">
                <Author ValidYN="Y">
                    <LastName>Fernandez</LastName>
                    <ForeName>Antonio B</ForeName>
                    <Initials>AB</Initials>
                    <AffiliationInfo>
                        <Affiliation>Department of Cardiology, Rhode Island Hospital, Brown University School of Medicine, 593 Eddy Street, Providence, RI 02903, USA. antoinefernandezt@hotmail.com</Affiliation>
                    </AffiliationInfo>
                </Author>
                <Author ValidYN="Y">
                    <LastName>Wong</LastName>
                    <ForeName>Tien Y</ForeName>
                    <Initials>TY</Initials>
                </Author>
                <Author ValidYN="Y">
                    <LastName>Klein</LastName>
                    <ForeName>Ronald</ForeName>
                    <Initials>R</Initials>
                </Author>
                <Author ValidYN="Y">
                    <LastName>Collins</LastName>
                    <ForeName>Dorothea</ForeName>
                    <Initials>D</Initials>
                </Author>
                <Author ValidYN="Y">
                    <LastName>Burke</LastName>
                    <ForeName>Gregory</ForeName>
                    <Initials>G</Initials>
                </Author>
                <Author ValidYN="Y">
                    <LastName>Cotch</LastName>
                    <ForeName>Mary Frances</ForeName>
                    <Initials>MF</Initials>
                </Author>
                <Author ValidYN="Y">
                    <LastName>Klein</LastName>
                    <ForeName>Barbara</ForeName>
                    <Initials>B</Initials>
                </Author>
                <Author ValidYN="Y">
                    <LastName>Sadeghi</LastName>
                    <ForeName>Mehran M</ForeName>
                    <Initials>MM</Initials>
                </Author>
                <Author ValidYN="Y">
                    <LastName>Chen</LastName>
                    <ForeName>Jersey</ForeName>
                    <Initials>J</Initials>
                </Author>
            </AuthorList>
            <Language>eng</Language>
            <GrantList CompleteYN="Y">
                <Grant>
                    <GrantID>Z99 EY999999</GrantID>
                    <Agency>Intramural NIH HHS</Agency>
                    <Country>United States</Country>
                </Grant>
                <Grant>
                    <GrantID>ZIA EY000403-13</GrantID>
                    <Agency>Intramural NIH HHS</Agency>
                    <Country>United States</Country>
                </Grant>
                <Grant>
                    <GrantID>K08 HS018781</GrantID>
                    <Acronym>HS</Acronym>
                    <Agency>AHRQ HHS</Agency>
                    <Country>United States</Country>
                </Grant>
                <Grant>
                    <GrantID>ZIA EY000403-14</GrantID>
                    <Agency>Intramural NIH HHS</Agency>
                    <Country>United States</Country>
                </Grant>
                <Grant>
                    <GrantID>N01-HC-95159</GrantID>
                    <Acronym>HC</Acronym>
                    <Agency>NHLBI NIH HHS</Agency>
                    <Country>United States</Country>
                </Grant>
                <Grant>
                    <GrantID>ZIA EY000403-11</GrantID>
                    <Agency>Intramural NIH HHS</Agency>
                    <Country>United States</Country>
                </Grant>
                <Grant>
                    <GrantID>R01 HL069979</GrantID>
                    <Acronym>HL</Acronym>
                    <Agency>NHLBI NIH HHS</Agency>
                    <Country>United States</Country>
                </Grant>
                <Grant>
                    <GrantID>ZIA EY000403-10</GrantID>
                    <Agency>Intramural NIH HHS</Agency>
                    <Country>United States</Country>
                </Grant>
                <Grant>
                    <GrantID>ZIA EY000403-09</GrantID>
                    <Agency>Intramural NIH HHS</Agency>
                    <Country>United States</Country>
                </Grant>
                <Grant>
                    <GrantID>N01HC95159</GrantID>
                    <Acronym>HL</Acronym>
                    <Agency>NHLBI NIH HHS</Agency>
                    <Country>United States</Country>
                </Grant>
                <Grant>
                    <GrantID>Z01 EY000403-06</GrantID>
                    <Agency>Intramural NIH HHS</Agency>
                    <Country>United States</Country>
                </Grant>
                <Grant>
                    <GrantID>ZIA EY000403-08</GrantID>
                    <Agency>Intramural NIH HHS</Agency>
                    <Country>United States</Country>
                </Grant>
                <Grant>
                    <GrantID>Z01 EY000403-07</GrantID>
                    <Agency>Intramural NIH HHS</Agency>
                    <Country>United States</Country>
                </Grant>
                <Grant>
                    <GrantID>R01 HL069979-03</GrantID>
                    <Acronym>HL</Acronym>
                    <Agency>NHLBI NIH HHS</Agency>
                    <Country>United States</Country>
                </Grant>
                <Grant>
                    <GrantID>N01HC95166</GrantID>
                    <Acronym>HL</Acronym>
                    <Agency>NHLBI NIH HHS</Agency>
                    <Country>United States</Country>
                </Grant>
                <Grant>
                    <GrantID>ZIA EY000403-15</GrantID>
                    <Agency>Intramural NIH HHS</Agency>
                    <Country>United States</Country>
                </Grant>
                <Grant>
                    <GrantID>HL69979-03</GrantID>
                    <Acronym>HL</Acronym>
                    <Agency>NHLBI NIH HHS</Agency>
                    <Country>United States</Country>
                </Grant>
                <Grant>
                    <GrantID>N01-HC-95166</GrantID>
                    <Acronym>HC</Acronym>
                    <Agency>NHLBI NIH HHS</Agency>
                    <Country>United States</Country>
                </Grant>
                <Grant>
                    <GrantID>ZIA EY000403-12</GrantID>
                    <Agency>Intramural NIH HHS</Agency>
                    <Country>United States</Country>
                </Grant>
            </GrantList>
            <PublicationTypeList>
                <PublicationType UI="D016428">Journal Article</PublicationType>
                <PublicationType UI="D052061">Research Support, N.I.H., Extramural</PublicationType>
                <PublicationType UI="D013487">Research Support, U.S. Gov't, P.H.S.</PublicationType>
            </PublicationTypeList>
            <ArticleDate DateType="Electronic">
                <Year>2011</Year>
                <Month>12</Month>
                <Day>23</Day>
            </ArticleDate>
        </Article>
        <MedlineJournalInfo>
            <Country>United States</Country>
            <MedlineTA>Ophthalmology</MedlineTA>
            <NlmUniqueID>7802443</NlmUniqueID>
            <ISSNLinking>0161-6420</ISSNLinking>
        </MedlineJournalInfo>
        <CitationSubset>IM</CitationSubset>
        <MeshHeadingList>
            <MeshHeading>
                <DescriptorName UI="D000368" MajorTopicYN="N">Aged</DescriptorName>
            </MeshHeading>
            <MeshHeading>
                <DescriptorName UI="D000369" MajorTopicYN="N">Aged, 80 and over</DescriptorName>
            </MeshHeading>
            <MeshHeading>
                <DescriptorName UI="D050197" MajorTopicYN="N">Atherosclerosis</DescriptorName>
                <QualifierName UI="Q000453" MajorTopicYN="Y">epidemiology</QualifierName>
            </MeshHeading>
            <MeshHeading>
                <DescriptorName UI="D002318" MajorTopicYN="N">Cardiovascular Diseases</DescriptorName>
                <QualifierName UI="Q000453" MajorTopicYN="Y">epidemiology</QualifierName>
            </MeshHeading>
            <MeshHeading>
                <DescriptorName UI="D003327" MajorTopicYN="N">Coronary Disease</DescriptorName>
                <QualifierName UI="Q000453" MajorTopicYN="Y">epidemiology</QualifierName>
            </MeshHeading>
            <MeshHeading>
                <DescriptorName UI="D005006" MajorTopicYN="N">Ethnic Groups</DescriptorName>
            </MeshHeading>
            <MeshHeading>
                <DescriptorName UI="D005260" MajorTopicYN="N">Female</DescriptorName>
            </MeshHeading>
            <MeshHeading>
                <DescriptorName UI="D006801" MajorTopicYN="N">Humans</DescriptorName>
            </MeshHeading>
            <MeshHeading>
                <DescriptorName UI="D015994" MajorTopicYN="N">Incidence</DescriptorName>
            </MeshHeading>
            <MeshHeading>
                <DescriptorName UI="D008268" MajorTopicYN="N">Macular Degeneration</DescriptorName>
                <QualifierName UI="Q000453" MajorTopicYN="Y">epidemiology</QualifierName>
            </MeshHeading>
            <MeshHeading>
                <DescriptorName UI="D008297" MajorTopicYN="N">Male</DescriptorName>
            </MeshHeading>
            <MeshHeading>
                <DescriptorName UI="D008875" MajorTopicYN="N">Middle Aged</DescriptorName>
            </MeshHeading>
            <MeshHeading>
                <DescriptorName UI="D011446" MajorTopicYN="N">Prospective Studies</DescriptorName>
            </MeshHeading>
            <MeshHeading>
                <DescriptorName UI="D012307" MajorTopicYN="N">Risk Factors</DescriptorName>
            </MeshHeading>
            <MeshHeading>
                <DescriptorName UI="D014481" MajorTopicYN="N" Type="Geographic">United States</DescriptorName>
                <QualifierName UI="Q000453" MajorTopicYN="N">epidemiology</QualifierName>
            </MeshHeading>
        </MeshHeadingList>
    </MedlineCitation>
    <PubmedData>
        <History>
            <PubMedPubDate PubStatus="received">
                <Year>2011</Year>
                <Month>07</Month>
                <Day>05</Day>
            </PubMedPubDate>
            <PubMedPubDate PubStatus="revised">
                <Year>2011</Year>
                <Month>09</Month>
                <Day>09</Day>
            </PubMedPubDate>
            <PubMedPubDate PubStatus="accepted">
                <Year>2011</Year>
                <Month>09</Month>
                <Day>23</Day>
            </PubMedPubDate>
            <PubMedPubDate PubStatus="entrez">
                <Year>2011</Year>
                <Month>12</Month>
                <Day>27</Day>
                <Hour>6</Hour>
                <Minute>0</Minute>
            </PubMedPubDate>
            <PubMedPubDate PubStatus="pubmed">
                <Year>2011</Year>
                <Month>12</Month>
                <Day>27</Day>
                <Hour>6</Hour>
                <Minute>0</Minute>
            </PubMedPubDate>
            <PubMedPubDate PubStatus="medline">
                <Year>2012</Year>
                <Month>5</Month>
                <Day>18</Day>
                <Hour>6</Hour>
                <Minute>0</Minute>
            </PubMedPubDate>
        </History>
        <PublicationStatus>ppublish</PublicationStatus>
        <ArticleIdList>
            <ArticleId IdType="pubmed">22197438</ArticleId>
            <ArticleId IdType="pii">S0161-6420(11)00930-4</ArticleId>
            <ArticleId IdType="doi">10.1016/j.ophtha.2011.09.044</ArticleId>
            <ArticleId IdType="pmc">PMC3314126</ArticleId>
            <ArticleId IdType="mid">NIHMS328104</ArticleId>
        </ArticleIdList>
        <ReferenceList>
            <Reference>
                <Citation>Circulation. 2006 May 9;113(18):2245-52</Citation>
                <ArticleIdList>
                    <ArticleId IdType="pubmed">16684874</ArticleId>
                </ArticleIdList>
            </Reference>
            <Reference>
                <Citation>Ann Intern Med. 2006 Jul 18;145(2):98-106</Citation>
                <ArticleIdList>
                    <ArticleId IdType="pubmed">16847292</ArticleId>
                </ArticleIdList>
            </Reference>
            <Reference>
                <Citation>Ophthalmology. 2007 Jan;114(1):86-91</Citation>
                <ArticleIdList>
                    <ArticleId IdType="pubmed">17198851</ArticleId>
                </ArticleIdList>
            </Reference>
            <Reference>
                <Citation>Mayo Clin Proc. 2007 Mar;82(3):301-7</Citation>
                <ArticleIdList>
                    <ArticleId IdType="pubmed">17352366</ArticleId>
                </ArticleIdList>
            </Reference>
            <Reference>
                <Citation>Ophthalmology. 2007 Apr;114(4):732-7</Citation>
                <ArticleIdList>
                    <ArticleId IdType="pubmed">17187863</ArticleId>
                </ArticleIdList>
            </Reference>
            <Reference>
                <Citation>J Am Coll Cardiol. 2007 May 29;49(21):2093-101</Citation>
                <ArticleIdList>
                    <ArticleId IdType="pubmed">17531658</ArticleId>
                </ArticleIdList>
            </Reference>
            <Reference>
                <Citation>Ophthalmology. 2007 Jun;114(6):1157-63</Citation>
                <ArticleIdList>
                    <ArticleId IdType="pubmed">17337063</ArticleId>
                </ArticleIdList>
            </Reference>
            <Reference>
                <Citation>Br J Ophthalmol. 2008 Apr;92(4):509-12</Citation>
                <ArticleIdList>
                    <ArticleId IdType="pubmed">18310310</ArticleId>
                </ArticleIdList>
            </Reference>
            <Reference>
                <Citation>J Am Coll Cardiol. 2008 Apr 1;51(13):1258-65</Citation>
                <ArticleIdList>
                    <ArticleId IdType="pubmed">18371555</ArticleId>
                </ArticleIdList>
            </Reference>
            <Reference>
                <Citation>Am J Ophthalmol. 2000 Nov;130(5):658-63</Citation>
                <ArticleIdList>
                    <ArticleId IdType="pubmed">11078846</ArticleId>
                </ArticleIdList>
            </Reference>
            <Reference>
                <Citation>Invest Ophthalmol Vis Sci. 2001 Jan;42(1):265-74</Citation>
                <ArticleIdList>
                    <ArticleId IdType="pubmed">11133878</ArticleId>
                </ArticleIdList>
            </Reference>
            <Reference>
                <Citation>Ophthalmology. 2001 Apr;108(4):705-10</Citation>
                <ArticleIdList>
                    <ArticleId IdType="pubmed">11297487</ArticleId>
                </ArticleIdList>
            </Reference>
            <Reference>
                <Citation>Am J Epidemiol. 2002 Nov 1;156(9):871-81</Citation>
                <ArticleIdList>
                    <ArticleId IdType="pubmed">12397006</ArticleId>
                </ArticleIdList>
            </Reference>
            <Reference>
                <Citation>Arch Ophthalmol. 2003 Apr;121(4):519-26</Citation>
                <ArticleIdList>
                    <ArticleId IdType="pubmed">12695249</ArticleId>
                </ArticleIdList>
            </Reference>
            <Reference>
                <Citation>Arch Ophthalmol. 2004 May;122(5):716-26</Citation>
                <ArticleIdList>
                    <ArticleId IdType="pubmed">15136320</ArticleId>
                </ArticleIdList>
            </Reference>
            <Reference>
                <Citation>Arch Ophthalmol. 1984 Nov;102(11):1640-2</Citation>
                <ArticleIdList>
                    <ArticleId IdType="pubmed">6208888</ArticleId>
                </ArticleIdList>
            </Reference>
            <Reference>
                <Citation>Ophthalmology. 1991 Jul;98(7):1128-34</Citation>
                <ArticleIdList>
                    <ArticleId IdType="pubmed">1843453</ArticleId>
                </ArticleIdList>
            </Reference>
            <Reference>
                <Citation>Circulation. 2004 Nov 2;110(18):2843-50</Citation>
                <ArticleIdList>
                    <ArticleId IdType="pubmed">15505090</ArticleId>
                </ArticleIdList>
            </Reference>
            <Reference>
                <Citation>Arch Ophthalmol. 2004 Nov;122(11):1642-6</Citation>
                <ArticleIdList>
                    <ArticleId IdType="pubmed">15534124</ArticleId>
                </ArticleIdList>
            </Reference>
            <Reference>
                <Citation>Science. 2005 Apr 15;308(5720):421-4</Citation>
                <ArticleIdList>
                    <ArticleId IdType="pubmed">15761121</ArticleId>
                </ArticleIdList>
            </Reference>
            <Reference>
                <Citation>Am J Ophthalmol. 2005 Jul;140(1):35-44</Citation>
                <ArticleIdList>
                    <ArticleId IdType="pubmed">15939388</ArticleId>
                </ArticleIdList>
            </Reference>
            <Reference>
                <Citation>Arterioscler Thromb Vasc Biol. 2005 Oct;25(10):2054-61</Citation>
                <ArticleIdList>
                    <ArticleId IdType="pubmed">16037567</ArticleId>
                </ArticleIdList>
            </Reference>
            <Reference>
                <Citation>Arch Ophthalmol. 2006 Feb;124(2):243-9</Citation>
                <ArticleIdList>
                    <ArticleId IdType="pubmed">16476894</ArticleId>
                </ArticleIdList>
            </Reference>
            <Reference>
                <Citation>Ophthalmology. 2008 Jun;115(6):1046-1052.e2</Citation>
                <ArticleIdList>
                    <ArticleId IdType="pubmed">17953990</ArticleId>
                </ArticleIdList>
            </Reference>
            <Reference>
                <Citation>Arch Ophthalmol. 2008 Sep;126(9):1280-6</Citation>
                <ArticleIdList>
                    <ArticleId IdType="pubmed">18779491</ArticleId>
                </ArticleIdList>
            </Reference>
            <Reference>
                <Citation>Ophthalmology. 2009 Oct;116(10):1913-9</Citation>
                <ArticleIdList>
                    <ArticleId IdType="pubmed">19592102</ArticleId>
                </ArticleIdList>
            </Reference>
            <Reference>
                <Citation>Stroke. 2010 Apr;41(4):575-6</Citation>
                <ArticleIdList>
                    <ArticleId IdType="pubmed">20150541</ArticleId>
                </ArticleIdList>
            </Reference>
            <Reference>
                <Citation>Stroke. 2010 Apr;41(4):613-7</Citation>
                <ArticleIdList>
                    <ArticleId IdType="pubmed">20150546</ArticleId>
                </ArticleIdList>
            </Reference>
            <Reference>
                <Citation>Arch Ophthalmol. 2011 Jan;129(1):75-80</Citation>
                <ArticleIdList>
                    <ArticleId IdType="pubmed">21220632</ArticleId>
                </ArticleIdList>
            </Reference>
            <Reference>
                <Citation>Ophthalmology. 2006 Mar;113(3):373-80</Citation>
                <ArticleIdList>
                    <ArticleId IdType="pubmed">16513455</ArticleId>
                </ArticleIdList>
            </Reference>
            <Reference>
                <Citation>J Am Coll Cardiol. 2006 Apr 18;47(8):1568-75</Citation>
                <ArticleIdList>
                    <ArticleId IdType="pubmed">16630992</ArticleId>
                </ArticleIdList>
            </Reference>
        </ReferenceList>
    </PubmedData>
</PubmedArticle>

</PubmedArticleSet>