<?xml version="1.0" ?>
<!DOCTYPE PubmedArticleSet PUBLIC "-//NLM//DTD PubMedArticle, 1st January 2019//EN" "https://dtd.nlm.nih.gov/ncbi/pubmed/out/pubmed_190101.dtd">
<PubmedArticleSet>
<PubmedArticle>
    <MedlineCitation Status="MEDLINE" Owner="NLM">
        <PMID Version="1">22535267</PMID>
        <DateCompleted>
            <Year>2012</Year>
            <Month>08</Month>
            <Day>16</Day>
        </DateCompleted>
        <DateRevised>
            <Year>2018</Year>
            <Month>11</Month>
            <Day>13</Day>
        </DateRevised>
        <Article PubModel="Print-Electronic">
            <Journal>
                <ISSN IssnType="Electronic">1524-4628</ISSN>
                <JournalIssue CitedMedium="Internet">
                    <Volume>43</Volume>
                    <Issue>6</Issue>
                    <PubDate>
                        <Year>2012</Year>
                        <Month>Jun</Month>
                    </PubDate>
                </JournalIssue>
                <Title>Stroke</Title>
                <ISOAbbreviation>Stroke</ISOAbbreviation>
            </Journal>
            <ArticleTitle>Age-related macular degeneration and long-term risk of stroke subtypes.</ArticleTitle>
            <Pagination>
                <MedlinePgn>1681-3</MedlinePgn>
            </Pagination>
            <ELocationID EIdType="doi" ValidYN="Y">10.1161/STROKEAHA.112.654632</ELocationID>
            <Abstract>
                <AbstractText Label="BACKGROUND AND PURPOSE" NlmCategory="OBJECTIVE">We examined the relationship of age-related macular degeneration (AMD) with incident stroke, including stroke subtypes of cerebral infarction and intracerebral hemorrhage.</AbstractText>
                <AbstractText Label="METHODS" NlmCategory="METHODS">We included 12 216 participants with retinal photographs taken at the third examination visit (1993-1995) from the Atherosclerosis Risk in Communities (ARIC) Study, a population-based cohort study in middle-aged persons. Images were evaluated for AMD signs according to a standardized protocol. Incident events of stroke and its subtypes were identified and validated through case record review over time.</AbstractText>
                <AbstractText Label="RESULTS" NlmCategory="RESULTS">AMD was diagnosed in 591 participants, of whom 576 had early and 15 late AMD. After a mean follow-up of 13.0 years (SD, 3.3), 619 persons developed an incident stroke, including 548 cerebral infarction and 57 intracerebral hemorrhages. Participants with any AMD were at an increased risk of stroke (multivariable adjusted hazard ratio, 1.51; 95% CI, 1.11-2.06) with a stronger association for intracerebral hemorrhage (hazard ratio, 2.64; 95% CI, 1.18-5.87) than cerebral infarction (hazard ratio, 1.42; 95% CI, 1.01-1.99).</AbstractText>
                <AbstractText Label="CONCLUSIONS" NlmCategory="CONCLUSIONS">Persons with AMD are at an increased risk of both cerebral infarction and intracerebral hemorrhage. These data provide further insight into common pathophysiological processes between AMD and stroke subtypes.</AbstractText>
            </Abstract>
            <AuthorList CompleteYN="Y">
                <Author ValidYN="Y">
                    <LastName>Ikram</LastName>
                    <ForeName>M Kamran</ForeName>
                    <Initials>MK</Initials>
                    <AffiliationInfo>
                        <Affiliation>Singapore Eye Research Institute, Singapore National Eye Centre, Singapore. kamran_ikram@nuhs.edu.sg</Affiliation>
                    </AffiliationInfo>
                </Author>
                <Author ValidYN="Y">
                    <LastName>Mitchell</LastName>
                    <ForeName>Paul</ForeName>
                    <Initials>P</Initials>
                </Author>
                <Author ValidYN="Y">
                    <LastName>Klein</LastName>
                    <ForeName>Ronald</ForeName>
                    <Initials>R</Initials>
                </Author>
                <Author ValidYN="Y">
                    <LastName>Sharrett</LastName>
                    <ForeName>A Rickey</ForeName>
                    <Initials>AR</Initials>
                </Author>
                <Author ValidYN="Y">
                    <LastName>Couper</LastName>
                    <ForeName>David J</ForeName>
                    <Initials>DJ</Initials>
                </Author>
                <Author ValidYN="Y">
                    <LastName>Wong</LastName>
                    <ForeName>Tien Y</ForeName>
                    <Initials>TY</Initials>
                </Author>
            </AuthorList>
            <Language>eng</Language>
            <GrantList CompleteYN="Y">
                <Grant>
                    <GrantID>HHSN268201100012C</GrantID>
                    <Acronym>HL</Acronym>
                    <Agency>NHLBI NIH HHS</Agency>
                    <Country>United States</Country>
                </Grant>
                <Grant>
                    <GrantID>HHSN268201100009I</GrantID>
                    <Acronym>HL</Acronym>
                    <Agency>NHLBI NIH HHS</Agency>
                    <Country>United States</Country>
                </Grant>
                <Grant>
                    <GrantID>HHSN268201100010C</GrantID>
                    <Acronym>HL</Acronym>
                    <Agency>NHLBI NIH HHS</Agency>
                    <Country>United States</Country>
                </Grant>
                <Grant>
                    <GrantID>HHSN268201100008C</GrantID>
                    <Acronym>HL</Acronym>
                    <Agency>NHLBI NIH HHS</Agency>
                    <Country>United States</Country>
                </Grant>
                <Grant>
                    <GrantID>HHSN268201100005G</GrantID>
                    <Acronym>HL</Acronym>
                    <Agency>NHLBI NIH HHS</Agency>
                    <Country>United States</Country>
                </Grant>
                <Grant>
                    <GrantID>HHSN268201100008I</GrantID>
                    <Acronym>HL</Acronym>
                    <Agency>NHLBI NIH HHS</Agency>
                    <Country>United States</Country>
                </Grant>
                <Grant>
                    <GrantID>HHSN268201100007C</GrantID>
                    <Acronym>HL</Acronym>
                    <Agency>NHLBI NIH HHS</Agency>
                    <Country>United States</Country>
                </Grant>
                <Grant>
                    <GrantID>HHSN268201100011I</GrantID>
                    <Acronym>HL</Acronym>
                    <Agency>NHLBI NIH HHS</Agency>
                    <Country>United States</Country>
                </Grant>
                <Grant>
                    <GrantID>HHSN268201100011C</GrantID>
                    <Acronym>HL</Acronym>
                    <Agency>NHLBI NIH HHS</Agency>
                    <Country>United States</Country>
                </Grant>
                <Grant>
                    <GrantID>HHSN268201100006C</GrantID>
                    <Acronym>HL</Acronym>
                    <Agency>NHLBI NIH HHS</Agency>
                    <Country>United States</Country>
                </Grant>
                <Grant>
                    <GrantID>HHSN268201100005I</GrantID>
                    <Acronym>HL</Acronym>
                    <Agency>NHLBI NIH HHS</Agency>
                    <Country>United States</Country>
                </Grant>
                <Grant>
                    <GrantID>HHSN268201100009C</GrantID>
                    <Acronym>HL</Acronym>
                    <Agency>NHLBI NIH HHS</Agency>
                    <Country>United States</Country>
                </Grant>
                <Grant>
                    <GrantID>HHSN268201100005C</GrantID>
                    <Acronym>HL</Acronym>
                    <Agency>NHLBI NIH HHS</Agency>
                    <Country>United States</Country>
                </Grant>
                <Grant>
                    <GrantID>HHSN268201100007I</GrantID>
                    <Acronym>HL</Acronym>
                    <Agency>NHLBI NIH HHS</Agency>
                    <Country>United States</Country>
                </Grant>
            </GrantList>
            <PublicationTypeList>
                <PublicationType UI="D016430">Clinical Trial</PublicationType>
                <PublicationType UI="D016428">Journal Article</PublicationType>
                <PublicationType UI="D016448">Multicenter Study</PublicationType>
                <PublicationType UI="D052061">Research Support, N.I.H., Extramural</PublicationType>
            </PublicationTypeList>
            <ArticleDate DateType="Electronic">
                <Year>2012</Year>
                <Month>04</Month>
                <Day>24</Day>
            </ArticleDate>
        </Article>
        <MedlineJournalInfo>
            <Country>United States</Country>
            <MedlineTA>Stroke</MedlineTA>
            <NlmUniqueID>0235266</NlmUniqueID>
            <ISSNLinking>0039-2499</ISSNLinking>
        </MedlineJournalInfo>
        <CitationSubset>IM</CitationSubset>
        <MeshHeadingList>
            <MeshHeading>
                <DescriptorName UI="D000368" MajorTopicYN="N">Aged</DescriptorName>
            </MeshHeading>
            <MeshHeading>
                <DescriptorName UI="D000369" MajorTopicYN="N">Aged, 80 and over</DescriptorName>
            </MeshHeading>
            <MeshHeading>
                <DescriptorName UI="D002543" MajorTopicYN="N">Cerebral Hemorrhage</DescriptorName>
                <QualifierName UI="Q000453" MajorTopicYN="Y">epidemiology</QualifierName>
                <QualifierName UI="Q000209" MajorTopicYN="N">etiology</QualifierName>
                <QualifierName UI="Q000503" MajorTopicYN="N">physiopathology</QualifierName>
            </MeshHeading>
            <MeshHeading>
                <DescriptorName UI="D002544" MajorTopicYN="N">Cerebral Infarction</DescriptorName>
                <QualifierName UI="Q000453" MajorTopicYN="Y">epidemiology</QualifierName>
                <QualifierName UI="Q000209" MajorTopicYN="N">etiology</QualifierName>
                <QualifierName UI="Q000503" MajorTopicYN="N">physiopathology</QualifierName>
            </MeshHeading>
            <MeshHeading>
                <DescriptorName UI="D005260" MajorTopicYN="N">Female</DescriptorName>
            </MeshHeading>
            <MeshHeading>
                <DescriptorName UI="D005500" MajorTopicYN="N">Follow-Up Studies</DescriptorName>
            </MeshHeading>
            <MeshHeading>
                <DescriptorName UI="D006801" MajorTopicYN="N">Humans</DescriptorName>
            </MeshHeading>
            <MeshHeading>
                <DescriptorName UI="D015994" MajorTopicYN="N">Incidence</DescriptorName>
            </MeshHeading>
            <MeshHeading>
                <DescriptorName UI="D008268" MajorTopicYN="N">Macular Degeneration</DescriptorName>
                <QualifierName UI="Q000150" MajorTopicYN="N">complications</QualifierName>
                <QualifierName UI="Q000453" MajorTopicYN="Y">epidemiology</QualifierName>
                <QualifierName UI="Q000503" MajorTopicYN="N">physiopathology</QualifierName>
            </MeshHeading>
            <MeshHeading>
                <DescriptorName UI="D008297" MajorTopicYN="N">Male</DescriptorName>
            </MeshHeading>
            <MeshHeading>
                <DescriptorName UI="D008875" MajorTopicYN="N">Middle Aged</DescriptorName>
            </MeshHeading>
            <MeshHeading>
                <DescriptorName UI="D012307" MajorTopicYN="N">Risk Factors</DescriptorName>
            </MeshHeading>
            <MeshHeading>
                <DescriptorName UI="D020521" MajorTopicYN="N">Stroke</DescriptorName>
                <QualifierName UI="Q000453" MajorTopicYN="Y">epidemiology</QualifierName>
                <QualifierName UI="Q000209" MajorTopicYN="N">etiology</QualifierName>
                <QualifierName UI="Q000503" MajorTopicYN="N">physiopathology</QualifierName>
            </MeshHeading>
            <MeshHeading>
                <DescriptorName UI="D013997" MajorTopicYN="N">Time Factors</DescriptorName>
            </MeshHeading>
        </MeshHeadingList>
    </MedlineCitation>
    <PubmedData>
        <History>
            <PubMedPubDate PubStatus="entrez">
                <Year>2012</Year>
                <Month>4</Month>
                <Day>27</Day>
                <Hour>6</Hour>
                <Minute>0</Minute>
            </PubMedPubDate>
            <PubMedPubDate PubStatus="pubmed">
                <Year>2012</Year>
                <Month>4</Month>
                <Day>27</Day>
                <Hour>6</Hour>
                <Minute>0</Minute>
            </PubMedPubDate>
            <PubMedPubDate PubStatus="medline">
                <Year>2012</Year>
                <Month>8</Month>
                <Day>17</Day>
                <Hour>6</Hour>
                <Minute>0</Minute>
            </PubMedPubDate>
        </History>
        <PublicationStatus>ppublish</PublicationStatus>
        <ArticleIdList>
            <ArticleId IdType="pubmed">22535267</ArticleId>
            <ArticleId IdType="pii">STROKEAHA.112.654632</ArticleId>
            <ArticleId IdType="doi">10.1161/STROKEAHA.112.654632</ArticleId>
            <ArticleId IdType="pmc">PMC3361598</ArticleId>
            <ArticleId IdType="mid">NIHMS372001</ArticleId>
        </ArticleIdList>
        <ReferenceList>
            <Reference>
                <Citation>Ophthalmology. 2003 Jan;110(1):25-33</Citation>
                <ArticleIdList>
                    <ArticleId IdType="pubmed">12511342</ArticleId>
                </ArticleIdList>
            </Reference>
            <Reference>
                <Citation>Ann Intern Med. 2006 Jul 18;145(2):98-106</Citation>
                <ArticleIdList>
                    <ArticleId IdType="pubmed">16847292</ArticleId>
                </ArticleIdList>
            </Reference>
            <Reference>
                <Citation>Stroke. 2008 Apr;39(4):1371-9</Citation>
                <ArticleIdList>
                    <ArticleId IdType="pubmed">18309171</ArticleId>
                </ArticleIdList>
            </Reference>
            <Reference>
                <Citation>Br J Ophthalmol. 2008 Apr;92(4):509-12</Citation>
                <ArticleIdList>
                    <ArticleId IdType="pubmed">18310310</ArticleId>
                </ArticleIdList>
            </Reference>
            <Reference>
                <Citation>Ophthalmology. 2009 Oct;116(10):1913-9</Citation>
                <ArticleIdList>
                    <ArticleId IdType="pubmed">19592102</ArticleId>
                </ArticleIdList>
            </Reference>
            <Reference>
                <Citation>Stroke. 2010 Apr;41(4):575-6</Citation>
                <ArticleIdList>
                    <ArticleId IdType="pubmed">20150541</ArticleId>
                </ArticleIdList>
            </Reference>
            <Reference>
                <Citation>Stroke. 2010 Apr;41(4):613-7</Citation>
                <ArticleIdList>
                    <ArticleId IdType="pubmed">20150546</ArticleId>
                </ArticleIdList>
            </Reference>
            <Reference>
                <Citation>Stroke. 2011 Aug;42(8):2138-42</Citation>
                <ArticleIdList>
                    <ArticleId IdType="pubmed">21680903</ArticleId>
                </ArticleIdList>
            </Reference>
            <Reference>
                <Citation>Am J Ophthalmol. 2011 Sep;152(3):329-31</Citation>
                <ArticleIdList>
                    <ArticleId IdType="pubmed">21855670</ArticleId>
                </ArticleIdList>
            </Reference>
        </ReferenceList>
    </PubmedData>
</PubmedArticle>

</PubmedArticleSet>