<?xml version="1.0" ?>
<!DOCTYPE PubmedArticleSet PUBLIC "-//NLM//DTD PubMedArticle, 1st January 2019//EN" "https://dtd.nlm.nih.gov/ncbi/pubmed/out/pubmed_190101.dtd">
<PubmedArticleSet>
<PubmedArticle>
    <MedlineCitation Status="MEDLINE" Owner="NLM">
        <PMID Version="1">25264026</PMID>
        <DateCompleted>
            <Year>2015</Year>
            <Month>04</Month>
            <Day>14</Day>
        </DateCompleted>
        <DateRevised>
            <Year>2019</Year>
            <Month>10</Month>
            <Day>08</Day>
        </DateRevised>
        <Article PubModel="Print-Electronic">
            <Journal>
                <ISSN IssnType="Electronic">1549-4713</ISSN>
                <JournalIssue CitedMedium="Internet">
                    <Volume>122</Volume>
                    <Issue>2</Issue>
                    <PubDate>
                        <Year>2015</Year>
                        <Month>Feb</Month>
                    </PubDate>
                </JournalIssue>
                <Title>Ophthalmology</Title>
                <ISOAbbreviation>Ophthalmology</ISOAbbreviation>
            </Journal>
            <ArticleTitle>Age-related macular degeneration and mortality in community-dwelling elders: the age, gene/environment susceptibility Reykjavik study.</ArticleTitle>
            <Pagination>
                <MedlinePgn>382-90</MedlinePgn>
            </Pagination>
            <ELocationID EIdType="doi" ValidYN="Y">10.1016/j.ophtha.2014.08.006</ELocationID>
            <ELocationID EIdType="pii" ValidYN="Y">S0161-6420(14)00727-1</ELocationID>
            <Abstract>
                <AbstractText Label="OBJECTIVE" NlmCategory="OBJECTIVE">To investigate the association between age-related macular degeneration (AMD) and mortality in older persons.</AbstractText>
                <AbstractText Label="DESIGN" NlmCategory="METHODS">Population-based prospective cohort study.</AbstractText>
                <AbstractText Label="PARTICIPANTS" NlmCategory="METHODS">Participants 67 to 96 years of age (43.1% male) enrolled between 2002 and 2006 in the Age, Gene/Environment Susceptibility-Reykjavik Study.</AbstractText>
                <AbstractText Label="METHODS" NlmCategory="METHODS">Retinal photographs of the macula were acquired digitally and evaluated for the presence of AMD lesions using the Wisconsin Age-Related Maculopathy grading scheme. Mortality was assessed prospectively through 2013 with cause of death available through 2009. The association between AMD and death, resulting from any cause and specifically cardiovascular disease (CVD), was examined using Cox proportional hazards regression with age as the time scale, adjusted for significant risk factors and comorbid conditions. To address a violation in the proportional hazards assumption, analyses were stratified into 2 groups based on the mean age at death (83 years).</AbstractText>
                <AbstractText Label="MAIN OUTCOME MEASURES" NlmCategory="METHODS">Mortality resulting from all causes and CVD.</AbstractText>
                <AbstractText Label="RESULTS" NlmCategory="RESULTS">Among 4910 participants, after a median follow-up of 8.6 years, 1742 died (35.5%), of whom 614 (35.2%) had signs of AMD at baseline. Cardiovascular disease was the cause of death for 357 people who died before the end of 2009, of whom 144 (40%) had AMD (101 with early disease and 43 with late disease). After considering covariates, including comorbid conditions, having early AMD at any age or having late AMD in individuals younger than 83 years (n = 4179) were not associated with all-cause or CVD mortality. In individuals 83 years of age and older (n = 731), late AMD was associated significantly with increased risk of all-cause mortality (hazard ratio [HR], 1.76; 95% confidence interval [CI], 1.20-2.57) and CVD-related mortality (HR, 2.37; 95% CI, 1.41-3.98). In addition to having AMD, older individuals who died were more likely to be male and to have low body mass index, impaired cognition, and microalbuminuria.</AbstractText>
                <AbstractText Label="CONCLUSIONS" NlmCategory="CONCLUSIONS">Competing risk factors and concomitant conditions are important in determining mortality risk resulting from AMD. Individuals with early AMD are not more likely to die than peers of comparable age. Late AMD becomes a predictor of mortality by the mid-octogenarian years.</AbstractText>
                <CopyrightInformation>Published by Elsevier Inc.</CopyrightInformation>
            </Abstract>
            <AuthorList CompleteYN="Y">
                <Author ValidYN="Y">
                    <LastName>Fisher</LastName>
                    <ForeName>Diana E</ForeName>
                    <Initials>DE</Initials>
                    <AffiliationInfo>
                        <Affiliation>Division of Epidemiology and Clinical Applications, National Eye Institute, National Institutes of Health, Bethesda, Maryland. Electronic address: diana.fisher@nih.gov.</Affiliation>
                    </AffiliationInfo>
                </Author>
                <Author ValidYN="Y">
                    <LastName>Jonasson</LastName>
                    <ForeName>Fridbert</ForeName>
                    <Initials>F</Initials>
                    <AffiliationInfo>
                        <Affiliation>Department of Ophthalmology, Landspitali University Hospital, Reykjavik, Iceland; Faculty of Medicine, University of Iceland, Reykjavik, Iceland.</Affiliation>
                    </AffiliationInfo>
                </Author>
                <Author ValidYN="Y">
                    <LastName>Eiriksdottir</LastName>
                    <ForeName>Gudny</ForeName>
                    <Initials>G</Initials>
                    <AffiliationInfo>
                        <Affiliation>Icelandic Heart Association, Kopavogur, Iceland.</Affiliation>
                    </AffiliationInfo>
                </Author>
                <Author ValidYN="Y">
                    <LastName>Sigurdsson</LastName>
                    <ForeName>Sigurdur</ForeName>
                    <Initials>S</Initials>
                    <AffiliationInfo>
                        <Affiliation>Icelandic Heart Association, Kopavogur, Iceland.</Affiliation>
                    </AffiliationInfo>
                </Author>
                <Author ValidYN="Y">
                    <LastName>Klein</LastName>
                    <ForeName>Ronald</ForeName>
                    <Initials>R</Initials>
                    <AffiliationInfo>
                        <Affiliation>Department of Ophthalmology and Visual Sciences, University of Wisconsin Madison, Madison, Wisconsin.</Affiliation>
                    </AffiliationInfo>
                </Author>
                <Author ValidYN="Y">
                    <LastName>Launer</LastName>
                    <ForeName>Lenore J</ForeName>
                    <Initials>LJ</Initials>
                    <AffiliationInfo>
                        <Affiliation>Laboratory of Epidemiology and Population Sciences, Intramural Research Program, National Institute of Aging, National Institutes of Health, Bethesda, Maryland.</Affiliation>
                    </AffiliationInfo>
                </Author>
                <Author ValidYN="Y">
                    <LastName>Gudnason</LastName>
                    <ForeName>Vilmundur</ForeName>
                    <Initials>V</Initials>
                    <AffiliationInfo>
                        <Affiliation>Faculty of Medicine, University of Iceland, Reykjavik, Iceland; Icelandic Heart Association, Kopavogur, Iceland.</Affiliation>
                    </AffiliationInfo>
                </Author>
                <Author ValidYN="Y">
                    <LastName>Cotch</LastName>
                    <ForeName>Mary Frances</ForeName>
                    <Initials>MF</Initials>
                    <AffiliationInfo>
                        <Affiliation>Division of Epidemiology and Clinical Applications, National Eye Institute, National Institutes of Health, Bethesda, Maryland.</Affiliation>
                    </AffiliationInfo>
                </Author>
            </AuthorList>
            <Language>eng</Language>
            <GrantList CompleteYN="Y">
                <Grant>
                    <GrantID>ZIA EY000401-09</GrantID>
                    <Agency>Intramural NIH HHS</Agency>
                    <Country>United States</Country>
                </Grant>
                <Grant>
                    <GrantID>ZIA EY000401-13</GrantID>
                    <Agency>Intramural NIH HHS</Agency>
                    <Country>United States</Country>
                </Grant>
                <Grant>
                    <GrantID>Z99 EY999999</GrantID>
                    <Agency>Intramural NIH HHS</Agency>
                    <Country>United States</Country>
                </Grant>
                <Grant>
                    <GrantID>ZIA EY000401-11</GrantID>
                    <Agency>Intramural NIH HHS</Agency>
                    <Country>United States</Country>
                </Grant>
                <Grant>
                    <GrantID>ZIAEY000401</GrantID>
                    <Agency>PHS HHS</Agency>
                    <Country>United States</Country>
                </Grant>
                <Grant>
                    <GrantID>ZIA EY000401-08</GrantID>
                    <Agency>Intramural NIH HHS</Agency>
                    <Country>United States</Country>
                </Grant>
                <Grant>
                    <GrantID>N01-AG-1-2100</GrantID>
                    <Acronym>AG</Acronym>
                    <Agency>NIA NIH HHS</Agency>
                    <Country>United States</Country>
                </Grant>
                <Grant>
                    <GrantID>ZIA EY000401-12</GrantID>
                    <Agency>Intramural NIH HHS</Agency>
                    <Country>United States</Country>
                </Grant>
                <Grant>
                    <GrantID>ZIAEY00401</GrantID>
                    <Agency>PHS HHS</Agency>
                    <Country>United States</Country>
                </Grant>
                <Grant>
                    <GrantID>ZIAG007380</GrantID>
                    <Agency>PHS HHS</Agency>
                    <Country>United States</Country>
                </Grant>
                <Grant>
                    <GrantID>ZIA EY000401-15</GrantID>
                    <Agency>Intramural NIH HHS</Agency>
                    <Country>United States</Country>
                </Grant>
                <Grant>
                    <GrantID>Z01 EY000401-06</GrantID>
                    <Agency>Intramural NIH HHS</Agency>
                    <Country>United States</Country>
                </Grant>
                <Grant>
                    <GrantID>ZIA EY000401-14</GrantID>
                    <Agency>Intramural NIH HHS</Agency>
                    <Country>United States</Country>
                </Grant>
                <Grant>
                    <GrantID>Z01 EY000401-07</GrantID>
                    <Agency>Intramural NIH HHS</Agency>
                    <Country>United States</Country>
                </Grant>
                <Grant>
                    <GrantID>ZIA EY000401-10</GrantID>
                    <Agency>Intramural NIH HHS</Agency>
                    <Country>United States</Country>
                </Grant>
            </GrantList>
            <PublicationTypeList>
                <PublicationType UI="D016428">Journal Article</PublicationType>
                <PublicationType UI="D052061">Research Support, N.I.H., Extramural</PublicationType>
            </PublicationTypeList>
            <ArticleDate DateType="Electronic">
                <Year>2014</Year>
                <Month>09</Month>
                <Day>26</Day>
            </ArticleDate>
        </Article>
        <MedlineJournalInfo>
            <Country>United States</Country>
            <MedlineTA>Ophthalmology</MedlineTA>
            <NlmUniqueID>7802443</NlmUniqueID>
            <ISSNLinking>0161-6420</ISSNLinking>
        </MedlineJournalInfo>
        <CitationSubset>IM</CitationSubset>
        <MeshHeadingList>
            <MeshHeading>
                <DescriptorName UI="D000367" MajorTopicYN="N">Age Factors</DescriptorName>
            </MeshHeading>
            <MeshHeading>
                <DescriptorName UI="D000368" MajorTopicYN="N">Aged</DescriptorName>
            </MeshHeading>
            <MeshHeading>
                <DescriptorName UI="D000369" MajorTopicYN="N">Aged, 80 and over</DescriptorName>
            </MeshHeading>
            <MeshHeading>
                <DescriptorName UI="D002423" MajorTopicYN="N">Cause of Death</DescriptorName>
            </MeshHeading>
            <MeshHeading>
                <DescriptorName UI="D015331" MajorTopicYN="N">Cohort Studies</DescriptorName>
            </MeshHeading>
            <MeshHeading>
                <DescriptorName UI="D004198" MajorTopicYN="N">Disease Susceptibility</DescriptorName>
            </MeshHeading>
            <MeshHeading>
                <DescriptorName UI="D005260" MajorTopicYN="N">Female</DescriptorName>
            </MeshHeading>
            <MeshHeading>
                <DescriptorName UI="D005500" MajorTopicYN="N">Follow-Up Studies</DescriptorName>
            </MeshHeading>
            <MeshHeading>
                <DescriptorName UI="D059647" MajorTopicYN="Y">Gene-Environment Interaction</DescriptorName>
            </MeshHeading>
            <MeshHeading>
                <DescriptorName UI="D006801" MajorTopicYN="N">Humans</DescriptorName>
            </MeshHeading>
            <MeshHeading>
                <DescriptorName UI="D007055" MajorTopicYN="N" Type="Geographic">Iceland</DescriptorName>
                <QualifierName UI="Q000453" MajorTopicYN="N">epidemiology</QualifierName>
            </MeshHeading>
            <MeshHeading>
                <DescriptorName UI="D015994" MajorTopicYN="N">Incidence</DescriptorName>
            </MeshHeading>
            <MeshHeading>
                <DescriptorName UI="D008268" MajorTopicYN="N">Macular Degeneration</DescriptorName>
                <QualifierName UI="Q000401" MajorTopicYN="Y">mortality</QualifierName>
            </MeshHeading>
            <MeshHeading>
                <DescriptorName UI="D008297" MajorTopicYN="N">Male</DescriptorName>
            </MeshHeading>
            <MeshHeading>
                <DescriptorName UI="D016016" MajorTopicYN="N">Proportional Hazards Models</DescriptorName>
            </MeshHeading>
            <MeshHeading>
                <DescriptorName UI="D011446" MajorTopicYN="N">Prospective Studies</DescriptorName>
            </MeshHeading>
            <MeshHeading>
                <DescriptorName UI="D012307" MajorTopicYN="N">Risk Factors</DescriptorName>
            </MeshHeading>
        </MeshHeadingList>
    </MedlineCitation>
    <PubmedData>
        <History>
            <PubMedPubDate PubStatus="received">
                <Year>2014</Year>
                <Month>04</Month>
                <Day>22</Day>
            </PubMedPubDate>
            <PubMedPubDate PubStatus="revised">
                <Year>2014</Year>
                <Month>05</Month>
                <Day>27</Day>
            </PubMedPubDate>
            <PubMedPubDate PubStatus="accepted">
                <Year>2014</Year>
                <Month>08</Month>
                <Day>07</Day>
            </PubMedPubDate>
            <PubMedPubDate PubStatus="entrez">
                <Year>2014</Year>
                <Month>9</Month>
                <Day>30</Day>
                <Hour>6</Hour>
                <Minute>0</Minute>
            </PubMedPubDate>
            <PubMedPubDate PubStatus="pubmed">
                <Year>2014</Year>
                <Month>9</Month>
                <Day>30</Day>
                <Hour>6</Hour>
                <Minute>0</Minute>
            </PubMedPubDate>
            <PubMedPubDate PubStatus="medline">
                <Year>2015</Year>
                <Month>4</Month>
                <Day>15</Day>
                <Hour>6</Hour>
                <Minute>0</Minute>
            </PubMedPubDate>
        </History>
        <PublicationStatus>ppublish</PublicationStatus>
        <ArticleIdList>
            <ArticleId IdType="pubmed">25264026</ArticleId>
            <ArticleId IdType="pii">S0161-6420(14)00727-1</ArticleId>
            <ArticleId IdType="doi">10.1016/j.ophtha.2014.08.006</ArticleId>
            <ArticleId IdType="pmc">PMC4306612</ArticleId>
            <ArticleId IdType="mid">NIHMS620175</ArticleId>
        </ArticleIdList>
        <ReferenceList>
            <Reference>
                <Citation>Arch Ophthalmol. 2007 Jul;125(7):917-24</Citation>
                <ArticleIdList>
                    <ArticleId IdType="pubmed">17620571</ArticleId>
                </ArticleIdList>
            </Reference>
            <Reference>
                <Citation>Ophthalmology. 2011 May;118(5):825-30</Citation>
                <ArticleIdList>
                    <ArticleId IdType="pubmed">21126770</ArticleId>
                </ArticleIdList>
            </Reference>
            <Reference>
                <Citation>Am J Epidemiol. 2008 Nov 15;168(10):1132-9</Citation>
                <ArticleIdList>
                    <ArticleId IdType="pubmed">18836152</ArticleId>
                </ArticleIdList>
            </Reference>
            <Reference>
                <Citation>Arch Ophthalmol. 2012 Sep;130(9):1169-76</Citation>
                <ArticleIdList>
                    <ArticleId IdType="pubmed">22965593</ArticleId>
                </ArticleIdList>
            </Reference>
            <Reference>
                <Citation>Hum Mol Genet. 2012 Dec 1;21(23):5229-36</Citation>
                <ArticleIdList>
                    <ArticleId IdType="pubmed">22936692</ArticleId>
                </ArticleIdList>
            </Reference>
            <Reference>
                <Citation>Age Ageing. 2014 Jan;43(1):69-76</Citation>
                <ArticleIdList>
                    <ArticleId IdType="pubmed">23996030</ArticleId>
                </ArticleIdList>
            </Reference>
            <Reference>
                <Citation>Ophthalmology. 2014 Sep;121(9):1766-72</Citation>
                <ArticleIdList>
                    <ArticleId IdType="pubmed">24768241</ArticleId>
                </ArticleIdList>
            </Reference>
            <Reference>
                <Citation>Arch Ophthalmol. 2000 Mar;118(3):351-8</Citation>
                <ArticleIdList>
                    <ArticleId IdType="pubmed">10721957</ArticleId>
                </ArticleIdList>
            </Reference>
            <Reference>
                <Citation>Arch Ophthalmol. 2001 Oct;119(10):1455-62</Citation>
                <ArticleIdList>
                    <ArticleId IdType="pubmed">11594944</ArticleId>
                </ArticleIdList>
            </Reference>
            <Reference>
                <Citation>Eur Heart J. 2003 Jun;24(11):987-1003</Citation>
                <ArticleIdList>
                    <ArticleId IdType="pubmed">12788299</ArticleId>
                </ArticleIdList>
            </Reference>
            <Reference>
                <Citation>Arch Ophthalmol. 2003 Jun;121(6):785-92</Citation>
                <ArticleIdList>
                    <ArticleId IdType="pubmed">12796248</ArticleId>
                </ArticleIdList>
            </Reference>
            <Reference>
                <Citation>Ophthalmology. 2003 Jul;110(7):1292-6</Citation>
                <ArticleIdList>
                    <ArticleId IdType="pubmed">12867381</ArticleId>
                </ArticleIdList>
            </Reference>
            <Reference>
                <Citation>Arch Ophthalmol. 2004 May;122(5):716-26</Citation>
                <ArticleIdList>
                    <ArticleId IdType="pubmed">15136320</ArticleId>
                </ArticleIdList>
            </Reference>
            <Reference>
                <Citation>Ophthalmology. 1991 Jul;98(7):1128-34</Citation>
                <ArticleIdList>
                    <ArticleId IdType="pubmed">1843453</ArticleId>
                </ArticleIdList>
            </Reference>
            <Reference>
                <Citation>Arch Ophthalmol. 1992 Dec;110(12):1701-8</Citation>
                <ArticleIdList>
                    <ArticleId IdType="pubmed">1281403</ArticleId>
                </ArticleIdList>
            </Reference>
            <Reference>
                <Citation>Ophthalmology. 1993 Mar;100(3):406-14</Citation>
                <ArticleIdList>
                    <ArticleId IdType="pubmed">8460013</ArticleId>
                </ArticleIdList>
            </Reference>
            <Reference>
                <Citation>Arch Ophthalmol. 1995 Mar;113(3):333-9</Citation>
                <ArticleIdList>
                    <ArticleId IdType="pubmed">7887847</ArticleId>
                </ArticleIdList>
            </Reference>
            <Reference>
                <Citation>Am J Epidemiol. 1995 Aug 15;142(4):404-9</Citation>
                <ArticleIdList>
                    <ArticleId IdType="pubmed">7625405</ArticleId>
                </ArticleIdList>
            </Reference>
            <Reference>
                <Citation>JAMA. 1996 Oct 9;276(14):1141-6</Citation>
                <ArticleIdList>
                    <ArticleId IdType="pubmed">8827966</ArticleId>
                </ArticleIdList>
            </Reference>
            <Reference>
                <Citation>Arch Ophthalmol. 1998 May;116(5):583-7</Citation>
                <ArticleIdList>
                    <ArticleId IdType="pubmed">9596493</ArticleId>
                </ArticleIdList>
            </Reference>
            <Reference>
                <Citation>Arch Ophthalmol. 2004 Nov;122(11):1642-6</Citation>
                <ArticleIdList>
                    <ArticleId IdType="pubmed">15534124</ArticleId>
                </ArticleIdList>
            </Reference>
            <Reference>
                <Citation>Ophthalmology. 2005 Feb;112(2):305-12</Citation>
                <ArticleIdList>
                    <ArticleId IdType="pubmed">15691568</ArticleId>
                </ArticleIdList>
            </Reference>
            <Reference>
                <Citation>Arch Ophthalmol. 2005 Oct;123(10):1397-403</Citation>
                <ArticleIdList>
                    <ArticleId IdType="pubmed">16219731</ArticleId>
                </ArticleIdList>
            </Reference>
            <Reference>
                <Citation>Arch Ophthalmol. 2006 Feb;124(2):243-9</Citation>
                <ArticleIdList>
                    <ArticleId IdType="pubmed">16476894</ArticleId>
                </ArticleIdList>
            </Reference>
            <Reference>
                <Citation>Ophthalmology. 2006 Mar;113(3):373-80</Citation>
                <ArticleIdList>
                    <ArticleId IdType="pubmed">16513455</ArticleId>
                </ArticleIdList>
            </Reference>
            <Reference>
                <Citation>Ophthalmology. 2007 Jan;114(1):86-91</Citation>
                <ArticleIdList>
                    <ArticleId IdType="pubmed">17198851</ArticleId>
                </ArticleIdList>
            </Reference>
            <Reference>
                <Citation>Am J Epidemiol. 2007 May 1;165(9):1076-87</Citation>
                <ArticleIdList>
                    <ArticleId IdType="pubmed">17351290</ArticleId>
                </ArticleIdList>
            </Reference>
            <Reference>
                <Citation>Exp Gerontol. 2009 Apr;44(4):297-9</Citation>
                <ArticleIdList>
                    <ArticleId IdType="pubmed">19000922</ArticleId>
                </ArticleIdList>
            </Reference>
            <Reference>
                <Citation>Ophthalmology. 2009 Apr;116(4):732-8</Citation>
                <ArticleIdList>
                    <ArticleId IdType="pubmed">19195709</ArticleId>
                </ArticleIdList>
            </Reference>
            <Reference>
                <Citation>Br J Ophthalmol. 2008 Apr;92(4):509-12</Citation>
                <ArticleIdList>
                    <ArticleId IdType="pubmed">18310310</ArticleId>
                </ArticleIdList>
            </Reference>
        </ReferenceList>
    </PubmedData>
</PubmedArticle>

</PubmedArticleSet>