<?xml version="1.0" ?>
<!DOCTYPE PubmedArticleSet PUBLIC "-//NLM//DTD PubMedArticle, 1st January 2019//EN" "https://dtd.nlm.nih.gov/ncbi/pubmed/out/pubmed_190101.dtd">
<PubmedArticleSet>
<PubmedArticle>
    <MedlineCitation Status="MEDLINE" Owner="NLM">
        <PMID Version="1">25941039</PMID>
        <DateCompleted>
            <Year>2015</Year>
            <Month>08</Month>
            <Day>06</Day>
        </DateCompleted>
        <DateRevised>
            <Year>2018</Year>
            <Month>11</Month>
            <Day>13</Day>
        </DateRevised>
        <Article PubModel="Print-Electronic">
            <Journal>
                <ISSN IssnType="Electronic">1532-5415</ISSN>
                <JournalIssue CitedMedium="Internet">
                    <Volume>63</Volume>
                    <Issue>5</Issue>
                    <PubDate>
                        <Year>2015</Year>
                        <Month>May</Month>
                    </PubDate>
                </JournalIssue>
                <Title>Journal of the American Geriatrics Society</Title>
                <ISOAbbreviation>J Am Geriatr Soc</ISOAbbreviation>
            </Journal>
            <ArticleTitle>Age-related macular degeneration and mortality in older women: the study of osteoporotic fractures.</ArticleTitle>
            <Pagination>
                <MedlinePgn>910-7</MedlinePgn>
            </Pagination>
            <ELocationID EIdType="doi" ValidYN="Y">10.1111/jgs.13405</ELocationID>
            <Abstract>
                <AbstractText Label="OBJECTIVES" NlmCategory="OBJECTIVE">To examine the association between age-related macular degeneration (AMD) and all-cause and cause-specific mortality in a population of older women.</AbstractText>
                <AbstractText Label="DESIGN" NlmCategory="METHODS">Prospective cohort study.</AbstractText>
                <AbstractText Label="SETTING" NlmCategory="METHODS">Four U.S. clinical centers.</AbstractText>
                <AbstractText Label="PARTICIPANTS" NlmCategory="METHODS">A random sample of 1,202 women with graded fundus photographs at the Year 10 visit of the Study of Osteoporotic Fractures (mean age 79.5).</AbstractText>
                <AbstractText Label="MEASUREMENTS" NlmCategory="METHODS">Forty-five-degree stereoscopic fundus photographs were graded for presence and severity (early vs late) of AMD. Vital status was adjudicated from death certificates. Cox proportional hazards models, adjusted for appropriate confounders, were used to estimate mortality hazards ratios.</AbstractText>
                <AbstractText Label="RESULTS" NlmCategory="RESULTS">Prevalence of any AMD was 40.5% at baseline, with 441 (36.7%) having early AMD and 46 (3.8%) having late AMD. Cumulative mortality was 51.6% over 15 years of follow-up. Overall, there was no significant association between AMD presence or severity and all-cause or cause-specific mortality. Because there was a significant interaction between AMD and age in predicting mortality (P&lt;.05 for each mortality type), analyses were stratified according to age group. In women younger than 80, after adjusting for covariates, late AMD was associated with cardiovascular disease (CVD) mortality (hazard ratio (HR)=2.61, 95% confidence interval (CI)=1.05-6.46). In women aged 80 and older, early AMD was associated with all-cause (HR=1.39, 95% CI=1.11-1.75) and non-CVD, noncancer (HR=1.45, 95% CI=1.05-2.00) mortality. Any AMD was associated with all-cause (HR=1.42, 95% CI=1.13-1.78) and CVD (HR=1.45, 95% CI=1.01-2.09) mortality in women aged 80 and older.</AbstractText>
                <AbstractText Label="CONCLUSION" NlmCategory="CONCLUSIONS">AMD is a predictor of poorer survival in women, especially those aged 80 and older. Determination of shared risk factors may identify novel pathways for intervention that may reduce the risk of both conditions.</AbstractText>
                <CopyrightInformation>© 2015, Copyright the Authors Journal compilation © 2015, The American Geriatrics Society.</CopyrightInformation>
            </Abstract>
            <AuthorList CompleteYN="Y">
                <Author ValidYN="Y">
                    <LastName>Pedula</LastName>
                    <ForeName>Kathryn L</ForeName>
                    <Initials>KL</Initials>
                    <AffiliationInfo>
                        <Affiliation>Kaiser Permanente Center for Health Research, Northwest/Hawaii, Portland, Oregon.</Affiliation>
                    </AffiliationInfo>
                </Author>
                <Author ValidYN="Y">
                    <LastName>Coleman</LastName>
                    <ForeName>Anne L</ForeName>
                    <Initials>AL</Initials>
                    <AffiliationInfo>
                        <Affiliation>Department of Ophthalmology, Jules Stein Eye Institute, David Geffen School of Medicine, Los Angeles, California.</Affiliation>
                    </AffiliationInfo>
                    <AffiliationInfo>
                        <Affiliation>Department of Epidemiology, School of Public Health, University of California at Los Angeles, Los Angeles, California.</Affiliation>
                    </AffiliationInfo>
                </Author>
                <Author ValidYN="Y">
                    <LastName>Yu</LastName>
                    <ForeName>Fei</ForeName>
                    <Initials>F</Initials>
                    <AffiliationInfo>
                        <Affiliation>Department of Epidemiology, School of Public Health, University of California at Los Angeles, Los Angeles, California.</Affiliation>
                    </AffiliationInfo>
                    <AffiliationInfo>
                        <Affiliation>Department of Biostatistics, School of Public Health, University of California at Los Angeles, Los Angeles, California.</Affiliation>
                    </AffiliationInfo>
                </Author>
                <Author ValidYN="Y">
                    <LastName>Cauley</LastName>
                    <ForeName>Jane A</ForeName>
                    <Initials>JA</Initials>
                    <AffiliationInfo>
                        <Affiliation>Department of Epidemiology, Graduate School of Public Health, University of Pittsburgh, Pittsburgh, Pennsylvania.</Affiliation>
                    </AffiliationInfo>
                </Author>
                <Author ValidYN="Y">
                    <LastName>Ensrud</LastName>
                    <ForeName>Kristine E</ForeName>
                    <Initials>KE</Initials>
                    <AffiliationInfo>
                        <Affiliation>Veterans Affairs Medical Center, Minneapolis, Minnesota.</Affiliation>
                    </AffiliationInfo>
                    <AffiliationInfo>
                        <Affiliation>Department of Medicine, University of Minnesota, Minneapolis, Minnesota.</Affiliation>
                    </AffiliationInfo>
                    <AffiliationInfo>
                        <Affiliation>Department of Epidemiology, University of Minnesota, Minneapolis, Minnesota.</Affiliation>
                    </AffiliationInfo>
                </Author>
                <Author ValidYN="Y">
                    <LastName>Hochberg</LastName>
                    <ForeName>Marc C</ForeName>
                    <Initials>MC</Initials>
                    <AffiliationInfo>
                        <Affiliation>Division of Rheumatology, University of Maryland, Baltimore, Maryland.</Affiliation>
                    </AffiliationInfo>
                </Author>
                <Author ValidYN="Y">
                    <LastName>Fink</LastName>
                    <ForeName>Howard A</ForeName>
                    <Initials>HA</Initials>
                    <AffiliationInfo>
                        <Affiliation>Veterans Affairs Medical Center, Minneapolis, Minnesota.</Affiliation>
                    </AffiliationInfo>
                    <AffiliationInfo>
                        <Affiliation>Department of Medicine, University of Minnesota, Minneapolis, Minnesota.</Affiliation>
                    </AffiliationInfo>
                    <AffiliationInfo>
                        <Affiliation>Department of Epidemiology, University of Minnesota, Minneapolis, Minnesota.</Affiliation>
                    </AffiliationInfo>
                    <AffiliationInfo>
                        <Affiliation>Geriatric Research, Education, and Clinical Center, Veterans Affairs Medical Center, Minneapolis, Minnesota.</Affiliation>
                    </AffiliationInfo>
                </Author>
                <Author ValidYN="Y">
                    <LastName>Hillier</LastName>
                    <ForeName>Teresa A</ForeName>
                    <Initials>TA</Initials>
                    <AffiliationInfo>
                        <Affiliation>Kaiser Permanente Center for Health Research, Northwest/Hawaii, Portland, Oregon.</Affiliation>
                    </AffiliationInfo>
                </Author>
                <Author ValidYN="Y">
                    <CollectiveName>Study of Osteoporotic Fractures Research Group</CollectiveName>
                </Author>
            </AuthorList>
            <Language>eng</Language>
            <GrantList CompleteYN="Y">
                <Grant>
                    <GrantID>2 R01 AG005394-22A1</GrantID>
                    <Acronym>AG</Acronym>
                    <Agency>NIA NIH HHS</Agency>
                    <Country>United States</Country>
                </Grant>
                <Grant>
                    <GrantID>AG05407</GrantID>
                    <Acronym>AG</Acronym>
                    <Agency>NIA NIH HHS</Agency>
                    <Country>United States</Country>
                </Grant>
                <Grant>
                    <GrantID>R01 AR035583</GrantID>
                    <Acronym>AR</Acronym>
                    <Agency>NIAMS NIH HHS</Agency>
                    <Country>United States</Country>
                </Grant>
                <Grant>
                    <GrantID>AR35582</GrantID>
                    <Acronym>AR</Acronym>
                    <Agency>NIAMS NIH HHS</Agency>
                    <Country>United States</Country>
                </Grant>
                <Grant>
                    <GrantID>R01 AR035584</GrantID>
                    <Acronym>AR</Acronym>
                    <Agency>NIAMS NIH HHS</Agency>
                    <Country>United States</Country>
                </Grant>
                <Grant>
                    <GrantID>AG05394</GrantID>
                    <Acronym>AG</Acronym>
                    <Agency>NIA NIH HHS</Agency>
                    <Country>United States</Country>
                </Grant>
                <Grant>
                    <GrantID>R01 AG027576</GrantID>
                    <Acronym>AG</Acronym>
                    <Agency>NIA NIH HHS</Agency>
                    <Country>United States</Country>
                </Grant>
                <Grant>
                    <GrantID>2 R01 AG027574-22A1</GrantID>
                    <Acronym>AG</Acronym>
                    <Agency>NIA NIH HHS</Agency>
                    <Country>United States</Country>
                </Grant>
                <Grant>
                    <GrantID>U10 EY013626</GrantID>
                    <Acronym>EY</Acronym>
                    <Agency>NEI NIH HHS</Agency>
                    <Country>United States</Country>
                </Grant>
                <Grant>
                    <GrantID>R01 AG005407</GrantID>
                    <Acronym>AG</Acronym>
                    <Agency>NIA NIH HHS</Agency>
                    <Country>United States</Country>
                </Grant>
                <Grant>
                    <GrantID>R01 AG027576-22</GrantID>
                    <Acronym>AG</Acronym>
                    <Agency>NIA NIH HHS</Agency>
                    <Country>United States</Country>
                </Grant>
                <Grant>
                    <GrantID>AR35583</GrantID>
                    <Acronym>AR</Acronym>
                    <Agency>NIAMS NIH HHS</Agency>
                    <Country>United States</Country>
                </Grant>
                <Grant>
                    <GrantID>EY013626-03</GrantID>
                    <Acronym>EY</Acronym>
                    <Agency>NEI NIH HHS</Agency>
                    <Country>United States</Country>
                </Grant>
                <Grant>
                    <GrantID>R01 AR035582</GrantID>
                    <Acronym>AR</Acronym>
                    <Agency>NIAMS NIH HHS</Agency>
                    <Country>United States</Country>
                </Grant>
                <Grant>
                    <GrantID>R01 AG005394</GrantID>
                    <Acronym>AG</Acronym>
                    <Agency>NIA NIH HHS</Agency>
                    <Country>United States</Country>
                </Grant>
                <Grant>
                    <GrantID>AR35584</GrantID>
                    <Acronym>AR</Acronym>
                    <Agency>NIAMS NIH HHS</Agency>
                    <Country>United States</Country>
                </Grant>
                <Grant>
                    <GrantID>R01 AG027574</GrantID>
                    <Acronym>AG</Acronym>
                    <Agency>NIA NIH HHS</Agency>
                    <Country>United States</Country>
                </Grant>
            </GrantList>
            <PublicationTypeList>
                <PublicationType UI="D016428">Journal Article</PublicationType>
                <PublicationType UI="D052061">Research Support, N.I.H., Extramural</PublicationType>
            </PublicationTypeList>
            <ArticleDate DateType="Electronic">
                <Year>2015</Year>
                <Month>05</Month>
                <Day>04</Day>
            </ArticleDate>
        </Article>
        <MedlineJournalInfo>
            <Country>United States</Country>
            <MedlineTA>J Am Geriatr Soc</MedlineTA>
            <NlmUniqueID>7503062</NlmUniqueID>
            <ISSNLinking>0002-8614</ISSNLinking>
        </MedlineJournalInfo>
        <CitationSubset>IM</CitationSubset>
        <MeshHeadingList>
            <MeshHeading>
                <DescriptorName UI="D000368" MajorTopicYN="N">Aged</DescriptorName>
            </MeshHeading>
            <MeshHeading>
                <DescriptorName UI="D000369" MajorTopicYN="N">Aged, 80 and over</DescriptorName>
            </MeshHeading>
            <MeshHeading>
                <DescriptorName UI="D002318" MajorTopicYN="N">Cardiovascular Diseases</DescriptorName>
            </MeshHeading>
            <MeshHeading>
                <DescriptorName UI="D005260" MajorTopicYN="N">Female</DescriptorName>
            </MeshHeading>
            <MeshHeading>
                <DescriptorName UI="D006801" MajorTopicYN="N">Humans</DescriptorName>
            </MeshHeading>
            <MeshHeading>
                <DescriptorName UI="D008268" MajorTopicYN="N">Macular Degeneration</DescriptorName>
                <QualifierName UI="Q000150" MajorTopicYN="Y">complications</QualifierName>
                <QualifierName UI="Q000401" MajorTopicYN="Y">mortality</QualifierName>
            </MeshHeading>
            <MeshHeading>
                <DescriptorName UI="D058866" MajorTopicYN="N">Osteoporotic Fractures</DescriptorName>
                <QualifierName UI="Q000150" MajorTopicYN="Y">complications</QualifierName>
                <QualifierName UI="Q000401" MajorTopicYN="Y">mortality</QualifierName>
            </MeshHeading>
            <MeshHeading>
                <DescriptorName UI="D011446" MajorTopicYN="N">Prospective Studies</DescriptorName>
            </MeshHeading>
        </MeshHeadingList>
        <KeywordList Owner="NOTNLM">
            <Keyword MajorTopicYN="N">age-related macular degeneration</Keyword>
            <Keyword MajorTopicYN="N">mortality</Keyword>
            <Keyword MajorTopicYN="N">older women</Keyword>
        </KeywordList>
    </MedlineCitation>
    <PubmedData>
        <History>
            <PubMedPubDate PubStatus="entrez">
                <Year>2015</Year>
                <Month>5</Month>
                <Day>6</Day>
                <Hour>6</Hour>
                <Minute>0</Minute>
            </PubMedPubDate>
            <PubMedPubDate PubStatus="pubmed">
                <Year>2015</Year>
                <Month>5</Month>
                <Day>6</Day>
                <Hour>6</Hour>
                <Minute>0</Minute>
            </PubMedPubDate>
            <PubMedPubDate PubStatus="medline">
                <Year>2015</Year>
                <Month>8</Month>
                <Day>8</Day>
                <Hour>6</Hour>
                <Minute>0</Minute>
            </PubMedPubDate>
        </History>
        <PublicationStatus>ppublish</PublicationStatus>
        <ArticleIdList>
            <ArticleId IdType="pubmed">25941039</ArticleId>
            <ArticleId IdType="doi">10.1111/jgs.13405</ArticleId>
            <ArticleId IdType="pmc">PMC4439266</ArticleId>
            <ArticleId IdType="mid">NIHMS664210</ArticleId>
        </ArticleIdList>
        <ReferenceList>
            <Reference>
                <Citation>Arch Ophthalmol. 2006 Feb;124(2):243-9</Citation>
                <ArticleIdList>
                    <ArticleId IdType="pubmed">16476894</ArticleId>
                </ArticleIdList>
            </Reference>
            <Reference>
                <Citation>Ophthalmology. 2005 Feb;112(2):305-12</Citation>
                <ArticleIdList>
                    <ArticleId IdType="pubmed">15691568</ArticleId>
                </ArticleIdList>
            </Reference>
            <Reference>
                <Citation>J Am Geriatr Soc. 1989 Jun;37(6):495-500</Citation>
                <ArticleIdList>
                    <ArticleId IdType="pubmed">2715555</ArticleId>
                </ArticleIdList>
            </Reference>
            <Reference>
                <Citation>Am J Ophthalmol. 2010 Jan;149(1):160-9</Citation>
                <ArticleIdList>
                    <ArticleId IdType="pubmed">19796757</ArticleId>
                </ArticleIdList>
            </Reference>
            <Reference>
                <Citation>Ophthalmology. 2007 Jan;114(1):86-91</Citation>
                <ArticleIdList>
                    <ArticleId IdType="pubmed">17198851</ArticleId>
                </ArticleIdList>
            </Reference>
            <Reference>
                <Citation>Arch Ophthalmol. 2004 May;122(5):716-26</Citation>
                <ArticleIdList>
                    <ArticleId IdType="pubmed">15136320</ArticleId>
                </ArticleIdList>
            </Reference>
            <Reference>
                <Citation>JAMA. 1989 May 12;261(18):2663-8</Citation>
                <ArticleIdList>
                    <ArticleId IdType="pubmed">2709546</ArticleId>
                </ArticleIdList>
            </Reference>
            <Reference>
                <Citation>Arch Ophthalmol. 2007 Jul;125(7):917-24</Citation>
                <ArticleIdList>
                    <ArticleId IdType="pubmed">17620571</ArticleId>
                </ArticleIdList>
            </Reference>
            <Reference>
                <Citation>Ophthalmology. 2001 Dec;108(12):2347-57</Citation>
                <ArticleIdList>
                    <ArticleId IdType="pubmed">11733284</ArticleId>
                </ArticleIdList>
            </Reference>
            <Reference>
                <Citation>Ophthalmology. 1991 Jul;98(7):1128-34</Citation>
                <ArticleIdList>
                    <ArticleId IdType="pubmed">1843453</ArticleId>
                </ArticleIdList>
            </Reference>
            <Reference>
                <Citation>Int J Geriatr Psychiatry. 2007 Aug;22(8):757-63</Citation>
                <ArticleIdList>
                    <ArticleId IdType="pubmed">17133654</ArticleId>
                </ArticleIdList>
            </Reference>
            <Reference>
                <Citation>J Am Geriatr Soc. 2006 Dec;54(12):1871-7</Citation>
                <ArticleIdList>
                    <ArticleId IdType="pubmed">17198492</ArticleId>
                </ArticleIdList>
            </Reference>
            <Reference>
                <Citation>Am J Ophthalmol. 2010 Nov;150(5):683-91</Citation>
                <ArticleIdList>
                    <ArticleId IdType="pubmed">20691423</ArticleId>
                </ArticleIdList>
            </Reference>
            <Reference>
                <Citation>Ophthalmology. 2003 Jul;110(7):1292-6</Citation>
                <ArticleIdList>
                    <ArticleId IdType="pubmed">12867381</ArticleId>
                </ArticleIdList>
            </Reference>
            <Reference>
                <Citation>Arch Ophthalmol. 2011 Jan;129(1):75-80</Citation>
                <ArticleIdList>
                    <ArticleId IdType="pubmed">21220632</ArticleId>
                </ArticleIdList>
            </Reference>
            <Reference>
                <Citation>N Engl J Med. 2000 Feb 17;342(7):483-92</Citation>
                <ArticleIdList>
                    <ArticleId IdType="pubmed">10675430</ArticleId>
                </ArticleIdList>
            </Reference>
            <Reference>
                <Citation>Arch Gen Psychiatry. 2001 Sep;58(9):844-50</Citation>
                <ArticleIdList>
                    <ArticleId IdType="pubmed">11545667</ArticleId>
                </ArticleIdList>
            </Reference>
            <Reference>
                <Citation>Ophthalmology. 2001 Oct;108(10):1893-900; discussion 1900-1</Citation>
                <ArticleIdList>
                    <ArticleId IdType="pubmed">11581068</ArticleId>
                </ArticleIdList>
            </Reference>
            <Reference>
                <Citation>J Vis Impair Blind. 2008;102(10):591-599</Citation>
                <ArticleIdList>
                    <ArticleId IdType="pubmed">20011131</ArticleId>
                </ArticleIdList>
            </Reference>
            <Reference>
                <Citation>Am J Epidemiol. 1993 Jan 15;137(2):190-200</Citation>
                <ArticleIdList>
                    <ArticleId IdType="pubmed">8452123</ArticleId>
                </ArticleIdList>
            </Reference>
            <Reference>
                <Citation>Ophthalmology. 2004 Jul;111(7):1280-7</Citation>
                <ArticleIdList>
                    <ArticleId IdType="pubmed">15234127</ArticleId>
                </ArticleIdList>
            </Reference>
            <Reference>
                <Citation>Arch Ophthalmol. 2001 Jun;119(6):881-7</Citation>
                <ArticleIdList>
                    <ArticleId IdType="pubmed">11405840</ArticleId>
                </ArticleIdList>
            </Reference>
            <Reference>
                <Citation>Arch Ophthalmol. 1998 Apr;116(4):514-20</Citation>
                <ArticleIdList>
                    <ArticleId IdType="pubmed">9565052</ArticleId>
                </ArticleIdList>
            </Reference>
            <Reference>
                <Citation>Arch Ophthalmol. 2002 Aug;120(8):1041-4</Citation>
                <ArticleIdList>
                    <ArticleId IdType="pubmed">12149057</ArticleId>
                </ArticleIdList>
            </Reference>
            <Reference>
                <Citation>JAMA. 1993 May 12;269(18):2386-91</Citation>
                <ArticleIdList>
                    <ArticleId IdType="pubmed">8479064</ArticleId>
                </ArticleIdList>
            </Reference>
            <Reference>
                <Citation>Aging Clin Exp Res. 2008 Feb;20(1):25-30</Citation>
                <ArticleIdList>
                    <ArticleId IdType="pubmed">18283225</ArticleId>
                </ArticleIdList>
            </Reference>
            <Reference>
                <Citation>BMJ. 1999 Feb 13;318(7181):432-3</Citation>
                <ArticleIdList>
                    <ArticleId IdType="pubmed">9974456</ArticleId>
                </ArticleIdList>
            </Reference>
            <Reference>
                <Citation>Ophthalmology. 1992 Jun;99(6):933-43</Citation>
                <ArticleIdList>
                    <ArticleId IdType="pubmed">1630784</ArticleId>
                </ArticleIdList>
            </Reference>
            <Reference>
                <Citation>Arch Gen Psychiatry. 2001 Mar;58(3):221-7</Citation>
                <ArticleIdList>
                    <ArticleId IdType="pubmed">11231827</ArticleId>
                </ArticleIdList>
            </Reference>
            <Reference>
                <Citation>Arch Ophthalmol. 2002 Nov;120(11):1544-50</Citation>
                <ArticleIdList>
                    <ArticleId IdType="pubmed">12427070</ArticleId>
                </ArticleIdList>
            </Reference>
            <Reference>
                <Citation>Vital Health Stat 1. 1987 Jun;(21):1-115</Citation>
                <ArticleIdList>
                    <ArticleId IdType="pubmed">3672938</ArticleId>
                </ArticleIdList>
            </Reference>
            <Reference>
                <Citation>N Engl J Med. 1995 Mar 23;332(12):767-73</Citation>
                <ArticleIdList>
                    <ArticleId IdType="pubmed">7862179</ArticleId>
                </ArticleIdList>
            </Reference>
            <Reference>
                <Citation>Semin Ophthalmol. 2011 May;26(3):192-7</Citation>
                <ArticleIdList>
                    <ArticleId IdType="pubmed">21609232</ArticleId>
                </ArticleIdList>
            </Reference>
            <Reference>
                <Citation>J Am Geriatr Soc. 1998 Jan;46(1):58-64</Citation>
                <ArticleIdList>
                    <ArticleId IdType="pubmed">9434666</ArticleId>
                </ArticleIdList>
            </Reference>
            <Reference>
                <Citation>Ophthalmology. 2009 Apr;116(4):732-8</Citation>
                <ArticleIdList>
                    <ArticleId IdType="pubmed">19195709</ArticleId>
                </ArticleIdList>
            </Reference>
            <Reference>
                <Citation>Arch Ophthalmol. 2004 Apr;122(4):477-85</Citation>
                <ArticleIdList>
                    <ArticleId IdType="pubmed">15078664</ArticleId>
                </ArticleIdList>
            </Reference>
            <Reference>
                <Citation>Arch Ophthalmol. 2001 Aug;119(8):1186-90</Citation>
                <ArticleIdList>
                    <ArticleId IdType="pubmed">11483087</ArticleId>
                </ArticleIdList>
            </Reference>
            <Reference>
                <Citation>Arthritis Rheum. 1983 Nov;26(11):1346-53</Citation>
                <ArticleIdList>
                    <ArticleId IdType="pubmed">6639693</ArticleId>
                </ArticleIdList>
            </Reference>
            <Reference>
                <Citation>Ophthalmology. 2005 Apr;112(4):533-9</Citation>
                <ArticleIdList>
                    <ArticleId IdType="pubmed">15808240</ArticleId>
                </ArticleIdList>
            </Reference>
            <Reference>
                <Citation>Int J Inflam. 2013;2013:348092</Citation>
                <ArticleIdList>
                    <ArticleId IdType="pubmed">23762772</ArticleId>
                </ArticleIdList>
            </Reference>
            <Reference>
                <Citation>Arch Ophthalmol. 1998 Apr;116(4):506-13</Citation>
                <ArticleIdList>
                    <ArticleId IdType="pubmed">9565051</ArticleId>
                </ArticleIdList>
            </Reference>
        </ReferenceList>
    </PubmedData>
</PubmedArticle>

</PubmedArticleSet>