<?xml version="1.0" ?>
<!DOCTYPE PubmedArticleSet PUBLIC "-//NLM//DTD PubMedArticle, 1st January 2019//EN" "https://dtd.nlm.nih.gov/ncbi/pubmed/out/pubmed_190101.dtd">
<PubmedArticleSet>
<PubmedArticle>
    <MedlineCitation Status="MEDLINE" Owner="NLM">
        <PMID Version="1">15154948</PMID>
        <DateCompleted>
            <Year>2004</Year>
            <Month>08</Month>
            <Day>30</Day>
        </DateCompleted>
        <DateRevised>
            <Year>2004</Year>
            <Month>11</Month>
            <Day>17</Day>
        </DateRevised>
        <Article PubModel="Print">
            <Journal>
                <ISSN IssnType="Print">0742-3071</ISSN>
                <JournalIssue CitedMedium="Print">
                    <Volume>21</Volume>
                    <Issue>6</Issue>
                    <PubDate>
                        <Year>2004</Year>
                        <Month>Jun</Month>
                    </PubDate>
                </JournalIssue>
                <Title>Diabetic medicine : a journal of the British Diabetic Association</Title>
                <ISOAbbreviation>Diabet. Med.</ISOAbbreviation>
            </Journal>
            <ArticleTitle>Diabetes mellitus as a risk factor for primary open-angle glaucoma: a meta-analysis.</ArticleTitle>
            <Pagination>
                <MedlinePgn>609-14</MedlinePgn>
            </Pagination>
            <Abstract>
                <AbstractText Label="AIM" NlmCategory="OBJECTIVE">The association of diabetes mellitus with primary open-angle glaucoma has been controversial. The study aimed to examine the strength of this association through a detailed meta-analysis of studies published in peer-reviewed journals.</AbstractText>
                <AbstractText Label="METHODS" NlmCategory="METHODS">A comprehensive search for articles published through 2002 was performed and data were abstracted. Prior to meta-analysis, all studies were evaluated for publication bias and heterogeneity. Pooled odds ratio (OR) was calculated using the random and the fixed-effects model.</AbstractText>
                <AbstractText Label="RESULTS" NlmCategory="RESULTS">Twelve studies published between 1987 and 2001 were included (five case-control studies and seven cross-sectional studies). Significant heterogeneity among the studies was detected (P = 0.023). No evidence of publication bias was found (P = 0.37). The association of diabetes mellitus with primary open-angle glaucoma was statistically significant assuming either a random effects [OR = 1.50, 95% confidence interval (CI) 1.16, 1.93], or a fixed-effects model (OR = 1.27, 95% CI 1.10, 1.45).</AbstractText>
                <AbstractText Label="CONCLUSIONS" NlmCategory="CONCLUSIONS">Our meta-analysis results suggest that diabetic patients are at significantly increased risk of developing primary open-angle glaucoma. Clinicians should be aware of this possibility.</AbstractText>
            </Abstract>
            <AuthorList CompleteYN="Y">
                <Author ValidYN="Y">
                    <LastName>Bonovas</LastName>
                    <ForeName>S</ForeName>
                    <Initials>S</Initials>
                    <AffiliationInfo>
                        <Affiliation>Department of General Practice, General Hospital of Athens G. Gennimatas, Athens, Greece. sbonovas@med.uoa.gr</Affiliation>
                    </AffiliationInfo>
                </Author>
                <Author ValidYN="Y">
                    <LastName>Peponis</LastName>
                    <ForeName>V</ForeName>
                    <Initials>V</Initials>
                </Author>
                <Author ValidYN="Y">
                    <LastName>Filioussi</LastName>
                    <ForeName>K</ForeName>
                    <Initials>K</Initials>
                </Author>
            </AuthorList>
            <Language>eng</Language>
            <PublicationTypeList>
                <PublicationType UI="D016428">Journal Article</PublicationType>
                <PublicationType UI="D017418">Meta-Analysis</PublicationType>
            </PublicationTypeList>
        </Article>
        <MedlineJournalInfo>
            <Country>England</Country>
            <MedlineTA>Diabet Med</MedlineTA>
            <NlmUniqueID>8500858</NlmUniqueID>
            <ISSNLinking>0742-3071</ISSNLinking>
        </MedlineJournalInfo>
        <CitationSubset>IM</CitationSubset>
        <MeshHeadingList>
            <MeshHeading>
                <DescriptorName UI="D048909" MajorTopicYN="Y">Diabetes Complications</DescriptorName>
            </MeshHeading>
            <MeshHeading>
                <DescriptorName UI="D005902" MajorTopicYN="N">Glaucoma, Open-Angle</DescriptorName>
                <QualifierName UI="Q000209" MajorTopicYN="Y">etiology</QualifierName>
            </MeshHeading>
            <MeshHeading>
                <DescriptorName UI="D006801" MajorTopicYN="N">Humans</DescriptorName>
            </MeshHeading>
            <MeshHeading>
                <DescriptorName UI="D016017" MajorTopicYN="N">Odds Ratio</DescriptorName>
            </MeshHeading>
            <MeshHeading>
                <DescriptorName UI="D012107" MajorTopicYN="N">Research Design</DescriptorName>
            </MeshHeading>
            <MeshHeading>
                <DescriptorName UI="D012307" MajorTopicYN="N">Risk Factors</DescriptorName>
            </MeshHeading>
        </MeshHeadingList>
    </MedlineCitation>
    <PubmedData>
        <History>
            <PubMedPubDate PubStatus="pubmed">
                <Year>2004</Year>
                <Month>5</Month>
                <Day>25</Day>
                <Hour>5</Hour>
                <Minute>0</Minute>
            </PubMedPubDate>
            <PubMedPubDate PubStatus="medline">
                <Year>2004</Year>
                <Month>8</Month>
                <Day>31</Day>
                <Hour>5</Hour>
                <Minute>0</Minute>
            </PubMedPubDate>
            <PubMedPubDate PubStatus="entrez">
                <Year>2004</Year>
                <Month>5</Month>
                <Day>25</Day>
                <Hour>5</Hour>
                <Minute>0</Minute>
            </PubMedPubDate>
        </History>
        <PublicationStatus>ppublish</PublicationStatus>
        <ArticleIdList>
            <ArticleId IdType="pubmed">15154948</ArticleId>
            <ArticleId IdType="doi">10.1111/j.1464-5491.2004.01173.x</ArticleId>
            <ArticleId IdType="pii">DME1173</ArticleId>
        </ArticleIdList>
    </PubmedData>
</PubmedArticle>

</PubmedArticleSet>