<?xml version="1.0" ?>
<!DOCTYPE PubmedArticleSet PUBLIC "-//NLM//DTD PubMedArticle, 1st January 2019//EN" "https://dtd.nlm.nih.gov/ncbi/pubmed/out/pubmed_190101.dtd">
<PubmedArticleSet>
<PubmedArticle>
    <MedlineCitation Status="MEDLINE" Owner="NLM">
        <PMID Version="1">10665518</PMID>
        <DateCompleted>
            <Year>2000</Year>
            <Month>02</Month>
            <Day>18</Day>
        </DateCompleted>
        <DateRevised>
            <Year>2019</Year>
            <Month>09</Month>
            <Day>21</Day>
        </DateRevised>
        <Article PubModel="Print">
            <Journal>
                <ISSN IssnType="Print">0039-6257</ISSN>
                <JournalIssue CitedMedium="Print">
                    <Volume>44 Suppl 2</Volume>
                    <PubDate>
                        <Year>2000</Year>
                        <Month>Jan</Month>
                    </PubDate>
                </JournalIssue>
                <Title>Survey of ophthalmology</Title>
                <ISOAbbreviation>Surv Ophthalmol</ISOAbbreviation>
            </Journal>
            <ArticleTitle>The efficacy and safety of brinzolamide 1% ophthalmic suspension (Azopt) as a primary therapy in patients with open-angle glaucoma or ocular hypertension. Brinzolamide Primary Therapy Study Group.</ArticleTitle>
            <Pagination>
                <MedlinePgn>S155-62</MedlinePgn>
            </Pagination>
            <Abstract>
                <AbstractText>A randomized, multicenter, double-masked, prospective, parallel study was designed to establish the intraocular pressure (IOP)-lowering efficacy, safety, and tolerability of brinzolamide 1.0% (Azopt) as a primary therapy compared with dorzolamide 2.0% (Trusopt) and placebo in patients diagnosed with open-angle glaucoma (with or without a pseudoexfoliative or a pigmentary dispersion component) or ocular hypertension. Brinzolamide 1.0%, dosed two times (b.i.d.) and three times (t.i.d.) a day, dorzolamide 2.0% (t.i.d.), and placebo (t.i.d) were administered to patients during a 3-month treatment period. Diurnally corrected IOP reduction from baseline, including peak and trough times, was the primary end point. Sample sizes were chosen to establish statistical equivalence between treatments. Mean IOP changes observed on treatment were as follows: -3.4 mm Hg (-13.2%) to -4.1 mm Hg (-16.7%) with brinzolamide 1.0% b.i.d.; -4.1 mm Hg (-16.6%) to -4.8 mm Hg (-19.1%) with brinzolamide 1% t.i.d.; and -4.3 mm Hg (-16.9%) to -4.9 mm Hg (-20.1%) with dorzolamide 2.0%. IOP reductions after administration of brinzolamide 1.0% b.i.d. and t.i.d. were equivalent to each other and also clinically and statistically equivalent to those with dorzolamide 2.0% t.i.d. The incidence of ocular discomfort (burning and stinging) upon instillation was significantly higher for dorzolamide (10.7%) than brinzolamide (b.i.d. or t.i.d., 3.0% each). The most frequent non-ocular event reported was taste perversion, which was less (3.7%) with brinzolamide 1.0% b.i.d., but brinzolamide t.i.d. was similar to dorzolamide t.i.d. (6.8% vs. 5.3%). Brinzolamide 1.0% b.i.d., brinzolamide 1.0% t.i.d., and dorzolamide 2.0% t.i.d. equaled each other in IOP-lowering efficacy, and brinzolamide was significantly more comfortable than dorzolamide upon instillation.</AbstractText>
            </Abstract>
            <AuthorList CompleteYN="Y">
                <Author ValidYN="Y">
                    <LastName>Sall</LastName>
                    <ForeName>K</ForeName>
                    <Initials>K</Initials>
                    <AffiliationInfo>
                        <Affiliation>Bellflower, California 90706, USA.</Affiliation>
                    </AffiliationInfo>
                </Author>
            </AuthorList>
            <Language>eng</Language>
            <PublicationTypeList>
                <PublicationType UI="D016430">Clinical Trial</PublicationType>
                <PublicationType UI="D003160">Comparative Study</PublicationType>
                <PublicationType UI="D016428">Journal Article</PublicationType>
                <PublicationType UI="D016448">Multicenter Study</PublicationType>
                <PublicationType UI="D016449">Randomized Controlled Trial</PublicationType>
                <PublicationType UI="D013485">Research Support, Non-U.S. Gov't</PublicationType>
            </PublicationTypeList>
        </Article>
        <MedlineJournalInfo>
            <Country>United States</Country>
            <MedlineTA>Surv Ophthalmol</MedlineTA>
            <NlmUniqueID>0404551</NlmUniqueID>
            <ISSNLinking>0039-6257</ISSNLinking>
        </MedlineJournalInfo>
        <ChemicalList>
            <Chemical>
                <RegistryNumber>0</RegistryNumber>
                <NameOfSubstance UI="D002257">Carbonic Anhydrase Inhibitors</NameOfSubstance>
            </Chemical>
            <Chemical>
                <RegistryNumber>0</RegistryNumber>
                <NameOfSubstance UI="D013449">Sulfonamides</NameOfSubstance>
            </Chemical>
            <Chemical>
                <RegistryNumber>0</RegistryNumber>
                <NameOfSubstance UI="D013535">Suspensions</NameOfSubstance>
            </Chemical>
            <Chemical>
                <RegistryNumber>0</RegistryNumber>
                <NameOfSubstance UI="D013843">Thiazines</NameOfSubstance>
            </Chemical>
            <Chemical>
                <RegistryNumber>0</RegistryNumber>
                <NameOfSubstance UI="D013876">Thiophenes</NameOfSubstance>
            </Chemical>
            <Chemical>
                <RegistryNumber>9451Z89515</RegistryNumber>
                <NameOfSubstance UI="C111827">brinzolamide</NameOfSubstance>
            </Chemical>
            <Chemical>
                <RegistryNumber>9JDX055TW1</RegistryNumber>
                <NameOfSubstance UI="C062765">dorzolamide</NameOfSubstance>
            </Chemical>
        </ChemicalList>
        <CitationSubset>IM</CitationSubset>
        <MeshHeadingList>
            <MeshHeading>
                <DescriptorName UI="D000328" MajorTopicYN="N">Adult</DescriptorName>
            </MeshHeading>
            <MeshHeading>
                <DescriptorName UI="D000368" MajorTopicYN="N">Aged</DescriptorName>
            </MeshHeading>
            <MeshHeading>
                <DescriptorName UI="D002257" MajorTopicYN="N">Carbonic Anhydrase Inhibitors</DescriptorName>
                <QualifierName UI="Q000008" MajorTopicYN="N">administration &amp; dosage</QualifierName>
                <QualifierName UI="Q000009" MajorTopicYN="N">adverse effects</QualifierName>
                <QualifierName UI="Q000627" MajorTopicYN="Y">therapeutic use</QualifierName>
            </MeshHeading>
            <MeshHeading>
                <DescriptorName UI="D004311" MajorTopicYN="N">Double-Blind Method</DescriptorName>
            </MeshHeading>
            <MeshHeading>
                <DescriptorName UI="D004342" MajorTopicYN="N">Drug Hypersensitivity</DescriptorName>
                <QualifierName UI="Q000209" MajorTopicYN="N">etiology</QualifierName>
            </MeshHeading>
            <MeshHeading>
                <DescriptorName UI="D005260" MajorTopicYN="N">Female</DescriptorName>
            </MeshHeading>
            <MeshHeading>
                <DescriptorName UI="D005902" MajorTopicYN="N">Glaucoma, Open-Angle</DescriptorName>
                <QualifierName UI="Q000188" MajorTopicYN="Y">drug therapy</QualifierName>
                <QualifierName UI="Q000503" MajorTopicYN="N">physiopathology</QualifierName>
            </MeshHeading>
            <MeshHeading>
                <DescriptorName UI="D006801" MajorTopicYN="N">Humans</DescriptorName>
            </MeshHeading>
            <MeshHeading>
                <DescriptorName UI="D015994" MajorTopicYN="N">Incidence</DescriptorName>
            </MeshHeading>
            <MeshHeading>
                <DescriptorName UI="D007429" MajorTopicYN="N">Intraocular Pressure</DescriptorName>
                <QualifierName UI="Q000187" MajorTopicYN="N">drug effects</QualifierName>
            </MeshHeading>
            <MeshHeading>
                <DescriptorName UI="D008297" MajorTopicYN="N">Male</DescriptorName>
            </MeshHeading>
            <MeshHeading>
                <DescriptorName UI="D008875" MajorTopicYN="N">Middle Aged</DescriptorName>
            </MeshHeading>
            <MeshHeading>
                <DescriptorName UI="D009798" MajorTopicYN="N">Ocular Hypertension</DescriptorName>
                <QualifierName UI="Q000188" MajorTopicYN="Y">drug therapy</QualifierName>
                <QualifierName UI="Q000503" MajorTopicYN="N">physiopathology</QualifierName>
            </MeshHeading>
            <MeshHeading>
                <DescriptorName UI="D011446" MajorTopicYN="N">Prospective Studies</DescriptorName>
            </MeshHeading>
            <MeshHeading>
                <DescriptorName UI="D012449" MajorTopicYN="N">Safety</DescriptorName>
            </MeshHeading>
            <MeshHeading>
                <DescriptorName UI="D013449" MajorTopicYN="N">Sulfonamides</DescriptorName>
                <QualifierName UI="Q000008" MajorTopicYN="N">administration &amp; dosage</QualifierName>
                <QualifierName UI="Q000009" MajorTopicYN="N">adverse effects</QualifierName>
                <QualifierName UI="Q000627" MajorTopicYN="Y">therapeutic use</QualifierName>
            </MeshHeading>
            <MeshHeading>
                <DescriptorName UI="D013535" MajorTopicYN="N">Suspensions</DescriptorName>
            </MeshHeading>
            <MeshHeading>
                <DescriptorName UI="D013843" MajorTopicYN="N">Thiazines</DescriptorName>
                <QualifierName UI="Q000008" MajorTopicYN="N">administration &amp; dosage</QualifierName>
                <QualifierName UI="Q000009" MajorTopicYN="N">adverse effects</QualifierName>
                <QualifierName UI="Q000627" MajorTopicYN="Y">therapeutic use</QualifierName>
            </MeshHeading>
            <MeshHeading>
                <DescriptorName UI="D013876" MajorTopicYN="N">Thiophenes</DescriptorName>
                <QualifierName UI="Q000008" MajorTopicYN="N">administration &amp; dosage</QualifierName>
                <QualifierName UI="Q000627" MajorTopicYN="N">therapeutic use</QualifierName>
            </MeshHeading>
            <MeshHeading>
                <DescriptorName UI="D016896" MajorTopicYN="N">Treatment Outcome</DescriptorName>
            </MeshHeading>
        </MeshHeadingList>
    </MedlineCitation>
    <PubmedData>
        <History>
            <PubMedPubDate PubStatus="pubmed">
                <Year>2000</Year>
                <Month>2</Month>
                <Day>9</Day>
                <Hour>9</Hour>
                <Minute>0</Minute>
            </PubMedPubDate>
            <PubMedPubDate PubStatus="medline">
                <Year>2000</Year>
                <Month>2</Month>
                <Day>26</Day>
                <Hour>9</Hour>
                <Minute>0</Minute>
            </PubMedPubDate>
            <PubMedPubDate PubStatus="entrez">
                <Year>2000</Year>
                <Month>2</Month>
                <Day>9</Day>
                <Hour>9</Hour>
                <Minute>0</Minute>
            </PubMedPubDate>
        </History>
        <PublicationStatus>ppublish</PublicationStatus>
        <ArticleIdList>
            <ArticleId IdType="pubmed">10665518</ArticleId>
            <ArticleId IdType="pii">S0039625799001071</ArticleId>
            <ArticleId IdType="doi">10.1016/s0039-6257(99)00107-1</ArticleId>
        </ArticleIdList>
    </PubmedData>
</PubmedArticle>

</PubmedArticleSet>