<?xml version="1.0" ?>
<!DOCTYPE PubmedArticleSet PUBLIC "-//NLM//DTD PubMedArticle, 1st January 2019//EN" "https://dtd.nlm.nih.gov/ncbi/pubmed/out/pubmed_190101.dtd">
<PubmedArticleSet>
<PubmedArticle>
    <MedlineCitation Status="MEDLINE" Owner="NLM">
        <PMID Version="1">11382623</PMID>
        <DateCompleted>
            <Year>2001</Year>
            <Month>06</Month>
            <Day>21</Day>
        </DateCompleted>
        <DateRevised>
            <Year>2019</Year>
            <Month>07</Month>
            <Day>26</Day>
        </DateRevised>
        <Article PubModel="Print">
            <Journal>
                <ISSN IssnType="Print">0161-6420</ISSN>
                <JournalIssue CitedMedium="Print">
                    <Volume>108</Volume>
                    <Issue>6</Issue>
                    <PubDate>
                        <Year>2001</Year>
                        <Month>Jun</Month>
                    </PubDate>
                </JournalIssue>
                <Title>Ophthalmology</Title>
                <ISOAbbreviation>Ophthalmology</ISOAbbreviation>
            </Journal>
            <ArticleTitle>Comparison of once- or twice-daily bimatoprost with twice-daily timolol in patients with elevated IOP : a 3-month clinical trial.</ArticleTitle>
            <Pagination>
                <MedlinePgn>1023-31; discussion 1032</MedlinePgn>
            </Pagination>
            <Abstract>
                <AbstractText Label="OBJECTIVE" NlmCategory="OBJECTIVE">To compare the safety, tolerability, and efficacy of bimatoprost 0.03% instilled once daily or twice daily with timolol 0.5% twice daily.</AbstractText>
                <AbstractText Label="DESIGN" NlmCategory="METHODS">Multicenter, 3-month, randomized, double-masked, interventional comparison trial.</AbstractText>
                <AbstractText Label="PARTICIPANTS" NlmCategory="METHODS">Patients diagnosed with ocular hypertension or glaucoma (n = 596).</AbstractText>
                <AbstractText Label="INTERVENTION" NlmCategory="METHODS">Patients received bimatoprost 0.03% ophthalmic solution once daily (8 PM, with vehicle control at 8 AM), bimatoprost 0.03% twice daily (8 AM; 8 PM), or timolol 0.5% twice daily (8 AM; 8 PM) in an uneven 2:2:1 randomization. Scheduled visits were at prestudy, baseline (day 0), weeks 2 and 6, and month 3. Intraocular pressure (IOP) was measured at 8 AM (predose), 10 AM, and 4 PM.</AbstractText>
                <AbstractText Label="MAIN OUTCOME MEASURES" NlmCategory="METHODS">The primary outcome measure was reduction in IOP in the eye with higher IOP at baseline. Secondary outcome measures included safety variables (adverse events, ophthalmoscopy, biomicroscopy, iris pigmentation, laser-flare meter, visual acuity, visual fields, heart rate, blood pressure, blood chemistry, hematology, and urinalysis).</AbstractText>
                <AbstractText Label="RESULTS" NlmCategory="RESULTS">At month 3, the mean reduction in IOP from baseline at 8 AM was 9.16 mmHg (35.2%) with bimatoprost once daily, 7.78 mmHg (30.4%) with bimatoprost twice daily, and 6.74 mmHg (26.2%) with timolol twice daily. At all follow-up visits, mean IOP reductions were significantly greater in the bimatoprost once daily group than in the timolol group at each time point (8 AM, 10 AM, and 4 PM; P &lt; 0.001). Twice-daily dosing of bimatoprost also provided significantly greater mean reductions in IOP than timolol at most time points but was not as effective as once-daily dosing. Bimatoprost was associated with significantly more hyperemia and eyelash growth than timolol, whereas timolol was associated with significantly more burning and stinging sensation in eyes. Overall, bimatoprost was well tolerated with few discontinuations because of adverse events.</AbstractText>
                <AbstractText Label="CONCLUSIONS" NlmCategory="CONCLUSIONS">Bimatoprost 0.03% once daily was safe and statistically superior to timolol 0.5% twice daily in lowering IOP in patients with ocular hypertension or glaucoma. Bimatoprost given once daily consistently provided IOP reductions approximately 2 to 3 mmHg greater than those provided by timolol. Once-daily dosing of bimatoprost, 0.03%, demonstrated greater IOP-lowering effect and better ocular tolerability than twice-daily dosing.</AbstractText>
            </Abstract>
            <AuthorList CompleteYN="Y">
                <Author ValidYN="Y">
                    <LastName>Brandt</LastName>
                    <ForeName>J D</ForeName>
                    <Initials>JD</Initials>
                    <AffiliationInfo>
                        <Affiliation>Department of Ophthalmology, University of California at Davis, Sacramento, California 95817-2307, USA.</Affiliation>
                    </AffiliationInfo>
                </Author>
                <Author ValidYN="Y">
                    <LastName>VanDenburgh</LastName>
                    <ForeName>A M</ForeName>
                    <Initials>AM</Initials>
                </Author>
                <Author ValidYN="Y">
                    <LastName>Chen</LastName>
                    <ForeName>K</ForeName>
                    <Initials>K</Initials>
                </Author>
                <Author ValidYN="Y">
                    <LastName>Whitcup</LastName>
                    <ForeName>S M</ForeName>
                    <Initials>SM</Initials>
                </Author>
                <Author ValidYN="Y">
                    <CollectiveName>Bimatoprost Study Group</CollectiveName>
                </Author>
            </AuthorList>
            <Language>eng</Language>
            <PublicationTypeList>
                <PublicationType UI="D016430">Clinical Trial</PublicationType>
                <PublicationType UI="D003160">Comparative Study</PublicationType>
                <PublicationType UI="D016428">Journal Article</PublicationType>
                <PublicationType UI="D016448">Multicenter Study</PublicationType>
                <PublicationType UI="D016449">Randomized Controlled Trial</PublicationType>
                <PublicationType UI="D013485">Research Support, Non-U.S. Gov't</PublicationType>
            </PublicationTypeList>
        </Article>
        <MedlineJournalInfo>
            <Country>United States</Country>
            <MedlineTA>Ophthalmology</MedlineTA>
            <NlmUniqueID>7802443</NlmUniqueID>
            <ISSNLinking>0161-6420</ISSNLinking>
        </MedlineJournalInfo>
        <ChemicalList>
            <Chemical>
                <RegistryNumber>0</RegistryNumber>
                <NameOfSubstance UI="D000577">Amides</NameOfSubstance>
            </Chemical>
            <Chemical>
                <RegistryNumber>0</RegistryNumber>
                <NameOfSubstance UI="D000959">Antihypertensive Agents</NameOfSubstance>
            </Chemical>
            <Chemical>
                <RegistryNumber>0</RegistryNumber>
                <NameOfSubstance UI="D008055">Lipids</NameOfSubstance>
            </Chemical>
            <Chemical>
                <RegistryNumber>0</RegistryNumber>
                <NameOfSubstance UI="D009883">Ophthalmic Solutions</NameOfSubstance>
            </Chemical>
            <Chemical>
                <RegistryNumber>4208238832</RegistryNumber>
                <NameOfSubstance UI="D003008">Cloprostenol</NameOfSubstance>
            </Chemical>
            <Chemical>
                <RegistryNumber>817W3C6175</RegistryNumber>
                <NameOfSubstance UI="D013999">Timolol</NameOfSubstance>
            </Chemical>
            <Chemical>
                <RegistryNumber>QXS94885MZ</RegistryNumber>
                <NameOfSubstance UI="D000069580">Bimatoprost</NameOfSubstance>
            </Chemical>
        </ChemicalList>
        <CitationSubset>IM</CitationSubset>
        <CommentsCorrectionsList>
            <CommentsCorrections RefType="CommentIn">
                <RefSource>Ophthalmology. 2002 Apr;109(4):627-8; author reply 628-9</RefSource>
                <PMID Version="1">11927409</PMID>
            </CommentsCorrections>
        </CommentsCorrectionsList>
        <MeshHeadingList>
            <MeshHeading>
                <DescriptorName UI="D000328" MajorTopicYN="N">Adult</DescriptorName>
            </MeshHeading>
            <MeshHeading>
                <DescriptorName UI="D000577" MajorTopicYN="N">Amides</DescriptorName>
            </MeshHeading>
            <MeshHeading>
                <DescriptorName UI="D000959" MajorTopicYN="N">Antihypertensive Agents</DescriptorName>
                <QualifierName UI="Q000008" MajorTopicYN="Y">administration &amp; dosage</QualifierName>
            </MeshHeading>
            <MeshHeading>
                <DescriptorName UI="D000069580" MajorTopicYN="N">Bimatoprost</DescriptorName>
            </MeshHeading>
            <MeshHeading>
                <DescriptorName UI="D003008" MajorTopicYN="N">Cloprostenol</DescriptorName>
                <QualifierName UI="Q000031" MajorTopicYN="N">analogs &amp; derivatives</QualifierName>
            </MeshHeading>
            <MeshHeading>
                <DescriptorName UI="D004311" MajorTopicYN="N">Double-Blind Method</DescriptorName>
            </MeshHeading>
            <MeshHeading>
                <DescriptorName UI="D004334" MajorTopicYN="N">Drug Administration Schedule</DescriptorName>
            </MeshHeading>
            <MeshHeading>
                <DescriptorName UI="D005260" MajorTopicYN="N">Female</DescriptorName>
            </MeshHeading>
            <MeshHeading>
                <DescriptorName UI="D005901" MajorTopicYN="N">Glaucoma</DescriptorName>
                <QualifierName UI="Q000188" MajorTopicYN="N">drug therapy</QualifierName>
            </MeshHeading>
            <MeshHeading>
                <DescriptorName UI="D006439" MajorTopicYN="N">Hemodynamics</DescriptorName>
            </MeshHeading>
            <MeshHeading>
                <DescriptorName UI="D006801" MajorTopicYN="N">Humans</DescriptorName>
            </MeshHeading>
            <MeshHeading>
                <DescriptorName UI="D007429" MajorTopicYN="N">Intraocular Pressure</DescriptorName>
                <QualifierName UI="Q000187" MajorTopicYN="Y">drug effects</QualifierName>
            </MeshHeading>
            <MeshHeading>
                <DescriptorName UI="D008055" MajorTopicYN="N">Lipids</DescriptorName>
                <QualifierName UI="Q000008" MajorTopicYN="Y">administration &amp; dosage</QualifierName>
            </MeshHeading>
            <MeshHeading>
                <DescriptorName UI="D008297" MajorTopicYN="N">Male</DescriptorName>
            </MeshHeading>
            <MeshHeading>
                <DescriptorName UI="D008875" MajorTopicYN="N">Middle Aged</DescriptorName>
            </MeshHeading>
            <MeshHeading>
                <DescriptorName UI="D009798" MajorTopicYN="N">Ocular Hypertension</DescriptorName>
                <QualifierName UI="Q000188" MajorTopicYN="Y">drug therapy</QualifierName>
            </MeshHeading>
            <MeshHeading>
                <DescriptorName UI="D009883" MajorTopicYN="N">Ophthalmic Solutions</DescriptorName>
            </MeshHeading>
            <MeshHeading>
                <DescriptorName UI="D012449" MajorTopicYN="N">Safety</DescriptorName>
            </MeshHeading>
            <MeshHeading>
                <DescriptorName UI="D013999" MajorTopicYN="N">Timolol</DescriptorName>
                <QualifierName UI="Q000008" MajorTopicYN="Y">administration &amp; dosage</QualifierName>
            </MeshHeading>
            <MeshHeading>
                <DescriptorName UI="D016896" MajorTopicYN="N">Treatment Outcome</DescriptorName>
            </MeshHeading>
            <MeshHeading>
                <DescriptorName UI="D014792" MajorTopicYN="N">Visual Acuity</DescriptorName>
            </MeshHeading>
            <MeshHeading>
                <DescriptorName UI="D014794" MajorTopicYN="N">Visual Fields</DescriptorName>
            </MeshHeading>
        </MeshHeadingList>
    </MedlineCitation>
    <PubmedData>
        <History>
            <PubMedPubDate PubStatus="pubmed">
                <Year>2001</Year>
                <Month>5</Month>
                <Day>31</Day>
                <Hour>10</Hour>
                <Minute>0</Minute>
            </PubMedPubDate>
            <PubMedPubDate PubStatus="medline">
                <Year>2001</Year>
                <Month>6</Month>
                <Day>22</Day>
                <Hour>10</Hour>
                <Minute>1</Minute>
            </PubMedPubDate>
            <PubMedPubDate PubStatus="entrez">
                <Year>2001</Year>
                <Month>5</Month>
                <Day>31</Day>
                <Hour>10</Hour>
                <Minute>0</Minute>
            </PubMedPubDate>
        </History>
        <PublicationStatus>ppublish</PublicationStatus>
        <ArticleIdList>
            <ArticleId IdType="pubmed">11382623</ArticleId>
            <ArticleId IdType="pii">S0161-6420(01)00584-X</ArticleId>
            <ArticleId IdType="doi">10.1016/s0161-6420(01)00584-x</ArticleId>
        </ArticleIdList>
    </PubmedData>
</PubmedArticle>

</PubmedArticleSet>