<?xml version="1.0" ?>
<!DOCTYPE PubmedArticleSet PUBLIC "-//NLM//DTD PubMedArticle, 1st January 2019//EN" "https://dtd.nlm.nih.gov/ncbi/pubmed/out/pubmed_190101.dtd">
<PubmedArticleSet>
<PubmedArticle>
    <MedlineCitation Status="MEDLINE" Owner="NLM">
        <PMID Version="1">11571823</PMID>
        <DateCompleted>
            <Year>2001</Year>
            <Month>10</Month>
            <Day>18</Day>
        </DateCompleted>
        <DateRevised>
            <Year>2019</Year>
            <Month>11</Month>
            <Day>05</Day>
        </DateRevised>
        <Article PubModel="Print">
            <Journal>
                <ISSN IssnType="Print">0741-238X</ISSN>
                <JournalIssue CitedMedium="Print">
                    <Volume>18</Volume>
                    <Issue>3</Issue>
                    <PubDate>
                        <MedlineDate>2001 May-Jun</MedlineDate>
                    </PubDate>
                </JournalIssue>
                <Title>Advances in therapy</Title>
                <ISOAbbreviation>Adv Ther</ISOAbbreviation>
            </Journal>
            <ArticleTitle>Three-month comparison of bimatoprost and latanoprost in patients with glaucoma and ocular hypertension.</ArticleTitle>
            <Pagination>
                <MedlinePgn>110-21</MedlinePgn>
            </Pagination>
            <Abstract>
                <AbstractText>A multicenter, randomized, investigator-masked, parallel-group trial compared bimatoprost and latanoprost for efficacy and safety in patients with glaucoma or ocular hypertension. Patients received bimatoprost 0.03% (n = 119) or latanoprost 0.005% (n = 113) once daily in the evening for 3 months. Visits were at prestudy, baseline (day 0), week 1, and months 1, 2, and 3. Primary outcome measures were mean IOP and the percentage of patients achieving IOP of 17 mm Hg or lower at 8:00 AM. Secondary outcome measures were diurnal IOP measurements (8:00 AM, 12 noon, 4:00 PM, 8:00 PM) at month 3 and safety measures including adverse events. Mean IOP was lower with bimatoprost than with latanoprost at all time points during the 3-month follow-up, although the between-group difference was not always statistically significant. At month 3 at 12 noon, mean IOP was as much as 1.0 mm Hg lower with bimatoprost (P = .021). Target pressures of &lt; or = 17 mm Hg were reached more often with bimatoprost than with latanoprost at 8:00 AM (53% vs 43%; P = .029). Over all diurnal measurements at month 3, low target pressures of &lt; or = 13, &lt; or = 14, and &lt; or = 15 mm Hg were achieved significantly more often with bimatoprost (P &lt; or = .006). Both drugs were safe and well tolerated. Conjunctival hyperemia was more common with bimatoprost, while headache was more frequent with latanoprost. Bimatoprost provided lower mean pressures than latanoprost at every time point throughout the study and was statistically superior in achieving low target pressures. More patients reached low target pressures with bimatoprost.</AbstractText>
            </Abstract>
            <AuthorList CompleteYN="Y">
                <Author ValidYN="Y">
                    <LastName>Gandolfi</LastName>
                    <ForeName>S</ForeName>
                    <Initials>S</Initials>
                    <AffiliationInfo>
                        <Affiliation>University of Parma, Via Gramsci 14, Parma, 43100, Italy.</Affiliation>
                    </AffiliationInfo>
                </Author>
                <Author ValidYN="Y">
                    <LastName>Simmons</LastName>
                    <ForeName>S T</ForeName>
                    <Initials>ST</Initials>
                </Author>
                <Author ValidYN="Y">
                    <LastName>Sturm</LastName>
                    <ForeName>R</ForeName>
                    <Initials>R</Initials>
                </Author>
                <Author ValidYN="Y">
                    <LastName>Chen</LastName>
                    <ForeName>K</ForeName>
                    <Initials>K</Initials>
                </Author>
                <Author ValidYN="Y">
                    <LastName>VanDenburgh</LastName>
                    <ForeName>A M</ForeName>
                    <Initials>AM</Initials>
                </Author>
                <Author ValidYN="Y">
                    <CollectiveName>Bimatoprost Study Group 3</CollectiveName>
                </Author>
            </AuthorList>
            <Language>eng</Language>
            <PublicationTypeList>
                <PublicationType UI="D016430">Clinical Trial</PublicationType>
                <PublicationType UI="D003160">Comparative Study</PublicationType>
                <PublicationType UI="D016428">Journal Article</PublicationType>
                <PublicationType UI="D016448">Multicenter Study</PublicationType>
                <PublicationType UI="D016449">Randomized Controlled Trial</PublicationType>
            </PublicationTypeList>
        </Article>
        <MedlineJournalInfo>
            <Country>United States</Country>
            <MedlineTA>Adv Ther</MedlineTA>
            <NlmUniqueID>8611864</NlmUniqueID>
            <ISSNLinking>0741-238X</ISSNLinking>
        </MedlineJournalInfo>
        <ChemicalList>
            <Chemical>
                <RegistryNumber>0</RegistryNumber>
                <NameOfSubstance UI="D000577">Amides</NameOfSubstance>
            </Chemical>
            <Chemical>
                <RegistryNumber>0</RegistryNumber>
                <NameOfSubstance UI="D000959">Antihypertensive Agents</NameOfSubstance>
            </Chemical>
            <Chemical>
                <RegistryNumber>0</RegistryNumber>
                <NameOfSubstance UI="D008055">Lipids</NameOfSubstance>
            </Chemical>
            <Chemical>
                <RegistryNumber>0</RegistryNumber>
                <NameOfSubstance UI="D011461">Prostaglandins F, Synthetic</NameOfSubstance>
            </Chemical>
            <Chemical>
                <RegistryNumber>4208238832</RegistryNumber>
                <NameOfSubstance UI="D003008">Cloprostenol</NameOfSubstance>
            </Chemical>
            <Chemical>
                <RegistryNumber>6Z5B6HVF6O</RegistryNumber>
                <NameOfSubstance UI="D000077338">Latanoprost</NameOfSubstance>
            </Chemical>
            <Chemical>
                <RegistryNumber>QXS94885MZ</RegistryNumber>
                <NameOfSubstance UI="D000069580">Bimatoprost</NameOfSubstance>
            </Chemical>
        </ChemicalList>
        <CitationSubset>T</CitationSubset>
        <MeshHeadingList>
            <MeshHeading>
                <DescriptorName UI="D000577" MajorTopicYN="N">Amides</DescriptorName>
            </MeshHeading>
            <MeshHeading>
                <DescriptorName UI="D000959" MajorTopicYN="N">Antihypertensive Agents</DescriptorName>
                <QualifierName UI="Q000009" MajorTopicYN="N">adverse effects</QualifierName>
                <QualifierName UI="Q000627" MajorTopicYN="Y">therapeutic use</QualifierName>
            </MeshHeading>
            <MeshHeading>
                <DescriptorName UI="D000069580" MajorTopicYN="N">Bimatoprost</DescriptorName>
            </MeshHeading>
            <MeshHeading>
                <DescriptorName UI="D003008" MajorTopicYN="N">Cloprostenol</DescriptorName>
                <QualifierName UI="Q000031" MajorTopicYN="N">analogs &amp; derivatives</QualifierName>
            </MeshHeading>
            <MeshHeading>
                <DescriptorName UI="D004311" MajorTopicYN="N">Double-Blind Method</DescriptorName>
            </MeshHeading>
            <MeshHeading>
                <DescriptorName UI="D005260" MajorTopicYN="N">Female</DescriptorName>
            </MeshHeading>
            <MeshHeading>
                <DescriptorName UI="D005901" MajorTopicYN="N">Glaucoma</DescriptorName>
                <QualifierName UI="Q000188" MajorTopicYN="Y">drug therapy</QualifierName>
                <QualifierName UI="Q000503" MajorTopicYN="N">physiopathology</QualifierName>
            </MeshHeading>
            <MeshHeading>
                <DescriptorName UI="D006801" MajorTopicYN="N">Humans</DescriptorName>
            </MeshHeading>
            <MeshHeading>
                <DescriptorName UI="D007429" MajorTopicYN="N">Intraocular Pressure</DescriptorName>
                <QualifierName UI="Q000187" MajorTopicYN="N">drug effects</QualifierName>
            </MeshHeading>
            <MeshHeading>
                <DescriptorName UI="D000077338" MajorTopicYN="N">Latanoprost</DescriptorName>
            </MeshHeading>
            <MeshHeading>
                <DescriptorName UI="D008055" MajorTopicYN="N">Lipids</DescriptorName>
                <QualifierName UI="Q000009" MajorTopicYN="N">adverse effects</QualifierName>
                <QualifierName UI="Q000627" MajorTopicYN="Y">therapeutic use</QualifierName>
            </MeshHeading>
            <MeshHeading>
                <DescriptorName UI="D008297" MajorTopicYN="N">Male</DescriptorName>
            </MeshHeading>
            <MeshHeading>
                <DescriptorName UI="D008875" MajorTopicYN="N">Middle Aged</DescriptorName>
            </MeshHeading>
            <MeshHeading>
                <DescriptorName UI="D009798" MajorTopicYN="N">Ocular Hypertension</DescriptorName>
                <QualifierName UI="Q000188" MajorTopicYN="Y">drug therapy</QualifierName>
                <QualifierName UI="Q000503" MajorTopicYN="N">physiopathology</QualifierName>
            </MeshHeading>
            <MeshHeading>
                <DescriptorName UI="D011461" MajorTopicYN="N">Prostaglandins F, Synthetic</DescriptorName>
                <QualifierName UI="Q000009" MajorTopicYN="N">adverse effects</QualifierName>
                <QualifierName UI="Q000627" MajorTopicYN="Y">therapeutic use</QualifierName>
            </MeshHeading>
        </MeshHeadingList>
    </MedlineCitation>
    <PubmedData>
        <History>
            <PubMedPubDate PubStatus="pubmed">
                <Year>2001</Year>
                <Month>9</Month>
                <Day>27</Day>
                <Hour>10</Hour>
                <Minute>0</Minute>
            </PubMedPubDate>
            <PubMedPubDate PubStatus="medline">
                <Year>2001</Year>
                <Month>10</Month>
                <Day>19</Day>
                <Hour>10</Hour>
                <Minute>1</Minute>
            </PubMedPubDate>
            <PubMedPubDate PubStatus="entrez">
                <Year>2001</Year>
                <Month>9</Month>
                <Day>27</Day>
                <Hour>10</Hour>
                <Minute>0</Minute>
            </PubMedPubDate>
        </History>
        <PublicationStatus>ppublish</PublicationStatus>
        <ArticleIdList>
            <ArticleId IdType="pubmed">11571823</ArticleId>
            <ArticleId IdType="pii">230</ArticleId>
            <ArticleId IdType="doi">10.1007/BF02850299</ArticleId>
        </ArticleIdList>
    </PubmedData>
</PubmedArticle>

</PubmedArticleSet>