<?xml version="1.0" ?>
<!DOCTYPE PubmedArticleSet PUBLIC "-//NLM//DTD PubMedArticle, 1st January 2019//EN" "https://dtd.nlm.nih.gov/ncbi/pubmed/out/pubmed_190101.dtd">
<PubmedArticleSet>
<PubmedArticle>
    <MedlineCitation Status="MEDLINE" Owner="NLM">
        <PMID Version="1">11711841</PMID>
        <DateCompleted>
            <Year>2001</Year>
            <Month>12</Month>
            <Day>17</Day>
        </DateCompleted>
        <DateRevised>
            <Year>2019</Year>
            <Month>11</Month>
            <Day>05</Day>
        </DateRevised>
        <Article PubModel="Print">
            <Journal>
                <ISSN IssnType="Print">1057-0829</ISSN>
                <JournalIssue CitedMedium="Print">
                    <Volume>10</Volume>
                    <Issue>5</Issue>
                    <PubDate>
                        <Year>2001</Year>
                        <Month>Oct</Month>
                    </PubDate>
                </JournalIssue>
                <Title>Journal of glaucoma</Title>
                <ISOAbbreviation>J Glaucoma</ISOAbbreviation>
            </Journal>
            <ArticleTitle>Comparison of topical travoprost eye drops given once daily and timolol 0.5% given twice daily in patients with open-angle glaucoma or ocular hypertension.</ArticleTitle>
            <Pagination>
                <MedlinePgn>414-22</MedlinePgn>
            </Pagination>
            <Abstract>
                <AbstractText Label="PURPOSE" NlmCategory="OBJECTIVE">This 9-month study compared the intraocular pressure (IOP)-lowering efficacy and safety of once-daily travoprost ophthalmic solutions (0.0015% and 0.004%) with twice-daily timolol 0.5%.</AbstractText>
                <AbstractText Label="PATIENTS AND METHODS" NlmCategory="METHODS">This study was conducted using a double-masked, randomized, parallel-group design; adult patients with open-angle glaucoma or ocular hypertension (IOP between 24 and 36 mm Hg, inclusive at 9 am and between 21 and 36 mm Hg, inclusive, at 11 am and 4 pm on two eligibility visits after an appropriate washout of previous treatments). In both eyes, the travoprost vehicle (placebo) was instilled at 9 am and travoprost (0.0015% or 0.004%) was instilled at 9 pm, or timolol 0.5% was instilled at both times. The primary efficacy variable was mean IOP measured at 9 am, 11 am, and 4 pm at baseline and follow-up visits.</AbstractText>
                <AbstractText Label="RESULTS" NlmCategory="RESULTS">Five hundred seventy-three patients were randomized to the study treatments. Mean IOP, which was combined across study visits, was lower with travoprost 0.004% than with timolol 0.5% at 9 am (P = 0.0246), 11 am (P = 0.0039), and 4 pm (P = 0.0004). Intraocular pressure was lower with travoprost 0.004% than with travoprost 0.0015% at 11 am (P = 0.0314), the time of peak drug activity. Mean IOP was consistently lower with travoprost 0.0015% than with timolol 0.5%. Mean IOP reductions from baseline were significantly (P less than equal 0.0001) greater with travoprost 0.004% (8.0-8.9 mm Hg) than with timolol 0.5% (6.3-7.9 mm Hg). The most frequent related adverse events were hyperemia, pruritus, discomfort, pain, and iris pigmentation changes. The local tolerance was better in the timolol group compared with patients receiving travoprost. There were no serious unexpected treatment-related adverse events in any group.</AbstractText>
                <AbstractText Label="CONCLUSIONS" NlmCategory="CONCLUSIONS">Travoprost 0.004% reduced diurnal mean intraocular pressure significantly more than timolol 0.5%. Both concentrations of travoprost were well tolerated and safe for use in patients with open-angle glaucoma or ocular hypertension.</AbstractText>
            </Abstract>
            <AuthorList CompleteYN="Y">
                <Author ValidYN="Y">
                    <LastName>Goldberg</LastName>
                    <ForeName>I</ForeName>
                    <Initials>I</Initials>
                    <AffiliationInfo>
                        <Affiliation>Sydney Eye Hospital, Sydney, Australia.</Affiliation>
                    </AffiliationInfo>
                </Author>
                <Author ValidYN="Y">
                    <LastName>Cunha-Vaz</LastName>
                    <ForeName>J</ForeName>
                    <Initials>J</Initials>
                </Author>
                <Author ValidYN="Y">
                    <LastName>Jakobsen</LastName>
                    <ForeName>J E</ForeName>
                    <Initials>JE</Initials>
                </Author>
                <Author ValidYN="Y">
                    <LastName>Nordmann</LastName>
                    <ForeName>J P</ForeName>
                    <Initials>JP</Initials>
                </Author>
                <Author ValidYN="Y">
                    <LastName>Trost</LastName>
                    <ForeName>E</ForeName>
                    <Initials>E</Initials>
                </Author>
                <Author ValidYN="Y">
                    <LastName>Sullivan</LastName>
                    <ForeName>E K</ForeName>
                    <Initials>EK</Initials>
                </Author>
                <Author ValidYN="Y">
                    <CollectiveName>International Travoprost Study Group</CollectiveName>
                </Author>
            </AuthorList>
            <Language>eng</Language>
            <PublicationTypeList>
                <PublicationType UI="D016430">Clinical Trial</PublicationType>
                <PublicationType UI="D003160">Comparative Study</PublicationType>
                <PublicationType UI="D016428">Journal Article</PublicationType>
                <PublicationType UI="D016448">Multicenter Study</PublicationType>
                <PublicationType UI="D016449">Randomized Controlled Trial</PublicationType>
                <PublicationType UI="D013485">Research Support, Non-U.S. Gov't</PublicationType>
            </PublicationTypeList>
        </Article>
        <MedlineJournalInfo>
            <Country>United States</Country>
            <MedlineTA>J Glaucoma</MedlineTA>
            <NlmUniqueID>9300903</NlmUniqueID>
            <ISSNLinking>1057-0829</ISSNLinking>
        </MedlineJournalInfo>
        <ChemicalList>
            <Chemical>
                <RegistryNumber>0</RegistryNumber>
                <NameOfSubstance UI="D000959">Antihypertensive Agents</NameOfSubstance>
            </Chemical>
            <Chemical>
                <RegistryNumber>0</RegistryNumber>
                <NameOfSubstance UI="D009883">Ophthalmic Solutions</NameOfSubstance>
            </Chemical>
            <Chemical>
                <RegistryNumber>4208238832</RegistryNumber>
                <NameOfSubstance UI="D003008">Cloprostenol</NameOfSubstance>
            </Chemical>
            <Chemical>
                <RegistryNumber>817W3C6175</RegistryNumber>
                <NameOfSubstance UI="D013999">Timolol</NameOfSubstance>
            </Chemical>
            <Chemical>
                <RegistryNumber>WJ68R08KX9</RegistryNumber>
                <NameOfSubstance UI="D000069557">Travoprost</NameOfSubstance>
            </Chemical>
        </ChemicalList>
        <CitationSubset>IM</CitationSubset>
        <CommentsCorrectionsList>
            <CommentsCorrections RefType="CommentIn">
                <RefSource>J Glaucoma. 2002 Jun;11(3):275</RefSource>
                <PMID Version="1">12140407</PMID>
            </CommentsCorrections>
        </CommentsCorrectionsList>
        <MeshHeadingList>
            <MeshHeading>
                <DescriptorName UI="D000287" MajorTopicYN="N">Administration, Topical</DescriptorName>
            </MeshHeading>
            <MeshHeading>
                <DescriptorName UI="D000368" MajorTopicYN="N">Aged</DescriptorName>
            </MeshHeading>
            <MeshHeading>
                <DescriptorName UI="D000959" MajorTopicYN="N">Antihypertensive Agents</DescriptorName>
                <QualifierName UI="Q000008" MajorTopicYN="Y">administration &amp; dosage</QualifierName>
                <QualifierName UI="Q000009" MajorTopicYN="N">adverse effects</QualifierName>
            </MeshHeading>
            <MeshHeading>
                <DescriptorName UI="D003008" MajorTopicYN="N">Cloprostenol</DescriptorName>
                <QualifierName UI="Q000008" MajorTopicYN="Y">administration &amp; dosage</QualifierName>
                <QualifierName UI="Q000009" MajorTopicYN="N">adverse effects</QualifierName>
                <QualifierName UI="Q000031" MajorTopicYN="Y">analogs &amp; derivatives</QualifierName>
            </MeshHeading>
            <MeshHeading>
                <DescriptorName UI="D004311" MajorTopicYN="N">Double-Blind Method</DescriptorName>
            </MeshHeading>
            <MeshHeading>
                <DescriptorName UI="D005260" MajorTopicYN="N">Female</DescriptorName>
            </MeshHeading>
            <MeshHeading>
                <DescriptorName UI="D005902" MajorTopicYN="N">Glaucoma, Open-Angle</DescriptorName>
                <QualifierName UI="Q000188" MajorTopicYN="Y">drug therapy</QualifierName>
            </MeshHeading>
            <MeshHeading>
                <DescriptorName UI="D006801" MajorTopicYN="N">Humans</DescriptorName>
            </MeshHeading>
            <MeshHeading>
                <DescriptorName UI="D007429" MajorTopicYN="N">Intraocular Pressure</DescriptorName>
                <QualifierName UI="Q000187" MajorTopicYN="Y">drug effects</QualifierName>
            </MeshHeading>
            <MeshHeading>
                <DescriptorName UI="D008297" MajorTopicYN="N">Male</DescriptorName>
            </MeshHeading>
            <MeshHeading>
                <DescriptorName UI="D008875" MajorTopicYN="N">Middle Aged</DescriptorName>
            </MeshHeading>
            <MeshHeading>
                <DescriptorName UI="D009798" MajorTopicYN="N">Ocular Hypertension</DescriptorName>
                <QualifierName UI="Q000188" MajorTopicYN="N">drug therapy</QualifierName>
            </MeshHeading>
            <MeshHeading>
                <DescriptorName UI="D009883" MajorTopicYN="N">Ophthalmic Solutions</DescriptorName>
            </MeshHeading>
            <MeshHeading>
                <DescriptorName UI="D012449" MajorTopicYN="N">Safety</DescriptorName>
            </MeshHeading>
            <MeshHeading>
                <DescriptorName UI="D013999" MajorTopicYN="N">Timolol</DescriptorName>
                <QualifierName UI="Q000008" MajorTopicYN="Y">administration &amp; dosage</QualifierName>
                <QualifierName UI="Q000009" MajorTopicYN="N">adverse effects</QualifierName>
            </MeshHeading>
            <MeshHeading>
                <DescriptorName UI="D000069557" MajorTopicYN="N">Travoprost</DescriptorName>
            </MeshHeading>
            <MeshHeading>
                <DescriptorName UI="D016896" MajorTopicYN="N">Treatment Outcome</DescriptorName>
            </MeshHeading>
        </MeshHeadingList>
    </MedlineCitation>
    <PubmedData>
        <History>
            <PubMedPubDate PubStatus="pubmed">
                <Year>2001</Year>
                <Month>11</Month>
                <Day>17</Day>
                <Hour>10</Hour>
                <Minute>0</Minute>
            </PubMedPubDate>
            <PubMedPubDate PubStatus="medline">
                <Year>2002</Year>
                <Month>1</Month>
                <Day>5</Day>
                <Hour>10</Hour>
                <Minute>1</Minute>
            </PubMedPubDate>
            <PubMedPubDate PubStatus="entrez">
                <Year>2001</Year>
                <Month>11</Month>
                <Day>17</Day>
                <Hour>10</Hour>
                <Minute>0</Minute>
            </PubMedPubDate>
        </History>
        <PublicationStatus>ppublish</PublicationStatus>
        <ArticleIdList>
            <ArticleId IdType="pubmed">11711841</ArticleId>
            <ArticleId IdType="doi">10.1097/00061198-200110000-00010</ArticleId>
        </ArticleIdList>
    </PubmedData>
</PubmedArticle>

</PubmedArticleSet>