<?xml version="1.0" ?>
<!DOCTYPE PubmedArticleSet PUBLIC "-//NLM//DTD PubMedArticle, 1st January 2019//EN" "https://dtd.nlm.nih.gov/ncbi/pubmed/out/pubmed_190101.dtd">
<PubmedArticleSet>
<PubmedArticle>
    <MedlineCitation Status="MEDLINE" Owner="NLM">
        <PMID Version="1">11755834</PMID>
        <DateCompleted>
            <Year>2002</Year>
            <Month>01</Month>
            <Day>31</Day>
        </DateCompleted>
        <DateRevised>
            <Year>2019</Year>
            <Month>06</Month>
            <Day>27</Day>
        </DateRevised>
        <Article PubModel="Print">
            <Journal>
                <ISSN IssnType="Print">0002-9394</ISSN>
                <JournalIssue CitedMedium="Print">
                    <Volume>133</Volume>
                    <Issue>1</Issue>
                    <PubDate>
                        <Year>2002</Year>
                        <Month>Jan</Month>
                    </PubDate>
                </JournalIssue>
                <Title>American journal of ophthalmology</Title>
                <ISOAbbreviation>Am J Ophthalmol</ISOAbbreviation>
            </Journal>
            <ArticleTitle>A double-masked randomized comparison of the efficacy and safety of unoprostone with timolol and betaxolol in patients with primary open-angle glaucoma including pseudoexfoliation glaucoma or ocular hypertension. 6 month data.</ArticleTitle>
            <Pagination>
                <MedlinePgn>1-10</MedlinePgn>
            </Pagination>
            <Abstract>
                <AbstractText Label="PURPOSE" NlmCategory="OBJECTIVE">A long-term comparison of the ocular hypotensive efficacy and safety of unoprostone isopropyl 0.15% twice daily with that of timolol maleate 0.5% twice daily and betaxolol HCl 0.5% twice daily.</AbstractText>
                <AbstractText Label="DESIGN" NlmCategory="METHODS">This was a randomized, multicenter, double-masked, active-controlled 24-month clinical trial involving 27 centers in Europe and Israel.</AbstractText>
                <AbstractText Label="METHODS" NlmCategory="METHODS">The study population was composed of patients with primary open-angle glaucoma (including pseudoexfoliation) or ocular hypertension. After washout of antiglaucoma medications, intraocular pressure (IOP) was measured at 0, + 2, + 8, and + 12 hours. Patients were randomized in a 2:1:1 ratio to unoprostone, timolol, or betaxolol. Patients returned for examinations at 2 and 6 weeks and 3 and 6 months.</AbstractText>
                <AbstractText Label="RESULTS" NlmCategory="RESULTS">556 patients were randomized. Each drug produced a clinically and statistically (P &lt;.001) significant reduction from baseline in 12-hour diurnal IOP at month 6 (- 4.3 mm Hg, unoprostone; - 5.8 mm Hg, timolol; - 4.9 mm Hg, betaxolol). Differences in adjusted treatment means between unoprostone and timolol and unoprostone and betaxolol were 1.57 mm Hg (95% CI: 1.00, 2.13) and 0.53 mm Hg (95% CI: - 0.03, 1.09), respectively. Unoprostone was clinically equivalent to betaxolol but did not have as great an IOP-lowering effect as timolol. Discontinued for inadequate control of IOP were 7%, 1%, and 4% of the patients for unoprostone, timolol, and betaxolol, respectively. There were no changes of note in visual acuity, pupil size, cup-to-disk ratio, visual fields, or iris color. Changes in heart rate and blood pressure were small, with no clinically significant differences between groups.</AbstractText>
                <AbstractText Label="CONCLUSIONS" NlmCategory="CONCLUSIONS">Unoprostone provided a clinically significant IOP-lowering effect equivalent to betaxolol but not to timolol. The side effect profile of unoprostone appears to be comparable to other established IOP-lowering agents.</AbstractText>
            </Abstract>
            <AuthorList CompleteYN="Y">
                <Author ValidYN="Y">
                    <LastName>Nordmann</LastName>
                    <ForeName>Jean-Philippe</ForeName>
                    <Initials>JP</Initials>
                    <AffiliationInfo>
                        <Affiliation>Hôpital National d'Ophtalmologie des Quinze Vingts, Paris, France.</Affiliation>
                    </AffiliationInfo>
                </Author>
                <Author ValidYN="Y">
                    <LastName>Mertz</LastName>
                    <ForeName>Beat</ForeName>
                    <Initials>B</Initials>
                </Author>
                <Author ValidYN="Y">
                    <LastName>Yannoulis</LastName>
                    <ForeName>Natalia C</ForeName>
                    <Initials>NC</Initials>
                </Author>
                <Author ValidYN="Y">
                    <LastName>Schwenninger</LastName>
                    <ForeName>Christine</ForeName>
                    <Initials>C</Initials>
                </Author>
                <Author ValidYN="Y">
                    <LastName>Kapik</LastName>
                    <ForeName>Barry</ForeName>
                    <Initials>B</Initials>
                </Author>
                <Author ValidYN="Y">
                    <LastName>Shams</LastName>
                    <ForeName>Naveed</ForeName>
                    <Initials>N</Initials>
                </Author>
                <Author ValidYN="Y">
                    <CollectiveName>Unoprostone Monotherapy Study Group-EU</CollectiveName>
                </Author>
            </AuthorList>
            <Language>eng</Language>
            <PublicationTypeList>
                <PublicationType UI="D016430">Clinical Trial</PublicationType>
                <PublicationType UI="D003160">Comparative Study</PublicationType>
                <PublicationType UI="D016428">Journal Article</PublicationType>
                <PublicationType UI="D016448">Multicenter Study</PublicationType>
                <PublicationType UI="D016449">Randomized Controlled Trial</PublicationType>
                <PublicationType UI="D013485">Research Support, Non-U.S. Gov't</PublicationType>
            </PublicationTypeList>
        </Article>
        <MedlineJournalInfo>
            <Country>United States</Country>
            <MedlineTA>Am J Ophthalmol</MedlineTA>
            <NlmUniqueID>0370500</NlmUniqueID>
            <ISSNLinking>0002-9394</ISSNLinking>
        </MedlineJournalInfo>
        <ChemicalList>
            <Chemical>
                <RegistryNumber>0</RegistryNumber>
                <NameOfSubstance UI="D000319">Adrenergic beta-Antagonists</NameOfSubstance>
            </Chemical>
            <Chemical>
                <RegistryNumber>0</RegistryNumber>
                <NameOfSubstance UI="D000959">Antihypertensive Agents</NameOfSubstance>
            </Chemical>
            <Chemical>
                <RegistryNumber>0</RegistryNumber>
                <NameOfSubstance UI="D009883">Ophthalmic Solutions</NameOfSubstance>
            </Chemical>
            <Chemical>
                <RegistryNumber>5M161S5O5P</RegistryNumber>
                <NameOfSubstance UI="C072630">isopropyl unoprostone</NameOfSubstance>
            </Chemical>
            <Chemical>
                <RegistryNumber>817W3C6175</RegistryNumber>
                <NameOfSubstance UI="D013999">Timolol</NameOfSubstance>
            </Chemical>
            <Chemical>
                <RegistryNumber>B7IN85G1HY</RegistryNumber>
                <NameOfSubstance UI="D015237">Dinoprost</NameOfSubstance>
            </Chemical>
            <Chemical>
                <RegistryNumber>O0ZR1R6RZ2</RegistryNumber>
                <NameOfSubstance UI="D015784">Betaxolol</NameOfSubstance>
            </Chemical>
        </ChemicalList>
        <CitationSubset>AIM</CitationSubset>
        <CitationSubset>IM</CitationSubset>
        <MeshHeadingList>
            <MeshHeading>
                <DescriptorName UI="D000319" MajorTopicYN="N">Adrenergic beta-Antagonists</DescriptorName>
                <QualifierName UI="Q000008" MajorTopicYN="N">administration &amp; dosage</QualifierName>
                <QualifierName UI="Q000009" MajorTopicYN="N">adverse effects</QualifierName>
                <QualifierName UI="Q000627" MajorTopicYN="N">therapeutic use</QualifierName>
            </MeshHeading>
            <MeshHeading>
                <DescriptorName UI="D000959" MajorTopicYN="N">Antihypertensive Agents</DescriptorName>
                <QualifierName UI="Q000008" MajorTopicYN="N">administration &amp; dosage</QualifierName>
                <QualifierName UI="Q000009" MajorTopicYN="N">adverse effects</QualifierName>
                <QualifierName UI="Q000627" MajorTopicYN="Y">therapeutic use</QualifierName>
            </MeshHeading>
            <MeshHeading>
                <DescriptorName UI="D015784" MajorTopicYN="N">Betaxolol</DescriptorName>
                <QualifierName UI="Q000008" MajorTopicYN="N">administration &amp; dosage</QualifierName>
                <QualifierName UI="Q000009" MajorTopicYN="N">adverse effects</QualifierName>
                <QualifierName UI="Q000627" MajorTopicYN="Y">therapeutic use</QualifierName>
            </MeshHeading>
            <MeshHeading>
                <DescriptorName UI="D015237" MajorTopicYN="N">Dinoprost</DescriptorName>
                <QualifierName UI="Q000008" MajorTopicYN="N">administration &amp; dosage</QualifierName>
                <QualifierName UI="Q000009" MajorTopicYN="N">adverse effects</QualifierName>
                <QualifierName UI="Q000031" MajorTopicYN="Y">analogs &amp; derivatives</QualifierName>
                <QualifierName UI="Q000627" MajorTopicYN="Y">therapeutic use</QualifierName>
            </MeshHeading>
            <MeshHeading>
                <DescriptorName UI="D004311" MajorTopicYN="N">Double-Blind Method</DescriptorName>
            </MeshHeading>
            <MeshHeading>
                <DescriptorName UI="D017889" MajorTopicYN="N">Exfoliation Syndrome</DescriptorName>
                <QualifierName UI="Q000188" MajorTopicYN="Y">drug therapy</QualifierName>
            </MeshHeading>
            <MeshHeading>
                <DescriptorName UI="D005260" MajorTopicYN="N">Female</DescriptorName>
            </MeshHeading>
            <MeshHeading>
                <DescriptorName UI="D005902" MajorTopicYN="N">Glaucoma, Open-Angle</DescriptorName>
                <QualifierName UI="Q000188" MajorTopicYN="Y">drug therapy</QualifierName>
            </MeshHeading>
            <MeshHeading>
                <DescriptorName UI="D006439" MajorTopicYN="N">Hemodynamics</DescriptorName>
                <QualifierName UI="Q000187" MajorTopicYN="N">drug effects</QualifierName>
            </MeshHeading>
            <MeshHeading>
                <DescriptorName UI="D006801" MajorTopicYN="N">Humans</DescriptorName>
            </MeshHeading>
            <MeshHeading>
                <DescriptorName UI="D007429" MajorTopicYN="N">Intraocular Pressure</DescriptorName>
                <QualifierName UI="Q000187" MajorTopicYN="N">drug effects</QualifierName>
            </MeshHeading>
            <MeshHeading>
                <DescriptorName UI="D008297" MajorTopicYN="N">Male</DescriptorName>
            </MeshHeading>
            <MeshHeading>
                <DescriptorName UI="D008875" MajorTopicYN="N">Middle Aged</DescriptorName>
            </MeshHeading>
            <MeshHeading>
                <DescriptorName UI="D009798" MajorTopicYN="N">Ocular Hypertension</DescriptorName>
                <QualifierName UI="Q000188" MajorTopicYN="N">drug therapy</QualifierName>
            </MeshHeading>
            <MeshHeading>
                <DescriptorName UI="D009883" MajorTopicYN="N">Ophthalmic Solutions</DescriptorName>
            </MeshHeading>
            <MeshHeading>
                <DescriptorName UI="D011680" MajorTopicYN="N">Pupil</DescriptorName>
                <QualifierName UI="Q000187" MajorTopicYN="N">drug effects</QualifierName>
            </MeshHeading>
            <MeshHeading>
                <DescriptorName UI="D012449" MajorTopicYN="N">Safety</DescriptorName>
            </MeshHeading>
            <MeshHeading>
                <DescriptorName UI="D013999" MajorTopicYN="N">Timolol</DescriptorName>
                <QualifierName UI="Q000008" MajorTopicYN="N">administration &amp; dosage</QualifierName>
                <QualifierName UI="Q000009" MajorTopicYN="N">adverse effects</QualifierName>
                <QualifierName UI="Q000627" MajorTopicYN="Y">therapeutic use</QualifierName>
            </MeshHeading>
            <MeshHeading>
                <DescriptorName UI="D014792" MajorTopicYN="N">Visual Acuity</DescriptorName>
                <QualifierName UI="Q000187" MajorTopicYN="N">drug effects</QualifierName>
            </MeshHeading>
            <MeshHeading>
                <DescriptorName UI="D014794" MajorTopicYN="N">Visual Fields</DescriptorName>
                <QualifierName UI="Q000187" MajorTopicYN="N">drug effects</QualifierName>
            </MeshHeading>
        </MeshHeadingList>
    </MedlineCitation>
    <PubmedData>
        <History>
            <PubMedPubDate PubStatus="pubmed">
                <Year>2002</Year>
                <Month>1</Month>
                <Day>5</Day>
                <Hour>10</Hour>
                <Minute>0</Minute>
            </PubMedPubDate>
            <PubMedPubDate PubStatus="medline">
                <Year>2002</Year>
                <Month>2</Month>
                <Day>1</Day>
                <Hour>10</Hour>
                <Minute>1</Minute>
            </PubMedPubDate>
            <PubMedPubDate PubStatus="entrez">
                <Year>2002</Year>
                <Month>1</Month>
                <Day>5</Day>
                <Hour>10</Hour>
                <Minute>0</Minute>
            </PubMedPubDate>
        </History>
        <PublicationStatus>ppublish</PublicationStatus>
        <ArticleIdList>
            <ArticleId IdType="pubmed">11755834</ArticleId>
            <ArticleId IdType="pii">S000293940101337X</ArticleId>
            <ArticleId IdType="doi">10.1016/s0002-9394(01)01337-x</ArticleId>
        </ArticleIdList>
    </PubmedData>
</PubmedArticle>

</PubmedArticleSet>