<?xml version="1.0" ?>
<!DOCTYPE PubmedArticleSet PUBLIC "-//NLM//DTD PubMedArticle, 1st January 2019//EN" "https://dtd.nlm.nih.gov/ncbi/pubmed/out/pubmed_190101.dtd">
<PubmedArticleSet>
<PubmedArticle>
    <MedlineCitation Status="MEDLINE" Owner="NLM">
        <PMID Version="1">11813932</PMID>
        <DateCompleted>
            <Year>2002</Year>
            <Month>07</Month>
            <Day>12</Day>
        </DateCompleted>
        <DateRevised>
            <Year>2019</Year>
            <Month>09</Month>
            <Day>22</Day>
        </DateRevised>
        <Article PubModel="Print">
            <Journal>
                <ISSN IssnType="Print">0149-2918</ISSN>
                <JournalIssue CitedMedium="Print">
                    <Volume>23</Volume>
                    <Issue>12</Issue>
                    <PubDate>
                        <Year>2001</Year>
                        <Month>Dec</Month>
                    </PubDate>
                </JournalIssue>
                <Title>Clinical therapeutics</Title>
                <ISOAbbreviation>Clin Ther</ISOAbbreviation>
            </Journal>
            <ArticleTitle>A comparison of the efficacy and tolerability of brimonidine and latanoprost in adults with open-angle glaucoma or ocular hypertension: a three-month, multicenter, randomized, double-masked, parallel-group trial.</ArticleTitle>
            <Pagination>
                <MedlinePgn>1969-83</MedlinePgn>
            </Pagination>
            <Abstract>
                <AbstractText Label="BACKGROUND" NlmCategory="BACKGROUND">Many physicians recommend either brimonidine or latanoprost as firstline therapy for chronic open-angle glaucoma or ocular hypertension. However, a search of MEDLINE indicates that there have been few head-to-head comparisons of the 2 monotherapies in a clinical setting.</AbstractText>
                <AbstractText Label="OBJECTIVE" NlmCategory="OBJECTIVE">This study compared the clinical efficacy and tolerability of brimonidine 0.2% twice daily with those of latanoprost 0.005% once daily as monotherapy in patients with open-angle glaucoma or ocular hypertension.</AbstractText>
                <AbstractText Label="METHODS" NlmCategory="METHODS">In this 3-month, multicenter, double-masked, parallel-group, 4-visit study, treatment-naive and previously treated patients with open-angle glaucoma or ocular hypertension and bilateral intraocular pressure (IOP) after washout of between 22 and 34 mm Hg were randomized to receive either brimonidine or latanoprost. Patients who had received previous treatment with either study drug were excluded from the study. The primary outcome measure was response rate, defined as the percentage of patients achieving &gt; or = 20% reduction in IOP from baseline to month 3. Secondary outcome measures were mean IOP reduction from baseline to month 3 and clinical success, defined as the investigator's recommendation that the patient continue using the assigned study medication.</AbstractText>
                <AbstractText Label="RESULTS" NlmCategory="RESULTS">A total of 127 patients (55 treatment naive) were enrolled, 66 in the brimonidine group and 61 in the latanoprost group. After 3 months of treatment, 80% of patients in the brimonidine group and 74% of patients in the latanoprost group had achieved &gt; or = 20% reduction in IOP from baseline. The mean reduction in IOP from baseline at month 3 was 6.8 mm Hg with brimonidine and 6.5 mm Hg with latanoprost (27.8% vs 27.0%, respectively). Among treatment-naive patients, a significantly higher percentage of brimonidine-treated patients achieved &gt; or = 20% decrease in IOP compared with latanoprost-treated patients (88% vs 59%, respectively; P = 0.01). In previously treated patients, a higher percentage of the latanoprost group achieved &gt; or = 20% reduction in IOP compared with the brimonidine group (88% vs 74%, respectively); however, the difference was not statistically significant. Significantly more patients in the brimonidine group achieved clinical success at month 3 compared with patients in the latanoprost group (91% vs 74%; P = 0.01).</AbstractText>
                <AbstractText Label="CONCLUSIONS" NlmCategory="CONCLUSIONS">At peak effect, brimonidine twice daily was as effective as latanoprost once daily in lowering IOP. In treatment-naive patients, latanoprost was associated with a significantly higher rate of nonresponse after 3 months of treatment compared with brimonidine. This suggests that brimonidine may be the more reliable choice for first-line therapy of newly diagnosed open-angle glaucoma or ocular hypertension. In previously treated patients, however, latanoprost provided greater mean IOP reduction than did brimonidine. Significantly more patients achieved clinical success with brimonidine monotherapy than with latanoprost monotherapy.</AbstractText>
            </Abstract>
            <AuthorList CompleteYN="Y">
                <Author ValidYN="Y">
                    <LastName>DuBiner</LastName>
                    <ForeName>H B</ForeName>
                    <Initials>HB</Initials>
                    <AffiliationInfo>
                        <Affiliation>Clayton Eye Center, Morrow, Georgia 30260, USA.</Affiliation>
                    </AffiliationInfo>
                </Author>
                <Author ValidYN="Y">
                    <LastName>Mroz</LastName>
                    <ForeName>M</ForeName>
                    <Initials>M</Initials>
                </Author>
                <Author ValidYN="Y">
                    <LastName>Shapiro</LastName>
                    <ForeName>A M</ForeName>
                    <Initials>AM</Initials>
                </Author>
                <Author ValidYN="Y">
                    <LastName>Dirks</LastName>
                    <ForeName>M S</ForeName>
                    <Initials>MS</Initials>
                </Author>
                <Author ValidYN="Y">
                    <CollectiveName>Brimonidine vs. Latanoprost Study Group</CollectiveName>
                </Author>
            </AuthorList>
            <Language>eng</Language>
            <PublicationTypeList>
                <PublicationType UI="D016430">Clinical Trial</PublicationType>
                <PublicationType UI="D003160">Comparative Study</PublicationType>
                <PublicationType UI="D016428">Journal Article</PublicationType>
                <PublicationType UI="D016449">Randomized Controlled Trial</PublicationType>
                <PublicationType UI="D013485">Research Support, Non-U.S. Gov't</PublicationType>
            </PublicationTypeList>
        </Article>
        <MedlineJournalInfo>
            <Country>United States</Country>
            <MedlineTA>Clin Ther</MedlineTA>
            <NlmUniqueID>7706726</NlmUniqueID>
            <ISSNLinking>0149-2918</ISSNLinking>
        </MedlineJournalInfo>
        <ChemicalList>
            <Chemical>
                <RegistryNumber>0</RegistryNumber>
                <NameOfSubstance UI="D000316">Adrenergic alpha-Agonists</NameOfSubstance>
            </Chemical>
            <Chemical>
                <RegistryNumber>0</RegistryNumber>
                <NameOfSubstance UI="D000959">Antihypertensive Agents</NameOfSubstance>
            </Chemical>
            <Chemical>
                <RegistryNumber>0</RegistryNumber>
                <NameOfSubstance UI="D011461">Prostaglandins F, Synthetic</NameOfSubstance>
            </Chemical>
            <Chemical>
                <RegistryNumber>0</RegistryNumber>
                <NameOfSubstance UI="D011810">Quinoxalines</NameOfSubstance>
            </Chemical>
            <Chemical>
                <RegistryNumber>4S9CL2DY2H</RegistryNumber>
                <NameOfSubstance UI="D000068438">Brimonidine Tartrate</NameOfSubstance>
            </Chemical>
            <Chemical>
                <RegistryNumber>6Z5B6HVF6O</RegistryNumber>
                <NameOfSubstance UI="D000077338">Latanoprost</NameOfSubstance>
            </Chemical>
        </ChemicalList>
        <CitationSubset>IM</CitationSubset>
        <MeshHeadingList>
            <MeshHeading>
                <DescriptorName UI="D000316" MajorTopicYN="N">Adrenergic alpha-Agonists</DescriptorName>
                <QualifierName UI="Q000009" MajorTopicYN="N">adverse effects</QualifierName>
                <QualifierName UI="Q000627" MajorTopicYN="Y">therapeutic use</QualifierName>
            </MeshHeading>
            <MeshHeading>
                <DescriptorName UI="D000368" MajorTopicYN="N">Aged</DescriptorName>
            </MeshHeading>
            <MeshHeading>
                <DescriptorName UI="D000959" MajorTopicYN="N">Antihypertensive Agents</DescriptorName>
                <QualifierName UI="Q000009" MajorTopicYN="N">adverse effects</QualifierName>
                <QualifierName UI="Q000627" MajorTopicYN="Y">therapeutic use</QualifierName>
            </MeshHeading>
            <MeshHeading>
                <DescriptorName UI="D000068438" MajorTopicYN="N">Brimonidine Tartrate</DescriptorName>
            </MeshHeading>
            <MeshHeading>
                <DescriptorName UI="D005260" MajorTopicYN="N">Female</DescriptorName>
            </MeshHeading>
            <MeshHeading>
                <DescriptorName UI="D005902" MajorTopicYN="N">Glaucoma, Open-Angle</DescriptorName>
                <QualifierName UI="Q000188" MajorTopicYN="Y">drug therapy</QualifierName>
            </MeshHeading>
            <MeshHeading>
                <DescriptorName UI="D006801" MajorTopicYN="N">Humans</DescriptorName>
            </MeshHeading>
            <MeshHeading>
                <DescriptorName UI="D007429" MajorTopicYN="N">Intraocular Pressure</DescriptorName>
                <QualifierName UI="Q000187" MajorTopicYN="N">drug effects</QualifierName>
            </MeshHeading>
            <MeshHeading>
                <DescriptorName UI="D000077338" MajorTopicYN="N">Latanoprost</DescriptorName>
            </MeshHeading>
            <MeshHeading>
                <DescriptorName UI="D008297" MajorTopicYN="N">Male</DescriptorName>
            </MeshHeading>
            <MeshHeading>
                <DescriptorName UI="D008875" MajorTopicYN="N">Middle Aged</DescriptorName>
            </MeshHeading>
            <MeshHeading>
                <DescriptorName UI="D009798" MajorTopicYN="N">Ocular Hypertension</DescriptorName>
                <QualifierName UI="Q000188" MajorTopicYN="Y">drug therapy</QualifierName>
            </MeshHeading>
            <MeshHeading>
                <DescriptorName UI="D017060" MajorTopicYN="N">Patient Satisfaction</DescriptorName>
            </MeshHeading>
            <MeshHeading>
                <DescriptorName UI="D011461" MajorTopicYN="N">Prostaglandins F, Synthetic</DescriptorName>
                <QualifierName UI="Q000009" MajorTopicYN="N">adverse effects</QualifierName>
                <QualifierName UI="Q000627" MajorTopicYN="Y">therapeutic use</QualifierName>
            </MeshHeading>
            <MeshHeading>
                <DescriptorName UI="D011810" MajorTopicYN="N">Quinoxalines</DescriptorName>
                <QualifierName UI="Q000009" MajorTopicYN="N">adverse effects</QualifierName>
                <QualifierName UI="Q000627" MajorTopicYN="Y">therapeutic use</QualifierName>
            </MeshHeading>
            <MeshHeading>
                <DescriptorName UI="D016896" MajorTopicYN="N">Treatment Outcome</DescriptorName>
            </MeshHeading>
        </MeshHeadingList>
    </MedlineCitation>
    <PubmedData>
        <History>
            <PubMedPubDate PubStatus="pubmed">
                <Year>2002</Year>
                <Month>1</Month>
                <Day>30</Day>
                <Hour>10</Hour>
                <Minute>0</Minute>
            </PubMedPubDate>
            <PubMedPubDate PubStatus="medline">
                <Year>2002</Year>
                <Month>7</Month>
                <Day>13</Day>
                <Hour>10</Hour>
                <Minute>1</Minute>
            </PubMedPubDate>
            <PubMedPubDate PubStatus="entrez">
                <Year>2002</Year>
                <Month>1</Month>
                <Day>30</Day>
                <Hour>10</Hour>
                <Minute>0</Minute>
            </PubMedPubDate>
        </History>
        <PublicationStatus>ppublish</PublicationStatus>
        <ArticleIdList>
            <ArticleId IdType="pubmed">11813932</ArticleId>
            <ArticleId IdType="pii">S0149-2918(01)80150-8</ArticleId>
            <ArticleId IdType="doi">10.1016/s0149-2918(01)80150-8</ArticleId>
        </ArticleIdList>
    </PubmedData>
</PubmedArticle>

</PubmedArticleSet>