<?xml version="1.0" ?>
<!DOCTYPE PubmedArticleSet PUBLIC "-//NLM//DTD PubMedArticle, 1st January 2019//EN" "https://dtd.nlm.nih.gov/ncbi/pubmed/out/pubmed_190101.dtd">
<PubmedArticleSet>
<PubmedArticle>
    <MedlineCitation Status="MEDLINE" Owner="NLM">
        <PMID Version="1">11986110</PMID>
        <DateCompleted>
            <Year>2002</Year>
            <Month>05</Month>
            <Day>16</Day>
        </DateCompleted>
        <DateRevised>
            <Year>2019</Year>
            <Month>12</Month>
            <Day>10</Day>
        </DateRevised>
        <Article PubModel="Print">
            <Journal>
                <ISSN IssnType="Print">0161-6420</ISSN>
                <JournalIssue CitedMedium="Print">
                    <Volume>109</Volume>
                    <Issue>5</Issue>
                    <PubDate>
                        <Year>2002</Year>
                        <Month>May</Month>
                    </PubDate>
                </JournalIssue>
                <Title>Ophthalmology</Title>
                <ISOAbbreviation>Ophthalmology</ISOAbbreviation>
            </Journal>
            <ArticleTitle>Comparison of travoprost 0.0015% and 0.004% with timolol 0.5% in patients with elevated intraocular pressure: a 6-month, masked, multicenter trial.</ArticleTitle>
            <Pagination>
                <MedlinePgn>998-1008</MedlinePgn>
            </Pagination>
            <Abstract>
                <AbstractText Label="OBJECTIVE" NlmCategory="OBJECTIVE">To compare the safety and intraocular pressure (IOP)-lowering efficacy of once-daily travoprost (0.0015% and 0.004%) to twice-daily timolol 0.5%.</AbstractText>
                <AbstractText Label="DESIGN" NlmCategory="METHODS">Prospective, 6-month, randomized, controlled, multicenter, double-masked, phase III study.</AbstractText>
                <AbstractText Label="PARTICIPANTS" NlmCategory="METHODS">Six hundred five patients with open-angle glaucoma or ocular hypertension.</AbstractText>
                <AbstractText Label="METHODS" NlmCategory="METHODS">Patients with an 8 AM IOP between 24 to 36 mmHg in at least one eye (the same eye) at two eligibility visits received either travoprost 0.0015%, travoprost 0.004% (dosed every day), or timolol 0.5% (dosed twice daily).</AbstractText>
                <AbstractText Label="MAIN OUTCOME MEASURES" NlmCategory="METHODS">Mean IOP at 8 AM, 10 AM, and 4 PM in the patient's eye with the higher baseline IOP.</AbstractText>
                <AbstractText Label="RESULTS" NlmCategory="RESULTS">The mean IOP was significantly lower for both concentrations of travoprost compared with timolol. Travoprost was statistically superior to timolol at 9 of 13 visits, with differences in IOP reductions ranging from 0.9 to 1.8 mmHg (0.0015%) and 10 of 13 visits with differences in IOP reductions from 0.9 to 2.4 mmHg (0.004%). Mean IOP changes from baseline ranged from -6.0 to -7.5 mmHg (0.0015%), -6.5 to -8.0 mmHg (0.004%), and -5.2 to -7.0 mmHg for timolol. Hyperemia was experienced at rates of 29.2% (59 of 202) for travoprost 0.0015%, 42.8% (86 of 201) for travoprost 0.004%, and 8.9% (18 of 202) for timolol. Iris pigmentation changes were observed in 1.0% (2 of 200) of patients receiving travoprost 0.004% with no changes noted in the travoprost 0.0015% group or the timolol group. A decrease in pulse and systolic blood pressure was observed in the timolol group. There were no other clinically relevant or statistically significant changes from baseline in ocular signs or laboratory values, and no serious, related, unexpected adverse events were reported for any group.</AbstractText>
                <AbstractText Label="CONCLUSIONS" NlmCategory="CONCLUSIONS">Travoprost (0.0015% and 0.004%), dosed once daily in the evening, is statistically superior or equal to timolol 0.5% dosed twice daily at all treatment visits during this 6-month study. IOP reductions of up to 2.0 mmHg greater than timolol were found in the travoprost 0.004% pooled data group. Travoprost is safe and well tolerated in patients with open-angle glaucoma or ocular hypertension.</AbstractText>
            </Abstract>
            <AuthorList CompleteYN="Y">
                <Author ValidYN="Y">
                    <LastName>Fellman</LastName>
                    <ForeName>Ronald L</ForeName>
                    <Initials>RL</Initials>
                    <AffiliationInfo>
                        <Affiliation>Glaucoma Associates of Texas, Dallas, Texas, USA.</Affiliation>
                    </AffiliationInfo>
                </Author>
                <Author ValidYN="Y">
                    <LastName>Sullivan</LastName>
                    <ForeName>E Kenneth</ForeName>
                    <Initials>EK</Initials>
                </Author>
                <Author ValidYN="Y">
                    <LastName>Ratliff</LastName>
                    <ForeName>Marla</ForeName>
                    <Initials>M</Initials>
                </Author>
                <Author ValidYN="Y">
                    <LastName>Silver</LastName>
                    <ForeName>Lewis H</ForeName>
                    <Initials>LH</Initials>
                </Author>
                <Author ValidYN="Y">
                    <LastName>Whitson</LastName>
                    <ForeName>Jess T</ForeName>
                    <Initials>JT</Initials>
                </Author>
                <Author ValidYN="Y">
                    <LastName>Turner</LastName>
                    <ForeName>F Darell</ForeName>
                    <Initials>FD</Initials>
                </Author>
                <Author ValidYN="Y">
                    <LastName>Weiner</LastName>
                    <ForeName>Alan L</ForeName>
                    <Initials>AL</Initials>
                </Author>
                <Author ValidYN="Y">
                    <LastName>Davis</LastName>
                    <ForeName>Alberta A</ForeName>
                    <Initials>AA</Initials>
                </Author>
                <Author ValidYN="Y">
                    <CollectiveName>Travoprost Study Group</CollectiveName>
                </Author>
            </AuthorList>
            <Language>eng</Language>
            <PublicationTypeList>
                <PublicationType UI="D016430">Clinical Trial</PublicationType>
                <PublicationType UI="D017428">Clinical Trial, Phase III</PublicationType>
                <PublicationType UI="D003160">Comparative Study</PublicationType>
                <PublicationType UI="D023362">Evaluation Study</PublicationType>
                <PublicationType UI="D016428">Journal Article</PublicationType>
                <PublicationType UI="D016448">Multicenter Study</PublicationType>
                <PublicationType UI="D016449">Randomized Controlled Trial</PublicationType>
                <PublicationType UI="D013485">Research Support, Non-U.S. Gov't</PublicationType>
            </PublicationTypeList>
        </Article>
        <MedlineJournalInfo>
            <Country>United States</Country>
            <MedlineTA>Ophthalmology</MedlineTA>
            <NlmUniqueID>7802443</NlmUniqueID>
            <ISSNLinking>0161-6420</ISSNLinking>
        </MedlineJournalInfo>
        <ChemicalList>
            <Chemical>
                <RegistryNumber>0</RegistryNumber>
                <NameOfSubstance UI="D000959">Antihypertensive Agents</NameOfSubstance>
            </Chemical>
            <Chemical>
                <RegistryNumber>0</RegistryNumber>
                <NameOfSubstance UI="D009883">Ophthalmic Solutions</NameOfSubstance>
            </Chemical>
            <Chemical>
                <RegistryNumber>4208238832</RegistryNumber>
                <NameOfSubstance UI="D003008">Cloprostenol</NameOfSubstance>
            </Chemical>
            <Chemical>
                <RegistryNumber>817W3C6175</RegistryNumber>
                <NameOfSubstance UI="D013999">Timolol</NameOfSubstance>
            </Chemical>
            <Chemical>
                <RegistryNumber>WJ68R08KX9</RegistryNumber>
                <NameOfSubstance UI="D000069557">Travoprost</NameOfSubstance>
            </Chemical>
        </ChemicalList>
        <CitationSubset>IM</CitationSubset>
        <MeshHeadingList>
            <MeshHeading>
                <DescriptorName UI="D000368" MajorTopicYN="N">Aged</DescriptorName>
            </MeshHeading>
            <MeshHeading>
                <DescriptorName UI="D000369" MajorTopicYN="N">Aged, 80 and over</DescriptorName>
            </MeshHeading>
            <MeshHeading>
                <DescriptorName UI="D000959" MajorTopicYN="N">Antihypertensive Agents</DescriptorName>
                <QualifierName UI="Q000008" MajorTopicYN="Y">administration &amp; dosage</QualifierName>
                <QualifierName UI="Q000009" MajorTopicYN="N">adverse effects</QualifierName>
                <QualifierName UI="Q000627" MajorTopicYN="N">therapeutic use</QualifierName>
            </MeshHeading>
            <MeshHeading>
                <DescriptorName UI="D001794" MajorTopicYN="N">Blood Pressure</DescriptorName>
                <QualifierName UI="Q000187" MajorTopicYN="N">drug effects</QualifierName>
            </MeshHeading>
            <MeshHeading>
                <DescriptorName UI="D003008" MajorTopicYN="N">Cloprostenol</DescriptorName>
                <QualifierName UI="Q000008" MajorTopicYN="Y">administration &amp; dosage</QualifierName>
                <QualifierName UI="Q000009" MajorTopicYN="N">adverse effects</QualifierName>
                <QualifierName UI="Q000031" MajorTopicYN="N">analogs &amp; derivatives</QualifierName>
                <QualifierName UI="Q000627" MajorTopicYN="N">therapeutic use</QualifierName>
            </MeshHeading>
            <MeshHeading>
                <DescriptorName UI="D004311" MajorTopicYN="N">Double-Blind Method</DescriptorName>
            </MeshHeading>
            <MeshHeading>
                <DescriptorName UI="D004341" MajorTopicYN="N">Drug Evaluation</DescriptorName>
            </MeshHeading>
            <MeshHeading>
                <DescriptorName UI="D005260" MajorTopicYN="N">Female</DescriptorName>
            </MeshHeading>
            <MeshHeading>
                <DescriptorName UI="D005902" MajorTopicYN="N">Glaucoma, Open-Angle</DescriptorName>
                <QualifierName UI="Q000188" MajorTopicYN="Y">drug therapy</QualifierName>
            </MeshHeading>
            <MeshHeading>
                <DescriptorName UI="D006339" MajorTopicYN="N">Heart Rate</DescriptorName>
                <QualifierName UI="Q000187" MajorTopicYN="N">drug effects</QualifierName>
            </MeshHeading>
            <MeshHeading>
                <DescriptorName UI="D006801" MajorTopicYN="N">Humans</DescriptorName>
            </MeshHeading>
            <MeshHeading>
                <DescriptorName UI="D007429" MajorTopicYN="N">Intraocular Pressure</DescriptorName>
                <QualifierName UI="Q000187" MajorTopicYN="Y">drug effects</QualifierName>
            </MeshHeading>
            <MeshHeading>
                <DescriptorName UI="D008297" MajorTopicYN="N">Male</DescriptorName>
            </MeshHeading>
            <MeshHeading>
                <DescriptorName UI="D008875" MajorTopicYN="N">Middle Aged</DescriptorName>
            </MeshHeading>
            <MeshHeading>
                <DescriptorName UI="D009798" MajorTopicYN="N">Ocular Hypertension</DescriptorName>
                <QualifierName UI="Q000188" MajorTopicYN="N">drug therapy</QualifierName>
            </MeshHeading>
            <MeshHeading>
                <DescriptorName UI="D009883" MajorTopicYN="N">Ophthalmic Solutions</DescriptorName>
            </MeshHeading>
            <MeshHeading>
                <DescriptorName UI="D011446" MajorTopicYN="N">Prospective Studies</DescriptorName>
            </MeshHeading>
            <MeshHeading>
                <DescriptorName UI="D012449" MajorTopicYN="N">Safety</DescriptorName>
            </MeshHeading>
            <MeshHeading>
                <DescriptorName UI="D013999" MajorTopicYN="N">Timolol</DescriptorName>
                <QualifierName UI="Q000008" MajorTopicYN="Y">administration &amp; dosage</QualifierName>
                <QualifierName UI="Q000009" MajorTopicYN="N">adverse effects</QualifierName>
                <QualifierName UI="Q000627" MajorTopicYN="N">therapeutic use</QualifierName>
            </MeshHeading>
            <MeshHeading>
                <DescriptorName UI="D000069557" MajorTopicYN="N">Travoprost</DescriptorName>
            </MeshHeading>
            <MeshHeading>
                <DescriptorName UI="D016896" MajorTopicYN="N">Treatment Outcome</DescriptorName>
            </MeshHeading>
        </MeshHeadingList>
    </MedlineCitation>
    <PubmedData>
        <History>
            <PubMedPubDate PubStatus="pubmed">
                <Year>2002</Year>
                <Month>5</Month>
                <Day>3</Day>
                <Hour>10</Hour>
                <Minute>0</Minute>
            </PubMedPubDate>
            <PubMedPubDate PubStatus="medline">
                <Year>2002</Year>
                <Month>5</Month>
                <Day>17</Day>
                <Hour>10</Hour>
                <Minute>1</Minute>
            </PubMedPubDate>
            <PubMedPubDate PubStatus="entrez">
                <Year>2002</Year>
                <Month>5</Month>
                <Day>3</Day>
                <Hour>10</Hour>
                <Minute>0</Minute>
            </PubMedPubDate>
        </History>
        <PublicationStatus>ppublish</PublicationStatus>
        <ArticleIdList>
            <ArticleId IdType="pubmed">11986110</ArticleId>
            <ArticleId IdType="pii">S0161-6420(02)01010-2</ArticleId>
            <ArticleId IdType="doi">10.1016/s0161-6420(02)01010-2</ArticleId>
        </ArticleIdList>
    </PubmedData>
</PubmedArticle>

</PubmedArticleSet>