<?xml version="1.0" ?>
<!DOCTYPE PubmedArticleSet PUBLIC "-//NLM//DTD PubMedArticle, 1st January 2019//EN" "https://dtd.nlm.nih.gov/ncbi/pubmed/out/pubmed_190101.dtd">
<PubmedArticleSet>
<PubmedArticle>
    <MedlineCitation Status="MEDLINE" Owner="NLM">
        <PMID Version="1">12488264</PMID>
        <DateCompleted>
            <Year>2003</Year>
            <Month>02</Month>
            <Day>20</Day>
        </DateCompleted>
        <DateRevised>
            <Year>2019</Year>
            <Month>05</Month>
            <Day>01</Day>
        </DateRevised>
        <Article PubModel="Print">
            <Journal>
                <ISSN IssnType="Print">0007-1161</ISSN>
                <JournalIssue CitedMedium="Print">
                    <Volume>87</Volume>
                    <Issue>1</Issue>
                    <PubDate>
                        <Year>2003</Year>
                        <Month>Jan</Month>
                    </PubDate>
                </JournalIssue>
                <Title>The British journal of ophthalmology</Title>
                <ISOAbbreviation>Br J Ophthalmol</ISOAbbreviation>
            </Journal>
            <ArticleTitle>A randomised, double masked, multicentre clinical trial comparing bimatoprost and timolol for the treatment of glaucoma and ocular hypertension.</ArticleTitle>
            <Pagination>
                <MedlinePgn>57-62</MedlinePgn>
            </Pagination>
            <Abstract>
                <AbstractText Label="AIM" NlmCategory="OBJECTIVE">To evaluate the safety and efficacy of bimatoprost 0.03% once daily or twice daily compared with timolol 0.5% twice daily in patients with glaucoma or ocular hypertension.</AbstractText>
                <AbstractText Label="METHODS" NlmCategory="METHODS">Multicentre, double masked, randomised, parallel group, 3 month trial comparing bimatoprost once daily (n=240), bimatoprost twice daily (n=240), and timolol twice daily (n=122). The primary efficacy end point was diurnal intraocular pressure (IOP) (8 am, 10 am, 4 pm). Safety measures included adverse events, ocular parameters, and systemic variables.</AbstractText>
                <AbstractText Label="RESULTS" NlmCategory="RESULTS">Bimatoprost once daily provided significantly lower mean IOP than timolol twice daily at all times and follow up visits (p&lt;0.001). At month 3, mean IOP reductions from baseline at 10 am (peak timolol effect) were bimatoprost once daily, 8.0 mm Hg (32.4%); bimatoprost twice daily, 6.3 mm Hg (25.2%); timolol, 5.5 mm Hg (22.7%). Bimatoprost twice daily was also more effective than timolol, but was not as effective as bimatoprost once daily. A higher percentage of patients achieved low target pressures with bimatoprost once daily than with timolol. The most frequent side effects with bimatoprost were eyelash growth and mild conjunctival hyperaemia. Systemic safety parameters were not affected by bimatoprost.</AbstractText>
                <AbstractText Label="CONCLUSIONS" NlmCategory="CONCLUSIONS">Bimatoprost 0.03% once daily demonstrated superior efficacy compared with timolol 0.5% twice daily in patients with elevated IOP. Bimatoprost once daily was more effective than twice daily dosing.</AbstractText>
            </Abstract>
            <AuthorList CompleteYN="Y">
                <Author ValidYN="Y">
                    <LastName>Whitcup</LastName>
                    <ForeName>S M</ForeName>
                    <Initials>SM</Initials>
                    <AffiliationInfo>
                        <Affiliation>Allergan, Inc, Irvine, CA, USA. Whitcup_Scott@allergan.com</Affiliation>
                    </AffiliationInfo>
                </Author>
                <Author ValidYN="Y">
                    <LastName>Cantor</LastName>
                    <ForeName>L B</ForeName>
                    <Initials>LB</Initials>
                </Author>
                <Author ValidYN="Y">
                    <LastName>VanDenburgh</LastName>
                    <ForeName>A M</ForeName>
                    <Initials>AM</Initials>
                </Author>
                <Author ValidYN="Y">
                    <LastName>Chen</LastName>
                    <ForeName>K</ForeName>
                    <Initials>K</Initials>
                </Author>
            </AuthorList>
            <Language>eng</Language>
            <PublicationTypeList>
                <PublicationType UI="D016430">Clinical Trial</PublicationType>
                <PublicationType UI="D003160">Comparative Study</PublicationType>
                <PublicationType UI="D016428">Journal Article</PublicationType>
                <PublicationType UI="D016448">Multicenter Study</PublicationType>
                <PublicationType UI="D016449">Randomized Controlled Trial</PublicationType>
                <PublicationType UI="D013485">Research Support, Non-U.S. Gov't</PublicationType>
            </PublicationTypeList>
        </Article>
        <MedlineJournalInfo>
            <Country>England</Country>
            <MedlineTA>Br J Ophthalmol</MedlineTA>
            <NlmUniqueID>0421041</NlmUniqueID>
            <ISSNLinking>0007-1161</ISSNLinking>
        </MedlineJournalInfo>
        <ChemicalList>
            <Chemical>
                <RegistryNumber>0</RegistryNumber>
                <NameOfSubstance UI="D000577">Amides</NameOfSubstance>
            </Chemical>
            <Chemical>
                <RegistryNumber>0</RegistryNumber>
                <NameOfSubstance UI="D000959">Antihypertensive Agents</NameOfSubstance>
            </Chemical>
            <Chemical>
                <RegistryNumber>0</RegistryNumber>
                <NameOfSubstance UI="D008055">Lipids</NameOfSubstance>
            </Chemical>
            <Chemical>
                <RegistryNumber>4208238832</RegistryNumber>
                <NameOfSubstance UI="D003008">Cloprostenol</NameOfSubstance>
            </Chemical>
            <Chemical>
                <RegistryNumber>817W3C6175</RegistryNumber>
                <NameOfSubstance UI="D013999">Timolol</NameOfSubstance>
            </Chemical>
            <Chemical>
                <RegistryNumber>QXS94885MZ</RegistryNumber>
                <NameOfSubstance UI="D000069580">Bimatoprost</NameOfSubstance>
            </Chemical>
        </ChemicalList>
        <CitationSubset>IM</CitationSubset>
        <MeshHeadingList>
            <MeshHeading>
                <DescriptorName UI="D000328" MajorTopicYN="N">Adult</DescriptorName>
            </MeshHeading>
            <MeshHeading>
                <DescriptorName UI="D000368" MajorTopicYN="N">Aged</DescriptorName>
            </MeshHeading>
            <MeshHeading>
                <DescriptorName UI="D000369" MajorTopicYN="N">Aged, 80 and over</DescriptorName>
            </MeshHeading>
            <MeshHeading>
                <DescriptorName UI="D000577" MajorTopicYN="N">Amides</DescriptorName>
            </MeshHeading>
            <MeshHeading>
                <DescriptorName UI="D000959" MajorTopicYN="N">Antihypertensive Agents</DescriptorName>
                <QualifierName UI="Q000008" MajorTopicYN="Y">administration &amp; dosage</QualifierName>
                <QualifierName UI="Q000009" MajorTopicYN="N">adverse effects</QualifierName>
            </MeshHeading>
            <MeshHeading>
                <DescriptorName UI="D000069580" MajorTopicYN="N">Bimatoprost</DescriptorName>
            </MeshHeading>
            <MeshHeading>
                <DescriptorName UI="D003008" MajorTopicYN="N">Cloprostenol</DescriptorName>
                <QualifierName UI="Q000031" MajorTopicYN="N">analogs &amp; derivatives</QualifierName>
            </MeshHeading>
            <MeshHeading>
                <DescriptorName UI="D004311" MajorTopicYN="N">Double-Blind Method</DescriptorName>
            </MeshHeading>
            <MeshHeading>
                <DescriptorName UI="D004334" MajorTopicYN="N">Drug Administration Schedule</DescriptorName>
            </MeshHeading>
            <MeshHeading>
                <DescriptorName UI="D005260" MajorTopicYN="N">Female</DescriptorName>
            </MeshHeading>
            <MeshHeading>
                <DescriptorName UI="D005901" MajorTopicYN="N">Glaucoma</DescriptorName>
                <QualifierName UI="Q000188" MajorTopicYN="Y">drug therapy</QualifierName>
                <QualifierName UI="Q000503" MajorTopicYN="N">physiopathology</QualifierName>
            </MeshHeading>
            <MeshHeading>
                <DescriptorName UI="D006801" MajorTopicYN="N">Humans</DescriptorName>
            </MeshHeading>
            <MeshHeading>
                <DescriptorName UI="D007429" MajorTopicYN="N">Intraocular Pressure</DescriptorName>
                <QualifierName UI="Q000187" MajorTopicYN="N">drug effects</QualifierName>
            </MeshHeading>
            <MeshHeading>
                <DescriptorName UI="D008055" MajorTopicYN="N">Lipids</DescriptorName>
                <QualifierName UI="Q000008" MajorTopicYN="Y">administration &amp; dosage</QualifierName>
                <QualifierName UI="Q000009" MajorTopicYN="N">adverse effects</QualifierName>
            </MeshHeading>
            <MeshHeading>
                <DescriptorName UI="D008297" MajorTopicYN="N">Male</DescriptorName>
            </MeshHeading>
            <MeshHeading>
                <DescriptorName UI="D008875" MajorTopicYN="N">Middle Aged</DescriptorName>
            </MeshHeading>
            <MeshHeading>
                <DescriptorName UI="D009798" MajorTopicYN="N">Ocular Hypertension</DescriptorName>
                <QualifierName UI="Q000188" MajorTopicYN="Y">drug therapy</QualifierName>
                <QualifierName UI="Q000503" MajorTopicYN="N">physiopathology</QualifierName>
            </MeshHeading>
            <MeshHeading>
                <DescriptorName UI="D013999" MajorTopicYN="N">Timolol</DescriptorName>
                <QualifierName UI="Q000008" MajorTopicYN="Y">administration &amp; dosage</QualifierName>
                <QualifierName UI="Q000009" MajorTopicYN="N">adverse effects</QualifierName>
            </MeshHeading>
            <MeshHeading>
                <DescriptorName UI="D016896" MajorTopicYN="N">Treatment Outcome</DescriptorName>
            </MeshHeading>
        </MeshHeadingList>
    </MedlineCitation>
    <PubmedData>
        <History>
            <PubMedPubDate PubStatus="pubmed">
                <Year>2002</Year>
                <Month>12</Month>
                <Day>19</Day>
                <Hour>4</Hour>
                <Minute>0</Minute>
            </PubMedPubDate>
            <PubMedPubDate PubStatus="medline">
                <Year>2003</Year>
                <Month>2</Month>
                <Day>21</Day>
                <Hour>4</Hour>
                <Minute>0</Minute>
            </PubMedPubDate>
            <PubMedPubDate PubStatus="entrez">
                <Year>2002</Year>
                <Month>12</Month>
                <Day>19</Day>
                <Hour>4</Hour>
                <Minute>0</Minute>
            </PubMedPubDate>
        </History>
        <PublicationStatus>ppublish</PublicationStatus>
        <ArticleIdList>
            <ArticleId IdType="pubmed">12488264</ArticleId>
            <ArticleId IdType="pmc">PMC1771463</ArticleId>
            <ArticleId IdType="doi">10.1136/bjo.87.1.57</ArticleId>
        </ArticleIdList>
        <ReferenceList>
            <Reference>
                <Citation>Bull Soc Belge Ophtalmol. 1999;274:61-5</Citation>
                <ArticleIdList>
                    <ArticleId IdType="pubmed">10670163</ArticleId>
                </ArticleIdList>
            </Reference>
            <Reference>
                <Citation>Ophthalmologica. 1998;212(2):115-9</Citation>
                <ArticleIdList>
                    <ArticleId IdType="pubmed">9486551</ArticleId>
                </ArticleIdList>
            </Reference>
            <Reference>
                <Citation>J Glaucoma. 2000 Apr;9(2):134-42</Citation>
                <ArticleIdList>
                    <ArticleId IdType="pubmed">10782622</ArticleId>
                </ArticleIdList>
            </Reference>
            <Reference>
                <Citation>Am J Ophthalmol. 2000 Oct;130(4):429-40</Citation>
                <ArticleIdList>
                    <ArticleId IdType="pubmed">11024415</ArticleId>
                </ArticleIdList>
            </Reference>
            <Reference>
                <Citation>Ophthalmology. 2001 Jun;108(6):1023-31; discussion 1032</Citation>
                <ArticleIdList>
                    <ArticleId IdType="pubmed">11382623</ArticleId>
                </ArticleIdList>
            </Reference>
            <Reference>
                <Citation>Surv Ophthalmol. 2001 May;45 Suppl 4:S337-45</Citation>
                <ArticleIdList>
                    <ArticleId IdType="pubmed">11434936</ArticleId>
                </ArticleIdList>
            </Reference>
            <Reference>
                <Citation>Surv Ophthalmol. 2001 May;45 Suppl 4:S353-60</Citation>
                <ArticleIdList>
                    <ArticleId IdType="pubmed">11434938</ArticleId>
                </ArticleIdList>
            </Reference>
            <Reference>
                <Citation>Surv Ophthalmol. 2001 May;45 Suppl 4:S361-8</Citation>
                <ArticleIdList>
                    <ArticleId IdType="pubmed">11434939</ArticleId>
                </ArticleIdList>
            </Reference>
            <Reference>
                <Citation>Arch Ophthalmol. 2001 Jul;119(7):994-1000</Citation>
                <ArticleIdList>
                    <ArticleId IdType="pubmed">11448321</ArticleId>
                </ArticleIdList>
            </Reference>
            <Reference>
                <Citation>Arch Ophthalmol. 1989 Nov;107(11):1590-8</Citation>
                <ArticleIdList>
                    <ArticleId IdType="pubmed">2818278</ArticleId>
                </ArticleIdList>
            </Reference>
            <Reference>
                <Citation>Ophthalmology. 1989 Oct;96(10):1460-7</Citation>
                <ArticleIdList>
                    <ArticleId IdType="pubmed">2685707</ArticleId>
                </ArticleIdList>
            </Reference>
            <Reference>
                <Citation>Ophthalmology. 1990 May;97(5):547-50</Citation>
                <ArticleIdList>
                    <ArticleId IdType="pubmed">2342798</ArticleId>
                </ArticleIdList>
            </Reference>
            <Reference>
                <Citation>Am J Ophthalmol. 1991 Jan 15;111(1):51-5</Citation>
                <ArticleIdList>
                    <ArticleId IdType="pubmed">1985490</ArticleId>
                </ArticleIdList>
            </Reference>
            <Reference>
                <Citation>J Biopharm Stat. 1995 Nov;5(3):297-306</Citation>
                <ArticleIdList>
                    <ArticleId IdType="pubmed">8580930</ArticleId>
                </ArticleIdList>
            </Reference>
            <Reference>
                <Citation>J Biol Chem. 1997 Aug 22;272(34):21181-6</Citation>
                <ArticleIdList>
                    <ArticleId IdType="pubmed">9261124</ArticleId>
                </ArticleIdList>
            </Reference>
            <Reference>
                <Citation>Ophthalmology. 2000 Apr;107(4):629-30</Citation>
                <ArticleIdList>
                    <ArticleId IdType="pubmed">10768323</ArticleId>
                </ArticleIdList>
            </Reference>
        </ReferenceList>
    </PubmedData>
</PubmedArticle>

</PubmedArticleSet>