<?xml version="1.0" ?>
<!DOCTYPE PubmedArticleSet PUBLIC "-//NLM//DTD PubMedArticle, 1st January 2019//EN" "https://dtd.nlm.nih.gov/ncbi/pubmed/out/pubmed_190101.dtd">
<PubmedArticleSet>
<PubmedArticle>
    <MedlineCitation Status="MEDLINE" Owner="NLM">
        <PMID Version="1">12504698</PMID>
        <DateCompleted>
            <Year>2003</Year>
            <Month>01</Month>
            <Day>27</Day>
        </DateCompleted>
        <DateRevised>
            <Year>2019</Year>
            <Month>06</Month>
            <Day>27</Day>
        </DateRevised>
        <Article PubModel="Print">
            <Journal>
                <ISSN IssnType="Print">0002-9394</ISSN>
                <JournalIssue CitedMedium="Print">
                    <Volume>135</Volume>
                    <Issue>1</Issue>
                    <PubDate>
                        <Year>2003</Year>
                        <Month>Jan</Month>
                    </PubDate>
                </JournalIssue>
                <Title>American journal of ophthalmology</Title>
                <ISOAbbreviation>Am J Ophthalmol</ISOAbbreviation>
            </Journal>
            <ArticleTitle>A six-month randomized clinical trial comparing the intraocular pressure-lowering efficacy of bimatoprost and latanoprost in patients with ocular hypertension or glaucoma.</ArticleTitle>
            <Pagination>
                <MedlinePgn>55-63</MedlinePgn>
            </Pagination>
            <Abstract>
                <AbstractText Label="PURPOSE" NlmCategory="OBJECTIVE">To compare the intraocular pressure (IOP)-lowering efficacy and safety of topical bimatoprost 0.03% with latanoprost 0.005%.</AbstractText>
                <AbstractText Label="DESIGN" NlmCategory="METHODS">Multicenter, randomized, investigator-masked clinical trial.</AbstractText>
                <AbstractText Label="METHODS" NlmCategory="METHODS">After washout of glaucoma medications, ocular hypertension or glaucoma patients were randomly assigned to once-daily bimatoprost 0.03% (n = 133) or latanoprost 0.005% (n = 136) for 6 months. The primary outcome measure was mean change from baseline IOP (8 AM, 12 PM, 4 PM). Secondary measures included mean IOP, ophthalmologic examination, adverse events, and the percentage of patients reaching specific target IOPs.</AbstractText>
                <AbstractText Label="RESULTS" NlmCategory="RESULTS">Mean change from baseline IOP was significantly greater for bimatoprost patients than for latanoprost patients at all measurements on each study visit; 1.5 mm Hg greater at 8 AM (P &lt;.001), 2.2 mm Hg greater at 12 PM (P &lt;.001), and 1.2 mm Hg greater at 4 PM (P =.004) at month 6. At the end of the study, the percentage of patients achieving a &gt; or = 20% IOP decrease was 69% to 82% with bimatoprost and 50% to 62% with latanoprost (P &lt; or = .003). In addition, the distribution of patients achieving target pressures in each range (&lt; or = 13 to &lt; or = 15 mm Hg, &gt;15 to &lt; or = 18 mm Hg, and &gt; 18 mm Hg) showed that bimatoprost produced lower target pressures compared with latanoprost at all times measured (P &lt; or = .026). Few patients were discontinued for adverse events (6 on bimatoprost; 5 on latanoprost). On ophthalmologic examination, conjunctival hyperemia (P &lt;.001) and eyelash growth (P =.064) were more common in bimatoprost patients.</AbstractText>
                <AbstractText Label="CONCLUSIONS" NlmCategory="CONCLUSIONS">Bimatoprost is more effective than latanoprost in lowering IOP. Both drugs were well tolerated, with few discontinuations for adverse events.</AbstractText>
            </Abstract>
            <AuthorList CompleteYN="Y">
                <Author ValidYN="Y">
                    <LastName>Noecker</LastName>
                    <ForeName>Robert S</ForeName>
                    <Initials>RS</Initials>
                    <AffiliationInfo>
                        <Affiliation>University of Arizona, Tucson, Arizona, USA.</Affiliation>
                    </AffiliationInfo>
                </Author>
                <Author ValidYN="Y">
                    <LastName>Dirks</LastName>
                    <ForeName>Monte S</ForeName>
                    <Initials>MS</Initials>
                </Author>
                <Author ValidYN="Y">
                    <LastName>Choplin</LastName>
                    <ForeName>Neil T</ForeName>
                    <Initials>NT</Initials>
                </Author>
                <Author ValidYN="Y">
                    <LastName>Bernstein</LastName>
                    <ForeName>Paula</ForeName>
                    <Initials>P</Initials>
                </Author>
                <Author ValidYN="Y">
                    <LastName>Batoosingh</LastName>
                    <ForeName>Amy L</ForeName>
                    <Initials>AL</Initials>
                </Author>
                <Author ValidYN="Y">
                    <LastName>Whitcup</LastName>
                    <ForeName>Scott M</ForeName>
                    <Initials>SM</Initials>
                </Author>
                <Author ValidYN="Y">
                    <CollectiveName>Bimatoprost/Latanoprost Study Group</CollectiveName>
                </Author>
            </AuthorList>
            <Language>eng</Language>
            <PublicationTypeList>
                <PublicationType UI="D016430">Clinical Trial</PublicationType>
                <PublicationType UI="D003160">Comparative Study</PublicationType>
                <PublicationType UI="D016428">Journal Article</PublicationType>
                <PublicationType UI="D016448">Multicenter Study</PublicationType>
                <PublicationType UI="D016449">Randomized Controlled Trial</PublicationType>
                <PublicationType UI="D013485">Research Support, Non-U.S. Gov't</PublicationType>
            </PublicationTypeList>
        </Article>
        <MedlineJournalInfo>
            <Country>United States</Country>
            <MedlineTA>Am J Ophthalmol</MedlineTA>
            <NlmUniqueID>0370500</NlmUniqueID>
            <ISSNLinking>0002-9394</ISSNLinking>
        </MedlineJournalInfo>
        <ChemicalList>
            <Chemical>
                <RegistryNumber>0</RegistryNumber>
                <NameOfSubstance UI="D000577">Amides</NameOfSubstance>
            </Chemical>
            <Chemical>
                <RegistryNumber>0</RegistryNumber>
                <NameOfSubstance UI="D000959">Antihypertensive Agents</NameOfSubstance>
            </Chemical>
            <Chemical>
                <RegistryNumber>0</RegistryNumber>
                <NameOfSubstance UI="D008055">Lipids</NameOfSubstance>
            </Chemical>
            <Chemical>
                <RegistryNumber>0</RegistryNumber>
                <NameOfSubstance UI="D009883">Ophthalmic Solutions</NameOfSubstance>
            </Chemical>
            <Chemical>
                <RegistryNumber>0</RegistryNumber>
                <NameOfSubstance UI="D011461">Prostaglandins F, Synthetic</NameOfSubstance>
            </Chemical>
            <Chemical>
                <RegistryNumber>4208238832</RegistryNumber>
                <NameOfSubstance UI="D003008">Cloprostenol</NameOfSubstance>
            </Chemical>
            <Chemical>
                <RegistryNumber>6Z5B6HVF6O</RegistryNumber>
                <NameOfSubstance UI="D000077338">Latanoprost</NameOfSubstance>
            </Chemical>
            <Chemical>
                <RegistryNumber>QXS94885MZ</RegistryNumber>
                <NameOfSubstance UI="D000069580">Bimatoprost</NameOfSubstance>
            </Chemical>
        </ChemicalList>
        <CitationSubset>AIM</CitationSubset>
        <CitationSubset>IM</CitationSubset>
        <CommentsCorrectionsList>
            <CommentsCorrections RefType="CommentIn">
                <RefSource>Am J Ophthalmol. 2003 Jun;135(6):921-2; author reply 922-3</RefSource>
                <PMID Version="1">12788149</PMID>
            </CommentsCorrections>
            <CommentsCorrections RefType="CommentIn">
                <RefSource>Am J Ophthalmol. 2003 Jul;136(1):217; author reply 217-8</RefSource>
                <PMID Version="1">12834708</PMID>
            </CommentsCorrections>
            <CommentsCorrections RefType="CommentIn">
                <RefSource>Am J Ophthalmol. 2003 Aug;136(2):392; author reply 392-3</RefSource>
                <PMID Version="1">12888081</PMID>
            </CommentsCorrections>
            <CommentsCorrections RefType="CommentIn">
                <RefSource>Am J Ophthalmol. 2003 Oct;136(4):727-8</RefSource>
                <PMID Version="1">14516814</PMID>
            </CommentsCorrections>
        </CommentsCorrectionsList>
        <MeshHeadingList>
            <MeshHeading>
                <DescriptorName UI="D000328" MajorTopicYN="N">Adult</DescriptorName>
            </MeshHeading>
            <MeshHeading>
                <DescriptorName UI="D000368" MajorTopicYN="N">Aged</DescriptorName>
            </MeshHeading>
            <MeshHeading>
                <DescriptorName UI="D000369" MajorTopicYN="N">Aged, 80 and over</DescriptorName>
            </MeshHeading>
            <MeshHeading>
                <DescriptorName UI="D000577" MajorTopicYN="N">Amides</DescriptorName>
            </MeshHeading>
            <MeshHeading>
                <DescriptorName UI="D000959" MajorTopicYN="N">Antihypertensive Agents</DescriptorName>
                <QualifierName UI="Q000008" MajorTopicYN="N">administration &amp; dosage</QualifierName>
                <QualifierName UI="Q000009" MajorTopicYN="N">adverse effects</QualifierName>
                <QualifierName UI="Q000627" MajorTopicYN="Y">therapeutic use</QualifierName>
            </MeshHeading>
            <MeshHeading>
                <DescriptorName UI="D000069580" MajorTopicYN="N">Bimatoprost</DescriptorName>
            </MeshHeading>
            <MeshHeading>
                <DescriptorName UI="D003008" MajorTopicYN="N">Cloprostenol</DescriptorName>
                <QualifierName UI="Q000031" MajorTopicYN="N">analogs &amp; derivatives</QualifierName>
            </MeshHeading>
            <MeshHeading>
                <DescriptorName UI="D004311" MajorTopicYN="N">Double-Blind Method</DescriptorName>
            </MeshHeading>
            <MeshHeading>
                <DescriptorName UI="D005260" MajorTopicYN="N">Female</DescriptorName>
            </MeshHeading>
            <MeshHeading>
                <DescriptorName UI="D005902" MajorTopicYN="N">Glaucoma, Open-Angle</DescriptorName>
                <QualifierName UI="Q000188" MajorTopicYN="Y">drug therapy</QualifierName>
            </MeshHeading>
            <MeshHeading>
                <DescriptorName UI="D006801" MajorTopicYN="N">Humans</DescriptorName>
            </MeshHeading>
            <MeshHeading>
                <DescriptorName UI="D007429" MajorTopicYN="N">Intraocular Pressure</DescriptorName>
                <QualifierName UI="Q000187" MajorTopicYN="Y">drug effects</QualifierName>
            </MeshHeading>
            <MeshHeading>
                <DescriptorName UI="D000077338" MajorTopicYN="N">Latanoprost</DescriptorName>
            </MeshHeading>
            <MeshHeading>
                <DescriptorName UI="D008055" MajorTopicYN="N">Lipids</DescriptorName>
                <QualifierName UI="Q000008" MajorTopicYN="N">administration &amp; dosage</QualifierName>
                <QualifierName UI="Q000009" MajorTopicYN="N">adverse effects</QualifierName>
                <QualifierName UI="Q000627" MajorTopicYN="Y">therapeutic use</QualifierName>
            </MeshHeading>
            <MeshHeading>
                <DescriptorName UI="D008297" MajorTopicYN="N">Male</DescriptorName>
            </MeshHeading>
            <MeshHeading>
                <DescriptorName UI="D008875" MajorTopicYN="N">Middle Aged</DescriptorName>
            </MeshHeading>
            <MeshHeading>
                <DescriptorName UI="D009798" MajorTopicYN="N">Ocular Hypertension</DescriptorName>
                <QualifierName UI="Q000188" MajorTopicYN="N">drug therapy</QualifierName>
            </MeshHeading>
            <MeshHeading>
                <DescriptorName UI="D009883" MajorTopicYN="N">Ophthalmic Solutions</DescriptorName>
            </MeshHeading>
            <MeshHeading>
                <DescriptorName UI="D011446" MajorTopicYN="N">Prospective Studies</DescriptorName>
            </MeshHeading>
            <MeshHeading>
                <DescriptorName UI="D011461" MajorTopicYN="N">Prostaglandins F, Synthetic</DescriptorName>
                <QualifierName UI="Q000008" MajorTopicYN="N">administration &amp; dosage</QualifierName>
                <QualifierName UI="Q000009" MajorTopicYN="N">adverse effects</QualifierName>
                <QualifierName UI="Q000627" MajorTopicYN="Y">therapeutic use</QualifierName>
            </MeshHeading>
            <MeshHeading>
                <DescriptorName UI="D012449" MajorTopicYN="N">Safety</DescriptorName>
            </MeshHeading>
        </MeshHeadingList>
    </MedlineCitation>
    <PubmedData>
        <History>
            <PubMedPubDate PubStatus="pubmed">
                <Year>2002</Year>
                <Month>12</Month>
                <Day>31</Day>
                <Hour>4</Hour>
                <Minute>0</Minute>
            </PubMedPubDate>
            <PubMedPubDate PubStatus="medline">
                <Year>2003</Year>
                <Month>1</Month>
                <Day>28</Day>
                <Hour>4</Hour>
                <Minute>0</Minute>
            </PubMedPubDate>
            <PubMedPubDate PubStatus="entrez">
                <Year>2002</Year>
                <Month>12</Month>
                <Day>31</Day>
                <Hour>4</Hour>
                <Minute>0</Minute>
            </PubMedPubDate>
        </History>
        <PublicationStatus>ppublish</PublicationStatus>
        <ArticleIdList>
            <ArticleId IdType="pubmed">12504698</ArticleId>
            <ArticleId IdType="pii">S0002939402018275</ArticleId>
            <ArticleId IdType="doi">10.1016/s0002-9394(02)01827-5</ArticleId>
        </ArticleIdList>
    </PubmedData>
</PubmedArticle>

</PubmedArticleSet>