<?xml version="1.0" ?>
<!DOCTYPE PubmedArticleSet PUBLIC "-//NLM//DTD PubMedArticle, 1st January 2019//EN" "https://dtd.nlm.nih.gov/ncbi/pubmed/out/pubmed_190101.dtd">
<PubmedArticleSet>
<PubmedArticle>
    <MedlineCitation Status="MEDLINE" Owner="NLM">
        <PMID Version="1">12719078</PMID>
        <DateCompleted>
            <Year>2003</Year>
            <Month>05</Month>
            <Day>12</Day>
        </DateCompleted>
        <DateRevised>
            <Year>2019</Year>
            <Month>06</Month>
            <Day>27</Day>
        </DateRevised>
        <Article PubModel="Print">
            <Journal>
                <ISSN IssnType="Print">0002-9394</ISSN>
                <JournalIssue CitedMedium="Print">
                    <Volume>135</Volume>
                    <Issue>5</Issue>
                    <PubDate>
                        <Year>2003</Year>
                        <Month>May</Month>
                    </PubDate>
                </JournalIssue>
                <Title>American journal of ophthalmology</Title>
                <ISOAbbreviation>Am J Ophthalmol</ISOAbbreviation>
            </Journal>
            <ArticleTitle>A comparison of latanoprost, bimatoprost, and travoprost in patients with elevated intraocular pressure: a 12-week, randomized, masked-evaluator multicenter study.</ArticleTitle>
            <Pagination>
                <MedlinePgn>688-703</MedlinePgn>
            </Pagination>
            <Abstract>
                <AbstractText Label="PURPOSE" NlmCategory="OBJECTIVE">To Internet Advance publication at ajo.com Feb 13, 2003. compare the intraocular pressure (IOP)-lowering effect and safety of latanoprost, bimatoprost, and travoprost in patients with open-angle glaucoma (OAG) or ocular hypertension (OH).</AbstractText>
                <AbstractText Label="DESIGN" NlmCategory="METHODS">Interventional study.</AbstractText>
                <AbstractText Label="METHODS" NlmCategory="METHODS">This 12-week, randomized, parallel-group study was conducted at 45 US sites. Previously treated patients with OAG or OH and an IOP &gt; or =23 mm Hg in one or both eyes after washout received either latanoprost 0.005%, bimatoprost 0.03%, or travoprost 0.004% once daily in the evening. At baseline and after 6 and 12 weeks of therapy, masked evaluators measured IOP in triplicate at 8:00 AM, 12 noon, 4:00 PM, and 8:00 PM, and masked investigators graded conjunctival hyperemia before the 8:00 AM IOP measurement. The primary efficacy outcome measure was change between baseline and Week 12 in the 8:00 AM IOP (time of peak drug effect).</AbstractText>
                <AbstractText Label="RESULTS" NlmCategory="RESULTS">In all, 410 of 411 randomized patients were included in intent-to-treat analyses (latanoprost, 136; bimatoprost, 136; travoprost, 138). Baseline mean 8:00 AM IOP levels were similar (P =.772); by week 12, reductions were observed in all 3 groups (P &lt;.001 for each). Adjusted (ANCOVA) reductions in mean IOP at 8:00 AM were similar (P =.128) as were those at 12 noon, 4:00 PM, and 8:00 PM. Fewer latanoprost-treated patients reported ocular adverse events (P &lt;.001, latanoprost vs bimatoprost), fewer reported hyperemia (P =.001, latanoprost vs bimatoprost), and average hyperemia scores were lower at week 12 (P =.001, latanoprost vs bimatoprost).</AbstractText>
                <AbstractText Label="CONCLUSIONS" NlmCategory="CONCLUSIONS">Latanoprost, bimatoprost, and travoprost were comparable in their ability to reduce IOP in OAG and OH patients. Latanoprost exhibited greater ocular tolerability.</AbstractText>
            </Abstract>
            <AuthorList CompleteYN="Y">
                <Author ValidYN="Y">
                    <LastName>Parrish</LastName>
                    <ForeName>Richard K</ForeName>
                    <Initials>RK</Initials>
                    <AffiliationInfo>
                        <Affiliation>Bascom Palmer Eye Institute, Miami, Florida 33136, USA. rparrish@med.miami.edu</Affiliation>
                    </AffiliationInfo>
                </Author>
                <Author ValidYN="Y">
                    <LastName>Palmberg</LastName>
                    <ForeName>Paul</ForeName>
                    <Initials>P</Initials>
                </Author>
                <Author ValidYN="Y">
                    <LastName>Sheu</LastName>
                    <ForeName>Wang-Pui</ForeName>
                    <Initials>WP</Initials>
                </Author>
                <Author ValidYN="Y">
                    <CollectiveName>XLT Study Group</CollectiveName>
                </Author>
            </AuthorList>
            <Language>eng</Language>
            <PublicationTypeList>
                <PublicationType UI="D016430">Clinical Trial</PublicationType>
                <PublicationType UI="D003160">Comparative Study</PublicationType>
                <PublicationType UI="D016428">Journal Article</PublicationType>
                <PublicationType UI="D016448">Multicenter Study</PublicationType>
                <PublicationType UI="D016449">Randomized Controlled Trial</PublicationType>
                <PublicationType UI="D013485">Research Support, Non-U.S. Gov't</PublicationType>
            </PublicationTypeList>
        </Article>
        <MedlineJournalInfo>
            <Country>United States</Country>
            <MedlineTA>Am J Ophthalmol</MedlineTA>
            <NlmUniqueID>0370500</NlmUniqueID>
            <ISSNLinking>0002-9394</ISSNLinking>
        </MedlineJournalInfo>
        <ChemicalList>
            <Chemical>
                <RegistryNumber>0</RegistryNumber>
                <NameOfSubstance UI="D000577">Amides</NameOfSubstance>
            </Chemical>
            <Chemical>
                <RegistryNumber>0</RegistryNumber>
                <NameOfSubstance UI="D000959">Antihypertensive Agents</NameOfSubstance>
            </Chemical>
            <Chemical>
                <RegistryNumber>0</RegistryNumber>
                <NameOfSubstance UI="D008055">Lipids</NameOfSubstance>
            </Chemical>
            <Chemical>
                <RegistryNumber>0</RegistryNumber>
                <NameOfSubstance UI="D009883">Ophthalmic Solutions</NameOfSubstance>
            </Chemical>
            <Chemical>
                <RegistryNumber>0</RegistryNumber>
                <NameOfSubstance UI="D011461">Prostaglandins F, Synthetic</NameOfSubstance>
            </Chemical>
            <Chemical>
                <RegistryNumber>4208238832</RegistryNumber>
                <NameOfSubstance UI="D003008">Cloprostenol</NameOfSubstance>
            </Chemical>
            <Chemical>
                <RegistryNumber>6Z5B6HVF6O</RegistryNumber>
                <NameOfSubstance UI="D000077338">Latanoprost</NameOfSubstance>
            </Chemical>
            <Chemical>
                <RegistryNumber>QXS94885MZ</RegistryNumber>
                <NameOfSubstance UI="D000069580">Bimatoprost</NameOfSubstance>
            </Chemical>
            <Chemical>
                <RegistryNumber>WJ68R08KX9</RegistryNumber>
                <NameOfSubstance UI="D000069557">Travoprost</NameOfSubstance>
            </Chemical>
        </ChemicalList>
        <CitationSubset>AIM</CitationSubset>
        <CitationSubset>IM</CitationSubset>
        <CommentsCorrectionsList>
            <CommentsCorrections RefType="CommentIn">
                <RefSource>Am J Ophthalmol. 2003 Oct;136(4):727-8</RefSource>
                <PMID Version="1">14516814</PMID>
            </CommentsCorrections>
            <CommentsCorrections RefType="CommentIn">
                <RefSource>Am J Ophthalmol. 2004 Jan;137(1):210-1; author reply 211-2</RefSource>
                <PMID Version="1">14700685</PMID>
            </CommentsCorrections>
            <CommentsCorrections RefType="CommentIn">
                <RefSource>Am J Ophthalmol. 2004 Feb;137(2):387-8; author reply 388-9</RefSource>
                <PMID Version="1">14962451</PMID>
            </CommentsCorrections>
        </CommentsCorrectionsList>
        <MeshHeadingList>
            <MeshHeading>
                <DescriptorName UI="D000328" MajorTopicYN="N">Adult</DescriptorName>
            </MeshHeading>
            <MeshHeading>
                <DescriptorName UI="D000368" MajorTopicYN="N">Aged</DescriptorName>
            </MeshHeading>
            <MeshHeading>
                <DescriptorName UI="D000369" MajorTopicYN="N">Aged, 80 and over</DescriptorName>
            </MeshHeading>
            <MeshHeading>
                <DescriptorName UI="D000577" MajorTopicYN="N">Amides</DescriptorName>
            </MeshHeading>
            <MeshHeading>
                <DescriptorName UI="D000959" MajorTopicYN="N">Antihypertensive Agents</DescriptorName>
                <QualifierName UI="Q000009" MajorTopicYN="N">adverse effects</QualifierName>
                <QualifierName UI="Q000627" MajorTopicYN="Y">therapeutic use</QualifierName>
            </MeshHeading>
            <MeshHeading>
                <DescriptorName UI="D000069580" MajorTopicYN="N">Bimatoprost</DescriptorName>
            </MeshHeading>
            <MeshHeading>
                <DescriptorName UI="D003008" MajorTopicYN="N">Cloprostenol</DescriptorName>
                <QualifierName UI="Q000009" MajorTopicYN="N">adverse effects</QualifierName>
                <QualifierName UI="Q000031" MajorTopicYN="Y">analogs &amp; derivatives</QualifierName>
                <QualifierName UI="Q000627" MajorTopicYN="Y">therapeutic use</QualifierName>
            </MeshHeading>
            <MeshHeading>
                <DescriptorName UI="D004311" MajorTopicYN="N">Double-Blind Method</DescriptorName>
            </MeshHeading>
            <MeshHeading>
                <DescriptorName UI="D005260" MajorTopicYN="N">Female</DescriptorName>
            </MeshHeading>
            <MeshHeading>
                <DescriptorName UI="D005902" MajorTopicYN="N">Glaucoma, Open-Angle</DescriptorName>
                <QualifierName UI="Q000188" MajorTopicYN="Y">drug therapy</QualifierName>
                <QualifierName UI="Q000208" MajorTopicYN="N">ethnology</QualifierName>
            </MeshHeading>
            <MeshHeading>
                <DescriptorName UI="D006801" MajorTopicYN="N">Humans</DescriptorName>
            </MeshHeading>
            <MeshHeading>
                <DescriptorName UI="D007429" MajorTopicYN="N">Intraocular Pressure</DescriptorName>
                <QualifierName UI="Q000187" MajorTopicYN="Y">drug effects</QualifierName>
            </MeshHeading>
            <MeshHeading>
                <DescriptorName UI="D000077338" MajorTopicYN="N">Latanoprost</DescriptorName>
            </MeshHeading>
            <MeshHeading>
                <DescriptorName UI="D008055" MajorTopicYN="N">Lipids</DescriptorName>
                <QualifierName UI="Q000009" MajorTopicYN="N">adverse effects</QualifierName>
                <QualifierName UI="Q000627" MajorTopicYN="Y">therapeutic use</QualifierName>
            </MeshHeading>
            <MeshHeading>
                <DescriptorName UI="D008297" MajorTopicYN="N">Male</DescriptorName>
            </MeshHeading>
            <MeshHeading>
                <DescriptorName UI="D008875" MajorTopicYN="N">Middle Aged</DescriptorName>
            </MeshHeading>
            <MeshHeading>
                <DescriptorName UI="D009798" MajorTopicYN="N">Ocular Hypertension</DescriptorName>
                <QualifierName UI="Q000188" MajorTopicYN="N">drug therapy</QualifierName>
                <QualifierName UI="Q000208" MajorTopicYN="N">ethnology</QualifierName>
            </MeshHeading>
            <MeshHeading>
                <DescriptorName UI="D009883" MajorTopicYN="N">Ophthalmic Solutions</DescriptorName>
            </MeshHeading>
            <MeshHeading>
                <DescriptorName UI="D011461" MajorTopicYN="N">Prostaglandins F, Synthetic</DescriptorName>
                <QualifierName UI="Q000009" MajorTopicYN="N">adverse effects</QualifierName>
                <QualifierName UI="Q000627" MajorTopicYN="Y">therapeutic use</QualifierName>
            </MeshHeading>
            <MeshHeading>
                <DescriptorName UI="D012449" MajorTopicYN="N">Safety</DescriptorName>
            </MeshHeading>
            <MeshHeading>
                <DescriptorName UI="D000069557" MajorTopicYN="N">Travoprost</DescriptorName>
            </MeshHeading>
            <MeshHeading>
                <DescriptorName UI="D016896" MajorTopicYN="N">Treatment Outcome</DescriptorName>
            </MeshHeading>
        </MeshHeadingList>
    </MedlineCitation>
    <PubmedData>
        <History>
            <PubMedPubDate PubStatus="pubmed">
                <Year>2003</Year>
                <Month>4</Month>
                <Day>30</Day>
                <Hour>5</Hour>
                <Minute>0</Minute>
            </PubMedPubDate>
            <PubMedPubDate PubStatus="medline">
                <Year>2003</Year>
                <Month>5</Month>
                <Day>13</Day>
                <Hour>5</Hour>
                <Minute>0</Minute>
            </PubMedPubDate>
            <PubMedPubDate PubStatus="entrez">
                <Year>2003</Year>
                <Month>4</Month>
                <Day>30</Day>
                <Hour>5</Hour>
                <Minute>0</Minute>
            </PubMedPubDate>
        </History>
        <PublicationStatus>ppublish</PublicationStatus>
        <ArticleIdList>
            <ArticleId IdType="pubmed">12719078</ArticleId>
            <ArticleId IdType="pii">S0002939403000989</ArticleId>
            <ArticleId IdType="doi">10.1016/s0002-9394(03)00098-9</ArticleId>
        </ArticleIdList>
    </PubmedData>
</PubmedArticle>

</PubmedArticleSet>