<?xml version="1.0" ?>
<!DOCTYPE PubmedArticleSet PUBLIC "-//NLM//DTD PubMedArticle, 1st January 2019//EN" "https://dtd.nlm.nih.gov/ncbi/pubmed/out/pubmed_190101.dtd">
<PubmedArticleSet>
<PubmedArticle>
    <MedlineCitation Status="MEDLINE" Owner="NLM">
        <PMID Version="1">8216014</PMID>
        <DateCompleted>
            <Year>1993</Year>
            <Month>11</Month>
            <Day>09</Day>
        </DateCompleted>
        <DateRevised>
            <Year>2019</Year>
            <Month>07</Month>
            <Day>04</Day>
        </DateRevised>
        <Article PubModel="Print">
            <Journal>
                <ISSN IssnType="Print">0003-9950</ISSN>
                <JournalIssue CitedMedium="Print">
                    <Volume>111</Volume>
                    <Issue>10</Issue>
                    <PubDate>
                        <Year>1993</Year>
                        <Month>Oct</Month>
                    </PubDate>
                </JournalIssue>
                <Title>Archives of ophthalmology (Chicago, Ill. : 1960)</Title>
                <ISOAbbreviation>Arch Ophthalmol</ISOAbbreviation>
            </Journal>
            <ArticleTitle>Four-week safety and efficacy study of dorzolamide, a novel, active topical carbonic anhydrase inhibitor.</ArticleTitle>
            <Pagination>
                <MedlinePgn>1343-50</MedlinePgn>
            </Pagination>
            <Abstract>
                <AbstractText Label="OBJECTIVE" NlmCategory="OBJECTIVE">To investigate the activity and local and systemic safety of the topical carbonic anhydrase inhibitor, dorzolamide hydrochloride.</AbstractText>
                <AbstractText Label="DESIGN" NlmCategory="METHODS">Four-week, double-masked, randomized, placebo-controlled, parallel, three-center study.</AbstractText>
                <AbstractText Label="SETTING" NlmCategory="METHODS">Referral centers.</AbstractText>
                <AbstractText Label="PATIENTS" NlmCategory="METHODS">Forty-eight patients with bilateral open angle glaucoma or ocular hypertension and intraocular pressure (IOP) greater than 22 mm Hg entered the study. Two of 28 patients receiving dorzolamide and two of 20 patients receiving placebo were withdrawn due to adverse experiences.</AbstractText>
                <AbstractText Label="INTERVENTION" NlmCategory="METHODS">Dorzolamide (2%) or placebo to each eye three times daily for 4 weeks.</AbstractText>
                <AbstractText Label="MAIN OUTCOME MEASURES" NlmCategory="METHODS">Diurnal IOP curves; ophthalmologic evaluations including corneal ultrasound pachymetry and endothelial cell count; and systemic evaluations including vital signs, blood chemistries, complete blood cell counts, urinalysis, electrocardiogram, and drug and carbonic anhydrase activity levels in red blood cells.</AbstractText>
                <AbstractText Label="RESULTS" NlmCategory="RESULTS">Mean IOP at morning trough (8 AM) decreased from 27.1 mm Hg at baseline to 23.5 mm Hg on day 29 with dorzolamide (-13.3%) compared with a decrease from 27.1 mm Hg to 26.4 mm Hg with placebo (-2.3%). Peak activity occurred 2 hours after administration, with IOP decreasing from 26.8 mm Hg at baseline to 21.8 mm Hg on day 29 with dorzolamide (-18.4%) vs 26.1 mm Hg to 25.5 (-2.4%) with placebo. Mean corneal thickness was slightly increased for the dorzolamide-treated group compared with the placebo-treated group (0.009 mm vs 0.001 mm, respectively, P &lt; .05) and changes in endothelial cell counts were similar (-24 cells/mm2 vs -27 cells/mm2, respectively, P &gt; .25). Mean carbonic anhydrase isoenzyme II activity in red blood cells decreased to 21% of baseline in dorzolamide-treated patients. There were no clinically significant differences in ocular or laboratory parameters between the dorzolamide and placebo groups.</AbstractText>
                <AbstractText Label="CONCLUSIONS" NlmCategory="CONCLUSIONS">Dorzolamide demonstrated significant IOP lowering activity over 4 weeks. It was well tolerated and there were no clinically significant changes in ocular or systemic safety parameters.</AbstractText>
            </Abstract>
            <AuthorList CompleteYN="Y">
                <Author ValidYN="Y">
                    <LastName>Wilkerson</LastName>
                    <ForeName>M</ForeName>
                    <Initials>M</Initials>
                    <AffiliationInfo>
                        <Affiliation>Department of Ophthalmology, Duke University, Durham, NC.</Affiliation>
                    </AffiliationInfo>
                </Author>
                <Author ValidYN="Y">
                    <LastName>Cyrlin</LastName>
                    <ForeName>M</ForeName>
                    <Initials>M</Initials>
                </Author>
                <Author ValidYN="Y">
                    <LastName>Lippa</LastName>
                    <ForeName>E A</ForeName>
                    <Initials>EA</Initials>
                </Author>
                <Author ValidYN="Y">
                    <LastName>Esposito</LastName>
                    <ForeName>D</ForeName>
                    <Initials>D</Initials>
                </Author>
                <Author ValidYN="Y">
                    <LastName>Deasy</LastName>
                    <ForeName>D</ForeName>
                    <Initials>D</Initials>
                </Author>
                <Author ValidYN="Y">
                    <LastName>Panebianco</LastName>
                    <ForeName>D</ForeName>
                    <Initials>D</Initials>
                </Author>
                <Author ValidYN="Y">
                    <LastName>Fazio</LastName>
                    <ForeName>R</ForeName>
                    <Initials>R</Initials>
                </Author>
                <Author ValidYN="Y">
                    <LastName>Yablonski</LastName>
                    <ForeName>M</ForeName>
                    <Initials>M</Initials>
                </Author>
                <Author ValidYN="Y">
                    <LastName>Shields</LastName>
                    <ForeName>M B</ForeName>
                    <Initials>MB</Initials>
                </Author>
            </AuthorList>
            <Language>eng</Language>
            <PublicationTypeList>
                <PublicationType UI="D016430">Clinical Trial</PublicationType>
                <PublicationType UI="D016428">Journal Article</PublicationType>
                <PublicationType UI="D016448">Multicenter Study</PublicationType>
                <PublicationType UI="D016449">Randomized Controlled Trial</PublicationType>
            </PublicationTypeList>
        </Article>
        <MedlineJournalInfo>
            <Country>United States</Country>
            <MedlineTA>Arch Ophthalmol</MedlineTA>
            <NlmUniqueID>7706534</NlmUniqueID>
            <ISSNLinking>0003-9950</ISSNLinking>
        </MedlineJournalInfo>
        <ChemicalList>
            <Chemical>
                <RegistryNumber>0</RegistryNumber>
                <NameOfSubstance UI="D002257">Carbonic Anhydrase Inhibitors</NameOfSubstance>
            </Chemical>
            <Chemical>
                <RegistryNumber>0</RegistryNumber>
                <NameOfSubstance UI="D009883">Ophthalmic Solutions</NameOfSubstance>
            </Chemical>
            <Chemical>
                <RegistryNumber>0</RegistryNumber>
                <NameOfSubstance UI="D013449">Sulfonamides</NameOfSubstance>
            </Chemical>
            <Chemical>
                <RegistryNumber>0</RegistryNumber>
                <NameOfSubstance UI="D013876">Thiophenes</NameOfSubstance>
            </Chemical>
            <Chemical>
                <RegistryNumber>9JDX055TW1</RegistryNumber>
                <NameOfSubstance UI="C062765">dorzolamide</NameOfSubstance>
            </Chemical>
            <Chemical>
                <RegistryNumber>EC 4.2.1.1</RegistryNumber>
                <NameOfSubstance UI="D002256">Carbonic Anhydrases</NameOfSubstance>
            </Chemical>
        </ChemicalList>
        <CitationSubset>AIM</CitationSubset>
        <CitationSubset>IM</CitationSubset>
        <MeshHeadingList>
            <MeshHeading>
                <DescriptorName UI="D000287" MajorTopicYN="N">Administration, Topical</DescriptorName>
            </MeshHeading>
            <MeshHeading>
                <DescriptorName UI="D000328" MajorTopicYN="N">Adult</DescriptorName>
            </MeshHeading>
            <MeshHeading>
                <DescriptorName UI="D000368" MajorTopicYN="N">Aged</DescriptorName>
            </MeshHeading>
            <MeshHeading>
                <DescriptorName UI="D002257" MajorTopicYN="N">Carbonic Anhydrase Inhibitors</DescriptorName>
                <QualifierName UI="Q000009" MajorTopicYN="N">adverse effects</QualifierName>
                <QualifierName UI="Q000493" MajorTopicYN="N">pharmacokinetics</QualifierName>
                <QualifierName UI="Q000627" MajorTopicYN="Y">therapeutic use</QualifierName>
            </MeshHeading>
            <MeshHeading>
                <DescriptorName UI="D002256" MajorTopicYN="N">Carbonic Anhydrases</DescriptorName>
                <QualifierName UI="Q000097" MajorTopicYN="N">blood</QualifierName>
            </MeshHeading>
            <MeshHeading>
                <DescriptorName UI="D002452" MajorTopicYN="N">Cell Count</DescriptorName>
            </MeshHeading>
            <MeshHeading>
                <DescriptorName UI="D003315" MajorTopicYN="N">Cornea</DescriptorName>
                <QualifierName UI="Q000473" MajorTopicYN="N">pathology</QualifierName>
            </MeshHeading>
            <MeshHeading>
                <DescriptorName UI="D004311" MajorTopicYN="N">Double-Blind Method</DescriptorName>
            </MeshHeading>
            <MeshHeading>
                <DescriptorName UI="D004361" MajorTopicYN="N">Drug Tolerance</DescriptorName>
            </MeshHeading>
            <MeshHeading>
                <DescriptorName UI="D004728" MajorTopicYN="N">Endothelium, Corneal</DescriptorName>
                <QualifierName UI="Q000473" MajorTopicYN="N">pathology</QualifierName>
            </MeshHeading>
            <MeshHeading>
                <DescriptorName UI="D004912" MajorTopicYN="N">Erythrocytes</DescriptorName>
                <QualifierName UI="Q000378" MajorTopicYN="N">metabolism</QualifierName>
            </MeshHeading>
            <MeshHeading>
                <DescriptorName UI="D005260" MajorTopicYN="N">Female</DescriptorName>
            </MeshHeading>
            <MeshHeading>
                <DescriptorName UI="D005902" MajorTopicYN="N">Glaucoma, Open-Angle</DescriptorName>
                <QualifierName UI="Q000188" MajorTopicYN="Y">drug therapy</QualifierName>
                <QualifierName UI="Q000503" MajorTopicYN="N">physiopathology</QualifierName>
            </MeshHeading>
            <MeshHeading>
                <DescriptorName UI="D006801" MajorTopicYN="N">Humans</DescriptorName>
            </MeshHeading>
            <MeshHeading>
                <DescriptorName UI="D007429" MajorTopicYN="N">Intraocular Pressure</DescriptorName>
                <QualifierName UI="Q000187" MajorTopicYN="N">drug effects</QualifierName>
            </MeshHeading>
            <MeshHeading>
                <DescriptorName UI="D008297" MajorTopicYN="N">Male</DescriptorName>
            </MeshHeading>
            <MeshHeading>
                <DescriptorName UI="D008875" MajorTopicYN="N">Middle Aged</DescriptorName>
            </MeshHeading>
            <MeshHeading>
                <DescriptorName UI="D009798" MajorTopicYN="N">Ocular Hypertension</DescriptorName>
                <QualifierName UI="Q000188" MajorTopicYN="Y">drug therapy</QualifierName>
                <QualifierName UI="Q000503" MajorTopicYN="N">physiopathology</QualifierName>
            </MeshHeading>
            <MeshHeading>
                <DescriptorName UI="D009883" MajorTopicYN="N">Ophthalmic Solutions</DescriptorName>
            </MeshHeading>
            <MeshHeading>
                <DescriptorName UI="D012449" MajorTopicYN="N">Safety</DescriptorName>
            </MeshHeading>
            <MeshHeading>
                <DescriptorName UI="D013449" MajorTopicYN="N">Sulfonamides</DescriptorName>
                <QualifierName UI="Q000009" MajorTopicYN="N">adverse effects</QualifierName>
                <QualifierName UI="Q000493" MajorTopicYN="N">pharmacokinetics</QualifierName>
                <QualifierName UI="Q000627" MajorTopicYN="Y">therapeutic use</QualifierName>
            </MeshHeading>
            <MeshHeading>
                <DescriptorName UI="D013876" MajorTopicYN="N">Thiophenes</DescriptorName>
                <QualifierName UI="Q000009" MajorTopicYN="N">adverse effects</QualifierName>
                <QualifierName UI="Q000493" MajorTopicYN="N">pharmacokinetics</QualifierName>
                <QualifierName UI="Q000627" MajorTopicYN="Y">therapeutic use</QualifierName>
            </MeshHeading>
        </MeshHeadingList>
    </MedlineCitation>
    <PubmedData>
        <History>
            <PubMedPubDate PubStatus="pubmed">
                <Year>1993</Year>
                <Month>10</Month>
                <Day>1</Day>
            </PubMedPubDate>
            <PubMedPubDate PubStatus="medline">
                <Year>1993</Year>
                <Month>10</Month>
                <Day>1</Day>
                <Hour>0</Hour>
                <Minute>1</Minute>
            </PubMedPubDate>
            <PubMedPubDate PubStatus="entrez">
                <Year>1993</Year>
                <Month>10</Month>
                <Day>1</Day>
                <Hour>0</Hour>
                <Minute>0</Minute>
            </PubMedPubDate>
        </History>
        <PublicationStatus>ppublish</PublicationStatus>
        <ArticleIdList>
            <ArticleId IdType="pubmed">8216014</ArticleId>
            <ArticleId IdType="doi">10.1001/archopht.1993.01090100051026</ArticleId>
        </ArticleIdList>
    </PubmedData>
</PubmedArticle>

</PubmedArticleSet>