<?xml version="1.0" ?>
<!DOCTYPE PubmedArticleSet PUBLIC "-//NLM//DTD PubMedArticle, 1st January 2019//EN" "https://dtd.nlm.nih.gov/ncbi/pubmed/out/pubmed_190101.dtd">
<PubmedArticleSet>
<PubmedArticle>
    <MedlineCitation Status="MEDLINE" Owner="NLM">
        <PMID Version="1">9663361</PMID>
        <DateCompleted>
            <Year>1998</Year>
            <Month>10</Month>
            <Day>01</Day>
        </DateCompleted>
        <DateRevised>
            <Year>2019</Year>
            <Month>09</Month>
            <Day>21</Day>
        </DateRevised>
        <Article PubModel="Print">
            <Journal>
                <ISSN IssnType="Print">0149-2918</ISSN>
                <JournalIssue CitedMedium="Print">
                    <Volume>20</Volume>
                    <Issue>3</Issue>
                    <PubDate>
                        <MedlineDate>1998 May-Jun</MedlineDate>
                    </PubDate>
                </JournalIssue>
                <Title>Clinical therapeutics</Title>
                <ISOAbbreviation>Clin Ther</ISOAbbreviation>
            </Journal>
            <ArticleTitle>Comparison of the efficacy and safety of 2% dorzolamide and 0.5% betaxolol in the treatment of elevated intraocular pressure. Dorzolamide Comparison Study Group.</ArticleTitle>
            <Pagination>
                <MedlinePgn>454-66</MedlinePgn>
            </Pagination>
            <Abstract>
                <AbstractText>A multicenter, parallel-design, randomized, double-masked study was conducted to compare the efficacy and safety of 2% dorzolamide with those of 0.5% betaxolol in the treatment of elevated intraocular pressure (i.o.p). A total of 311 adults with ocular hypertension or open-angle glaucoma were randomly allocated to receive either 2% dorzolamide administered topically TID or 0.5% betaxolol administered topically BID plus placebo administered topically QD for 12 weeks. After the washout of previous ocular hypotensive drugs, patients with IOP &gt; or = 23 mm Hg in at least one eye at 10 AM or 4 PM on study day 1 were randomly allocated to receive one of the study treatments. Throughout the study, IOP was measured 2 and 8 hours after instillation of study medication for the morning peak effect (hour 2) and afternoon trough effect (hour 8). After 12 weeks of therapy, the mean change in IOP was not significantly different between the dorzolamide and betaxolol treatment groups at hour 8 (-3.6 mm Hg in both groups) or hour 2 (-5.4 vs -5.3 mm Hg, respectively). The differences between treatments (and 95% CIs associated with these differences) in mean IOP changes from baseline were 0.02 mm Hg (-0.870 to 0.901) for hour 8 and -0.14 mm Hg (-0.959 to 0.685) for hour 2. The ocular adverse experience (AE) most frequently reported by patients was ocular burning and/or stinging, and the most frequently reported nonocular AEs were taste perversion, upper respiratory infection, and headache. Only the incidence of taste perversion was significantly different between treatment groups (14.6% for the dorzolamide group and 0.0% for the betaxolol group). Two percent of patients in each treatment group discontinued the study due to AEs. This study confirmed the similar IOP-lowering effect of 2% dorzolamide and 0.5% betaxolol. Both treatments were generally well tolerated, and their safety profiles were similar.</AbstractText>
            </Abstract>
            <AuthorList CompleteYN="Y">
                <Author ValidYN="Y">
                    <LastName>Rusk</LastName>
                    <ForeName>C</ForeName>
                    <Initials>C</Initials>
                    <AffiliationInfo>
                        <Affiliation>Merck Research Laboratories, Blue Bell, Pennsylvania, USA.</Affiliation>
                    </AffiliationInfo>
                </Author>
                <Author ValidYN="Y">
                    <LastName>Sharpe</LastName>
                    <ForeName>E</ForeName>
                    <Initials>E</Initials>
                </Author>
                <Author ValidYN="Y">
                    <LastName>Laurence</LastName>
                    <ForeName>J</ForeName>
                    <Initials>J</Initials>
                </Author>
                <Author ValidYN="Y">
                    <LastName>Polis</LastName>
                    <ForeName>A</ForeName>
                    <Initials>A</Initials>
                </Author>
                <Author ValidYN="Y">
                    <LastName>Adamsons</LastName>
                    <ForeName>I</ForeName>
                    <Initials>I</Initials>
                </Author>
            </AuthorList>
            <Language>eng</Language>
            <PublicationTypeList>
                <PublicationType UI="D016430">Clinical Trial</PublicationType>
                <PublicationType UI="D003160">Comparative Study</PublicationType>
                <PublicationType UI="D016428">Journal Article</PublicationType>
                <PublicationType UI="D016448">Multicenter Study</PublicationType>
                <PublicationType UI="D016449">Randomized Controlled Trial</PublicationType>
                <PublicationType UI="D013485">Research Support, Non-U.S. Gov't</PublicationType>
            </PublicationTypeList>
        </Article>
        <MedlineJournalInfo>
            <Country>United States</Country>
            <MedlineTA>Clin Ther</MedlineTA>
            <NlmUniqueID>7706726</NlmUniqueID>
            <ISSNLinking>0149-2918</ISSNLinking>
        </MedlineJournalInfo>
        <ChemicalList>
            <Chemical>
                <RegistryNumber>0</RegistryNumber>
                <NameOfSubstance UI="D000319">Adrenergic beta-Antagonists</NameOfSubstance>
            </Chemical>
            <Chemical>
                <RegistryNumber>0</RegistryNumber>
                <NameOfSubstance UI="D002257">Carbonic Anhydrase Inhibitors</NameOfSubstance>
            </Chemical>
            <Chemical>
                <RegistryNumber>0</RegistryNumber>
                <NameOfSubstance UI="D013449">Sulfonamides</NameOfSubstance>
            </Chemical>
            <Chemical>
                <RegistryNumber>0</RegistryNumber>
                <NameOfSubstance UI="D013876">Thiophenes</NameOfSubstance>
            </Chemical>
            <Chemical>
                <RegistryNumber>9JDX055TW1</RegistryNumber>
                <NameOfSubstance UI="C062765">dorzolamide</NameOfSubstance>
            </Chemical>
            <Chemical>
                <RegistryNumber>O0ZR1R6RZ2</RegistryNumber>
                <NameOfSubstance UI="D015784">Betaxolol</NameOfSubstance>
            </Chemical>
        </ChemicalList>
        <CitationSubset>IM</CitationSubset>
        <MeshHeadingList>
            <MeshHeading>
                <DescriptorName UI="D000319" MajorTopicYN="N">Adrenergic beta-Antagonists</DescriptorName>
                <QualifierName UI="Q000627" MajorTopicYN="Y">therapeutic use</QualifierName>
            </MeshHeading>
            <MeshHeading>
                <DescriptorName UI="D000328" MajorTopicYN="N">Adult</DescriptorName>
            </MeshHeading>
            <MeshHeading>
                <DescriptorName UI="D015784" MajorTopicYN="N">Betaxolol</DescriptorName>
                <QualifierName UI="Q000627" MajorTopicYN="Y">therapeutic use</QualifierName>
            </MeshHeading>
            <MeshHeading>
                <DescriptorName UI="D002257" MajorTopicYN="N">Carbonic Anhydrase Inhibitors</DescriptorName>
                <QualifierName UI="Q000009" MajorTopicYN="N">adverse effects</QualifierName>
                <QualifierName UI="Q000627" MajorTopicYN="Y">therapeutic use</QualifierName>
            </MeshHeading>
            <MeshHeading>
                <DescriptorName UI="D004311" MajorTopicYN="N">Double-Blind Method</DescriptorName>
            </MeshHeading>
            <MeshHeading>
                <DescriptorName UI="D005260" MajorTopicYN="N">Female</DescriptorName>
            </MeshHeading>
            <MeshHeading>
                <DescriptorName UI="D005901" MajorTopicYN="N">Glaucoma</DescriptorName>
                <QualifierName UI="Q000188" MajorTopicYN="N">drug therapy</QualifierName>
            </MeshHeading>
            <MeshHeading>
                <DescriptorName UI="D006801" MajorTopicYN="N">Humans</DescriptorName>
            </MeshHeading>
            <MeshHeading>
                <DescriptorName UI="D007429" MajorTopicYN="N">Intraocular Pressure</DescriptorName>
                <QualifierName UI="Q000187" MajorTopicYN="N">drug effects</QualifierName>
            </MeshHeading>
            <MeshHeading>
                <DescriptorName UI="D008297" MajorTopicYN="N">Male</DescriptorName>
            </MeshHeading>
            <MeshHeading>
                <DescriptorName UI="D009798" MajorTopicYN="N">Ocular Hypertension</DescriptorName>
                <QualifierName UI="Q000188" MajorTopicYN="Y">drug therapy</QualifierName>
                <QualifierName UI="Q000503" MajorTopicYN="N">physiopathology</QualifierName>
            </MeshHeading>
            <MeshHeading>
                <DescriptorName UI="D013449" MajorTopicYN="N">Sulfonamides</DescriptorName>
                <QualifierName UI="Q000009" MajorTopicYN="N">adverse effects</QualifierName>
                <QualifierName UI="Q000627" MajorTopicYN="Y">therapeutic use</QualifierName>
            </MeshHeading>
            <MeshHeading>
                <DescriptorName UI="D013876" MajorTopicYN="N">Thiophenes</DescriptorName>
                <QualifierName UI="Q000009" MajorTopicYN="N">adverse effects</QualifierName>
                <QualifierName UI="Q000627" MajorTopicYN="Y">therapeutic use</QualifierName>
            </MeshHeading>
        </MeshHeadingList>
    </MedlineCitation>
    <PubmedData>
        <History>
            <PubMedPubDate PubStatus="pubmed">
                <Year>1998</Year>
                <Month>7</Month>
                <Day>15</Day>
            </PubMedPubDate>
            <PubMedPubDate PubStatus="medline">
                <Year>1998</Year>
                <Month>7</Month>
                <Day>15</Day>
                <Hour>0</Hour>
                <Minute>1</Minute>
            </PubMedPubDate>
            <PubMedPubDate PubStatus="entrez">
                <Year>1998</Year>
                <Month>7</Month>
                <Day>15</Day>
                <Hour>0</Hour>
                <Minute>0</Minute>
            </PubMedPubDate>
        </History>
        <PublicationStatus>ppublish</PublicationStatus>
        <ArticleIdList>
            <ArticleId IdType="pubmed">9663361</ArticleId>
            <ArticleId IdType="pii">S0149291898800556</ArticleId>
            <ArticleId IdType="doi">10.1016/s0149-2918(98)80055-6</ArticleId>
        </ArticleIdList>
    </PubmedData>
</PubmedArticle>

</PubmedArticleSet>