<?xml version="1.0" ?>
<!DOCTYPE PubmedArticleSet PUBLIC "-//NLM//DTD PubMedArticle, 1st January 2019//EN" "https://dtd.nlm.nih.gov/ncbi/pubmed/out/pubmed_190101.dtd">
<PubmedArticleSet>
<PubmedArticle>
    <MedlineCitation Status="MEDLINE" Owner="NLM">
        <PMID Version="1">10080213</PMID>
        <DateCompleted>
            <Year>1999</Year>
            <Month>03</Month>
            <Day>18</Day>
        </DateCompleted>
        <DateRevised>
            <Year>2018</Year>
            <Month>12</Month>
            <Day>01</Day>
        </DateRevised>
        <Article PubModel="Print">
            <Journal>
                <ISSN IssnType="Print">0161-6420</ISSN>
                <JournalIssue CitedMedium="Print">
                    <Volume>106</Volume>
                    <Issue>3</Issue>
                    <PubDate>
                        <Year>1999</Year>
                        <Month>Mar</Month>
                    </PubDate>
                </JournalIssue>
                <Title>Ophthalmology</Title>
                <ISOAbbreviation>Ophthalmology</ISOAbbreviation>
            </Journal>
            <ArticleTitle>A 12-month, randomized, double-masked study comparing latanoprost with timolol in pigmentary glaucoma.</ArticleTitle>
            <Pagination>
                <MedlinePgn>550-5</MedlinePgn>
            </Pagination>
            <Abstract>
                <AbstractText Label="OBJECTIVE" NlmCategory="OBJECTIVE">To compare the efficacy and side effects and the effect on aqueous humor dynamics of 0.005% latanoprost applied topically once daily with 0.5% timolol given twice daily for 12 months to patients with pigmentary glaucoma.</AbstractText>
                <AbstractText Label="DESIGN" NlmCategory="METHODS">Prospective, randomized, double-masked, clinical study.</AbstractText>
                <AbstractText Label="PARTICIPANTS" NlmCategory="METHODS">Thirty-six patients affected with bilateral pigmentary glaucoma controlled with no more than a single hypotensive medication were enrolled in the study.</AbstractText>
                <AbstractText Label="INTERVENTION" NlmCategory="METHODS">The sample population was randomly divided into 2 age- and gender-matched groups each of 18 patients. Group 1 received 0.005% latanoprost eyedrops once daily and the vehicle (placebo) once daily; group 2 was assigned to timolol 0.5% eyedrops twice daily.</AbstractText>
                <AbstractText Label="MAIN OUTCOME MEASURES" NlmCategory="METHODS">Diurnal curves of intraocular pressure (IOP) were performed on the baseline day and after 0.5, 3, 6, and 12 months of treatment. The IOP measurements were performed at 8:00 AM, 12:00 noon, 4:00 PM, and 8:00 PM. Outflow facility (&quot;C&quot;) was measured on the baseline day and on the last day of the study with a Schiotz electronic tonometer. A two-tailed Student's t test for paired or unpaired data was used for statistical evaluation of differences between treatment and baseline values or between the latanoprost and timolol group. Diurnal IOP measurements were compared hour by hour. Mean values of the two eyes IOP and &quot;C&quot; were used for analysis.</AbstractText>
                <AbstractText Label="RESULTS" NlmCategory="RESULTS">Compared with baseline measurements, both latanoprost and timolol caused a significant (P &lt; 0.001) reduction of IOP at each hour of diurnal curve throughout the duration of therapy. Reduction of IOP was 6.0 +/- 4.5 and 5.9 +/- 4.6 with latanoprost and 4.8 +/- 3.0 and 4.6 +/- 3.1 with timolol after 6 and 12 months, respectively. Comparison of mean diurnal measurements with latanoprost and timolol showed a statistical significant (P &lt; 0.001) difference at 3, 6, and 12 months. Mean &quot;C&quot; was found to be significantly enhanced (+30%) only in the latanoprost-treated group compared with the baseline (P = 0.017). Mean conjunctival hyperemia was graded at 0.3 in latanoprost-treated eyes and 0.2 in timolol-treated eyes. A remarkable change in iris color was observed in both eyes of 1 of the 18 patients treated with latanoprost and none of the 18 patients who received timolol. Darkening of the peripheral iris stroma was suspected in two patients treated with latanoprost. In the timolol group, heart rate was significantly reduced from 72 +/- 9 at baseline to 67 +/- 10 beats per minute at 12 months.</AbstractText>
                <AbstractText Label="CONCLUSIONS" NlmCategory="CONCLUSIONS">Although further studies may need to confirm these data on a larger sample and to evaluate the side effect of increased iris pigmentation on long-term follow-up, in patients with pigmentary glaucoma, 0.005% latanoprost taken once daily was well tolerated and more effective in reducing IOP than 0.5% timolol taken twice daily.</AbstractText>
            </Abstract>
            <AuthorList CompleteYN="Y">
                <Author ValidYN="Y">
                    <LastName>Mastropasqua</LastName>
                    <ForeName>L</ForeName>
                    <Initials>L</Initials>
                    <AffiliationInfo>
                        <Affiliation>Institute of Ophthalmology and Legal Medicine University G. D'Annunzio, Chieti, Italy.</Affiliation>
                    </AffiliationInfo>
                </Author>
                <Author ValidYN="Y">
                    <LastName>Carpineto</LastName>
                    <ForeName>P</ForeName>
                    <Initials>P</Initials>
                </Author>
                <Author ValidYN="Y">
                    <LastName>Ciancaglini</LastName>
                    <ForeName>M</ForeName>
                    <Initials>M</Initials>
                </Author>
                <Author ValidYN="Y">
                    <LastName>Gallenga</LastName>
                    <ForeName>P E</ForeName>
                    <Initials>PE</Initials>
                </Author>
            </AuthorList>
            <Language>eng</Language>
            <PublicationTypeList>
                <PublicationType UI="D016430">Clinical Trial</PublicationType>
                <PublicationType UI="D003160">Comparative Study</PublicationType>
                <PublicationType UI="D016428">Journal Article</PublicationType>
                <PublicationType UI="D016449">Randomized Controlled Trial</PublicationType>
            </PublicationTypeList>
        </Article>
        <MedlineJournalInfo>
            <Country>United States</Country>
            <MedlineTA>Ophthalmology</MedlineTA>
            <NlmUniqueID>7802443</NlmUniqueID>
            <ISSNLinking>0161-6420</ISSNLinking>
        </MedlineJournalInfo>
        <ChemicalList>
            <Chemical>
                <RegistryNumber>0</RegistryNumber>
                <NameOfSubstance UI="D009883">Ophthalmic Solutions</NameOfSubstance>
            </Chemical>
            <Chemical>
                <RegistryNumber>0</RegistryNumber>
                <NameOfSubstance UI="D011461">Prostaglandins F, Synthetic</NameOfSubstance>
            </Chemical>
            <Chemical>
                <RegistryNumber>6Z5B6HVF6O</RegistryNumber>
                <NameOfSubstance UI="D000077338">Latanoprost</NameOfSubstance>
            </Chemical>
            <Chemical>
                <RegistryNumber>817W3C6175</RegistryNumber>
                <NameOfSubstance UI="D013999">Timolol</NameOfSubstance>
            </Chemical>
        </ChemicalList>
        <CitationSubset>IM</CitationSubset>
        <MeshHeadingList>
            <MeshHeading>
                <DescriptorName UI="D000287" MajorTopicYN="N">Administration, Topical</DescriptorName>
            </MeshHeading>
            <MeshHeading>
                <DescriptorName UI="D000328" MajorTopicYN="N">Adult</DescriptorName>
            </MeshHeading>
            <MeshHeading>
                <DescriptorName UI="D001082" MajorTopicYN="N">Aqueous Humor</DescriptorName>
                <QualifierName UI="Q000378" MajorTopicYN="N">metabolism</QualifierName>
            </MeshHeading>
            <MeshHeading>
                <DescriptorName UI="D004311" MajorTopicYN="N">Double-Blind Method</DescriptorName>
            </MeshHeading>
            <MeshHeading>
                <DescriptorName UI="D004334" MajorTopicYN="N">Drug Administration Schedule</DescriptorName>
            </MeshHeading>
            <MeshHeading>
                <DescriptorName UI="D005260" MajorTopicYN="N">Female</DescriptorName>
            </MeshHeading>
            <MeshHeading>
                <DescriptorName UI="D005902" MajorTopicYN="N">Glaucoma, Open-Angle</DescriptorName>
                <QualifierName UI="Q000188" MajorTopicYN="Y">drug therapy</QualifierName>
                <QualifierName UI="Q000378" MajorTopicYN="N">metabolism</QualifierName>
            </MeshHeading>
            <MeshHeading>
                <DescriptorName UI="D006339" MajorTopicYN="N">Heart Rate</DescriptorName>
                <QualifierName UI="Q000187" MajorTopicYN="N">drug effects</QualifierName>
            </MeshHeading>
            <MeshHeading>
                <DescriptorName UI="D006801" MajorTopicYN="N">Humans</DescriptorName>
            </MeshHeading>
            <MeshHeading>
                <DescriptorName UI="D007429" MajorTopicYN="N">Intraocular Pressure</DescriptorName>
                <QualifierName UI="Q000187" MajorTopicYN="N">drug effects</QualifierName>
            </MeshHeading>
            <MeshHeading>
                <DescriptorName UI="D007499" MajorTopicYN="N">Iris Diseases</DescriptorName>
                <QualifierName UI="Q000139" MajorTopicYN="N">chemically induced</QualifierName>
            </MeshHeading>
            <MeshHeading>
                <DescriptorName UI="D000077338" MajorTopicYN="N">Latanoprost</DescriptorName>
            </MeshHeading>
            <MeshHeading>
                <DescriptorName UI="D008297" MajorTopicYN="N">Male</DescriptorName>
            </MeshHeading>
            <MeshHeading>
                <DescriptorName UI="D008875" MajorTopicYN="N">Middle Aged</DescriptorName>
            </MeshHeading>
            <MeshHeading>
                <DescriptorName UI="D009883" MajorTopicYN="N">Ophthalmic Solutions</DescriptorName>
                <QualifierName UI="Q000009" MajorTopicYN="N">adverse effects</QualifierName>
                <QualifierName UI="Q000627" MajorTopicYN="N">therapeutic use</QualifierName>
            </MeshHeading>
            <MeshHeading>
                <DescriptorName UI="D010859" MajorTopicYN="N">Pigmentation Disorders</DescriptorName>
                <QualifierName UI="Q000139" MajorTopicYN="N">chemically induced</QualifierName>
            </MeshHeading>
            <MeshHeading>
                <DescriptorName UI="D011446" MajorTopicYN="N">Prospective Studies</DescriptorName>
            </MeshHeading>
            <MeshHeading>
                <DescriptorName UI="D011461" MajorTopicYN="N">Prostaglandins F, Synthetic</DescriptorName>
                <QualifierName UI="Q000009" MajorTopicYN="N">adverse effects</QualifierName>
                <QualifierName UI="Q000627" MajorTopicYN="Y">therapeutic use</QualifierName>
            </MeshHeading>
            <MeshHeading>
                <DescriptorName UI="D013999" MajorTopicYN="N">Timolol</DescriptorName>
                <QualifierName UI="Q000009" MajorTopicYN="N">adverse effects</QualifierName>
                <QualifierName UI="Q000627" MajorTopicYN="Y">therapeutic use</QualifierName>
            </MeshHeading>
        </MeshHeadingList>
    </MedlineCitation>
    <PubmedData>
        <History>
            <PubMedPubDate PubStatus="pubmed">
                <Year>1999</Year>
                <Month>3</Month>
                <Day>18</Day>
            </PubMedPubDate>
            <PubMedPubDate PubStatus="medline">
                <Year>1999</Year>
                <Month>3</Month>
                <Day>18</Day>
                <Hour>0</Hour>
                <Minute>1</Minute>
            </PubMedPubDate>
            <PubMedPubDate PubStatus="entrez">
                <Year>1999</Year>
                <Month>3</Month>
                <Day>18</Day>
                <Hour>0</Hour>
                <Minute>0</Minute>
            </PubMedPubDate>
        </History>
        <PublicationStatus>ppublish</PublicationStatus>
        <ArticleIdList>
            <ArticleId IdType="pubmed">10080213</ArticleId>
            <ArticleId IdType="pii">S0161-6420(99)90115-X</ArticleId>
            <ArticleId IdType="doi">10.1016/S0161-6420(99)90115-X</ArticleId>
        </ArticleIdList>
    </PubmedData>
</PubmedArticle>

</PubmedArticleSet>