<?xml version="1.0" ?>
<!DOCTYPE PubmedArticleSet PUBLIC "-//NLM//DTD PubMedArticle, 1st January 2019//EN" "https://dtd.nlm.nih.gov/ncbi/pubmed/out/pubmed_190101.dtd">
<PubmedArticleSet>
<PubmedArticle>
    <MedlineCitation Status="MEDLINE" Owner="NLM">
        <PMID Version="1">15921747</PMID>
        <DateCompleted>
            <Year>2005</Year>
            <Month>07</Month>
            <Day>18</Day>
        </DateCompleted>
        <DateRevised>
            <Year>2013</Year>
            <Month>11</Month>
            <Day>21</Day>
        </DateRevised>
        <Article PubModel="Print">
            <Journal>
                <ISSN IssnType="Electronic">1549-4713</ISSN>
                <JournalIssue CitedMedium="Internet">
                    <Volume>112</Volume>
                    <Issue>7</Issue>
                    <PubDate>
                        <Year>2005</Year>
                        <Month>Jul</Month>
                    </PubDate>
                </JournalIssue>
                <Title>Ophthalmology</Title>
                <ISOAbbreviation>Ophthalmology</ISOAbbreviation>
            </Journal>
            <ArticleTitle>Intraocular pressure-lowering effects of all commonly used glaucoma drugs: a meta-analysis of randomized clinical trials.</ArticleTitle>
            <Pagination>
                <MedlinePgn>1177-85</MedlinePgn>
            </Pagination>
            <Abstract>
                <AbstractText Label="OBJECTIVE" NlmCategory="OBJECTIVE">To estimate the intraocular pressure (IOP) reduction achieved by the most frequently prescribed glaucoma drugs and a placebo in a meta-analysis of randomized clinical trials.</AbstractText>
                <AbstractText Label="DESIGN" NlmCategory="METHODS">Meta-analysis of randomized clinical trials.</AbstractText>
                <AbstractText Label="PARTICIPANTS" NlmCategory="METHODS">Twenty-seven articles reporting on 28 randomized clinical trials. These articles reported 6953 participants for the trough and 6841 for the peak.</AbstractText>
                <AbstractText Label="METHODS" NlmCategory="METHODS">Articles published up to December 2003 were identified in the following data sources: Medline, Embase, and the Cochrane Controlled Trials Register, and references from relevant articles. Over 85% of the patients had to be diagnosed with primary open-angle glaucoma (POAG) or ocular hypertension (OH), and articles had to be written in English, German, French, or Dutch. Quality of trials was assessed by a Delphi list with additions. The pooled 1-month IOP-lowering effect from baseline at peak and trough was calculated by performing meta-analysis using the random effects model.</AbstractText>
                <AbstractText Label="MAIN OUTCOME MEASURES" NlmCategory="METHODS">Absolute and relative change in IOP from baseline, for peak and trough moments.</AbstractText>
                <AbstractText Label="RESULTS" NlmCategory="RESULTS">Relative IOP reductions from baseline [mean (95% confidence interval)] were -23% (-25% to -22%) for a peak and -20% (-23% to -17%) for a trough for 0.5% betaxolol; peak, -27% (-29% to -25%), and trough, -26% (-28% to -25%), for 0.5% timolol; peak, -22% (-24% to -20%), and trough, -17% (-19% to -15%), for 2.0% dorzolamide; peak, -17% (-19% to -15%), and trough, -17% (-19% to -15%) for 1.0% brinzolamide; peak, -25% (-28% to -22%), and trough, -18% (-21% to -14%) for 0.2% brimonidine; peak, -31% (-33% to -29%), and trough, -28% (-30% to -26%) for 0.005% latanoprost; peak, -31% (-32% to -29%), and trough, -29% (-32% to -25%) for 0.004% travoprost; peak, -33% (-35% to -31%), and trough, -28% (-29% to -27%) for 0.03% bimatoprost; and peak, -5% (-9% to -1%), and trough, -5% (-10% to -0%) for the placebo. The difference in absolute IOP reduction from baseline between timolol and prostaglandin analogs or prostamide varied from -0.4 to 0.1 mmHg at trough and from 1.0 to 1.5 mmHg at peak. Quality scores of included studies were generally high, a mean of 14.2 on a scale from 0 to 20 (interquartile range, 13-16).</AbstractText>
                <AbstractText Label="CONCLUSION" NlmCategory="CONCLUSIONS">This meta-analysis suggests that bimatoprost, travoprost, latanoprost, and timolol are the most effective intraocular pressure-reducing agents in POAG and OH patients.</AbstractText>
            </Abstract>
            <AuthorList CompleteYN="Y">
                <Author ValidYN="Y">
                    <LastName>van der Valk</LastName>
                    <ForeName>Rikkert</ForeName>
                    <Initials>R</Initials>
                    <AffiliationInfo>
                        <Affiliation>Department of Epidemiology, Maastricht University, Maastricht, The Netherlands.</Affiliation>
                    </AffiliationInfo>
                </Author>
                <Author ValidYN="Y">
                    <LastName>Webers</LastName>
                    <ForeName>Carroll A B</ForeName>
                    <Initials>CA</Initials>
                </Author>
                <Author ValidYN="Y">
                    <LastName>Schouten</LastName>
                    <ForeName>Jan S A G</ForeName>
                    <Initials>JS</Initials>
                </Author>
                <Author ValidYN="Y">
                    <LastName>Zeegers</LastName>
                    <ForeName>Maurice P</ForeName>
                    <Initials>MP</Initials>
                </Author>
                <Author ValidYN="Y">
                    <LastName>Hendrikse</LastName>
                    <ForeName>Fred</ForeName>
                    <Initials>F</Initials>
                </Author>
                <Author ValidYN="Y">
                    <LastName>Prins</LastName>
                    <ForeName>Martin H</ForeName>
                    <Initials>MH</Initials>
                </Author>
            </AuthorList>
            <Language>eng</Language>
            <PublicationTypeList>
                <PublicationType UI="D003160">Comparative Study</PublicationType>
                <PublicationType UI="D016428">Journal Article</PublicationType>
                <PublicationType UI="D017418">Meta-Analysis</PublicationType>
                <PublicationType UI="D013485">Research Support, Non-U.S. Gov't</PublicationType>
            </PublicationTypeList>
        </Article>
        <MedlineJournalInfo>
            <Country>United States</Country>
            <MedlineTA>Ophthalmology</MedlineTA>
            <NlmUniqueID>7802443</NlmUniqueID>
            <ISSNLinking>0161-6420</ISSNLinking>
        </MedlineJournalInfo>
        <ChemicalList>
            <Chemical>
                <RegistryNumber>0</RegistryNumber>
                <NameOfSubstance UI="D000316">Adrenergic alpha-Agonists</NameOfSubstance>
            </Chemical>
            <Chemical>
                <RegistryNumber>0</RegistryNumber>
                <NameOfSubstance UI="D000319">Adrenergic beta-Antagonists</NameOfSubstance>
            </Chemical>
            <Chemical>
                <RegistryNumber>0</RegistryNumber>
                <NameOfSubstance UI="D000959">Antihypertensive Agents</NameOfSubstance>
            </Chemical>
            <Chemical>
                <RegistryNumber>0</RegistryNumber>
                <NameOfSubstance UI="D011465">Prostaglandins, Synthetic</NameOfSubstance>
            </Chemical>
            <Chemical>
                <RegistryNumber>817W3C6175</RegistryNumber>
                <NameOfSubstance UI="D013999">Timolol</NameOfSubstance>
            </Chemical>
        </ChemicalList>
        <CitationSubset>IM</CitationSubset>
        <MeshHeadingList>
            <MeshHeading>
                <DescriptorName UI="D000316" MajorTopicYN="N">Adrenergic alpha-Agonists</DescriptorName>
                <QualifierName UI="Q000627" MajorTopicYN="N">therapeutic use</QualifierName>
            </MeshHeading>
            <MeshHeading>
                <DescriptorName UI="D000319" MajorTopicYN="N">Adrenergic beta-Antagonists</DescriptorName>
                <QualifierName UI="Q000627" MajorTopicYN="N">therapeutic use</QualifierName>
            </MeshHeading>
            <MeshHeading>
                <DescriptorName UI="D000959" MajorTopicYN="N">Antihypertensive Agents</DescriptorName>
                <QualifierName UI="Q000627" MajorTopicYN="Y">therapeutic use</QualifierName>
            </MeshHeading>
            <MeshHeading>
                <DescriptorName UI="D011307" MajorTopicYN="N">Drug Prescriptions</DescriptorName>
                <QualifierName UI="Q000706" MajorTopicYN="N">statistics &amp; numerical data</QualifierName>
            </MeshHeading>
            <MeshHeading>
                <DescriptorName UI="D005902" MajorTopicYN="N">Glaucoma, Open-Angle</DescriptorName>
                <QualifierName UI="Q000188" MajorTopicYN="Y">drug therapy</QualifierName>
            </MeshHeading>
            <MeshHeading>
                <DescriptorName UI="D006801" MajorTopicYN="N">Humans</DescriptorName>
            </MeshHeading>
            <MeshHeading>
                <DescriptorName UI="D007429" MajorTopicYN="N">Intraocular Pressure</DescriptorName>
                <QualifierName UI="Q000187" MajorTopicYN="Y">drug effects</QualifierName>
            </MeshHeading>
            <MeshHeading>
                <DescriptorName UI="D009798" MajorTopicYN="N">Ocular Hypertension</DescriptorName>
                <QualifierName UI="Q000188" MajorTopicYN="N">drug therapy</QualifierName>
            </MeshHeading>
            <MeshHeading>
                <DescriptorName UI="D011465" MajorTopicYN="N">Prostaglandins, Synthetic</DescriptorName>
                <QualifierName UI="Q000627" MajorTopicYN="N">therapeutic use</QualifierName>
            </MeshHeading>
            <MeshHeading>
                <DescriptorName UI="D016032" MajorTopicYN="N">Randomized Controlled Trials as Topic</DescriptorName>
            </MeshHeading>
            <MeshHeading>
                <DescriptorName UI="D013999" MajorTopicYN="N">Timolol</DescriptorName>
                <QualifierName UI="Q000627" MajorTopicYN="N">therapeutic use</QualifierName>
            </MeshHeading>
        </MeshHeadingList>
    </MedlineCitation>
    <PubmedData>
        <History>
            <PubMedPubDate PubStatus="received">
                <Year>2004</Year>
                <Month>10</Month>
                <Day>08</Day>
            </PubMedPubDate>
            <PubMedPubDate PubStatus="accepted">
                <Year>2005</Year>
                <Month>01</Month>
                <Day>11</Day>
            </PubMedPubDate>
            <PubMedPubDate PubStatus="pubmed">
                <Year>2005</Year>
                <Month>6</Month>
                <Day>1</Day>
                <Hour>9</Hour>
                <Minute>0</Minute>
            </PubMedPubDate>
            <PubMedPubDate PubStatus="medline">
                <Year>2005</Year>
                <Month>7</Month>
                <Day>19</Day>
                <Hour>9</Hour>
                <Minute>0</Minute>
            </PubMedPubDate>
            <PubMedPubDate PubStatus="entrez">
                <Year>2005</Year>
                <Month>6</Month>
                <Day>1</Day>
                <Hour>9</Hour>
                <Minute>0</Minute>
            </PubMedPubDate>
        </History>
        <PublicationStatus>ppublish</PublicationStatus>
        <ArticleIdList>
            <ArticleId IdType="pubmed">15921747</ArticleId>
            <ArticleId IdType="pii">S0161-6420(05)00286-1</ArticleId>
            <ArticleId IdType="doi">10.1016/j.ophtha.2005.01.042</ArticleId>
        </ArticleIdList>
    </PubmedData>
</PubmedArticle>

</PubmedArticleSet>