<?xml version="1.0" ?>
<!DOCTYPE PubmedArticleSet PUBLIC "-//NLM//DTD PubMedArticle, 1st January 2019//EN" "https://dtd.nlm.nih.gov/ncbi/pubmed/out/pubmed_190101.dtd">
<PubmedArticleSet>
<PubmedArticle>
    <MedlineCitation Status="MEDLINE" Owner="NLM">
        <PMID Version="1">28218404</PMID>
        <DateCompleted>
            <Year>2017</Year>
            <Month>06</Month>
            <Day>01</Day>
        </DateCompleted>
        <DateRevised>
            <Year>2020</Year>
            <Month>04</Month>
            <Day>15</Day>
        </DateRevised>
        <Article PubModel="Electronic">
            <Journal>
                <ISSN IssnType="Electronic">1469-493X</ISSN>
                <JournalIssue CitedMedium="Internet">
                    <Volume>2</Volume>
                    <PubDate>
                        <Year>2017</Year>
                        <Month>02</Month>
                        <Day>20</Day>
                    </PubDate>
                </JournalIssue>
                <Title>The Cochrane database of systematic reviews</Title>
                <ISOAbbreviation>Cochrane Database Syst Rev</ISOAbbreviation>
            </Journal>
            <ArticleTitle>Topical medication instillation techniques for glaucoma.</ArticleTitle>
            <Pagination>
                <MedlinePgn>CD010520</MedlinePgn>
            </Pagination>
            <ELocationID EIdType="doi" ValidYN="Y">10.1002/14651858.CD010520.pub2</ELocationID>
            <Abstract>
                <AbstractText Label="BACKGROUND">Glaucoma is a leading cause of irreversible blindness worldwide and the second most common cause of blindness after cataracts. The primary treatment for glaucoma aims to lower intraocular pressure (IOP) with the use of topical medicines. Topical medication instillation techniques, such as eyelid closure and nasolacrimal occlusion when instilling drops, have been proposed as potential methods to increase ocular absorption and decrease systemic absorption of the drops.</AbstractText>
                <AbstractText Label="OBJECTIVES">To investigate the effectiveness of topical medication instillation techniques compared with usual care or another method of instillation of topical medication in the management of glaucoma or ocular hypertension.</AbstractText>
                <AbstractText Label="SEARCH METHODS">We searched the Cochrane Central Register of Controlled Trials (CENTRAL) (which contains the Cochrane Eyes and Vision Trials Register) (2016, Issue 12), MEDLINE Ovid (1946 to 8 December 2016), Embase Ovid (1947 to 8 December 2016), PubMed (1948 to 8 December 2016), LILACS (Latin American and Caribbean Health Sciences Literature Database) (1982 to 8 December 2016), International Pharmaceutical Abstracts Database (1970 to 8 December 2016), the metaRegister of Controlled Trials (mRCT) (www.controlled-trials.com) (last searched 13 May 2013), ClinicalTrials.gov (www.clinicaltrials.gov) (searched 8 December 2016) and the WHO International Clinical Trials Registry Platform (ICTRP) (www.who.int/ictrp/search/en) (searched 8 December 2016). We did not use any date or language restrictions in the electronic searches for trials.</AbstractText>
                <AbstractText Label="SELECTION CRITERIA">We included randomized controlled trials which had compared any topical medication instillation technique with usual care or a different method of instillation of topical medication.</AbstractText>
                <AbstractText Label="DATA COLLECTION AND ANALYSIS">Two review authors independently screened records from the searches for eligibility, assessed the risk of bias, and extracted data. We followed methods recommended by Cochrane.</AbstractText>
                <AbstractText Label="MAIN RESULTS">We identified two trials (122 eyes of 61 participants) that had evaluated a topical medication instillation technique. We also identified two ongoing trials. Both included trials used a within-person design and administered prostaglandin monotherapy for glaucoma or ocular hypertension. Because the trials evaluated different instillation techniques and assessed different outcomes, we performed no meta-analysis.One trial, conducted in the US, evaluated the effect of eyelid closure (one and three minutes) versus no eyelid closure on lowering IOP. At one to two weeks' follow-up, reduction in IOP was similar in the eyelid closure group and the no eyelid closure group (mean difference (MD) -0.33 mmHg, 95% confidence interval (CI) -0.8 to 1.5; 51 participants; moderate-certainty evidence).The second trial, conducted in Italy, evaluated the effect of using an absorbent cloth to wipe excess fluid after instillation (fluid removal) versus not using an absorbent cloth (no removal) on reducing dermatologic adverse events. At four months' follow-up, eyelashes were shorter among eyes in the fluid removal group compared with the no fluid removal group (MD -1.70 mm, 95% CI -3.46 to 0.06; 10 participants; low-certainty evidence). Fewer eyes showed skin hyperpigmentation in the eyelid region towards the nose in the fluid removal group compared with the no removal group (RR 0.07, 95% CI 0.01 to 0.84; 10 participants; low-certainty evidence); however, the difference was uncertain in the eyelid region towards the temples (RR 0.44, 95% CI 0.07 to 2.66; 10 participants; low-certainty evidence). The effect hypertrichosis (excessive hair growth) was uncertain between groups (RR 1.00, 95% CI 0.17 to 5.98; 10 participants; low-certainty evidence).Neither trial reported other outcomes specified for this review, including the proportion of participants with IOP less than 21 mmHg; participant-reported outcomes related to the ease, convenience, and comfort of instillation techniques; physiologic measurements of systemic absorption; escalation of therapy; mean change in visual fields; optic nerve progression; mean change in best-corrected visual acuity; proportion in whom glaucoma developed; quality of life outcomes; or cost-effectiveness outcomes. Neither trial reported data at follow-up times of more than four months.</AbstractText>
                <AbstractText Label="AUTHORS' CONCLUSIONS">Evidence to evaluate the effectiveness of topical medication instillation techniques for treatment of glaucoma is lacking. It is unclear what, if any, effects instillation techniques have on topical medical therapy for glaucoma.</AbstractText>
            </Abstract>
            <AuthorList CompleteYN="Y">
                <Author ValidYN="Y">
                    <LastName>Xu</LastName>
                    <ForeName>Li</ForeName>
                    <Initials>L</Initials>
                    <AffiliationInfo>
                        <Affiliation>Hainan Provincial Key Laboratory of Ophthalmology, Hainan Eye Hospital, Zhongshan Ophthalmic Center, Haikou, Hainan Province, China.</Affiliation>
                    </AffiliationInfo>
                </Author>
                <Author ValidYN="Y">
                    <LastName>Wang</LastName>
                    <ForeName>Xuemei</ForeName>
                    <Initials>X</Initials>
                    <AffiliationInfo>
                        <Affiliation>Health Policy and Management, Johns Hopkins Bloomberg School of Public Health, 624 N. Broadway St, Baltimore, Maryland, USA, 21205.</Affiliation>
                    </AffiliationInfo>
                </Author>
                <Author ValidYN="Y">
                    <LastName>Wu</LastName>
                    <ForeName>Meijing</ForeName>
                    <Initials>M</Initials>
                    <AffiliationInfo>
                        <Affiliation>Department of Neurological Surgery, Feinberg School of Medicine, Northwestern University, 303 E Superior Street, Chicago, Illinois, USA, 60611.</Affiliation>
                    </AffiliationInfo>
                </Author>
            </AuthorList>
            <Language>eng</Language>
            <GrantList CompleteYN="Y">
                <Grant>
                    <GrantID>U01 EY020522</GrantID>
                    <Acronym>EY</Acronym>
                    <Agency>NEI NIH HHS</Agency>
                    <Country>United States</Country>
                </Grant>
            </GrantList>
            <PublicationTypeList>
                <PublicationType UI="D016428">Journal Article</PublicationType>
                <PublicationType UI="D052061">Research Support, N.I.H., Extramural</PublicationType>
                <PublicationType UI="D013485">Research Support, Non-U.S. Gov't</PublicationType>
                <PublicationType UI="D016454">Review</PublicationType>
                <PublicationType UI="D000078182">Systematic Review</PublicationType>
            </PublicationTypeList>
            <ArticleDate DateType="Electronic">
                <Year>2017</Year>
                <Month>02</Month>
                <Day>20</Day>
            </ArticleDate>
        </Article>
        <MedlineJournalInfo>
            <Country>England</Country>
            <MedlineTA>Cochrane Database Syst Rev</MedlineTA>
            <NlmUniqueID>100909747</NlmUniqueID>
            <ISSNLinking>1361-6137</ISSNLinking>
        </MedlineJournalInfo>
        <ChemicalList>
            <Chemical>
                <RegistryNumber>0</RegistryNumber>
                <NameOfSubstance UI="D000959">Antihypertensive Agents</NameOfSubstance>
            </Chemical>
            <Chemical>
                <RegistryNumber>0</RegistryNumber>
                <NameOfSubstance UI="D009883">Ophthalmic Solutions</NameOfSubstance>
            </Chemical>
            <Chemical>
                <RegistryNumber>0</RegistryNumber>
                <NameOfSubstance UI="D011461">Prostaglandins F, Synthetic</NameOfSubstance>
            </Chemical>
            <Chemical>
                <RegistryNumber>6Z5B6HVF6O</RegistryNumber>
                <NameOfSubstance UI="D000077338">Latanoprost</NameOfSubstance>
            </Chemical>
            <Chemical>
                <RegistryNumber>QXS94885MZ</RegistryNumber>
                <NameOfSubstance UI="D000069580">Bimatoprost</NameOfSubstance>
            </Chemical>
            <Chemical>
                <RegistryNumber>WJ68R08KX9</RegistryNumber>
                <NameOfSubstance UI="D000069557">Travoprost</NameOfSubstance>
            </Chemical>
        </ChemicalList>
        <CitationSubset>IM</CitationSubset>
        <MeshHeadingList>
            <MeshHeading>
                <DescriptorName UI="D060433" MajorTopicYN="N">Administration, Ophthalmic</DescriptorName>
            </MeshHeading>
            <MeshHeading>
                <DescriptorName UI="D000959" MajorTopicYN="N">Antihypertensive Agents</DescriptorName>
                <QualifierName UI="Q000008" MajorTopicYN="Y">administration &amp; dosage</QualifierName>
                <QualifierName UI="Q000009" MajorTopicYN="N">adverse effects</QualifierName>
            </MeshHeading>
            <MeshHeading>
                <DescriptorName UI="D000069580" MajorTopicYN="N">Bimatoprost</DescriptorName>
                <QualifierName UI="Q000008" MajorTopicYN="N">administration &amp; dosage</QualifierName>
            </MeshHeading>
            <MeshHeading>
                <DescriptorName UI="D005140" MajorTopicYN="N">Eyelashes</DescriptorName>
                <QualifierName UI="Q000033" MajorTopicYN="N">anatomy &amp; histology</QualifierName>
                <QualifierName UI="Q000187" MajorTopicYN="N">drug effects</QualifierName>
            </MeshHeading>
            <MeshHeading>
                <DescriptorName UI="D005901" MajorTopicYN="N">Glaucoma</DescriptorName>
                <QualifierName UI="Q000188" MajorTopicYN="Y">drug therapy</QualifierName>
            </MeshHeading>
            <MeshHeading>
                <DescriptorName UI="D006801" MajorTopicYN="N">Humans</DescriptorName>
            </MeshHeading>
            <MeshHeading>
                <DescriptorName UI="D007429" MajorTopicYN="N">Intraocular Pressure</DescriptorName>
                <QualifierName UI="Q000187" MajorTopicYN="Y">drug effects</QualifierName>
            </MeshHeading>
            <MeshHeading>
                <DescriptorName UI="D000077338" MajorTopicYN="N">Latanoprost</DescriptorName>
            </MeshHeading>
            <MeshHeading>
                <DescriptorName UI="D009883" MajorTopicYN="N">Ophthalmic Solutions</DescriptorName>
                <QualifierName UI="Q000008" MajorTopicYN="N">administration &amp; dosage</QualifierName>
                <QualifierName UI="Q000009" MajorTopicYN="N">adverse effects</QualifierName>
            </MeshHeading>
            <MeshHeading>
                <DescriptorName UI="D011461" MajorTopicYN="N">Prostaglandins F, Synthetic</DescriptorName>
                <QualifierName UI="Q000008" MajorTopicYN="N">administration &amp; dosage</QualifierName>
            </MeshHeading>
            <MeshHeading>
                <DescriptorName UI="D016032" MajorTopicYN="N">Randomized Controlled Trials as Topic</DescriptorName>
            </MeshHeading>
            <MeshHeading>
                <DescriptorName UI="D000069557" MajorTopicYN="N">Travoprost</DescriptorName>
                <QualifierName UI="Q000008" MajorTopicYN="N">administration &amp; dosage</QualifierName>
            </MeshHeading>
        </MeshHeadingList>
    </MedlineCitation>
    <PubmedData>
        <History>
            <PubMedPubDate PubStatus="pubmed">
                <Year>2017</Year>
                <Month>2</Month>
                <Day>22</Day>
                <Hour>6</Hour>
                <Minute>0</Minute>
            </PubMedPubDate>
            <PubMedPubDate PubStatus="medline">
                <Year>2017</Year>
                <Month>6</Month>
                <Day>2</Day>
                <Hour>6</Hour>
                <Minute>0</Minute>
            </PubMedPubDate>
            <PubMedPubDate PubStatus="entrez">
                <Year>2017</Year>
                <Month>2</Month>
                <Day>21</Day>
                <Hour>6</Hour>
                <Minute>0</Minute>
            </PubMedPubDate>
        </History>
        <PublicationStatus>epublish</PublicationStatus>
        <ArticleIdList>
            <ArticleId IdType="pubmed">28218404</ArticleId>
            <ArticleId IdType="doi">10.1002/14651858.CD010520.pub2</ArticleId>
            <ArticleId IdType="pmc">PMC5419432</ArticleId>
            <ArticleId IdType="mid">NIHMS854905</ArticleId>
        </ArticleIdList>
        <ReferenceList>
            <Reference>
                <Citation>Clin Ther. 2001 Mar;23(3):440-50</Citation>
                <ArticleIdList>
                    <ArticleId IdType="pubmed">11318078</ArticleId>
                </ArticleIdList>
            </Reference>
            <Reference>
                <Citation>Ophthalmologica. 1975;171(2):157-64</Citation>
                <ArticleIdList>
                    <ArticleId IdType="pubmed">1153174</ArticleId>
                </ArticleIdList>
            </Reference>
            <Reference>
                <Citation>Ann Ophthalmol. 1975 Sep;7(9):1199-1204, 1207-9</Citation>
                <ArticleIdList>
                    <ArticleId IdType="pubmed">1163927</ArticleId>
                </ArticleIdList>
            </Reference>
            <Reference>
                <Citation>Clin Exp Ophthalmol. 2002 Aug;30(4):242-7</Citation>
                <ArticleIdList>
                    <ArticleId IdType="pubmed">12121361</ArticleId>
                </ArticleIdList>
            </Reference>
            <Reference>
                <Citation>Curr Eye Res. 2002 May;24(5):387-91</Citation>
                <ArticleIdList>
                    <ArticleId IdType="pubmed">12434307</ArticleId>
                </ArticleIdList>
            </Reference>
            <Reference>
                <Citation>Invest Ophthalmol Vis Sci. 2003 Sep;44(9):3783-9</Citation>
                <ArticleIdList>
                    <ArticleId IdType="pubmed">12939292</ArticleId>
                </ArticleIdList>
            </Reference>
            <Reference>
                <Citation>Am J Ophthalmol. 2003 Nov;136(5):805-13</Citation>
                <ArticleIdList>
                    <ArticleId IdType="pubmed">14597030</ArticleId>
                </ArticleIdList>
            </Reference>
            <Reference>
                <Citation>Arch Ophthalmol. 2004 Apr;122(4):477-85</Citation>
                <ArticleIdList>
                    <ArticleId IdType="pubmed">15078664</ArticleId>
                </ArticleIdList>
            </Reference>
            <Reference>
                <Citation>Drugs Aging. 2005;22(1):1-21</Citation>
                <ArticleIdList>
                    <ArticleId IdType="pubmed">15663346</ArticleId>
                </ArticleIdList>
            </Reference>
            <Reference>
                <Citation>Am J Health Syst Pharm. 2005 Apr 1;62(7):691-9</Citation>
                <ArticleIdList>
                    <ArticleId IdType="pubmed">15790795</ArticleId>
                </ArticleIdList>
            </Reference>
            <Reference>
                <Citation>Am J Ophthalmol. 1992 Jul 15;114(1):1-7</Citation>
                <ArticleIdList>
                    <ArticleId IdType="pubmed">1621773</ArticleId>
                </ArticleIdList>
            </Reference>
            <Reference>
                <Citation>Am J Ophthalmol. 1992 Jul 15;114(1):8-13</Citation>
                <ArticleIdList>
                    <ArticleId IdType="pubmed">1621789</ArticleId>
                </ArticleIdList>
            </Reference>
            <Reference>
                <Citation>J Pharm Sci. 1992 Mar;81(3):219-20</Citation>
                <ArticleIdList>
                    <ArticleId IdType="pubmed">1640356</ArticleId>
                </ArticleIdList>
            </Reference>
            <Reference>
                <Citation>Br J Ophthalmol. 2006 Mar;90(3):262-7</Citation>
                <ArticleIdList>
                    <ArticleId IdType="pubmed">16488940</ArticleId>
                </ArticleIdList>
            </Reference>
            <Reference>
                <Citation>J Med Libr Assoc. 2006 Apr;94(2):130-6</Citation>
                <ArticleIdList>
                    <ArticleId IdType="pubmed">16636704</ArticleId>
                </ArticleIdList>
            </Reference>
            <Reference>
                <Citation>Am J Ophthalmol. 2006 Dec;142(6):1059-60</Citation>
                <ArticleIdList>
                    <ArticleId IdType="pubmed">17157592</ArticleId>
                </ArticleIdList>
            </Reference>
            <Reference>
                <Citation>Bull Soc Belge Ophtalmol. 2007;(304):103-10</Citation>
                <ArticleIdList>
                    <ArticleId IdType="pubmed">17718234</ArticleId>
                </ArticleIdList>
            </Reference>
            <Reference>
                <Citation>Acta Ophthalmol Suppl. 1976;(127):5-31</Citation>
                <ArticleIdList>
                    <ArticleId IdType="pubmed">179266</ArticleId>
                </ArticleIdList>
            </Reference>
            <Reference>
                <Citation>Am J Manag Care. 2008 Feb;14(1 Suppl):S20-7</Citation>
                <ArticleIdList>
                    <ArticleId IdType="pubmed">18284312</ArticleId>
                </ArticleIdList>
            </Reference>
            <Reference>
                <Citation>Ther Clin Risk Manag. 2006 Jun;2(2):193-206</Citation>
                <ArticleIdList>
                    <ArticleId IdType="pubmed">18360593</ArticleId>
                </ArticleIdList>
            </Reference>
            <Reference>
                <Citation>Graefes Arch Clin Exp Ophthalmol. 2008 Oct;246(10):1485-90</Citation>
                <ArticleIdList>
                    <ArticleId IdType="pubmed">18575878</ArticleId>
                </ArticleIdList>
            </Reference>
            <Reference>
                <Citation>Surv Ophthalmol. 2008 Nov;53 Suppl1:S3-10</Citation>
                <ArticleIdList>
                    <ArticleId IdType="pubmed">19038621</ArticleId>
                </ArticleIdList>
            </Reference>
            <Reference>
                <Citation>Trans Am Ophthalmol Soc. 2008;106:138-45; discussion 145-8</Citation>
                <ArticleIdList>
                    <ArticleId IdType="pubmed">19277229</ArticleId>
                </ArticleIdList>
            </Reference>
            <Reference>
                <Citation>Ophthalmology. 2009 Dec;116(12):2286-93</Citation>
                <ArticleIdList>
                    <ArticleId IdType="pubmed">19815286</ArticleId>
                </ArticleIdList>
            </Reference>
            <Reference>
                <Citation>Ophthalmology. 2009 Dec;116(12):2271-6</Citation>
                <ArticleIdList>
                    <ArticleId IdType="pubmed">19854514</ArticleId>
                </ArticleIdList>
            </Reference>
            <Reference>
                <Citation>Eur J Ophthalmol. 2009 Nov-Dec;19(6):949-56</Citation>
                <ArticleIdList>
                    <ArticleId IdType="pubmed">19882583</ArticleId>
                </ArticleIdList>
            </Reference>
            <Reference>
                <Citation>Indian J Ophthalmol. 2011 Jan;59 Suppl:S19-23</Citation>
                <ArticleIdList>
                    <ArticleId IdType="pubmed">21150029</ArticleId>
                </ArticleIdList>
            </Reference>
            <Reference>
                <Citation>J Glaucoma. 2012 Mar;21(3):189-92</Citation>
                <ArticleIdList>
                    <ArticleId IdType="pubmed">21336146</ArticleId>
                </ArticleIdList>
            </Reference>
            <Reference>
                <Citation>Clin Exp Optom. 2011 Sep;94(5):438-42</Citation>
                <ArticleIdList>
                    <ArticleId IdType="pubmed">21342261</ArticleId>
                </ArticleIdList>
            </Reference>
            <Reference>
                <Citation>Br J Ophthalmol. 2012 Feb;96(2):250-3</Citation>
                <ArticleIdList>
                    <ArticleId IdType="pubmed">21515561</ArticleId>
                </ArticleIdList>
            </Reference>
            <Reference>
                <Citation>Ophthalmology. 2011 Dec;118(12):2398-402</Citation>
                <ArticleIdList>
                    <ArticleId IdType="pubmed">21856009</ArticleId>
                </ArticleIdList>
            </Reference>
            <Reference>
                <Citation>J Am Acad Dermatol. 2012 May;66(5):801-6</Citation>
                <ArticleIdList>
                    <ArticleId IdType="pubmed">21899919</ArticleId>
                </ArticleIdList>
            </Reference>
            <Reference>
                <Citation>Clin Exp Ophthalmol. 2012 May-Jun;40(4):341-9</Citation>
                <ArticleIdList>
                    <ArticleId IdType="pubmed">22356435</ArticleId>
                </ArticleIdList>
            </Reference>
            <Reference>
                <Citation>Ann Intern Med. 2012 Mar 6;156(5):367-77</Citation>
                <ArticleIdList>
                    <ArticleId IdType="pubmed">22393132</ArticleId>
                </ArticleIdList>
            </Reference>
            <Reference>
                <Citation>Acta Ophthalmol. 2013 Nov;91(7):610-8</Citation>
                <ArticleIdList>
                    <ArticleId IdType="pubmed">23025424</ArticleId>
                </ArticleIdList>
            </Reference>
            <Reference>
                <Citation>Ophthalmology. 2013 Mar;120(3):512-519</Citation>
                <ArticleIdList>
                    <ArticleId IdType="pubmed">23211636</ArticleId>
                </ArticleIdList>
            </Reference>
            <Reference>
                <Citation>Ophthalmology. 2014 Nov;121(11):2081-90</Citation>
                <ArticleIdList>
                    <ArticleId IdType="pubmed">24974815</ArticleId>
                </ArticleIdList>
            </Reference>
            <Reference>
                <Citation>Klin Monbl Augenheilkd. 2014 Aug;231(8):810-7</Citation>
                <ArticleIdList>
                    <ArticleId IdType="pubmed">25133559</ArticleId>
                </ArticleIdList>
            </Reference>
            <Reference>
                <Citation>PLoS One. 2014 Oct 16;9(10):e109400</Citation>
                <ArticleIdList>
                    <ArticleId IdType="pubmed">25329377</ArticleId>
                </ArticleIdList>
            </Reference>
            <Reference>
                <Citation>Lancet. 2015 Apr 4;385(9975):1295-304</Citation>
                <ArticleIdList>
                    <ArticleId IdType="pubmed">25533656</ArticleId>
                </ArticleIdList>
            </Reference>
            <Reference>
                <Citation>Indiana Med. 1989 Feb;82(2):105-7</Citation>
                <ArticleIdList>
                    <ArticleId IdType="pubmed">2563746</ArticleId>
                </ArticleIdList>
            </Reference>
            <Reference>
                <Citation>J Glaucoma. 2016 Jun;25(6):539-46</Citation>
                <ArticleIdList>
                    <ArticleId IdType="pubmed">26091178</ArticleId>
                </ArticleIdList>
            </Reference>
            <Reference>
                <Citation>J Glaucoma. 2016 Apr;25(4):e438-40</Citation>
                <ArticleIdList>
                    <ArticleId IdType="pubmed">26550965</ArticleId>
                </ArticleIdList>
            </Reference>
            <Reference>
                <Citation>Am J Ophthalmol. 1989 Feb 15;107(2):151-5</Citation>
                <ArticleIdList>
                    <ArticleId IdType="pubmed">2913809</ArticleId>
                </ArticleIdList>
            </Reference>
            <Reference>
                <Citation>J Clin Epidemiol. 1988;41(9):859-65</Citation>
                <ArticleIdList>
                    <ArticleId IdType="pubmed">3183692</ArticleId>
                </ArticleIdList>
            </Reference>
            <Reference>
                <Citation>J Ocul Pharmacol. 1986 Winter;2(1):67-108</Citation>
                <ArticleIdList>
                    <ArticleId IdType="pubmed">3332284</ArticleId>
                </ArticleIdList>
            </Reference>
            <Reference>
                <Citation>Exp Eye Res. 1988 Jan;46(1):59-69</Citation>
                <ArticleIdList>
                    <ArticleId IdType="pubmed">3342834</ArticleId>
                </ArticleIdList>
            </Reference>
            <Reference>
                <Citation>J Ocul Pharmacol. 1986 Fall;2(4):365-9</Citation>
                <ArticleIdList>
                    <ArticleId IdType="pubmed">3503120</ArticleId>
                </ArticleIdList>
            </Reference>
            <Reference>
                <Citation>Acta Ophthalmol (Copenh). 1979 Feb;57(1):55-62</Citation>
                <ArticleIdList>
                    <ArticleId IdType="pubmed">419977</ArticleId>
                </ArticleIdList>
            </Reference>
            <Reference>
                <Citation>Am J Optom Physiol Opt. 1982 Jun;59(6):523-8</Citation>
                <ArticleIdList>
                    <ArticleId IdType="pubmed">6125102</ArticleId>
                </ArticleIdList>
            </Reference>
            <Reference>
                <Citation>Surv Ophthalmol. 1984 Sep-Oct;29(2):117-28</Citation>
                <ArticleIdList>
                    <ArticleId IdType="pubmed">6505951</ArticleId>
                </ArticleIdList>
            </Reference>
            <Reference>
                <Citation>Ophthalmology. 1984 Nov;91(11):1361-3</Citation>
                <ArticleIdList>
                    <ArticleId IdType="pubmed">6514303</ArticleId>
                </ArticleIdList>
            </Reference>
            <Reference>
                <Citation>Can J Ophthalmol. 1984 Feb;19(1):2-5</Citation>
                <ArticleIdList>
                    <ArticleId IdType="pubmed">6608974</ArticleId>
                </ArticleIdList>
            </Reference>
            <Reference>
                <Citation>Am J Ophthalmol. 1983 Oct;96(4):552-3</Citation>
                <ArticleIdList>
                    <ArticleId IdType="pubmed">6624843</ArticleId>
                </ArticleIdList>
            </Reference>
            <Reference>
                <Citation>Surv Ophthalmol. 1983 Dec;28 Suppl:252-8</Citation>
                <ArticleIdList>
                    <ArticleId IdType="pubmed">6665702</ArticleId>
                </ArticleIdList>
            </Reference>
            <Reference>
                <Citation>Arch Ophthalmol. 1984 Apr;102(4):551-3</Citation>
                <ArticleIdList>
                    <ArticleId IdType="pubmed">6704011</ArticleId>
                </ArticleIdList>
            </Reference>
            <Reference>
                <Citation>Ann Ophthalmol. 1981 Jun;13(6):683-9</Citation>
                <ArticleIdList>
                    <ArticleId IdType="pubmed">7020551</ArticleId>
                </ArticleIdList>
            </Reference>
            <Reference>
                <Citation>Arch Ophthalmol. 1980 Dec;98(12):2163-71</Citation>
                <ArticleIdList>
                    <ArticleId IdType="pubmed">7447768</ArticleId>
                </ArticleIdList>
            </Reference>
            <Reference>
                <Citation>Pharm Res. 1994 Sep;11(9):1278-82</Citation>
                <ArticleIdList>
                    <ArticleId IdType="pubmed">7816756</ArticleId>
                </ArticleIdList>
            </Reference>
            <Reference>
                <Citation>J Assoc Acad Minor Phys. 1994;5(2):62-7</Citation>
                <ArticleIdList>
                    <ArticleId IdType="pubmed">8032178</ArticleId>
                </ArticleIdList>
            </Reference>
            <Reference>
                <Citation>Trans Am Ophthalmol Soc. 1976;74:457-87</Citation>
                <ArticleIdList>
                    <ArticleId IdType="pubmed">867636</ArticleId>
                </ArticleIdList>
            </Reference>
            <Reference>
                <Citation>Br J Ophthalmol. 1996 May;80(5):389-93</Citation>
                <ArticleIdList>
                    <ArticleId IdType="pubmed">8695555</ArticleId>
                </ArticleIdList>
            </Reference>
            <Reference>
                <Citation>Annu Rev Public Health. 1996;17:121-36</Citation>
                <ArticleIdList>
                    <ArticleId IdType="pubmed">8724220</ArticleId>
                </ArticleIdList>
            </Reference>
            <Reference>
                <Citation>Acta Ophthalmol Scand. 1996 Aug;74(4):411-3</Citation>
                <ArticleIdList>
                    <ArticleId IdType="pubmed">8883562</ArticleId>
                </ArticleIdList>
            </Reference>
            <Reference>
                <Citation>J Am Optom Assoc. 1996 Nov;67(11):664-8</Citation>
                <ArticleIdList>
                    <ArticleId IdType="pubmed">8979659</ArticleId>
                </ArticleIdList>
            </Reference>
            <Reference>
                <Citation>Prog Retin Eye Res. 1998 Jan;17(1):33-58</Citation>
                <ArticleIdList>
                    <ArticleId IdType="pubmed">9537794</ArticleId>
                </ArticleIdList>
            </Reference>
        </ReferenceList>
    </PubmedData>
</PubmedArticle>

</PubmedArticleSet>