<?xml version="1.0" ?>
<!DOCTYPE PubmedArticleSet PUBLIC "-//NLM//DTD PubMedArticle, 1st January 2019//EN" "https://dtd.nlm.nih.gov/ncbi/pubmed/out/pubmed_190101.dtd">
<PubmedArticleSet>
<PubmedArticle>
    <MedlineCitation Status="MEDLINE" Owner="NLM">
        <PMID Version="1">27960573</PMID>
        <DateCompleted>
            <Year>2018</Year>
            <Month>05</Month>
            <Day>25</Day>
        </DateCompleted>
        <DateRevised>
            <Year>2018</Year>
            <Month>12</Month>
            <Day>02</Day>
        </DateRevised>
        <Article PubModel="Print-Electronic">
            <Journal>
                <ISSN IssnType="Electronic">1744-5205</ISSN>
                <JournalIssue CitedMedium="Internet">
                    <Volume>33</Volume>
                    <Issue>3</Issue>
                    <PubDate>
                        <Year>2018</Year>
                    </PubDate>
                </JournalIssue>
                <Title>Seminars in ophthalmology</Title>
                <ISOAbbreviation>Semin Ophthalmol</ISOAbbreviation>
            </Journal>
            <ArticleTitle>Systematic Review of Knowledge Assessments for Glaucoma Patients.</ArticleTitle>
            <Pagination>
                <MedlinePgn>377-388</MedlinePgn>
            </Pagination>
            <ELocationID EIdType="doi" ValidYN="Y">10.1080/08820538.2016.1247180</ELocationID>
            <Abstract>
                <AbstractText>Glaucoma is a chronic eye disease affecting millions of people worldwide; it is frequently treated with daily eyedrop medications when patients are asymptomatic. Patient education is an essential feature for adherence to treatments. Developing useful patient education interventions is predicated on understanding what glaucoma patients know about their disease and identifying gaps in their knowledge. Thirteen studies that have measured and described glaucoma patient knowledge using questionnaires were identified from the literature, including cross-sectional studies of disease knowledge and studies evaluating the efficacy of an educational intervention, both randomized controlled and observational. All studies found significant knowledge gaps in glaucoma patients. Both the controlled studies and the observational studies supported the efficacy of various educational interventions for improving glaucoma knowledge.</AbstractText>
            </Abstract>
            <AuthorList CompleteYN="Y">
                <Author ValidYN="Y">
                    <LastName>Peralta</LastName>
                    <ForeName>Esteban</ForeName>
                    <Initials>E</Initials>
                    <AffiliationInfo>
                        <Affiliation>a Duke University , Durham , NC , USA.</Affiliation>
                    </AffiliationInfo>
                </Author>
                <Author ValidYN="Y">
                    <LastName>Muir</LastName>
                    <ForeName>Kelly W</ForeName>
                    <Initials>KW</Initials>
                    <AffiliationInfo>
                        <Affiliation>a Duke University , Durham , NC , USA.</Affiliation>
                    </AffiliationInfo>
                </Author>
                <Author ValidYN="Y">
                    <LastName>Rosdahl</LastName>
                    <ForeName>Jullia A</ForeName>
                    <Initials>JA</Initials>
                    <Identifier Source="ORCID">http://orcid.org/0000-0002-0103-2077</Identifier>
                    <AffiliationInfo>
                        <Affiliation>a Duke University , Durham , NC , USA.</Affiliation>
                    </AffiliationInfo>
                </Author>
            </AuthorList>
            <Language>eng</Language>
            <PublicationTypeList>
                <PublicationType UI="D016428">Journal Article</PublicationType>
                <PublicationType UI="D016454">Review</PublicationType>
                <PublicationType UI="D000078182">Systematic Review</PublicationType>
            </PublicationTypeList>
            <ArticleDate DateType="Electronic">
                <Year>2016</Year>
                <Month>12</Month>
                <Day>14</Day>
            </ArticleDate>
        </Article>
        <MedlineJournalInfo>
            <Country>England</Country>
            <MedlineTA>Semin Ophthalmol</MedlineTA>
            <NlmUniqueID>8610759</NlmUniqueID>
            <ISSNLinking>0882-0538</ISSNLinking>
        </MedlineJournalInfo>
        <CitationSubset>IM</CitationSubset>
        <MeshHeadingList>
            <MeshHeading>
                <DescriptorName UI="D003430" MajorTopicYN="N">Cross-Sectional Studies</DescriptorName>
            </MeshHeading>
            <MeshHeading>
                <DescriptorName UI="D005901" MajorTopicYN="Y">Glaucoma</DescriptorName>
                <QualifierName UI="Q000188" MajorTopicYN="N">drug therapy</QualifierName>
                <QualifierName UI="Q000209" MajorTopicYN="N">etiology</QualifierName>
            </MeshHeading>
            <MeshHeading>
                <DescriptorName UI="D007722" MajorTopicYN="Y">Health Knowledge, Attitudes, Practice</DescriptorName>
            </MeshHeading>
            <MeshHeading>
                <DescriptorName UI="D006801" MajorTopicYN="N">Humans</DescriptorName>
            </MeshHeading>
            <MeshHeading>
                <DescriptorName UI="D055118" MajorTopicYN="Y">Medication Adherence</DescriptorName>
                <QualifierName UI="Q000523" MajorTopicYN="N">psychology</QualifierName>
                <QualifierName UI="Q000706" MajorTopicYN="N">statistics &amp; numerical data</QualifierName>
            </MeshHeading>
            <MeshHeading>
                <DescriptorName UI="D010353" MajorTopicYN="N">Patient Education as Topic</DescriptorName>
                <QualifierName UI="Q000379" MajorTopicYN="N">methods</QualifierName>
            </MeshHeading>
            <MeshHeading>
                <DescriptorName UI="D057240" MajorTopicYN="N">Patient Preference</DescriptorName>
            </MeshHeading>
            <MeshHeading>
                <DescriptorName UI="D011788" MajorTopicYN="N">Quality of Life</DescriptorName>
            </MeshHeading>
        </MeshHeadingList>
        <KeywordList Owner="NOTNLM">
            <Keyword MajorTopicYN="N">Educational tool</Keyword>
            <Keyword MajorTopicYN="N">health education</Keyword>
            <Keyword MajorTopicYN="N">ophthalmology</Keyword>
            <Keyword MajorTopicYN="N">patient education</Keyword>
            <Keyword MajorTopicYN="N">questionnaire</Keyword>
            <Keyword MajorTopicYN="N">quiz</Keyword>
        </KeywordList>
    </MedlineCitation>
    <PubmedData>
        <History>
            <PubMedPubDate PubStatus="pubmed">
                <Year>2016</Year>
                <Month>12</Month>
                <Day>15</Day>
                <Hour>6</Hour>
                <Minute>0</Minute>
            </PubMedPubDate>
            <PubMedPubDate PubStatus="medline">
                <Year>2018</Year>
                <Month>5</Month>
                <Day>26</Day>
                <Hour>6</Hour>
                <Minute>0</Minute>
            </PubMedPubDate>
            <PubMedPubDate PubStatus="entrez">
                <Year>2016</Year>
                <Month>12</Month>
                <Day>15</Day>
                <Hour>6</Hour>
                <Minute>0</Minute>
            </PubMedPubDate>
        </History>
        <PublicationStatus>ppublish</PublicationStatus>
        <ArticleIdList>
            <ArticleId IdType="pubmed">27960573</ArticleId>
            <ArticleId IdType="doi">10.1080/08820538.2016.1247180</ArticleId>
        </ArticleIdList>
    </PubmedData>
</PubmedArticle>

</PubmedArticleSet>