<?xml version="1.0" ?>
<!DOCTYPE PubmedArticleSet PUBLIC "-//NLM//DTD PubMedArticle, 1st January 2019//EN" "https://dtd.nlm.nih.gov/ncbi/pubmed/out/pubmed_190101.dtd">
<PubmedArticleSet>
<PubmedArticle>
    <MedlineCitation Status="MEDLINE" Owner="NLM">
        <PMID Version="1">10823361</PMID>
        <DateCompleted>
            <Year>2000</Year>
            <Month>08</Month>
            <Day>24</Day>
        </DateCompleted>
        <DateRevised>
            <Year>2019</Year>
            <Month>09</Month>
            <Day>21</Day>
        </DateRevised>
        <Article PubModel="Print">
            <Journal>
                <ISSN IssnType="Print">0149-2918</ISSN>
                <JournalIssue CitedMedium="Print">
                    <Volume>22</Volume>
                    <Issue>4</Issue>
                    <PubDate>
                        <Year>2000</Year>
                        <Month>Apr</Month>
                    </PubDate>
                </JournalIssue>
                <Title>Clinical therapeutics</Title>
                <ISOAbbreviation>Clin Ther</ISOAbbreviation>
            </Journal>
            <ArticleTitle>Comparison of brimonidine with latanoprost in the adjunctive treatment of glaucoma. ALPHAGAN/XALATAN Study Group.</ArticleTitle>
            <Pagination>
                <MedlinePgn>388-99</MedlinePgn>
            </Pagination>
            <Abstract>
                <AbstractText Label="OBJECTIVE" NlmCategory="OBJECTIVE">This study compared brimonidine with latanoprost as adjunctive therapy for the treatment of open-angle glaucoma and ocular hypertension.</AbstractText>
                <AbstractText Label="BACKGROUND" NlmCategory="BACKGROUND">Patients with open-angle glaucoma or ocular hypertension often require &gt;1 medication to achieve control of intraocular pressure (IOP). Both brimonidine and latanoprost effectively lower IOP, but no previously reported clinical trials have directly compared these agents as adjunctive therapy.</AbstractText>
                <AbstractText Label="METHODS" NlmCategory="METHODS">This was a prospective, randomized, investigator-masked, multicenter, parallel-design clinical trial. Forty patients (69 study eyes) with uncontrolled IOP of &lt; or =34 mm Hg while using a topical beta-blocker plus dorzolamide or pilocarpine were randomly assigned to receive either brimonidine 0.2% BID or latanoprost 0.005% QD over 6 months as adjunctive therapy. Tolerability was assessed by reports of adverse events, and efficacy was determined by reduction in IOP from baseline. Clinical success was defined as the achievement of a &gt; or =15% reduction in IOP from baseline.</AbstractText>
                <AbstractText Label="RESULTS" NlmCategory="RESULTS">There were no significant between-group differences in any demographic variable. Most patients in each group were white, had open-angle glaucoma, and were being treated with a nonselective beta-blocker and dorzolamide. When brimonidine or latanoprost was used as an adjunctive agent with a beta-blocker and dorzolamide or pilocarpine, the rates of clinical success at month 1 were 85% (17/20 patients) with brimonidine versus 65% (13/20 patients) with latanoprost (P = 0.144). Overall mean IOP reduction at month 1 was 4.60+/-0.62 mm Hg (22.8%; P &lt; 0.001) with brimonidine and 3.43+/-0.62 mm Hg (17.2%; P &lt; 0.001) with latanoprost, with no significant differences between groups (P = 0.219). Among the patients with an inadequate IOP-lowering response (&lt;15% reduction from baseline), the mean IOP reduction was 0.36+/-0.66 mm Hg with latanoprost (n = 7) and 0.50+/-2.18 mm Hg with brimonidine (n = 3). Brimonidine and latanoprost had comparable IOP-lowering efficacy in patients receiving concomitant pilocarpine therapy (mean change in IOP of -4.23 mm Hg vs -3.75 mm Hg, P = 0.173). In patients concurrently treated with dorzolamide, brimonidine produced a mean change in IOP of -5.29 mm Hg, compared with a mean change of -3.21 mm Hg in the latanoprost group (P = 0.159). Both brimonidine and latanoprost were well tolerated. Few adverse events leading to discontinuation were observed with either drug regimen (n = 2 with brimonidine; n = 0 with latanoprost).</AbstractText>
                <AbstractText Label="CONCLUSIONS" NlmCategory="CONCLUSIONS">Both brimonidine 0.2% BID and latanoprost 0.005% QD were well-tolerated and reduced IOP in most patients when used as third-line adjunctive therapy. However, clinical success was achieved by 17 of 20 patients (85%) who received brimonidine, compared with 13 of 20 patients (65%) who received latanoprost (P = 0.144). These results suggest that brimonidine 0.2% BID may be more reliable than latanoprost 0.005% QD as adjunctive therapy for glaucoma and ocular hypertension.</AbstractText>
            </Abstract>
            <AuthorList CompleteYN="Y">
                <Author ValidYN="Y">
                    <LastName>Simmons</LastName>
                    <ForeName>S T</ForeName>
                    <Initials>ST</Initials>
                    <AffiliationInfo>
                        <Affiliation>The Center for Sight, Albany, New York 12204, USA.</Affiliation>
                    </AffiliationInfo>
                </Author>
                <Author ValidYN="Y">
                    <LastName>Samuelson</LastName>
                    <ForeName>T W</ForeName>
                    <Initials>TW</Initials>
                </Author>
            </AuthorList>
            <Language>eng</Language>
            <PublicationTypeList>
                <PublicationType UI="D016430">Clinical Trial</PublicationType>
                <PublicationType UI="D003160">Comparative Study</PublicationType>
                <PublicationType UI="D016428">Journal Article</PublicationType>
                <PublicationType UI="D016448">Multicenter Study</PublicationType>
                <PublicationType UI="D016449">Randomized Controlled Trial</PublicationType>
                <PublicationType UI="D013485">Research Support, Non-U.S. Gov't</PublicationType>
            </PublicationTypeList>
        </Article>
        <MedlineJournalInfo>
            <Country>United States</Country>
            <MedlineTA>Clin Ther</MedlineTA>
            <NlmUniqueID>7706726</NlmUniqueID>
            <ISSNLinking>0149-2918</ISSNLinking>
        </MedlineJournalInfo>
        <ChemicalList>
            <Chemical>
                <RegistryNumber>0</RegistryNumber>
                <NameOfSubstance UI="D000959">Antihypertensive Agents</NameOfSubstance>
            </Chemical>
            <Chemical>
                <RegistryNumber>0</RegistryNumber>
                <NameOfSubstance UI="D008916">Miotics</NameOfSubstance>
            </Chemical>
            <Chemical>
                <RegistryNumber>0</RegistryNumber>
                <NameOfSubstance UI="D011461">Prostaglandins F, Synthetic</NameOfSubstance>
            </Chemical>
            <Chemical>
                <RegistryNumber>0</RegistryNumber>
                <NameOfSubstance UI="D011810">Quinoxalines</NameOfSubstance>
            </Chemical>
            <Chemical>
                <RegistryNumber>0</RegistryNumber>
                <NameOfSubstance UI="D013449">Sulfonamides</NameOfSubstance>
            </Chemical>
            <Chemical>
                <RegistryNumber>0</RegistryNumber>
                <NameOfSubstance UI="D013876">Thiophenes</NameOfSubstance>
            </Chemical>
            <Chemical>
                <RegistryNumber>01MI4Q9DI3</RegistryNumber>
                <NameOfSubstance UI="D010862">Pilocarpine</NameOfSubstance>
            </Chemical>
            <Chemical>
                <RegistryNumber>4S9CL2DY2H</RegistryNumber>
                <NameOfSubstance UI="D000068438">Brimonidine Tartrate</NameOfSubstance>
            </Chemical>
            <Chemical>
                <RegistryNumber>6Z5B6HVF6O</RegistryNumber>
                <NameOfSubstance UI="D000077338">Latanoprost</NameOfSubstance>
            </Chemical>
            <Chemical>
                <RegistryNumber>9JDX055TW1</RegistryNumber>
                <NameOfSubstance UI="C062765">dorzolamide</NameOfSubstance>
            </Chemical>
        </ChemicalList>
        <CitationSubset>IM</CitationSubset>
        <MeshHeadingList>
            <MeshHeading>
                <DescriptorName UI="D000368" MajorTopicYN="N">Aged</DescriptorName>
            </MeshHeading>
            <MeshHeading>
                <DescriptorName UI="D000959" MajorTopicYN="N">Antihypertensive Agents</DescriptorName>
                <QualifierName UI="Q000009" MajorTopicYN="N">adverse effects</QualifierName>
                <QualifierName UI="Q000627" MajorTopicYN="Y">therapeutic use</QualifierName>
            </MeshHeading>
            <MeshHeading>
                <DescriptorName UI="D000068438" MajorTopicYN="N">Brimonidine Tartrate</DescriptorName>
            </MeshHeading>
            <MeshHeading>
                <DescriptorName UI="D018592" MajorTopicYN="N">Cross-Over Studies</DescriptorName>
            </MeshHeading>
            <MeshHeading>
                <DescriptorName UI="D004311" MajorTopicYN="N">Double-Blind Method</DescriptorName>
            </MeshHeading>
            <MeshHeading>
                <DescriptorName UI="D004359" MajorTopicYN="N">Drug Therapy, Combination</DescriptorName>
            </MeshHeading>
            <MeshHeading>
                <DescriptorName UI="D005260" MajorTopicYN="N">Female</DescriptorName>
            </MeshHeading>
            <MeshHeading>
                <DescriptorName UI="D005902" MajorTopicYN="N">Glaucoma, Open-Angle</DescriptorName>
                <QualifierName UI="Q000188" MajorTopicYN="Y">drug therapy</QualifierName>
                <QualifierName UI="Q000503" MajorTopicYN="N">physiopathology</QualifierName>
            </MeshHeading>
            <MeshHeading>
                <DescriptorName UI="D006801" MajorTopicYN="N">Humans</DescriptorName>
            </MeshHeading>
            <MeshHeading>
                <DescriptorName UI="D007429" MajorTopicYN="N">Intraocular Pressure</DescriptorName>
                <QualifierName UI="Q000187" MajorTopicYN="N">drug effects</QualifierName>
            </MeshHeading>
            <MeshHeading>
                <DescriptorName UI="D000077338" MajorTopicYN="N">Latanoprost</DescriptorName>
            </MeshHeading>
            <MeshHeading>
                <DescriptorName UI="D008297" MajorTopicYN="N">Male</DescriptorName>
            </MeshHeading>
            <MeshHeading>
                <DescriptorName UI="D008875" MajorTopicYN="N">Middle Aged</DescriptorName>
            </MeshHeading>
            <MeshHeading>
                <DescriptorName UI="D008916" MajorTopicYN="N">Miotics</DescriptorName>
                <QualifierName UI="Q000627" MajorTopicYN="N">therapeutic use</QualifierName>
            </MeshHeading>
            <MeshHeading>
                <DescriptorName UI="D009798" MajorTopicYN="N">Ocular Hypertension</DescriptorName>
                <QualifierName UI="Q000188" MajorTopicYN="Y">drug therapy</QualifierName>
                <QualifierName UI="Q000503" MajorTopicYN="N">physiopathology</QualifierName>
            </MeshHeading>
            <MeshHeading>
                <DescriptorName UI="D010862" MajorTopicYN="N">Pilocarpine</DescriptorName>
                <QualifierName UI="Q000627" MajorTopicYN="N">therapeutic use</QualifierName>
            </MeshHeading>
            <MeshHeading>
                <DescriptorName UI="D011446" MajorTopicYN="N">Prospective Studies</DescriptorName>
            </MeshHeading>
            <MeshHeading>
                <DescriptorName UI="D011461" MajorTopicYN="N">Prostaglandins F, Synthetic</DescriptorName>
                <QualifierName UI="Q000009" MajorTopicYN="N">adverse effects</QualifierName>
                <QualifierName UI="Q000627" MajorTopicYN="Y">therapeutic use</QualifierName>
            </MeshHeading>
            <MeshHeading>
                <DescriptorName UI="D011810" MajorTopicYN="N">Quinoxalines</DescriptorName>
                <QualifierName UI="Q000009" MajorTopicYN="N">adverse effects</QualifierName>
                <QualifierName UI="Q000627" MajorTopicYN="Y">therapeutic use</QualifierName>
            </MeshHeading>
            <MeshHeading>
                <DescriptorName UI="D013449" MajorTopicYN="N">Sulfonamides</DescriptorName>
                <QualifierName UI="Q000627" MajorTopicYN="N">therapeutic use</QualifierName>
            </MeshHeading>
            <MeshHeading>
                <DescriptorName UI="D013876" MajorTopicYN="N">Thiophenes</DescriptorName>
                <QualifierName UI="Q000627" MajorTopicYN="N">therapeutic use</QualifierName>
            </MeshHeading>
            <MeshHeading>
                <DescriptorName UI="D016896" MajorTopicYN="N">Treatment Outcome</DescriptorName>
            </MeshHeading>
        </MeshHeadingList>
    </MedlineCitation>
    <PubmedData>
        <History>
            <PubMedPubDate PubStatus="pubmed">
                <Year>2000</Year>
                <Month>5</Month>
                <Day>24</Day>
                <Hour>9</Hour>
                <Minute>0</Minute>
            </PubMedPubDate>
            <PubMedPubDate PubStatus="medline">
                <Year>2000</Year>
                <Month>8</Month>
                <Day>29</Day>
                <Hour>11</Hour>
                <Minute>1</Minute>
            </PubMedPubDate>
            <PubMedPubDate PubStatus="entrez">
                <Year>2000</Year>
                <Month>5</Month>
                <Day>24</Day>
                <Hour>9</Hour>
                <Minute>0</Minute>
            </PubMedPubDate>
        </History>
        <PublicationStatus>ppublish</PublicationStatus>
        <ArticleIdList>
            <ArticleId IdType="pubmed">10823361</ArticleId>
            <ArticleId IdType="pii">S0149291800890086</ArticleId>
            <ArticleId IdType="doi">10.1016/s0149-2918(00)89008-6</ArticleId>
        </ArticleIdList>
    </PubmedData>
</PubmedArticle>

</PubmedArticleSet>