<?xml version="1.0" ?>
<!DOCTYPE PubmedArticleSet PUBLIC "-//NLM//DTD PubMedArticle, 1st January 2019//EN" "https://dtd.nlm.nih.gov/ncbi/pubmed/out/pubmed_190101.dtd">
<PubmedArticleSet>
<PubmedArticle>
    <MedlineCitation Status="MEDLINE" Owner="NLM">
        <PMID Version="1">11336939</PMID>
        <DateCompleted>
            <Year>2001</Year>
            <Month>05</Month>
            <Day>24</Day>
        </DateCompleted>
        <DateRevised>
            <Year>2019</Year>
            <Month>12</Month>
            <Day>10</Day>
        </DateRevised>
        <Article PubModel="Print">
            <Journal>
                <ISSN IssnType="Print">0002-9394</ISSN>
                <JournalIssue CitedMedium="Print">
                    <Volume>131</Volume>
                    <Issue>5</Issue>
                    <PubDate>
                        <Year>2001</Year>
                        <Month>May</Month>
                    </PubDate>
                </JournalIssue>
                <Title>American journal of ophthalmology</Title>
                <ISOAbbreviation>Am J Ophthalmol</ISOAbbreviation>
            </Journal>
            <ArticleTitle>The efficacy and safety of latanoprost 0.005% once daily versus brimonidine 0.2% twice daily in open-angle glaucoma or ocular hypertension.</ArticleTitle>
            <Pagination>
                <MedlinePgn>631-5</MedlinePgn>
            </Pagination>
            <Abstract>
                <AbstractText Label="PURPOSE" NlmCategory="OBJECTIVE">To evaluate the efficacy and safety of latanoprost 0.005% given topically every evening versus brimonidine 0.2% given topically twice daily in primary open-angle glaucoma or ocular hypertensive patients.</AbstractText>
                <AbstractText Label="METHODS" NlmCategory="METHODS">This was a multicenter, crossover, double-masked comparison. After a 28-day treatment-free period, patients with primary open-angle glaucoma or ocular hypertension were randomized for 6 weeks to brimonidine or latanoprost and then crossed over to the opposite treatment. At baseline and after each treatment period, patients underwent intraocular pressure measurements every 2 hours from 08:00 to 20:00.</AbstractText>
                <AbstractText Label="RESULTS" NlmCategory="RESULTS">In 33 patients the mean baseline trough (08:00) was 23.2 +/- 2.1 mm Hg and the diurnal curve pressure was 19.8 +/- 2.7 mm Hg. The trough and diurnal intraocular pressures for brimonidine were 19.6 +/- 3.4 mm Hg and 17.6 +/- 2.2 mm Hg, respectively. Brimonidine statistically reduced the pressure from baseline at each time point except hours 10 and 12 (P =.14 and P =.21, respectively). For latanoprost, the trough and diurnal pressures were 16.2 +/- 2.9 mm Hg and 15.4 +/- 2.5 mm Hg, respectively, and the pressure was statistically reduced at each time point (P &lt;.001) and for the diurnal curve (P &lt;.001). When compared directly, the intraocular pressure level for latanoprost was lower than brimonidine for the diurnal pressure and at each time point (P &lt;.05). One patient was discontinued early from latanoprost treatment because of eyelid swelling; also, latanoprost caused more hyperemia than brimonidine (P =.04).</AbstractText>
                <AbstractText Label="CONCLUSION" NlmCategory="CONCLUSIONS">This study suggests latanoprost dosed daily in the evening statistically reduces intraocular pressure more during daytime and evening hours than brimonidine dosed twice daily. Brimonidine may not consistently decrease the pressure 10 and 12 hours past dosing from nontreated levels.</AbstractText>
            </Abstract>
            <AuthorList CompleteYN="Y">
                <Author ValidYN="Y">
                    <LastName>Stewart</LastName>
                    <ForeName>W C</ForeName>
                    <Initials>WC</Initials>
                    <AffiliationInfo>
                        <Affiliation>Pharmaceutical Research Corporation, Charleston, South Carolina 29412-2464, USA. pharm@quik.com</Affiliation>
                    </AffiliationInfo>
                </Author>
                <Author ValidYN="Y">
                    <LastName>Day</LastName>
                    <ForeName>D G</ForeName>
                    <Initials>DG</Initials>
                </Author>
                <Author ValidYN="Y">
                    <LastName>Stewart</LastName>
                    <ForeName>J A</ForeName>
                    <Initials>JA</Initials>
                </Author>
                <Author ValidYN="Y">
                    <LastName>Schuhr</LastName>
                    <ForeName>J</ForeName>
                    <Initials>J</Initials>
                </Author>
                <Author ValidYN="Y">
                    <LastName>Latham</LastName>
                    <ForeName>K E</ForeName>
                    <Initials>KE</Initials>
                </Author>
            </AuthorList>
            <Language>eng</Language>
            <PublicationTypeList>
                <PublicationType UI="D016430">Clinical Trial</PublicationType>
                <PublicationType UI="D003160">Comparative Study</PublicationType>
                <PublicationType UI="D023362">Evaluation Study</PublicationType>
                <PublicationType UI="D016428">Journal Article</PublicationType>
                <PublicationType UI="D016448">Multicenter Study</PublicationType>
                <PublicationType UI="D016449">Randomized Controlled Trial</PublicationType>
                <PublicationType UI="D013485">Research Support, Non-U.S. Gov't</PublicationType>
            </PublicationTypeList>
        </Article>
        <MedlineJournalInfo>
            <Country>United States</Country>
            <MedlineTA>Am J Ophthalmol</MedlineTA>
            <NlmUniqueID>0370500</NlmUniqueID>
            <ISSNLinking>0002-9394</ISSNLinking>
        </MedlineJournalInfo>
        <ChemicalList>
            <Chemical>
                <RegistryNumber>0</RegistryNumber>
                <NameOfSubstance UI="D000316">Adrenergic alpha-Agonists</NameOfSubstance>
            </Chemical>
            <Chemical>
                <RegistryNumber>0</RegistryNumber>
                <NameOfSubstance UI="D009883">Ophthalmic Solutions</NameOfSubstance>
            </Chemical>
            <Chemical>
                <RegistryNumber>0</RegistryNumber>
                <NameOfSubstance UI="D011461">Prostaglandins F, Synthetic</NameOfSubstance>
            </Chemical>
            <Chemical>
                <RegistryNumber>0</RegistryNumber>
                <NameOfSubstance UI="D011810">Quinoxalines</NameOfSubstance>
            </Chemical>
            <Chemical>
                <RegistryNumber>4S9CL2DY2H</RegistryNumber>
                <NameOfSubstance UI="D000068438">Brimonidine Tartrate</NameOfSubstance>
            </Chemical>
            <Chemical>
                <RegistryNumber>6Z5B6HVF6O</RegistryNumber>
                <NameOfSubstance UI="D000077338">Latanoprost</NameOfSubstance>
            </Chemical>
        </ChemicalList>
        <CitationSubset>AIM</CitationSubset>
        <CitationSubset>IM</CitationSubset>
        <MeshHeadingList>
            <MeshHeading>
                <DescriptorName UI="D000316" MajorTopicYN="N">Adrenergic alpha-Agonists</DescriptorName>
                <QualifierName UI="Q000008" MajorTopicYN="Y">administration &amp; dosage</QualifierName>
                <QualifierName UI="Q000009" MajorTopicYN="N">adverse effects</QualifierName>
            </MeshHeading>
            <MeshHeading>
                <DescriptorName UI="D000068438" MajorTopicYN="N">Brimonidine Tartrate</DescriptorName>
            </MeshHeading>
            <MeshHeading>
                <DescriptorName UI="D018592" MajorTopicYN="N">Cross-Over Studies</DescriptorName>
            </MeshHeading>
            <MeshHeading>
                <DescriptorName UI="D004311" MajorTopicYN="N">Double-Blind Method</DescriptorName>
            </MeshHeading>
            <MeshHeading>
                <DescriptorName UI="D004334" MajorTopicYN="N">Drug Administration Schedule</DescriptorName>
            </MeshHeading>
            <MeshHeading>
                <DescriptorName UI="D004341" MajorTopicYN="N">Drug Evaluation</DescriptorName>
            </MeshHeading>
            <MeshHeading>
                <DescriptorName UI="D005260" MajorTopicYN="N">Female</DescriptorName>
            </MeshHeading>
            <MeshHeading>
                <DescriptorName UI="D005902" MajorTopicYN="N">Glaucoma, Open-Angle</DescriptorName>
                <QualifierName UI="Q000188" MajorTopicYN="Y">drug therapy</QualifierName>
            </MeshHeading>
            <MeshHeading>
                <DescriptorName UI="D006801" MajorTopicYN="N">Humans</DescriptorName>
            </MeshHeading>
            <MeshHeading>
                <DescriptorName UI="D007429" MajorTopicYN="N">Intraocular Pressure</DescriptorName>
                <QualifierName UI="Q000187" MajorTopicYN="Y">drug effects</QualifierName>
            </MeshHeading>
            <MeshHeading>
                <DescriptorName UI="D000077338" MajorTopicYN="N">Latanoprost</DescriptorName>
            </MeshHeading>
            <MeshHeading>
                <DescriptorName UI="D008297" MajorTopicYN="N">Male</DescriptorName>
            </MeshHeading>
            <MeshHeading>
                <DescriptorName UI="D008875" MajorTopicYN="N">Middle Aged</DescriptorName>
            </MeshHeading>
            <MeshHeading>
                <DescriptorName UI="D009798" MajorTopicYN="N">Ocular Hypertension</DescriptorName>
                <QualifierName UI="Q000188" MajorTopicYN="N">drug therapy</QualifierName>
            </MeshHeading>
            <MeshHeading>
                <DescriptorName UI="D009883" MajorTopicYN="N">Ophthalmic Solutions</DescriptorName>
            </MeshHeading>
            <MeshHeading>
                <DescriptorName UI="D011461" MajorTopicYN="N">Prostaglandins F, Synthetic</DescriptorName>
                <QualifierName UI="Q000008" MajorTopicYN="Y">administration &amp; dosage</QualifierName>
                <QualifierName UI="Q000009" MajorTopicYN="N">adverse effects</QualifierName>
            </MeshHeading>
            <MeshHeading>
                <DescriptorName UI="D011810" MajorTopicYN="N">Quinoxalines</DescriptorName>
                <QualifierName UI="Q000008" MajorTopicYN="Y">administration &amp; dosage</QualifierName>
                <QualifierName UI="Q000009" MajorTopicYN="N">adverse effects</QualifierName>
            </MeshHeading>
            <MeshHeading>
                <DescriptorName UI="D012449" MajorTopicYN="N">Safety</DescriptorName>
            </MeshHeading>
            <MeshHeading>
                <DescriptorName UI="D016896" MajorTopicYN="N">Treatment Outcome</DescriptorName>
            </MeshHeading>
        </MeshHeadingList>
    </MedlineCitation>
    <PubmedData>
        <History>
            <PubMedPubDate PubStatus="pubmed">
                <Year>2001</Year>
                <Month>5</Month>
                <Day>5</Day>
                <Hour>10</Hour>
                <Minute>0</Minute>
            </PubMedPubDate>
            <PubMedPubDate PubStatus="medline">
                <Year>2001</Year>
                <Month>5</Month>
                <Day>26</Day>
                <Hour>10</Hour>
                <Minute>1</Minute>
            </PubMedPubDate>
            <PubMedPubDate PubStatus="entrez">
                <Year>2001</Year>
                <Month>5</Month>
                <Day>5</Day>
                <Hour>10</Hour>
                <Minute>0</Minute>
            </PubMedPubDate>
        </History>
        <PublicationStatus>ppublish</PublicationStatus>
        <ArticleIdList>
            <ArticleId IdType="pubmed">11336939</ArticleId>
            <ArticleId IdType="pii">S0002939400009028</ArticleId>
            <ArticleId IdType="doi">10.1016/s0002-9394(00)00902-8</ArticleId>
        </ArticleIdList>
    </PubmedData>
</PubmedArticle>

</PubmedArticleSet>