<?xml version="1.0" ?>
<!DOCTYPE PubmedArticleSet PUBLIC "-//NLM//DTD PubMedArticle, 1st January 2019//EN" "https://dtd.nlm.nih.gov/ncbi/pubmed/out/pubmed_190101.dtd">
<PubmedArticleSet>
<PubmedArticle>
    <MedlineCitation Status="MEDLINE" Owner="NLM">
        <PMID Version="1">12386077</PMID>
        <DateCompleted>
            <Year>2002</Year>
            <Month>12</Month>
            <Day>13</Day>
        </DateCompleted>
        <DateRevised>
            <Year>2019</Year>
            <Month>05</Month>
            <Day>01</Day>
        </DateRevised>
        <Article PubModel="Print">
            <Journal>
                <ISSN IssnType="Print">0007-1161</ISSN>
                <JournalIssue CitedMedium="Print">
                    <Volume>86</Volume>
                    <Issue>11</Issue>
                    <PubDate>
                        <Year>2002</Year>
                        <Month>Nov</Month>
                    </PubDate>
                </JournalIssue>
                <Title>The British journal of ophthalmology</Title>
                <ISOAbbreviation>Br J Ophthalmol</ISOAbbreviation>
            </Journal>
            <ArticleTitle>Effect of latanoprost 0.005% and brimonidine tartrate 0.2% on pulsatile ocular blood flow in normal tension glaucoma.</ArticleTitle>
            <Pagination>
                <MedlinePgn>1236-9</MedlinePgn>
            </Pagination>
            <Abstract>
                <AbstractText Label="AIM" NlmCategory="OBJECTIVE">To determine the effect of brimonidine tartrate 0.2% and latanoprost 0.005% on pulsatile ocular blood flow (POBF) in patients with normal tension glaucoma (NTG).</AbstractText>
                <AbstractText Label="METHOD" NlmCategory="METHODS">NTG patients with progressive optic neuropathy, new disc haemorrhage, or field defects that threatened fixation were enrolled into a randomised, investigator masked, crossover study. Group I patients received 4 weeks each of latanoprost, lubricant, and brimonidine, while group II patients received 4 weeks each of brimonidine, lubricant, and latanoprost. Diurnal POBF was measured at baseline and after each 4 week treatment.</AbstractText>
                <AbstractText Label="RESULTS" NlmCategory="RESULTS">25 patients completed the study and had reliable POBF measurement at each visit. There was no significant diurnal change in baseline POBF (p = 0.768). Latanoprost increased POBF by 213 (SD 257) micro l/min (22.8%, p &lt;0.001) while brimonidine increased it by 97 (183) micro l/min (10.4%, p = 0.014). POBF increased at 8 am (p = 0.004), 12 noon (p = 0.002), and 4 pm (p &lt;0.001) with latanoprost, while it increased only at 8 am (p = 0.016) with brimonidine. After adjusting for the factor of IOP, neither latanoprost nor brimonidine increased POBF significantly.</AbstractText>
                <AbstractText Label="CONCLUSIONS" NlmCategory="CONCLUSIONS">Latanoprost increases the mean POBF that is related to its IOP lowering effect. The increase in POBF noted after brimonidine is within the range of long term variation and may not be attributable to the drug effect.</AbstractText>
            </Abstract>
            <AuthorList CompleteYN="Y">
                <Author ValidYN="Y">
                    <LastName>Liu</LastName>
                    <ForeName>C Jui-Ling</ForeName>
                    <Initials>CJ</Initials>
                    <AffiliationInfo>
                        <Affiliation>Department of Ophthalmology, Taipei Veterans General Hospital, Taipei, Taiwan National Yang-Ming University School of Medicine, Taipei, Taiwan. jlliu@vghtpe.gov.tw</Affiliation>
                    </AffiliationInfo>
                </Author>
                <Author ValidYN="Y">
                    <LastName>Ko</LastName>
                    <ForeName>Y-C</ForeName>
                    <Initials>YC</Initials>
                </Author>
                <Author ValidYN="Y">
                    <LastName>Cheng</LastName>
                    <ForeName>C-Y</ForeName>
                    <Initials>CY</Initials>
                </Author>
                <Author ValidYN="Y">
                    <LastName>Chou</LastName>
                    <ForeName>J C</ForeName>
                    <Initials>JC</Initials>
                </Author>
                <Author ValidYN="Y">
                    <LastName>Hsu</LastName>
                    <ForeName>W-M</ForeName>
                    <Initials>WM</Initials>
                </Author>
                <Author ValidYN="Y">
                    <LastName>Liu</LastName>
                    <ForeName>J-H</ForeName>
                    <Initials>JH</Initials>
                </Author>
            </AuthorList>
            <Language>eng</Language>
            <PublicationTypeList>
                <PublicationType UI="D016430">Clinical Trial</PublicationType>
                <PublicationType UI="D016428">Journal Article</PublicationType>
                <PublicationType UI="D016449">Randomized Controlled Trial</PublicationType>
            </PublicationTypeList>
        </Article>
        <MedlineJournalInfo>
            <Country>England</Country>
            <MedlineTA>Br J Ophthalmol</MedlineTA>
            <NlmUniqueID>0421041</NlmUniqueID>
            <ISSNLinking>0007-1161</ISSNLinking>
        </MedlineJournalInfo>
        <ChemicalList>
            <Chemical>
                <RegistryNumber>0</RegistryNumber>
                <NameOfSubstance UI="D000959">Antihypertensive Agents</NameOfSubstance>
            </Chemical>
            <Chemical>
                <RegistryNumber>0</RegistryNumber>
                <NameOfSubstance UI="D011461">Prostaglandins F, Synthetic</NameOfSubstance>
            </Chemical>
            <Chemical>
                <RegistryNumber>0</RegistryNumber>
                <NameOfSubstance UI="D011810">Quinoxalines</NameOfSubstance>
            </Chemical>
            <Chemical>
                <RegistryNumber>4S9CL2DY2H</RegistryNumber>
                <NameOfSubstance UI="D000068438">Brimonidine Tartrate</NameOfSubstance>
            </Chemical>
            <Chemical>
                <RegistryNumber>6Z5B6HVF6O</RegistryNumber>
                <NameOfSubstance UI="D000077338">Latanoprost</NameOfSubstance>
            </Chemical>
        </ChemicalList>
        <CitationSubset>IM</CitationSubset>
        <MeshHeadingList>
            <MeshHeading>
                <DescriptorName UI="D000328" MajorTopicYN="N">Adult</DescriptorName>
            </MeshHeading>
            <MeshHeading>
                <DescriptorName UI="D000368" MajorTopicYN="N">Aged</DescriptorName>
            </MeshHeading>
            <MeshHeading>
                <DescriptorName UI="D000959" MajorTopicYN="N">Antihypertensive Agents</DescriptorName>
                <QualifierName UI="Q000008" MajorTopicYN="N">administration &amp; dosage</QualifierName>
                <QualifierName UI="Q000494" MajorTopicYN="Y">pharmacology</QualifierName>
            </MeshHeading>
            <MeshHeading>
                <DescriptorName UI="D000068438" MajorTopicYN="N">Brimonidine Tartrate</DescriptorName>
            </MeshHeading>
            <MeshHeading>
                <DescriptorName UI="D018592" MajorTopicYN="N">Cross-Over Studies</DescriptorName>
            </MeshHeading>
            <MeshHeading>
                <DescriptorName UI="D005123" MajorTopicYN="N">Eye</DescriptorName>
                <QualifierName UI="Q000098" MajorTopicYN="Y">blood supply</QualifierName>
                <QualifierName UI="Q000187" MajorTopicYN="N">drug effects</QualifierName>
            </MeshHeading>
            <MeshHeading>
                <DescriptorName UI="D005260" MajorTopicYN="N">Female</DescriptorName>
            </MeshHeading>
            <MeshHeading>
                <DescriptorName UI="D005901" MajorTopicYN="N">Glaucoma</DescriptorName>
                <QualifierName UI="Q000188" MajorTopicYN="N">drug therapy</QualifierName>
                <QualifierName UI="Q000503" MajorTopicYN="Y">physiopathology</QualifierName>
            </MeshHeading>
            <MeshHeading>
                <DescriptorName UI="D006801" MajorTopicYN="N">Humans</DescriptorName>
            </MeshHeading>
            <MeshHeading>
                <DescriptorName UI="D007429" MajorTopicYN="N">Intraocular Pressure</DescriptorName>
                <QualifierName UI="Q000187" MajorTopicYN="N">drug effects</QualifierName>
            </MeshHeading>
            <MeshHeading>
                <DescriptorName UI="D000077338" MajorTopicYN="N">Latanoprost</DescriptorName>
            </MeshHeading>
            <MeshHeading>
                <DescriptorName UI="D008297" MajorTopicYN="N">Male</DescriptorName>
            </MeshHeading>
            <MeshHeading>
                <DescriptorName UI="D008875" MajorTopicYN="N">Middle Aged</DescriptorName>
            </MeshHeading>
            <MeshHeading>
                <DescriptorName UI="D011461" MajorTopicYN="N">Prostaglandins F, Synthetic</DescriptorName>
                <QualifierName UI="Q000008" MajorTopicYN="N">administration &amp; dosage</QualifierName>
                <QualifierName UI="Q000494" MajorTopicYN="Y">pharmacology</QualifierName>
            </MeshHeading>
            <MeshHeading>
                <DescriptorName UI="D011673" MajorTopicYN="N">Pulsatile Flow</DescriptorName>
                <QualifierName UI="Q000187" MajorTopicYN="Y">drug effects</QualifierName>
                <QualifierName UI="Q000502" MajorTopicYN="N">physiology</QualifierName>
            </MeshHeading>
            <MeshHeading>
                <DescriptorName UI="D011810" MajorTopicYN="N">Quinoxalines</DescriptorName>
                <QualifierName UI="Q000008" MajorTopicYN="N">administration &amp; dosage</QualifierName>
                <QualifierName UI="Q000494" MajorTopicYN="Y">pharmacology</QualifierName>
            </MeshHeading>
        </MeshHeadingList>
    </MedlineCitation>
    <PubmedData>
        <History>
            <PubMedPubDate PubStatus="pubmed">
                <Year>2002</Year>
                <Month>10</Month>
                <Day>19</Day>
                <Hour>4</Hour>
                <Minute>0</Minute>
            </PubMedPubDate>
            <PubMedPubDate PubStatus="medline">
                <Year>2002</Year>
                <Month>12</Month>
                <Day>17</Day>
                <Hour>4</Hour>
                <Minute>0</Minute>
            </PubMedPubDate>
            <PubMedPubDate PubStatus="entrez">
                <Year>2002</Year>
                <Month>10</Month>
                <Day>19</Day>
                <Hour>4</Hour>
                <Minute>0</Minute>
            </PubMedPubDate>
        </History>
        <PublicationStatus>ppublish</PublicationStatus>
        <ArticleIdList>
            <ArticleId IdType="pubmed">12386077</ArticleId>
            <ArticleId IdType="pmc">PMC1771377</ArticleId>
            <ArticleId IdType="doi">10.1136/bjo.86.11.1236</ArticleId>
        </ArticleIdList>
        <ReferenceList>
            <Reference>
                <Citation>Am J Ophthalmol. 1998 Oct;126(4):487-97</Citation>
                <ArticleIdList>
                    <ArticleId IdType="pubmed">9780093</ArticleId>
                </ArticleIdList>
            </Reference>
            <Reference>
                <Citation>Am J Ophthalmol. 1996 Dec;122(6):784-9</Citation>
                <ArticleIdList>
                    <ArticleId IdType="pubmed">8956632</ArticleId>
                </ArticleIdList>
            </Reference>
            <Reference>
                <Citation>Invest Ophthalmol Vis Sci. 1985 Aug;26(8):1105-8</Citation>
                <ArticleIdList>
                    <ArticleId IdType="pubmed">4019101</ArticleId>
                </ArticleIdList>
            </Reference>
            <Reference>
                <Citation>Am J Ophthalmol. 1988 Jan 15;105(1):35-9</Citation>
                <ArticleIdList>
                    <ArticleId IdType="pubmed">3337192</ArticleId>
                </ArticleIdList>
            </Reference>
            <Reference>
                <Citation>Graefes Arch Clin Exp Ophthalmol. 1991;229(6):553-6</Citation>
                <ArticleIdList>
                    <ArticleId IdType="pubmed">1765298</ArticleId>
                </ArticleIdList>
            </Reference>
            <Reference>
                <Citation>Eye (Lond). 1999;13 ( Pt 1):31-4</Citation>
                <ArticleIdList>
                    <ArticleId IdType="pubmed">10396380</ArticleId>
                </ArticleIdList>
            </Reference>
            <Reference>
                <Citation>Am J Ophthalmol. 2000 Aug;130(2):151-9</Citation>
                <ArticleIdList>
                    <ArticleId IdType="pubmed">11004288</ArticleId>
                </ArticleIdList>
            </Reference>
            <Reference>
                <Citation>Ophthalmology. 1989 Sep;96(9):1312-4</Citation>
                <ArticleIdList>
                    <ArticleId IdType="pubmed">2779999</ArticleId>
                </ArticleIdList>
            </Reference>
            <Reference>
                <Citation>Am J Ophthalmol. 2000 Mar;129(3):297-301</Citation>
                <ArticleIdList>
                    <ArticleId IdType="pubmed">10704543</ArticleId>
                </ArticleIdList>
            </Reference>
            <Reference>
                <Citation>Arch Ophthalmol. 1999 Oct;117(10):1363-7</Citation>
                <ArticleIdList>
                    <ArticleId IdType="pubmed">10532445</ArticleId>
                </ArticleIdList>
            </Reference>
            <Reference>
                <Citation>Am J Ophthalmol. 2001 Feb;131(2):198-202</Citation>
                <ArticleIdList>
                    <ArticleId IdType="pubmed">11228295</ArticleId>
                </ArticleIdList>
            </Reference>
            <Reference>
                <Citation>Br J Ophthalmol. 1998 Jul;82(7):731-6</Citation>
                <ArticleIdList>
                    <ArticleId IdType="pubmed">9924361</ArticleId>
                </ArticleIdList>
            </Reference>
            <Reference>
                <Citation>Exp Eye Res. 1978 Jul;27(1):17-25</Citation>
                <ArticleIdList>
                    <ArticleId IdType="pubmed">668825</ArticleId>
                </ArticleIdList>
            </Reference>
            <Reference>
                <Citation>Ophthalmology. 1988 Sep;95(9):1212-6</Citation>
                <ArticleIdList>
                    <ArticleId IdType="pubmed">3211499</ArticleId>
                </ArticleIdList>
            </Reference>
            <Reference>
                <Citation>Arch Ophthalmol. 1988 Jul;106(7):898-900</Citation>
                <ArticleIdList>
                    <ArticleId IdType="pubmed">3390051</ArticleId>
                </ArticleIdList>
            </Reference>
            <Reference>
                <Citation>Invest Ophthalmol Vis Sci. 1992 Aug;33(9):2754-6</Citation>
                <ArticleIdList>
                    <ArticleId IdType="pubmed">1639622</ArticleId>
                </ArticleIdList>
            </Reference>
            <Reference>
                <Citation>Am J Ophthalmol. 1994 May 15;117(5):603-24</Citation>
                <ArticleIdList>
                    <ArticleId IdType="pubmed">8172267</ArticleId>
                </ArticleIdList>
            </Reference>
            <Reference>
                <Citation>Arch Ophthalmol. 1995 Jan;113(1):77-83</Citation>
                <ArticleIdList>
                    <ArticleId IdType="pubmed">7826297</ArticleId>
                </ArticleIdList>
            </Reference>
            <Reference>
                <Citation>J Glaucoma. 1997 Jun;6(3):175-9</Citation>
                <ArticleIdList>
                    <ArticleId IdType="pubmed">9211141</ArticleId>
                </ArticleIdList>
            </Reference>
            <Reference>
                <Citation>ASAIO J. 1996 Sep-Oct;42(5):M757-62</Citation>
                <ArticleIdList>
                    <ArticleId IdType="pubmed">8944984</ArticleId>
                </ArticleIdList>
            </Reference>
            <Reference>
                <Citation>Acta Ophthalmol Suppl. 1989;191:25-9</Citation>
                <ArticleIdList>
                    <ArticleId IdType="pubmed">2546363</ArticleId>
                </ArticleIdList>
            </Reference>
            <Reference>
                <Citation>Am J Ophthalmol. 2001 Jun;131(6):798-9</Citation>
                <ArticleIdList>
                    <ArticleId IdType="pubmed">11384581</ArticleId>
                </ArticleIdList>
            </Reference>
            <Reference>
                <Citation>Arch Ophthalmol. 1998 Dec;116(12):1591-4</Citation>
                <ArticleIdList>
                    <ArticleId IdType="pubmed">9869786</ArticleId>
                </ArticleIdList>
            </Reference>
            <Reference>
                <Citation>Br J Ophthalmol. 1994 Nov;78(11):818-22</Citation>
                <ArticleIdList>
                    <ArticleId IdType="pubmed">7848975</ArticleId>
                </ArticleIdList>
            </Reference>
            <Reference>
                <Citation>Ophthalmology. 1995 Jan;102(1):61-9</Citation>
                <ArticleIdList>
                    <ArticleId IdType="pubmed">7831043</ArticleId>
                </ArticleIdList>
            </Reference>
            <Reference>
                <Citation>Invest Ophthalmol Vis Sci. 1991 Jun;32(7):1996-2005</Citation>
                <ArticleIdList>
                    <ArticleId IdType="pubmed">2055694</ArticleId>
                </ArticleIdList>
            </Reference>
            <Reference>
                <Citation>Surv Ophthalmol. 1996 Nov;41 Suppl 1:S39-47</Citation>
                <ArticleIdList>
                    <ArticleId IdType="pubmed">8970248</ArticleId>
                </ArticleIdList>
            </Reference>
            <Reference>
                <Citation>Ophthalmology. 1997 Jan;104(1):131-6</Citation>
                <ArticleIdList>
                    <ArticleId IdType="pubmed">9022117</ArticleId>
                </ArticleIdList>
            </Reference>
            <Reference>
                <Citation>Graefes Arch Clin Exp Ophthalmol. 1993 Dec;231(12):677-80</Citation>
                <ArticleIdList>
                    <ArticleId IdType="pubmed">8299973</ArticleId>
                </ArticleIdList>
            </Reference>
            <Reference>
                <Citation>J Glaucoma. 1995 Jun;4(3):214-8</Citation>
                <ArticleIdList>
                    <ArticleId IdType="pubmed">19920672</ArticleId>
                </ArticleIdList>
            </Reference>
            <Reference>
                <Citation>Am J Ophthalmol. 1998 Feb;125(2):137-44</Citation>
                <ArticleIdList>
                    <ArticleId IdType="pubmed">9467438</ArticleId>
                </ArticleIdList>
            </Reference>
            <Reference>
                <Citation>Am J Physiol. 1990 Oct;259(4 Pt 2):H1126-33</Citation>
                <ArticleIdList>
                    <ArticleId IdType="pubmed">1699436</ArticleId>
                </ArticleIdList>
            </Reference>
            <Reference>
                <Citation>Am J Ophthalmol. 1999 Sep;128(3):301-9</Citation>
                <ArticleIdList>
                    <ArticleId IdType="pubmed">10511024</ArticleId>
                </ArticleIdList>
            </Reference>
            <Reference>
                <Citation>Br J Ophthalmol. 1995 May;79(5):402-6</Citation>
                <ArticleIdList>
                    <ArticleId IdType="pubmed">7612548</ArticleId>
                </ArticleIdList>
            </Reference>
            <Reference>
                <Citation>Ophthalmologica. 1999;213(6):355-9</Citation>
                <ArticleIdList>
                    <ArticleId IdType="pubmed">10567866</ArticleId>
                </ArticleIdList>
            </Reference>
        </ReferenceList>
    </PubmedData>
</PubmedArticle>

</PubmedArticleSet>