<?xml version="1.0" ?>
<!DOCTYPE PubmedArticleSet PUBLIC "-//NLM//DTD PubMedArticle, 1st January 2019//EN" "https://dtd.nlm.nih.gov/ncbi/pubmed/out/pubmed_190101.dtd">
<PubmedArticleSet>
<PubmedArticle>
    <MedlineCitation Status="MEDLINE" Owner="NLM">
        <PMID Version="1">12752054</PMID>
        <DateCompleted>
            <Year>2003</Year>
            <Month>07</Month>
            <Day>29</Day>
        </DateCompleted>
        <DateRevised>
            <Year>2019</Year>
            <Month>09</Month>
            <Day>22</Day>
        </DateRevised>
        <Article PubModel="Print">
            <Journal>
                <ISSN IssnType="Print">1395-3907</ISSN>
                <JournalIssue CitedMedium="Print">
                    <Volume>81</Volume>
                    <Issue>2</Issue>
                    <PubDate>
                        <Year>2003</Year>
                        <Month>Apr</Month>
                    </PubDate>
                </JournalIssue>
                <Title>Acta ophthalmologica Scandinavica</Title>
                <ISOAbbreviation>Acta Ophthalmol Scand</ISOAbbreviation>
            </Journal>
            <ArticleTitle>The effects of latanoprost and brimonidine on blood flow velocity of the retrobulbar vessels: a 3-month clinical trial.</ArticleTitle>
            <Pagination>
                <MedlinePgn>155-60</MedlinePgn>
            </Pagination>
            <Abstract>
                <AbstractText Label="OBJECTIVE" NlmCategory="OBJECTIVE">To investigate the effects of topical latanoprost 0.005% and topical brimonidine tartrate 0.2% on retrobulbar blood flow in patients with primary open-angle glaucoma (POAG) and ocular hypertension (OHT).</AbstractText>
                <AbstractText Label="METHODS" NlmCategory="METHODS">Forty-one consecutive patients with POAG and OHT were enrolled in this prospective, open-label, randomized, parallel study. Patients received either latanoprost 0.005% or brimonidine 0.2% for 3 months. Baseline retrobulbar blood flow measurements of the ophthalmic artery, central retinal artery and temporal short posterior ciliary artery were taken using colour Doppler imaging ultrasound, concurrently with systemic blood pressure, heart rate, ocular perfusion pressure and intraocular pressure (IOP) measurements. These measurements were repeated after 3 months.</AbstractText>
                <AbstractText Label="RESULTS" NlmCategory="RESULTS">Both latanoprost and brimonidine significantly reduced IOP (p &lt; 0.05). While there was a statistically significant increase in peak systolic velocity of the ophthalmic artery, no significant change was observed in the other vessels with latanoprost treatment (p &lt; 0.05). Topical brimonidine did not significantly alter flow velocities or resistive indices in the retrobulbar vessels after 3 months.</AbstractText>
                <AbstractText Label="CONCLUSION" NlmCategory="CONCLUSIONS">Topical latanoprost and brimonidine significantly reduced IOP in patients with POAG and OHT without causing significant haemodynamic alterations in the retrobulbar vessels.</AbstractText>
            </Abstract>
            <AuthorList CompleteYN="Y">
                <Author ValidYN="Y">
                    <LastName>Inan</LastName>
                    <ForeName>Umit Ubeyt</ForeName>
                    <Initials>UU</Initials>
                    <AffiliationInfo>
                        <Affiliation>Department of Ophthalmology, Kocatepe University, School of Medicine, Afyon, Turkey. uuinan@superonline.com</Affiliation>
                    </AffiliationInfo>
                </Author>
                <Author ValidYN="Y">
                    <LastName>Ermis</LastName>
                    <ForeName>Sitki Samet</ForeName>
                    <Initials>SS</Initials>
                </Author>
                <Author ValidYN="Y">
                    <LastName>Yücel</LastName>
                    <ForeName>Aylin</ForeName>
                    <Initials>A</Initials>
                </Author>
                <Author ValidYN="Y">
                    <LastName>Oztürk</LastName>
                    <ForeName>Faruk</ForeName>
                    <Initials>F</Initials>
                </Author>
            </AuthorList>
            <Language>eng</Language>
            <PublicationTypeList>
                <PublicationType UI="D016430">Clinical Trial</PublicationType>
                <PublicationType UI="D016428">Journal Article</PublicationType>
                <PublicationType UI="D016449">Randomized Controlled Trial</PublicationType>
            </PublicationTypeList>
        </Article>
        <MedlineJournalInfo>
            <Country>Denmark</Country>
            <MedlineTA>Acta Ophthalmol Scand</MedlineTA>
            <NlmUniqueID>9507578</NlmUniqueID>
            <ISSNLinking>1395-3907</ISSNLinking>
        </MedlineJournalInfo>
        <ChemicalList>
            <Chemical>
                <RegistryNumber>0</RegistryNumber>
                <NameOfSubstance UI="D011461">Prostaglandins F, Synthetic</NameOfSubstance>
            </Chemical>
            <Chemical>
                <RegistryNumber>0</RegistryNumber>
                <NameOfSubstance UI="D011810">Quinoxalines</NameOfSubstance>
            </Chemical>
            <Chemical>
                <RegistryNumber>4S9CL2DY2H</RegistryNumber>
                <NameOfSubstance UI="D000068438">Brimonidine Tartrate</NameOfSubstance>
            </Chemical>
            <Chemical>
                <RegistryNumber>6Z5B6HVF6O</RegistryNumber>
                <NameOfSubstance UI="D000077338">Latanoprost</NameOfSubstance>
            </Chemical>
        </ChemicalList>
        <CitationSubset>IM</CitationSubset>
        <MeshHeadingList>
            <MeshHeading>
                <DescriptorName UI="D001783" MajorTopicYN="N">Blood Flow Velocity</DescriptorName>
                <QualifierName UI="Q000187" MajorTopicYN="Y">drug effects</QualifierName>
            </MeshHeading>
            <MeshHeading>
                <DescriptorName UI="D000068438" MajorTopicYN="N">Brimonidine Tartrate</DescriptorName>
            </MeshHeading>
            <MeshHeading>
                <DescriptorName UI="D019842" MajorTopicYN="N">Ciliary Arteries</DescriptorName>
                <QualifierName UI="Q000000981" MajorTopicYN="N">diagnostic imaging</QualifierName>
                <QualifierName UI="Q000503" MajorTopicYN="N">physiopathology</QualifierName>
            </MeshHeading>
            <MeshHeading>
                <DescriptorName UI="D005123" MajorTopicYN="N">Eye</DescriptorName>
                <QualifierName UI="Q000098" MajorTopicYN="Y">blood supply</QualifierName>
            </MeshHeading>
            <MeshHeading>
                <DescriptorName UI="D005902" MajorTopicYN="N">Glaucoma, Open-Angle</DescriptorName>
                <QualifierName UI="Q000000981" MajorTopicYN="N">diagnostic imaging</QualifierName>
                <QualifierName UI="Q000188" MajorTopicYN="Y">drug therapy</QualifierName>
                <QualifierName UI="Q000503" MajorTopicYN="N">physiopathology</QualifierName>
            </MeshHeading>
            <MeshHeading>
                <DescriptorName UI="D006801" MajorTopicYN="N">Humans</DescriptorName>
            </MeshHeading>
            <MeshHeading>
                <DescriptorName UI="D007429" MajorTopicYN="N">Intraocular Pressure</DescriptorName>
                <QualifierName UI="Q000187" MajorTopicYN="N">drug effects</QualifierName>
            </MeshHeading>
            <MeshHeading>
                <DescriptorName UI="D000077338" MajorTopicYN="N">Latanoprost</DescriptorName>
            </MeshHeading>
            <MeshHeading>
                <DescriptorName UI="D009798" MajorTopicYN="N">Ocular Hypertension</DescriptorName>
                <QualifierName UI="Q000000981" MajorTopicYN="N">diagnostic imaging</QualifierName>
                <QualifierName UI="Q000188" MajorTopicYN="Y">drug therapy</QualifierName>
                <QualifierName UI="Q000503" MajorTopicYN="N">physiopathology</QualifierName>
            </MeshHeading>
            <MeshHeading>
                <DescriptorName UI="D009880" MajorTopicYN="N">Ophthalmic Artery</DescriptorName>
                <QualifierName UI="Q000000981" MajorTopicYN="N">diagnostic imaging</QualifierName>
                <QualifierName UI="Q000503" MajorTopicYN="N">physiopathology</QualifierName>
            </MeshHeading>
            <MeshHeading>
                <DescriptorName UI="D011461" MajorTopicYN="N">Prostaglandins F, Synthetic</DescriptorName>
                <QualifierName UI="Q000627" MajorTopicYN="Y">therapeutic use</QualifierName>
            </MeshHeading>
            <MeshHeading>
                <DescriptorName UI="D011810" MajorTopicYN="N">Quinoxalines</DescriptorName>
                <QualifierName UI="Q000627" MajorTopicYN="Y">therapeutic use</QualifierName>
            </MeshHeading>
            <MeshHeading>
                <DescriptorName UI="D012161" MajorTopicYN="N">Retinal Artery</DescriptorName>
                <QualifierName UI="Q000000981" MajorTopicYN="N">diagnostic imaging</QualifierName>
                <QualifierName UI="Q000503" MajorTopicYN="N">physiopathology</QualifierName>
            </MeshHeading>
            <MeshHeading>
                <DescriptorName UI="D018615" MajorTopicYN="N">Ultrasonography, Doppler, Color</DescriptorName>
            </MeshHeading>
            <MeshHeading>
                <DescriptorName UI="D014655" MajorTopicYN="N">Vascular Resistance</DescriptorName>
                <QualifierName UI="Q000187" MajorTopicYN="N">drug effects</QualifierName>
            </MeshHeading>
        </MeshHeadingList>
    </MedlineCitation>
    <PubmedData>
        <History>
            <PubMedPubDate PubStatus="pubmed">
                <Year>2003</Year>
                <Month>5</Month>
                <Day>20</Day>
                <Hour>5</Hour>
                <Minute>0</Minute>
            </PubMedPubDate>
            <PubMedPubDate PubStatus="medline">
                <Year>2003</Year>
                <Month>7</Month>
                <Day>30</Day>
                <Hour>5</Hour>
                <Minute>0</Minute>
            </PubMedPubDate>
            <PubMedPubDate PubStatus="entrez">
                <Year>2003</Year>
                <Month>5</Month>
                <Day>20</Day>
                <Hour>5</Hour>
                <Minute>0</Minute>
            </PubMedPubDate>
        </History>
        <PublicationStatus>ppublish</PublicationStatus>
        <ArticleIdList>
            <ArticleId IdType="pubmed">12752054</ArticleId>
            <ArticleId IdType="pii">049</ArticleId>
            <ArticleId IdType="doi">10.1034/j.1600-0420.2003.00049.x</ArticleId>
        </ArticleIdList>
    </PubmedData>
</PubmedArticle>

</PubmedArticleSet>