<?xml version="1.0" ?>
<!DOCTYPE PubmedArticleSet PUBLIC "-//NLM//DTD PubMedArticle, 1st January 2019//EN" "https://dtd.nlm.nih.gov/ncbi/pubmed/out/pubmed_190101.dtd">
<PubmedArticleSet>
<PubmedArticle>
    <MedlineCitation Status="MEDLINE" Owner="NLM">
        <PMID Version="1">12780402</PMID>
        <DateCompleted>
            <Year>2003</Year>
            <Month>10</Month>
            <Day>02</Day>
        </DateCompleted>
        <DateRevised>
            <Year>2019</Year>
            <Month>09</Month>
            <Day>22</Day>
        </DateRevised>
        <Article PubModel="Print">
            <Journal>
                <ISSN IssnType="Print">1395-3907</ISSN>
                <JournalIssue CitedMedium="Print">
                    <Volume>81</Volume>
                    <Issue>3</Issue>
                    <PubDate>
                        <Year>2003</Year>
                        <Month>Jun</Month>
                    </PubDate>
                </JournalIssue>
                <Title>Acta ophthalmologica Scandinavica</Title>
                <ISOAbbreviation>Acta Ophthalmol Scand</ISOAbbreviation>
            </Journal>
            <ArticleTitle>Efficacy and safety of timolol maleate/latanoprost fixed combination versus timolol maleate and brimonidine given twice daily.</ArticleTitle>
            <Pagination>
                <MedlinePgn>242-6</MedlinePgn>
            </Pagination>
            <Abstract>
                <AbstractText Label="PURPOSE" NlmCategory="OBJECTIVE">To evaluate the efficacy and safety of the timolol maleate/latanoprost fixed combination (TLFC) given once each evening versus brimonidine and timolol solution given twice daily as concomitant therapy in primary open-angle glaucoma or ocular hypertension patients.</AbstractText>
                <AbstractText Label="METHODS" NlmCategory="METHODS">Qualified subjects were begun on timolol alone twice daily for 1 month and then randomized to either TLFC or brimonidine and timolol concomitant therapy for 6 weeks. Patients were then switched to the other treatment regimen. Intraocular pressures (IOPs) were measured every 2 hours between 08 : 00 and 20 : 00 hours at baseline and at the end of periods 1 and 2.</AbstractText>
                <AbstractText Label="RESULTS" NlmCategory="RESULTS">This study found that in 32 subjects the IOP diurnal curve on timolol alone (20.9 +/- 2.8 mmHg) decreased to 17.9 +/- 3.2 mmHg when patients were treated with TLFC and to 19.0 +/- 2.4 mmHg when patients were treated with brimonidine and timolol (p = 0.02). Intraocular pressures at individual time-points were statistically similar between the groups at the 08 : 00 trough and 2 and 4 hours after dosing. However, beyond 4 hours after dosing, TLFC-treated subjects demonstrated a trend towards lower IOPs at each 2-hour time-point that was not statistically significant after a Bonferroni correction (p &lt;or= 0.05). The incidence of both solicited and unsolicited side-effects was similar between groups.</AbstractText>
                <AbstractText Label="CONCLUSION" NlmCategory="CONCLUSIONS">This study suggests that TLFC given in the evening reduces the mean daytime diurnal IOP more than brimonidine and timolol given concomitantly twice daily.</AbstractText>
            </Abstract>
            <AuthorList CompleteYN="Y">
                <Author ValidYN="Y">
                    <LastName>Stewart</LastName>
                    <ForeName>William C</ForeName>
                    <Initials>WC</Initials>
                    <AffiliationInfo>
                        <Affiliation>Pharmaceutical Research Network, LLC, Charleston, South Carolina 29412-2464, USA. prnc@bellsouth.net</Affiliation>
                    </AffiliationInfo>
                </Author>
                <Author ValidYN="Y">
                    <LastName>Stewart</LastName>
                    <ForeName>Jeanette A</ForeName>
                    <Initials>JA</Initials>
                </Author>
                <Author ValidYN="Y">
                    <LastName>Day</LastName>
                    <ForeName>Douglas</ForeName>
                    <Initials>D</Initials>
                </Author>
                <Author ValidYN="Y">
                    <LastName>Sharpe</LastName>
                    <ForeName>Elizabeth D</ForeName>
                    <Initials>ED</Initials>
                </Author>
            </AuthorList>
            <Language>eng</Language>
            <PublicationTypeList>
                <PublicationType UI="D016430">Clinical Trial</PublicationType>
                <PublicationType UI="D003160">Comparative Study</PublicationType>
                <PublicationType UI="D016428">Journal Article</PublicationType>
                <PublicationType UI="D016449">Randomized Controlled Trial</PublicationType>
                <PublicationType UI="D013485">Research Support, Non-U.S. Gov't</PublicationType>
            </PublicationTypeList>
        </Article>
        <MedlineJournalInfo>
            <Country>Denmark</Country>
            <MedlineTA>Acta Ophthalmol Scand</MedlineTA>
            <NlmUniqueID>9507578</NlmUniqueID>
            <ISSNLinking>1395-3907</ISSNLinking>
        </MedlineJournalInfo>
        <ChemicalList>
            <Chemical>
                <RegistryNumber>0</RegistryNumber>
                <NameOfSubstance UI="D000959">Antihypertensive Agents</NameOfSubstance>
            </Chemical>
            <Chemical>
                <RegistryNumber>0</RegistryNumber>
                <NameOfSubstance UI="D011461">Prostaglandins F, Synthetic</NameOfSubstance>
            </Chemical>
            <Chemical>
                <RegistryNumber>0</RegistryNumber>
                <NameOfSubstance UI="D011810">Quinoxalines</NameOfSubstance>
            </Chemical>
            <Chemical>
                <RegistryNumber>4S9CL2DY2H</RegistryNumber>
                <NameOfSubstance UI="D000068438">Brimonidine Tartrate</NameOfSubstance>
            </Chemical>
            <Chemical>
                <RegistryNumber>6Z5B6HVF6O</RegistryNumber>
                <NameOfSubstance UI="D000077338">Latanoprost</NameOfSubstance>
            </Chemical>
            <Chemical>
                <RegistryNumber>817W3C6175</RegistryNumber>
                <NameOfSubstance UI="D013999">Timolol</NameOfSubstance>
            </Chemical>
        </ChemicalList>
        <CitationSubset>IM</CitationSubset>
        <MeshHeadingList>
            <MeshHeading>
                <DescriptorName UI="D000959" MajorTopicYN="N">Antihypertensive Agents</DescriptorName>
                <QualifierName UI="Q000009" MajorTopicYN="N">adverse effects</QualifierName>
                <QualifierName UI="Q000627" MajorTopicYN="Y">therapeutic use</QualifierName>
            </MeshHeading>
            <MeshHeading>
                <DescriptorName UI="D000068438" MajorTopicYN="N">Brimonidine Tartrate</DescriptorName>
            </MeshHeading>
            <MeshHeading>
                <DescriptorName UI="D002940" MajorTopicYN="N">Circadian Rhythm</DescriptorName>
            </MeshHeading>
            <MeshHeading>
                <DescriptorName UI="D004334" MajorTopicYN="N">Drug Administration Schedule</DescriptorName>
            </MeshHeading>
            <MeshHeading>
                <DescriptorName UI="D004359" MajorTopicYN="N">Drug Therapy, Combination</DescriptorName>
            </MeshHeading>
            <MeshHeading>
                <DescriptorName UI="D005260" MajorTopicYN="N">Female</DescriptorName>
            </MeshHeading>
            <MeshHeading>
                <DescriptorName UI="D005902" MajorTopicYN="N">Glaucoma, Open-Angle</DescriptorName>
                <QualifierName UI="Q000188" MajorTopicYN="Y">drug therapy</QualifierName>
            </MeshHeading>
            <MeshHeading>
                <DescriptorName UI="D006801" MajorTopicYN="N">Humans</DescriptorName>
            </MeshHeading>
            <MeshHeading>
                <DescriptorName UI="D007429" MajorTopicYN="N">Intraocular Pressure</DescriptorName>
                <QualifierName UI="Q000187" MajorTopicYN="Y">drug effects</QualifierName>
            </MeshHeading>
            <MeshHeading>
                <DescriptorName UI="D000077338" MajorTopicYN="N">Latanoprost</DescriptorName>
            </MeshHeading>
            <MeshHeading>
                <DescriptorName UI="D008297" MajorTopicYN="N">Male</DescriptorName>
            </MeshHeading>
            <MeshHeading>
                <DescriptorName UI="D008875" MajorTopicYN="N">Middle Aged</DescriptorName>
            </MeshHeading>
            <MeshHeading>
                <DescriptorName UI="D009798" MajorTopicYN="N">Ocular Hypertension</DescriptorName>
                <QualifierName UI="Q000188" MajorTopicYN="N">drug therapy</QualifierName>
            </MeshHeading>
            <MeshHeading>
                <DescriptorName UI="D011461" MajorTopicYN="N">Prostaglandins F, Synthetic</DescriptorName>
                <QualifierName UI="Q000009" MajorTopicYN="N">adverse effects</QualifierName>
                <QualifierName UI="Q000627" MajorTopicYN="Y">therapeutic use</QualifierName>
            </MeshHeading>
            <MeshHeading>
                <DescriptorName UI="D011810" MajorTopicYN="N">Quinoxalines</DescriptorName>
                <QualifierName UI="Q000009" MajorTopicYN="N">adverse effects</QualifierName>
                <QualifierName UI="Q000627" MajorTopicYN="Y">therapeutic use</QualifierName>
            </MeshHeading>
            <MeshHeading>
                <DescriptorName UI="D012449" MajorTopicYN="N">Safety</DescriptorName>
            </MeshHeading>
            <MeshHeading>
                <DescriptorName UI="D013999" MajorTopicYN="N">Timolol</DescriptorName>
                <QualifierName UI="Q000009" MajorTopicYN="N">adverse effects</QualifierName>
                <QualifierName UI="Q000627" MajorTopicYN="Y">therapeutic use</QualifierName>
            </MeshHeading>
        </MeshHeadingList>
    </MedlineCitation>
    <PubmedData>
        <History>
            <PubMedPubDate PubStatus="pubmed">
                <Year>2003</Year>
                <Month>6</Month>
                <Day>5</Day>
                <Hour>5</Hour>
                <Minute>0</Minute>
            </PubMedPubDate>
            <PubMedPubDate PubStatus="medline">
                <Year>2003</Year>
                <Month>10</Month>
                <Day>3</Day>
                <Hour>5</Hour>
                <Minute>0</Minute>
            </PubMedPubDate>
            <PubMedPubDate PubStatus="entrez">
                <Year>2003</Year>
                <Month>6</Month>
                <Day>5</Day>
                <Hour>5</Hour>
                <Minute>0</Minute>
            </PubMedPubDate>
        </History>
        <PublicationStatus>ppublish</PublicationStatus>
        <ArticleIdList>
            <ArticleId IdType="pubmed">12780402</ArticleId>
            <ArticleId IdType="pii">065</ArticleId>
            <ArticleId IdType="doi">10.1034/j.1600-0420.2003.00065.x</ArticleId>
        </ArticleIdList>
    </PubmedData>
</PubmedArticle>

</PubmedArticleSet>