<?xml version="1.0" ?>
<!DOCTYPE PubmedArticleSet PUBLIC "-//NLM//DTD PubMedArticle, 1st January 2019//EN" "https://dtd.nlm.nih.gov/ncbi/pubmed/out/pubmed_190101.dtd">
<PubmedArticleSet>
<PubmedArticle>
    <MedlineCitation Status="MEDLINE" Owner="NLM">
        <PMID Version="1">15184958</PMID>
        <DateCompleted>
            <Year>2005</Year>
            <Month>06</Month>
            <Day>03</Day>
        </DateCompleted>
        <DateRevised>
            <Year>2018</Year>
            <Month>12</Month>
            <Day>01</Day>
        </DateRevised>
        <Article PubModel="Print">
            <Journal>
                <ISSN IssnType="Print">0950-222X</ISSN>
                <JournalIssue CitedMedium="Print">
                    <Volume>19</Volume>
                    <Issue>2</Issue>
                    <PubDate>
                        <Year>2005</Year>
                        <Month>Feb</Month>
                    </PubDate>
                </JournalIssue>
                <Title>Eye (London, England)</Title>
                <ISOAbbreviation>Eye (Lond)</ISOAbbreviation>
            </Journal>
            <ArticleTitle>Comparison of additional intraocular pressure-lowering effects of latanoprost vs brimonidine in primary open-angle glaucoma patients with intraocular pressure uncontrolled by timolol-dorzolamide combination.</ArticleTitle>
            <Pagination>
                <MedlinePgn>145-51</MedlinePgn>
            </Pagination>
            <Abstract>
                <AbstractText Label="PURPOSE" NlmCategory="OBJECTIVE">To compare the additive intraocular pressure (IOP)-lowering effects of latanoprost 0.005% and brimonidine 0.2% in primary open-angle glaucoma (POAG) patients uncontrolled on fixed combination of timolol 0.5% and dorzolamide 2% (TDC) alone.</AbstractText>
                <AbstractText Label="METHODS" NlmCategory="METHODS">In all, 80 eyes of 80 POAG patients with IOP inadequately controlled by TDC were randomly assigned to receive either latanoprost 0.005% or brimonidine 0.2%. IOP measurements were recorded at 1000 (peak effect) and 1600 (trough effect) on day 0 (baseline) and at 1 and 3 months. At each stage and time point, the mean IOP reductions from baseline were evaluated for both groups, and success rates (minimum 15% reduction) were determined.</AbstractText>
                <AbstractText Label="RESULTS" NlmCategory="RESULTS">At baseline, the mean peak/trough IOPs with TDC were 20.2/21.6 and 19.9/21.4 mmHg in latanoprost and brimonidine groups, respectively. Latanoprost+TDC reduced the mean peak/trough IOP by 4.4/3.4 and 5.2/3.5 mmHg at 1 and 3 months. The corresponding values for brimonidine+TDC were 3.9/2.9 and 4.6/2.9 mmHg. Each of these results represented a significant reduction from baseline (P&lt;0.001 for all); however, the groups' peak/trough reductions from baseline did not differ at any time point (P&gt;0.05 for all). With the latanoprost+TDC combination, the peak/trough success rates at 1 and 3 months were 76.3%/42.1% and 77.1%/40%. The corresponding values with the brimonidine+TDC combination were 71.8%/41% and 77.7%/41.7%. There were no significant differences in the groups' success rates at any time point (P&gt;0.05 for all).</AbstractText>
                <AbstractText Label="CONCLUSION" NlmCategory="CONCLUSIONS">Addition of latanoprost 0.005% or brimonidine 0.2% to TDC reduces peak/trough IOPs significantly and the effects of these combinations are comparable.</AbstractText>
            </Abstract>
            <AuthorList CompleteYN="Y">
                <Author ValidYN="Y">
                    <LastName>Akman</LastName>
                    <ForeName>A</ForeName>
                    <Initials>A</Initials>
                    <AffiliationInfo>
                        <Affiliation>Baskent University Faculty of Medicine, Department of Ophthalmology, Ankara, Turkey.</Affiliation>
                    </AffiliationInfo>
                </Author>
                <Author ValidYN="Y">
                    <LastName>Cetinkaya</LastName>
                    <ForeName>A</ForeName>
                    <Initials>A</Initials>
                </Author>
                <Author ValidYN="Y">
                    <LastName>Akova</LastName>
                    <ForeName>Y A</ForeName>
                    <Initials>YA</Initials>
                </Author>
                <Author ValidYN="Y">
                    <LastName>Ertan</LastName>
                    <ForeName>A</ForeName>
                    <Initials>A</Initials>
                </Author>
            </AuthorList>
            <Language>eng</Language>
            <PublicationTypeList>
                <PublicationType UI="D016430">Clinical Trial</PublicationType>
                <PublicationType UI="D003160">Comparative Study</PublicationType>
                <PublicationType UI="D016428">Journal Article</PublicationType>
                <PublicationType UI="D016449">Randomized Controlled Trial</PublicationType>
            </PublicationTypeList>
        </Article>
        <MedlineJournalInfo>
            <Country>England</Country>
            <MedlineTA>Eye (Lond)</MedlineTA>
            <NlmUniqueID>8703986</NlmUniqueID>
            <ISSNLinking>0950-222X</ISSNLinking>
        </MedlineJournalInfo>
        <ChemicalList>
            <Chemical>
                <RegistryNumber>0</RegistryNumber>
                <NameOfSubstance UI="D000959">Antihypertensive Agents</NameOfSubstance>
            </Chemical>
            <Chemical>
                <RegistryNumber>0</RegistryNumber>
                <NameOfSubstance UI="D004338">Drug Combinations</NameOfSubstance>
            </Chemical>
            <Chemical>
                <RegistryNumber>0</RegistryNumber>
                <NameOfSubstance UI="D011461">Prostaglandins F, Synthetic</NameOfSubstance>
            </Chemical>
            <Chemical>
                <RegistryNumber>0</RegistryNumber>
                <NameOfSubstance UI="D011810">Quinoxalines</NameOfSubstance>
            </Chemical>
            <Chemical>
                <RegistryNumber>0</RegistryNumber>
                <NameOfSubstance UI="D013449">Sulfonamides</NameOfSubstance>
            </Chemical>
            <Chemical>
                <RegistryNumber>0</RegistryNumber>
                <NameOfSubstance UI="D013876">Thiophenes</NameOfSubstance>
            </Chemical>
            <Chemical>
                <RegistryNumber>4S9CL2DY2H</RegistryNumber>
                <NameOfSubstance UI="D000068438">Brimonidine Tartrate</NameOfSubstance>
            </Chemical>
            <Chemical>
                <RegistryNumber>6Z5B6HVF6O</RegistryNumber>
                <NameOfSubstance UI="D000077338">Latanoprost</NameOfSubstance>
            </Chemical>
            <Chemical>
                <RegistryNumber>817W3C6175</RegistryNumber>
                <NameOfSubstance UI="D013999">Timolol</NameOfSubstance>
            </Chemical>
            <Chemical>
                <RegistryNumber>9JDX055TW1</RegistryNumber>
                <NameOfSubstance UI="C062765">dorzolamide</NameOfSubstance>
            </Chemical>
        </ChemicalList>
        <CitationSubset>IM</CitationSubset>
        <MeshHeadingList>
            <MeshHeading>
                <DescriptorName UI="D000328" MajorTopicYN="N">Adult</DescriptorName>
            </MeshHeading>
            <MeshHeading>
                <DescriptorName UI="D000368" MajorTopicYN="N">Aged</DescriptorName>
            </MeshHeading>
            <MeshHeading>
                <DescriptorName UI="D000959" MajorTopicYN="N">Antihypertensive Agents</DescriptorName>
                <QualifierName UI="Q000627" MajorTopicYN="Y">therapeutic use</QualifierName>
            </MeshHeading>
            <MeshHeading>
                <DescriptorName UI="D000068438" MajorTopicYN="N">Brimonidine Tartrate</DescriptorName>
            </MeshHeading>
            <MeshHeading>
                <DescriptorName UI="D004338" MajorTopicYN="N">Drug Combinations</DescriptorName>
            </MeshHeading>
            <MeshHeading>
                <DescriptorName UI="D004357" MajorTopicYN="N">Drug Synergism</DescriptorName>
            </MeshHeading>
            <MeshHeading>
                <DescriptorName UI="D004359" MajorTopicYN="N">Drug Therapy, Combination</DescriptorName>
            </MeshHeading>
            <MeshHeading>
                <DescriptorName UI="D005260" MajorTopicYN="N">Female</DescriptorName>
            </MeshHeading>
            <MeshHeading>
                <DescriptorName UI="D005902" MajorTopicYN="N">Glaucoma, Open-Angle</DescriptorName>
                <QualifierName UI="Q000188" MajorTopicYN="Y">drug therapy</QualifierName>
                <QualifierName UI="Q000503" MajorTopicYN="N">physiopathology</QualifierName>
            </MeshHeading>
            <MeshHeading>
                <DescriptorName UI="D006801" MajorTopicYN="N">Humans</DescriptorName>
            </MeshHeading>
            <MeshHeading>
                <DescriptorName UI="D000077338" MajorTopicYN="N">Latanoprost</DescriptorName>
            </MeshHeading>
            <MeshHeading>
                <DescriptorName UI="D008297" MajorTopicYN="N">Male</DescriptorName>
            </MeshHeading>
            <MeshHeading>
                <DescriptorName UI="D008875" MajorTopicYN="N">Middle Aged</DescriptorName>
            </MeshHeading>
            <MeshHeading>
                <DescriptorName UI="D011446" MajorTopicYN="N">Prospective Studies</DescriptorName>
            </MeshHeading>
            <MeshHeading>
                <DescriptorName UI="D011461" MajorTopicYN="N">Prostaglandins F, Synthetic</DescriptorName>
                <QualifierName UI="Q000627" MajorTopicYN="Y">therapeutic use</QualifierName>
            </MeshHeading>
            <MeshHeading>
                <DescriptorName UI="D011810" MajorTopicYN="N">Quinoxalines</DescriptorName>
                <QualifierName UI="Q000627" MajorTopicYN="Y">therapeutic use</QualifierName>
            </MeshHeading>
            <MeshHeading>
                <DescriptorName UI="D013449" MajorTopicYN="N">Sulfonamides</DescriptorName>
                <QualifierName UI="Q000627" MajorTopicYN="N">therapeutic use</QualifierName>
            </MeshHeading>
            <MeshHeading>
                <DescriptorName UI="D013876" MajorTopicYN="N">Thiophenes</DescriptorName>
                <QualifierName UI="Q000627" MajorTopicYN="N">therapeutic use</QualifierName>
            </MeshHeading>
            <MeshHeading>
                <DescriptorName UI="D013999" MajorTopicYN="N">Timolol</DescriptorName>
                <QualifierName UI="Q000627" MajorTopicYN="N">therapeutic use</QualifierName>
            </MeshHeading>
            <MeshHeading>
                <DescriptorName UI="D016896" MajorTopicYN="N">Treatment Outcome</DescriptorName>
            </MeshHeading>
        </MeshHeadingList>
    </MedlineCitation>
    <PubmedData>
        <History>
            <PubMedPubDate PubStatus="pubmed">
                <Year>2004</Year>
                <Month>6</Month>
                <Day>9</Day>
                <Hour>5</Hour>
                <Minute>0</Minute>
            </PubMedPubDate>
            <PubMedPubDate PubStatus="medline">
                <Year>2005</Year>
                <Month>6</Month>
                <Day>4</Day>
                <Hour>9</Hour>
                <Minute>0</Minute>
            </PubMedPubDate>
            <PubMedPubDate PubStatus="entrez">
                <Year>2004</Year>
                <Month>6</Month>
                <Day>9</Day>
                <Hour>5</Hour>
                <Minute>0</Minute>
            </PubMedPubDate>
        </History>
        <PublicationStatus>ppublish</PublicationStatus>
        <ArticleIdList>
            <ArticleId IdType="pubmed">15184958</ArticleId>
            <ArticleId IdType="doi">10.1038/sj.eye.6701428</ArticleId>
            <ArticleId IdType="pii">6701428</ArticleId>
        </ArticleIdList>
    </PubmedData>
</PubmedArticle>

</PubmedArticleSet>