<?xml version="1.0" ?>
<!DOCTYPE PubmedArticleSet PUBLIC "-//NLM//DTD PubMedArticle, 1st January 2019//EN" "https://dtd.nlm.nih.gov/ncbi/pubmed/out/pubmed_190101.dtd">
<PubmedArticleSet>
<PubmedArticle>
    <MedlineCitation Status="MEDLINE" Owner="NLM">
        <PMID Version="1">10442913</PMID>
        <DateCompleted>
            <Year>1999</Year>
            <Month>08</Month>
            <Day>11</Day>
        </DateCompleted>
        <DateRevised>
            <Year>2006</Year>
            <Month>11</Month>
            <Day>15</Day>
        </DateRevised>
        <Article PubModel="Print">
            <Journal>
                <ISSN IssnType="Print">0161-6420</ISSN>
                <JournalIssue CitedMedium="Print">
                    <Volume>106</Volume>
                    <Issue>8</Issue>
                    <PubDate>
                        <Year>1999</Year>
                        <Month>Aug</Month>
                    </PubDate>
                </JournalIssue>
                <Title>Ophthalmology</Title>
                <ISOAbbreviation>Ophthalmology</ISOAbbreviation>
            </Journal>
            <ArticleTitle>Primary combined trabeculotomy-trabeculectomy for early-onset glaucoma in Sturge-Weber syndrome.</ArticleTitle>
            <Pagination>
                <MedlinePgn>1621-7</MedlinePgn>
            </Pagination>
            <Abstract>
                <AbstractText Label="OBJECTIVE" NlmCategory="OBJECTIVE">To evaluate the safety and efficacy of primary combined trabeculotomy-trabeculectomy in the management of early-onset glaucoma associated with Sturge-Weber syndrome (SWS).</AbstractText>
                <AbstractText Label="DESIGN" NlmCategory="METHODS">Retrospective noncomparative case series.</AbstractText>
                <AbstractText Label="PARTICIPANTS" NlmCategory="METHODS">Ten eyes of nine patients were included in this study. All patients with SWS who underwent primary combined trabeculotomy-trabeculectomy from January 1993 through December 1996 were included. One patient had bilateral surgery.</AbstractText>
                <AbstractText Label="INTERVENTION" NlmCategory="METHODS">Primary combined trabeculotomy-trabeculectomy.</AbstractText>
                <AbstractText Label="MAIN OUTCOME MEASURES" NlmCategory="METHODS">Pre- and postoperative intraocular pressures (IOPs), corneal clarity and diameters, visual acuities, success rate, bleb characteristics, time of surgical failure (if any), and complications.</AbstractText>
                <AbstractText Label="RESULTS" NlmCategory="RESULTS">The mean preoperative IOP was 28.2 mmHg +/- 7.35 mmHg with medication (mean, 1.2 +/- 0.6; range, 0-2). The mean postoperative IOP was 11.8 mmHg +/- 1.8 mmHg, with a mean percent reduction of 55.8 +/- 12.6 in IOP (P &lt; 0.0001). All eyes maintained a postoperative IOP &lt; 16 mmHg without medication over a mean follow-up of 27.6 +/- 16.4 months (range, 12-64 months). Normal corneal clarity was achieved in all eight eyes that had corneal edema. There were no significant intraoperative complications. Postoperatively, one patient developed a shallow anterior chamber with choroidal detachment, which was successfully managed conservatively.</AbstractText>
                <AbstractText Label="CONCLUSION" NlmCategory="CONCLUSIONS">Primary combined trabeculotomy-trabeculectomy is safe, effective, and sufficiently predictable to be considered the first choice of surgical treatment in early-onset glaucoma associated with SWS.</AbstractText>
            </Abstract>
            <AuthorList CompleteYN="Y">
                <Author ValidYN="Y">
                    <LastName>Mandal</LastName>
                    <ForeName>A K</ForeName>
                    <Initials>AK</Initials>
                    <AffiliationInfo>
                        <Affiliation>VST Centre for Glaucoma Care, L. V. Prasad Eye Institute, Hyderabad, India. mandal@lvpeye.stph.net</Affiliation>
                    </AffiliationInfo>
                </Author>
            </AuthorList>
            <Language>eng</Language>
            <PublicationTypeList>
                <PublicationType UI="D016428">Journal Article</PublicationType>
                <PublicationType UI="D013485">Research Support, Non-U.S. Gov't</PublicationType>
            </PublicationTypeList>
        </Article>
        <MedlineJournalInfo>
            <Country>United States</Country>
            <MedlineTA>Ophthalmology</MedlineTA>
            <NlmUniqueID>7802443</NlmUniqueID>
            <ISSNLinking>0161-6420</ISSNLinking>
        </MedlineJournalInfo>
        <CitationSubset>IM</CitationSubset>
        <CommentsCorrectionsList>
            <CommentsCorrections RefType="CommentIn">
                <RefSource>Ophthalmology. 2000 Apr;107(4):624-5</RefSource>
                <PMID Version="1">10768320</PMID>
            </CommentsCorrections>
        </CommentsCorrectionsList>
        <MeshHeadingList>
            <MeshHeading>
                <DescriptorName UI="D002648" MajorTopicYN="N">Child</DescriptorName>
            </MeshHeading>
            <MeshHeading>
                <DescriptorName UI="D002675" MajorTopicYN="N">Child, Preschool</DescriptorName>
            </MeshHeading>
            <MeshHeading>
                <DescriptorName UI="D003315" MajorTopicYN="N">Cornea</DescriptorName>
                <QualifierName UI="Q000502" MajorTopicYN="N">physiology</QualifierName>
            </MeshHeading>
            <MeshHeading>
                <DescriptorName UI="D005260" MajorTopicYN="N">Female</DescriptorName>
            </MeshHeading>
            <MeshHeading>
                <DescriptorName UI="D005901" MajorTopicYN="N">Glaucoma</DescriptorName>
                <QualifierName UI="Q000209" MajorTopicYN="N">etiology</QualifierName>
                <QualifierName UI="Q000601" MajorTopicYN="Y">surgery</QualifierName>
            </MeshHeading>
            <MeshHeading>
                <DescriptorName UI="D006801" MajorTopicYN="N">Humans</DescriptorName>
            </MeshHeading>
            <MeshHeading>
                <DescriptorName UI="D007223" MajorTopicYN="N">Infant</DescriptorName>
            </MeshHeading>
            <MeshHeading>
                <DescriptorName UI="D007429" MajorTopicYN="N">Intraocular Pressure</DescriptorName>
            </MeshHeading>
            <MeshHeading>
                <DescriptorName UI="D008297" MajorTopicYN="N">Male</DescriptorName>
            </MeshHeading>
            <MeshHeading>
                <DescriptorName UI="D011183" MajorTopicYN="N">Postoperative Complications</DescriptorName>
            </MeshHeading>
            <MeshHeading>
                <DescriptorName UI="D012189" MajorTopicYN="N">Retrospective Studies</DescriptorName>
            </MeshHeading>
            <MeshHeading>
                <DescriptorName UI="D012449" MajorTopicYN="N">Safety</DescriptorName>
            </MeshHeading>
            <MeshHeading>
                <DescriptorName UI="D013341" MajorTopicYN="N">Sturge-Weber Syndrome</DescriptorName>
                <QualifierName UI="Q000150" MajorTopicYN="Y">complications</QualifierName>
            </MeshHeading>
            <MeshHeading>
                <DescriptorName UI="D014130" MajorTopicYN="Y">Trabeculectomy</DescriptorName>
            </MeshHeading>
            <MeshHeading>
                <DescriptorName UI="D016896" MajorTopicYN="N">Treatment Outcome</DescriptorName>
            </MeshHeading>
            <MeshHeading>
                <DescriptorName UI="D014792" MajorTopicYN="N">Visual Acuity</DescriptorName>
            </MeshHeading>
        </MeshHeadingList>
    </MedlineCitation>
    <PubmedData>
        <History>
            <PubMedPubDate PubStatus="pubmed">
                <Year>1999</Year>
                <Month>8</Month>
                <Day>12</Day>
            </PubMedPubDate>
            <PubMedPubDate PubStatus="medline">
                <Year>1999</Year>
                <Month>8</Month>
                <Day>12</Day>
                <Hour>0</Hour>
                <Minute>1</Minute>
            </PubMedPubDate>
            <PubMedPubDate PubStatus="entrez">
                <Year>1999</Year>
                <Month>8</Month>
                <Day>12</Day>
                <Hour>0</Hour>
                <Minute>0</Minute>
            </PubMedPubDate>
        </History>
        <PublicationStatus>ppublish</PublicationStatus>
        <ArticleIdList>
            <ArticleId IdType="pubmed">10442913</ArticleId>
            <ArticleId IdType="pii">S0161-6420(99)90462-1</ArticleId>
            <ArticleId IdType="doi">10.1016/S0161-6420(99)90462-1</ArticleId>
        </ArticleIdList>
    </PubmedData>
</PubmedArticle>

</PubmedArticleSet>