<?xml version="1.0" ?>
<!DOCTYPE PubmedArticleSet PUBLIC "-//NLM//DTD PubMedArticle, 1st January 2019//EN" "https://dtd.nlm.nih.gov/ncbi/pubmed/out/pubmed_190101.dtd">
<PubmedArticleSet>
<PubmedArticle>
    <MedlineCitation Status="MEDLINE" Owner="NLM">
        <PMID Version="1">11853718</PMID>
        <DateCompleted>
            <Year>2002</Year>
            <Month>04</Month>
            <Day>15</Day>
        </DateCompleted>
        <DateRevised>
            <Year>2019</Year>
            <Month>11</Month>
            <Day>05</Day>
        </DateRevised>
        <Article PubModel="Print">
            <Journal>
                <ISSN IssnType="Print">0021-5155</ISSN>
                <JournalIssue CitedMedium="Print">
                    <Volume>46</Volume>
                    <Issue>1</Issue>
                    <PubDate>
                        <MedlineDate>2002 Jan-Feb</MedlineDate>
                    </PubDate>
                </JournalIssue>
                <Title>Japanese journal of ophthalmology</Title>
                <ISOAbbreviation>Jpn J Ophthalmol</ISOAbbreviation>
            </Journal>
            <ArticleTitle>A case of acute angle-closure glaucoma secondary to posterior scleritis in patient with Sturge-Weber syndrome.</ArticleTitle>
            <Pagination>
                <MedlinePgn>74-7</MedlinePgn>
            </Pagination>
            <Abstract>
                <AbstractText Label="BACKGROUND" NlmCategory="BACKGROUND">Sturge-Weber syndrome has been known to be frequently associated with facial cutaneous angioma and ipsilateral glaucoma. However, as far as we know, no cases accompanied by acute angle-closure glaucoma have been reported in patients with Sturge-Weber syndrome.</AbstractText>
                <AbstractText Label="CASE" NlmCategory="METHODS">A 14-year-old boy with unilateral acute angle-closure glaucoma secondary to posterior scleritis associated with Sturge-Weber syndrome is described.</AbstractText>
                <AbstractText Label="OBSERVATIONS" NlmCategory="METHODS">Slit-lamp examination revealed diffuse episcleral venous hemangioma in the right eye. With ultrasound biomicroscopy, a forward shift of the lens-iris diaphragm, a swelling of the ciliary body, and an anterior rotation of the ciliary processes with annular choroidal effusion were detected. The patient responded well to treatment with systemic corticosteroids and cycloplegics.</AbstractText>
                <AbstractText Label="CONCLUSIONS" NlmCategory="CONCLUSIONS">In our patient, inflammatory changes of the sclera, including swelling of the ciliary body, choroidal effusion, an anterior rotation of the ciliary processes at the scleral spur, and swelling of the lens, leading to closure of the anterior chamber angle, were suggested to be the major mechanisms of intraocular pressure elevation.</AbstractText>
            </Abstract>
            <AuthorList CompleteYN="Y">
                <Author ValidYN="Y">
                    <LastName>Maruyama</LastName>
                    <ForeName>Ikuyo</ForeName>
                    <Initials>I</Initials>
                    <AffiliationInfo>
                        <Affiliation>Department of Ophthalmology, Hirosaki University School of Medicine, Aomori, Hirosaki, Japan.</Affiliation>
                    </AffiliationInfo>
                </Author>
                <Author ValidYN="Y">
                    <LastName>Ohguro</LastName>
                    <ForeName>Hiroshi</ForeName>
                    <Initials>H</Initials>
                </Author>
                <Author ValidYN="Y">
                    <LastName>Nakazawa</LastName>
                    <ForeName>Mitsuru</ForeName>
                    <Initials>M</Initials>
                </Author>
            </AuthorList>
            <Language>eng</Language>
            <PublicationTypeList>
                <PublicationType UI="D002363">Case Reports</PublicationType>
                <PublicationType UI="D016428">Journal Article</PublicationType>
            </PublicationTypeList>
        </Article>
        <MedlineJournalInfo>
            <Country>Japan</Country>
            <MedlineTA>Jpn J Ophthalmol</MedlineTA>
            <NlmUniqueID>0044652</NlmUniqueID>
            <ISSNLinking>0021-5155</ISSNLinking>
        </MedlineJournalInfo>
        <ChemicalList>
            <Chemical>
                <RegistryNumber>0</RegistryNumber>
                <NameOfSubstance UI="D000959">Antihypertensive Agents</NameOfSubstance>
            </Chemical>
            <Chemical>
                <RegistryNumber>0</RegistryNumber>
                <NameOfSubstance UI="D005938">Glucocorticoids</NameOfSubstance>
            </Chemical>
            <Chemical>
                <RegistryNumber>0</RegistryNumber>
                <NameOfSubstance UI="D009184">Mydriatics</NameOfSubstance>
            </Chemical>
            <Chemical>
                <RegistryNumber>9842X06Q6M</RegistryNumber>
                <NameOfSubstance UI="D001623">Betamethasone</NameOfSubstance>
            </Chemical>
        </ChemicalList>
        <CitationSubset>IM</CitationSubset>
        <CommentsCorrectionsList>
            <CommentsCorrections RefType="CommentIn">
                <RefSource>Jpn J Ophthalmol. 2003 Mar-Apr;47(2):233; author reply 233-4</RefSource>
                <PMID Version="1">12738572</PMID>
            </CommentsCorrections>
        </CommentsCorrectionsList>
        <MeshHeadingList>
            <MeshHeading>
                <DescriptorName UI="D000208" MajorTopicYN="N">Acute Disease</DescriptorName>
            </MeshHeading>
            <MeshHeading>
                <DescriptorName UI="D000293" MajorTopicYN="N">Adolescent</DescriptorName>
            </MeshHeading>
            <MeshHeading>
                <DescriptorName UI="D000869" MajorTopicYN="N">Anterior Eye Segment</DescriptorName>
                <QualifierName UI="Q000000981" MajorTopicYN="N">diagnostic imaging</QualifierName>
                <QualifierName UI="Q000473" MajorTopicYN="N">pathology</QualifierName>
            </MeshHeading>
            <MeshHeading>
                <DescriptorName UI="D000959" MajorTopicYN="N">Antihypertensive Agents</DescriptorName>
                <QualifierName UI="Q000627" MajorTopicYN="N">therapeutic use</QualifierName>
            </MeshHeading>
            <MeshHeading>
                <DescriptorName UI="D001623" MajorTopicYN="N">Betamethasone</DescriptorName>
                <QualifierName UI="Q000627" MajorTopicYN="N">therapeutic use</QualifierName>
            </MeshHeading>
            <MeshHeading>
                <DescriptorName UI="D004359" MajorTopicYN="N">Drug Therapy, Combination</DescriptorName>
            </MeshHeading>
            <MeshHeading>
                <DescriptorName UI="D015812" MajorTopicYN="N">Glaucoma, Angle-Closure</DescriptorName>
                <QualifierName UI="Q000175" MajorTopicYN="N">diagnosis</QualifierName>
                <QualifierName UI="Q000188" MajorTopicYN="N">drug therapy</QualifierName>
                <QualifierName UI="Q000209" MajorTopicYN="Y">etiology</QualifierName>
            </MeshHeading>
            <MeshHeading>
                <DescriptorName UI="D005938" MajorTopicYN="N">Glucocorticoids</DescriptorName>
                <QualifierName UI="Q000627" MajorTopicYN="N">therapeutic use</QualifierName>
            </MeshHeading>
            <MeshHeading>
                <DescriptorName UI="D006801" MajorTopicYN="N">Humans</DescriptorName>
            </MeshHeading>
            <MeshHeading>
                <DescriptorName UI="D007429" MajorTopicYN="N">Intraocular Pressure</DescriptorName>
            </MeshHeading>
            <MeshHeading>
                <DescriptorName UI="D008297" MajorTopicYN="N">Male</DescriptorName>
            </MeshHeading>
            <MeshHeading>
                <DescriptorName UI="D009184" MajorTopicYN="N">Mydriatics</DescriptorName>
                <QualifierName UI="Q000627" MajorTopicYN="N">therapeutic use</QualifierName>
            </MeshHeading>
            <MeshHeading>
                <DescriptorName UI="D015423" MajorTopicYN="N">Scleritis</DescriptorName>
                <QualifierName UI="Q000150" MajorTopicYN="Y">complications</QualifierName>
                <QualifierName UI="Q000175" MajorTopicYN="N">diagnosis</QualifierName>
                <QualifierName UI="Q000188" MajorTopicYN="N">drug therapy</QualifierName>
            </MeshHeading>
            <MeshHeading>
                <DescriptorName UI="D013341" MajorTopicYN="N">Sturge-Weber Syndrome</DescriptorName>
                <QualifierName UI="Q000150" MajorTopicYN="Y">complications</QualifierName>
                <QualifierName UI="Q000175" MajorTopicYN="N">diagnosis</QualifierName>
                <QualifierName UI="Q000188" MajorTopicYN="N">drug therapy</QualifierName>
            </MeshHeading>
            <MeshHeading>
                <DescriptorName UI="D014057" MajorTopicYN="N">Tomography, X-Ray Computed</DescriptorName>
            </MeshHeading>
            <MeshHeading>
                <DescriptorName UI="D014463" MajorTopicYN="N">Ultrasonography</DescriptorName>
            </MeshHeading>
        </MeshHeadingList>
    </MedlineCitation>
    <PubmedData>
        <History>
            <PubMedPubDate PubStatus="pubmed">
                <Year>2002</Year>
                <Month>2</Month>
                <Day>21</Day>
                <Hour>10</Hour>
                <Minute>0</Minute>
            </PubMedPubDate>
            <PubMedPubDate PubStatus="medline">
                <Year>2002</Year>
                <Month>4</Month>
                <Day>16</Day>
                <Hour>10</Hour>
                <Minute>1</Minute>
            </PubMedPubDate>
            <PubMedPubDate PubStatus="entrez">
                <Year>2002</Year>
                <Month>2</Month>
                <Day>21</Day>
                <Hour>10</Hour>
                <Minute>0</Minute>
            </PubMedPubDate>
        </History>
        <PublicationStatus>ppublish</PublicationStatus>
        <ArticleIdList>
            <ArticleId IdType="pubmed">11853718</ArticleId>
            <ArticleId IdType="pii">S0021515501004634</ArticleId>
            <ArticleId IdType="doi">10.1016/s0021-5155(01)00463-4</ArticleId>
        </ArticleIdList>
    </PubmedData>
</PubmedArticle>

</PubmedArticleSet>