<?xml version="1.0" ?>
<!DOCTYPE PubmedArticleSet PUBLIC "-//NLM//DTD PubMedArticle, 1st January 2019//EN" "https://dtd.nlm.nih.gov/ncbi/pubmed/out/pubmed_190101.dtd">
<PubmedArticleSet>
<PubmedArticle>
    <MedlineCitation Status="MEDLINE" Owner="NLM">
        <PMID Version="1">12928274</PMID>
        <DateCompleted>
            <Year>2003</Year>
            <Month>10</Month>
            <Day>16</Day>
        </DateCompleted>
        <DateRevised>
            <Year>2019</Year>
            <Month>12</Month>
            <Day>10</Day>
        </DateRevised>
        <Article PubModel="Print">
            <Journal>
                <ISSN IssnType="Print">0007-1161</ISSN>
                <JournalIssue CitedMedium="Print">
                    <Volume>87</Volume>
                    <Issue>9</Issue>
                    <PubDate>
                        <Year>2003</Year>
                        <Month>Sep</Month>
                    </PubDate>
                </JournalIssue>
                <Title>The British journal of ophthalmology</Title>
                <ISOAbbreviation>Br J Ophthalmol</ISOAbbreviation>
            </Journal>
            <ArticleTitle>Latanoprost in port wine stain related paediatric glaucoma.</ArticleTitle>
            <Pagination>
                <MedlinePgn>1091-3</MedlinePgn>
            </Pagination>
            <Abstract>
                <AbstractText Label="AIM" NlmCategory="OBJECTIVE">To evaluate the efficacy of latanoprost (Xalatan) as adjunctive therapy in port wine stain related paediatric glaucoma.</AbstractText>
                <AbstractText Label="METHODS" NlmCategory="METHODS">A retrospective non-randomised study. Patients with previous surgical intervention and medical treatment were included. Measurements were recorded from clinic and/or examination under anaesthetic (EUA) visits. A successful outcome was considered to be patients who required no further intervention following initiation of latanoprost, with stable glaucoma factors as well as drop in intraocular pressure.</AbstractText>
                <AbstractText Label="RESULTS" NlmCategory="RESULTS">14 patients and 17 eyes were reviewed in total. The mean age of glaucoma diagnosis was 2.59 years (0.1-5.25 years) and of commencing latanoprost was 6.8 years (1.40-12.90 years). Percentage success at 1 month, 3 months, 6 months, and 1 year was 70.6%, 64.7%, 58.9%, and 47.1%, respectively, of eyes treated which translated to 71.4%, 64.2%, 57.1%, and 50% respectively of patients treated.</AbstractText>
                <AbstractText Label="CONCLUSIONS" NlmCategory="CONCLUSIONS">A trial of latanoprost as adjunctive therapy in patients with port wine stain related glaucoma may temporise the need for surgery; with 50% of patients being controlled at 1 year follow up. Lack of efficacy was detected as early as 1 month following commencement of treatment.</AbstractText>
            </Abstract>
            <AuthorList CompleteYN="Y">
                <Author ValidYN="Y">
                    <LastName>Ong</LastName>
                    <ForeName>T</ForeName>
                    <Initials>T</Initials>
                    <AffiliationInfo>
                        <Affiliation>Department of Ophthalmology, Great Ormond Street Hospital for Children, London, UK.</Affiliation>
                    </AffiliationInfo>
                </Author>
                <Author ValidYN="Y">
                    <LastName>Chia</LastName>
                    <ForeName>A</ForeName>
                    <Initials>A</Initials>
                </Author>
                <Author ValidYN="Y">
                    <LastName>Nischal</LastName>
                    <ForeName>K K</ForeName>
                    <Initials>KK</Initials>
                </Author>
            </AuthorList>
            <Language>eng</Language>
            <PublicationTypeList>
                <PublicationType UI="D023362">Evaluation Study</PublicationType>
                <PublicationType UI="D016428">Journal Article</PublicationType>
            </PublicationTypeList>
        </Article>
        <MedlineJournalInfo>
            <Country>England</Country>
            <MedlineTA>Br J Ophthalmol</MedlineTA>
            <NlmUniqueID>0421041</NlmUniqueID>
            <ISSNLinking>0007-1161</ISSNLinking>
        </MedlineJournalInfo>
        <ChemicalList>
            <Chemical>
                <RegistryNumber>0</RegistryNumber>
                <NameOfSubstance UI="D000959">Antihypertensive Agents</NameOfSubstance>
            </Chemical>
            <Chemical>
                <RegistryNumber>0</RegistryNumber>
                <NameOfSubstance UI="D011461">Prostaglandins F, Synthetic</NameOfSubstance>
            </Chemical>
            <Chemical>
                <RegistryNumber>6Z5B6HVF6O</RegistryNumber>
                <NameOfSubstance UI="D000077338">Latanoprost</NameOfSubstance>
            </Chemical>
        </ChemicalList>
        <CitationSubset>IM</CitationSubset>
        <MeshHeadingList>
            <MeshHeading>
                <DescriptorName UI="D000293" MajorTopicYN="N">Adolescent</DescriptorName>
            </MeshHeading>
            <MeshHeading>
                <DescriptorName UI="D000959" MajorTopicYN="N">Antihypertensive Agents</DescriptorName>
                <QualifierName UI="Q000627" MajorTopicYN="Y">therapeutic use</QualifierName>
            </MeshHeading>
            <MeshHeading>
                <DescriptorName UI="D017024" MajorTopicYN="N">Chemotherapy, Adjuvant</DescriptorName>
            </MeshHeading>
            <MeshHeading>
                <DescriptorName UI="D002648" MajorTopicYN="N">Child</DescriptorName>
            </MeshHeading>
            <MeshHeading>
                <DescriptorName UI="D002675" MajorTopicYN="N">Child, Preschool</DescriptorName>
            </MeshHeading>
            <MeshHeading>
                <DescriptorName UI="D005901" MajorTopicYN="N">Glaucoma</DescriptorName>
                <QualifierName UI="Q000188" MajorTopicYN="Y">drug therapy</QualifierName>
                <QualifierName UI="Q000209" MajorTopicYN="N">etiology</QualifierName>
                <QualifierName UI="Q000503" MajorTopicYN="N">physiopathology</QualifierName>
            </MeshHeading>
            <MeshHeading>
                <DescriptorName UI="D006801" MajorTopicYN="N">Humans</DescriptorName>
            </MeshHeading>
            <MeshHeading>
                <DescriptorName UI="D007223" MajorTopicYN="N">Infant</DescriptorName>
            </MeshHeading>
            <MeshHeading>
                <DescriptorName UI="D007429" MajorTopicYN="N">Intraocular Pressure</DescriptorName>
                <QualifierName UI="Q000187" MajorTopicYN="N">drug effects</QualifierName>
            </MeshHeading>
            <MeshHeading>
                <DescriptorName UI="D000077338" MajorTopicYN="N">Latanoprost</DescriptorName>
            </MeshHeading>
            <MeshHeading>
                <DescriptorName UI="D019339" MajorTopicYN="N">Port-Wine Stain</DescriptorName>
                <QualifierName UI="Q000150" MajorTopicYN="Y">complications</QualifierName>
            </MeshHeading>
            <MeshHeading>
                <DescriptorName UI="D011461" MajorTopicYN="N">Prostaglandins F, Synthetic</DescriptorName>
                <QualifierName UI="Q000627" MajorTopicYN="Y">therapeutic use</QualifierName>
            </MeshHeading>
            <MeshHeading>
                <DescriptorName UI="D012189" MajorTopicYN="N">Retrospective Studies</DescriptorName>
            </MeshHeading>
            <MeshHeading>
                <DescriptorName UI="D016896" MajorTopicYN="N">Treatment Outcome</DescriptorName>
            </MeshHeading>
        </MeshHeadingList>
    </MedlineCitation>
    <PubmedData>
        <History>
            <PubMedPubDate PubStatus="pubmed">
                <Year>2003</Year>
                <Month>8</Month>
                <Day>21</Day>
                <Hour>5</Hour>
                <Minute>0</Minute>
            </PubMedPubDate>
            <PubMedPubDate PubStatus="medline">
                <Year>2003</Year>
                <Month>10</Month>
                <Day>17</Day>
                <Hour>5</Hour>
                <Minute>0</Minute>
            </PubMedPubDate>
            <PubMedPubDate PubStatus="entrez">
                <Year>2003</Year>
                <Month>8</Month>
                <Day>21</Day>
                <Hour>5</Hour>
                <Minute>0</Minute>
            </PubMedPubDate>
        </History>
        <PublicationStatus>ppublish</PublicationStatus>
        <ArticleIdList>
            <ArticleId IdType="pubmed">12928274</ArticleId>
            <ArticleId IdType="pmc">PMC1771852</ArticleId>
            <ArticleId IdType="doi">10.1136/bjo.87.9.1091</ArticleId>
        </ArticleIdList>
        <ReferenceList>
            <Reference>
                <Citation>J Child Neurol. 1995 Jan;10(1):49-58</Citation>
                <ArticleIdList>
                    <ArticleId IdType="pubmed">7769179</ArticleId>
                </ArticleIdList>
            </Reference>
            <Reference>
                <Citation>Paediatr Anaesth. 2001 Jul;11(4):421-4</Citation>
                <ArticleIdList>
                    <ArticleId IdType="pubmed">11442858</ArticleId>
                </ArticleIdList>
            </Reference>
            <Reference>
                <Citation>Surv Ophthalmol. 1997 Feb;41 Suppl 2:S53-9</Citation>
                <ArticleIdList>
                    <ArticleId IdType="pubmed">9154277</ArticleId>
                </ArticleIdList>
            </Reference>
            <Reference>
                <Citation>Invest Ophthalmol Vis Sci. 1997 Oct;38(11):2214-23</Citation>
                <ArticleIdList>
                    <ArticleId IdType="pubmed">9344344</ArticleId>
                </ArticleIdList>
            </Reference>
            <Reference>
                <Citation>Am J Ophthalmol. 1997 Sep;124(3):279-86</Citation>
                <ArticleIdList>
                    <ArticleId IdType="pubmed">9439353</ArticleId>
                </ArticleIdList>
            </Reference>
            <Reference>
                <Citation>Exp Eye Res. 1998 Aug;67(2):179-91</Citation>
                <ArticleIdList>
                    <ArticleId IdType="pubmed">9733584</ArticleId>
                </ArticleIdList>
            </Reference>
            <Reference>
                <Citation>Am J Ophthalmol. 1998 Oct;126(4):600-2</Citation>
                <ArticleIdList>
                    <ArticleId IdType="pubmed">9780111</ArticleId>
                </ArticleIdList>
            </Reference>
            <Reference>
                <Citation>Ophthalmologe. 1998 Sep;95(9):633-4</Citation>
                <ArticleIdList>
                    <ArticleId IdType="pubmed">9793385</ArticleId>
                </ArticleIdList>
            </Reference>
            <Reference>
                <Citation>Curr Eye Res. 2001 May;22(5):394-7</Citation>
                <ArticleIdList>
                    <ArticleId IdType="pubmed">11600941</ArticleId>
                </ArticleIdList>
            </Reference>
            <Reference>
                <Citation>Arch Ophtalmol Rev Gen Ophtalmol. 1968 Jun;28(4):359-74</Citation>
                <ArticleIdList>
                    <ArticleId IdType="pubmed">4234513</ArticleId>
                </ArticleIdList>
            </Reference>
            <Reference>
                <Citation>Anaesthesist. 1974 Jun;23(6):245-8</Citation>
                <ArticleIdList>
                    <ArticleId IdType="pubmed">4458493</ArticleId>
                </ArticleIdList>
            </Reference>
            <Reference>
                <Citation>Ophthalmology. 1978 Mar;85(3):276-86</Citation>
                <ArticleIdList>
                    <ArticleId IdType="pubmed">662281</ArticleId>
                </ArticleIdList>
            </Reference>
            <Reference>
                <Citation>Ophthalmology. 1981 Mar;88(3):249-52</Citation>
                <ArticleIdList>
                    <ArticleId IdType="pubmed">7231913</ArticleId>
                </ArticleIdList>
            </Reference>
            <Reference>
                <Citation>Ophthalmology. 1984 Sep;91(9):1061-71</Citation>
                <ArticleIdList>
                    <ArticleId IdType="pubmed">6493715</ArticleId>
                </ArticleIdList>
            </Reference>
            <Reference>
                <Citation>Ophthalmology. 1990 Jul;97(7):904-9</Citation>
                <ArticleIdList>
                    <ArticleId IdType="pubmed">2381705</ArticleId>
                </ArticleIdList>
            </Reference>
            <Reference>
                <Citation>Ophthalmology. 1979 Jul;86(7):1360-6</Citation>
                <ArticleIdList>
                    <ArticleId IdType="pubmed">233868</ArticleId>
                </ArticleIdList>
            </Reference>
            <Reference>
                <Citation>J Pediatr Ophthalmol Strabismus. 1992 Nov-Dec;29(6):349-56</Citation>
                <ArticleIdList>
                    <ArticleId IdType="pubmed">1287171</ArticleId>
                </ArticleIdList>
            </Reference>
            <Reference>
                <Citation>Arch Ophthalmol. 1998 Dec;116(12):1683-4</Citation>
                <ArticleIdList>
                    <ArticleId IdType="pubmed">9869807</ArticleId>
                </ArticleIdList>
            </Reference>
            <Reference>
                <Citation>J AAPOS. 1999 Feb;3(1):33-9</Citation>
                <ArticleIdList>
                    <ArticleId IdType="pubmed">10071899</ArticleId>
                </ArticleIdList>
            </Reference>
            <Reference>
                <Citation>J AAPOS. 1999 Feb;3(1):40-5</Citation>
                <ArticleIdList>
                    <ArticleId IdType="pubmed">10071900</ArticleId>
                </ArticleIdList>
            </Reference>
            <Reference>
                <Citation>J Glaucoma. 1999 Jun;8(3):199-203</Citation>
                <ArticleIdList>
                    <ArticleId IdType="pubmed">10376261</ArticleId>
                </ArticleIdList>
            </Reference>
            <Reference>
                <Citation>Ophthalmology. 1999 Aug;106(8):1621-7</Citation>
                <ArticleIdList>
                    <ArticleId IdType="pubmed">10442913</ArticleId>
                </ArticleIdList>
            </Reference>
            <Reference>
                <Citation>Aust N Z J Ophthalmol. 1993 Nov;21(4):271-2</Citation>
                <ArticleIdList>
                    <ArticleId IdType="pubmed">8148145</ArticleId>
                </ArticleIdList>
            </Reference>
            <Reference>
                <Citation>J AAPOS. 1999 Oct;3(5):308-15</Citation>
                <ArticleIdList>
                    <ArticleId IdType="pubmed">10532577</ArticleId>
                </ArticleIdList>
            </Reference>
            <Reference>
                <Citation>Am J Ophthalmol. 1999 Dec;128(6):758-60</Citation>
                <ArticleIdList>
                    <ArticleId IdType="pubmed">10612515</ArticleId>
                </ArticleIdList>
            </Reference>
            <Reference>
                <Citation>J Pediatr Ophthalmol Strabismus. 2000 Jan-Feb;37(1):29-34</Citation>
                <ArticleIdList>
                    <ArticleId IdType="pubmed">10714693</ArticleId>
                </ArticleIdList>
            </Reference>
            <Reference>
                <Citation>Eur J Ophthalmol. 2000 Apr-Jun;10(2):95-104</Citation>
                <ArticleIdList>
                    <ArticleId IdType="pubmed">10887918</ArticleId>
                </ArticleIdList>
            </Reference>
            <Reference>
                <Citation>Invest Ophthalmol Vis Sci. 1995 Nov;36(12):2461-5</Citation>
                <ArticleIdList>
                    <ArticleId IdType="pubmed">7591635</ArticleId>
                </ArticleIdList>
            </Reference>
        </ReferenceList>
    </PubmedData>
</PubmedArticle>

</PubmedArticleSet>