<?xml version="1.0" ?>
<!DOCTYPE PubmedArticleSet PUBLIC "-//NLM//DTD PubMedArticle, 1st January 2019//EN" "https://dtd.nlm.nih.gov/ncbi/pubmed/out/pubmed_190101.dtd">
<PubmedArticleSet>
<PubmedArticle>
    <MedlineCitation Status="MEDLINE" Owner="NLM">
        <PMID Version="1">16965497</PMID>
        <DateCompleted>
            <Year>2006</Year>
            <Month>11</Month>
            <Day>20</Day>
        </DateCompleted>
        <DateRevised>
            <Year>2008</Year>
            <Month>03</Month>
            <Day>17</Day>
        </DateRevised>
        <Article PubModel="Print">
            <Journal>
                <ISSN IssnType="Print">1395-3907</ISSN>
                <JournalIssue CitedMedium="Print">
                    <Volume>84</Volume>
                    <Issue>5</Issue>
                    <PubDate>
                        <Year>2006</Year>
                        <Month>Oct</Month>
                    </PubDate>
                </JournalIssue>
                <Title>Acta ophthalmologica Scandinavica</Title>
                <ISOAbbreviation>Acta Ophthalmol Scand</ISOAbbreviation>
            </Journal>
            <ArticleTitle>Non-penetrating deep sclerectomy for glaucoma associated with Sturge-Weber syndrome.</ArticleTitle>
            <Pagination>
                <MedlinePgn>656-60</MedlinePgn>
            </Pagination>
            <Abstract>
                <AbstractText Label="PURPOSE" NlmCategory="OBJECTIVE">To report the results of non-penetrating deep sclerectomy (NPDS) in the treatment of glaucoma associated with Sturge-Weber syndrome (SWS).</AbstractText>
                <AbstractText Label="METHODS" NlmCategory="METHODS">We carried out a retrospective case series analysis of patients who underwent NPDS for glaucoma associated with SWS between 1998 and 2003. The control of glaucoma after NPDS, the results of surgery on intraocular pressure, the need for additional medical treatment and surgical complications were studied.</AbstractText>
                <AbstractText Label="RESULTS" NlmCategory="RESULTS">Twelve eyes of nine patients, aged 11 days to 24 years, underwent filtering surgery: nine NPDS procedures were performed and three surgical procedures had to be converted to trabeculectomy because NPDS was not technically achievable. The mean follow-up after surgery was 26.3 months (range 6-48 months). Two trabeculectomies were complicated by choroidal effusion, which resolved in both cases. Good control of glaucoma was obtained during follow-up.</AbstractText>
                <AbstractText Label="CONCLUSIONS" NlmCategory="CONCLUSIONS">Non-penetrating deep sclerectomy is transiently efficient in the treatment of SWS-associated glaucoma. Further studies of NPDS for the treatment of glaucoma associated with SWS are warranted.</AbstractText>
            </Abstract>
            <AuthorList CompleteYN="Y">
                <Author ValidYN="Y">
                    <LastName>Audren</LastName>
                    <ForeName>François</ForeName>
                    <Initials>F</Initials>
                    <AffiliationInfo>
                        <Affiliation>Department of Ophthalmology, Necker Hospital for Sick Children, Paris, France.</Affiliation>
                    </AffiliationInfo>
                </Author>
                <Author ValidYN="Y">
                    <LastName>Abitbol</LastName>
                    <ForeName>Olivia</ForeName>
                    <Initials>O</Initials>
                </Author>
                <Author ValidYN="Y">
                    <LastName>Dureau</LastName>
                    <ForeName>Pascal</ForeName>
                    <Initials>P</Initials>
                </Author>
                <Author ValidYN="Y">
                    <LastName>Hakiki</LastName>
                    <ForeName>Salim</ForeName>
                    <Initials>S</Initials>
                </Author>
                <Author ValidYN="Y">
                    <LastName>Orssaud</LastName>
                    <ForeName>Christophe</ForeName>
                    <Initials>C</Initials>
                </Author>
                <Author ValidYN="Y">
                    <LastName>Bourgeois</LastName>
                    <ForeName>Marie</ForeName>
                    <Initials>M</Initials>
                </Author>
                <Author ValidYN="Y">
                    <LastName>Pierre-Kahn</LastName>
                    <ForeName>Alain</ForeName>
                    <Initials>A</Initials>
                </Author>
                <Author ValidYN="Y">
                    <LastName>Bodemer</LastName>
                    <ForeName>Christine</ForeName>
                    <Initials>C</Initials>
                </Author>
                <Author ValidYN="Y">
                    <LastName>Dufier</LastName>
                    <ForeName>Jean-Louis</ForeName>
                    <Initials>JL</Initials>
                </Author>
            </AuthorList>
            <Language>eng</Language>
            <PublicationTypeList>
                <PublicationType UI="D016428">Journal Article</PublicationType>
            </PublicationTypeList>
        </Article>
        <MedlineJournalInfo>
            <Country>Denmark</Country>
            <MedlineTA>Acta Ophthalmol Scand</MedlineTA>
            <NlmUniqueID>9507578</NlmUniqueID>
            <ISSNLinking>1395-3907</ISSNLinking>
        </MedlineJournalInfo>
        <CitationSubset>IM</CitationSubset>
        <MeshHeadingList>
            <MeshHeading>
                <DescriptorName UI="D000293" MajorTopicYN="N">Adolescent</DescriptorName>
            </MeshHeading>
            <MeshHeading>
                <DescriptorName UI="D000328" MajorTopicYN="N">Adult</DescriptorName>
            </MeshHeading>
            <MeshHeading>
                <DescriptorName UI="D002648" MajorTopicYN="N">Child</DescriptorName>
            </MeshHeading>
            <MeshHeading>
                <DescriptorName UI="D002675" MajorTopicYN="N">Child, Preschool</DescriptorName>
            </MeshHeading>
            <MeshHeading>
                <DescriptorName UI="D005260" MajorTopicYN="N">Female</DescriptorName>
            </MeshHeading>
            <MeshHeading>
                <DescriptorName UI="D005500" MajorTopicYN="N">Follow-Up Studies</DescriptorName>
            </MeshHeading>
            <MeshHeading>
                <DescriptorName UI="D005901" MajorTopicYN="N">Glaucoma</DescriptorName>
                <QualifierName UI="Q000209" MajorTopicYN="N">etiology</QualifierName>
                <QualifierName UI="Q000601" MajorTopicYN="Y">surgery</QualifierName>
            </MeshHeading>
            <MeshHeading>
                <DescriptorName UI="D006801" MajorTopicYN="N">Humans</DescriptorName>
            </MeshHeading>
            <MeshHeading>
                <DescriptorName UI="D007223" MajorTopicYN="N">Infant</DescriptorName>
            </MeshHeading>
            <MeshHeading>
                <DescriptorName UI="D007231" MajorTopicYN="N">Infant, Newborn</DescriptorName>
            </MeshHeading>
            <MeshHeading>
                <DescriptorName UI="D007429" MajorTopicYN="N">Intraocular Pressure</DescriptorName>
            </MeshHeading>
            <MeshHeading>
                <DescriptorName UI="D008297" MajorTopicYN="N">Male</DescriptorName>
            </MeshHeading>
            <MeshHeading>
                <DescriptorName UI="D012189" MajorTopicYN="N">Retrospective Studies</DescriptorName>
            </MeshHeading>
            <MeshHeading>
                <DescriptorName UI="D012599" MajorTopicYN="N">Sclerostomy</DescriptorName>
                <QualifierName UI="Q000379" MajorTopicYN="Y">methods</QualifierName>
            </MeshHeading>
            <MeshHeading>
                <DescriptorName UI="D013341" MajorTopicYN="N">Sturge-Weber Syndrome</DescriptorName>
                <QualifierName UI="Q000150" MajorTopicYN="Y">complications</QualifierName>
            </MeshHeading>
            <MeshHeading>
                <DescriptorName UI="D014792" MajorTopicYN="N">Visual Acuity</DescriptorName>
            </MeshHeading>
        </MeshHeadingList>
    </MedlineCitation>
    <PubmedData>
        <History>
            <PubMedPubDate PubStatus="pubmed">
                <Year>2006</Year>
                <Month>9</Month>
                <Day>13</Day>
                <Hour>9</Hour>
                <Minute>0</Minute>
            </PubMedPubDate>
            <PubMedPubDate PubStatus="medline">
                <Year>2006</Year>
                <Month>12</Month>
                <Day>9</Day>
                <Hour>9</Hour>
                <Minute>0</Minute>
            </PubMedPubDate>
            <PubMedPubDate PubStatus="entrez">
                <Year>2006</Year>
                <Month>9</Month>
                <Day>13</Day>
                <Hour>9</Hour>
                <Minute>0</Minute>
            </PubMedPubDate>
        </History>
        <PublicationStatus>ppublish</PublicationStatus>
        <ArticleIdList>
            <ArticleId IdType="pubmed">16965497</ArticleId>
            <ArticleId IdType="pii">AOS723</ArticleId>
            <ArticleId IdType="doi">10.1111/j.1600-0420.2006.00723.x</ArticleId>
        </ArticleIdList>
    </PubmedData>
</PubmedArticle>

</PubmedArticleSet>