<?xml version="1.0" ?>
<!DOCTYPE PubmedArticleSet PUBLIC "-//NLM//DTD PubMedArticle, 1st January 2019//EN" "https://dtd.nlm.nih.gov/ncbi/pubmed/out/pubmed_190101.dtd">
<PubmedArticleSet>
<PubmedArticle>
    <MedlineCitation Status="MEDLINE" Owner="NLM">
        <PMID Version="1">19683189</PMID>
        <DateCompleted>
            <Year>2009</Year>
            <Month>11</Month>
            <Day>02</Day>
        </DateCompleted>
        <DateRevised>
            <Year>2016</Year>
            <Month>10</Month>
            <Day>20</Day>
        </DateRevised>
        <Article PubModel="Print">
            <Journal>
                <ISSN IssnType="Electronic">1528-3933</ISSN>
                <JournalIssue CitedMedium="Internet">
                    <Volume>13</Volume>
                    <Issue>4</Issue>
                    <PubDate>
                        <Year>2009</Year>
                        <Month>Aug</Month>
                    </PubDate>
                </JournalIssue>
                <Title>Journal of AAPOS : the official publication of the American Association for Pediatric Ophthalmology and Strabismus</Title>
                <ISOAbbreviation>J AAPOS</ISOAbbreviation>
            </Journal>
            <ArticleTitle>Port-wine vascular malformations and glaucoma risk in Sturge-Weber syndrome.</ArticleTitle>
            <Pagination>
                <MedlinePgn>374-8</MedlinePgn>
            </Pagination>
            <ELocationID EIdType="doi" ValidYN="Y">10.1016/j.jaapos.2009.04.007</ELocationID>
            <Abstract>
                <AbstractText Label="PURPOSE" NlmCategory="OBJECTIVE">Treatment of the capillary vascular malformation (port-wine stain) in Sturge-Weber syndrome with the use of a laser is helpful cosmetically. However, concerns have been raised that laser obliteration of port-wine stains may result in ocular hypertension. The aim of this study was to review clinical features and management of ocular complications of SWS and assess the effects of dermatological laser treatment on the incidence of glaucoma or ocular hypertension.</AbstractText>
                <AbstractText Label="METHODS" NlmCategory="METHODS">This retrospective cohort study was conducted in an institutional setting. All patients had involvement of the face. Patients who underwent skin laser to the port-wine vascular malformation were analyzed further. Ocular involvement, glaucoma, and skin laser treatment and the relationship to ocular hypertension/glaucoma were observed.</AbstractText>
                <AbstractText Label="RESULTS" NlmCategory="RESULTS">Forty-one Sturge-Weber syndrome patients with port-wine vascular malformation were analyzed. Glaucoma was observed in 24 patients (58.5%) at mean age of 2.9 years (range, 0.0-16.5). Of these, 18 (75.0%) were treated with medical therapy, and 10 (41.7%) required trabeculectomy, with 2 of these requiring Seton implant. Of the 41 patients, 28 (68.3%) underwent laser to face/forehead. Mean age of laser commencement was 5 years (range, 0.4-16.5). Thirteen did not undergo laser treatment. Fourteen of the 28 and 10 of the 13 developed ocular hypertension/glaucoma.</AbstractText>
                <AbstractText Label="CONCLUSIONS" NlmCategory="CONCLUSIONS">This retrospective review did not find evidence to suggest that laser treatment of port-wine vascular malformations causes glaucoma or that it can worsen a preexisting ocular hypertension or glaucoma. Statistical analysis was inconclusive.</AbstractText>
            </Abstract>
            <AuthorList CompleteYN="Y">
                <Author ValidYN="Y">
                    <LastName>Sharan</LastName>
                    <ForeName>Sapna</ForeName>
                    <Initials>S</Initials>
                    <AffiliationInfo>
                        <Affiliation>Ivey Eye Institute, London Health Sciences Centre, University of Western Ontario, London, Ontario, Canada.</Affiliation>
                    </AffiliationInfo>
                </Author>
                <Author ValidYN="Y">
                    <LastName>Swamy</LastName>
                    <ForeName>Brighu</ForeName>
                    <Initials>B</Initials>
                </Author>
                <Author ValidYN="Y">
                    <LastName>Taranath</LastName>
                    <ForeName>Deepa Ajay</ForeName>
                    <Initials>DA</Initials>
                </Author>
                <Author ValidYN="Y">
                    <LastName>Jamieson</LastName>
                    <ForeName>Robyn</ForeName>
                    <Initials>R</Initials>
                </Author>
                <Author ValidYN="Y">
                    <LastName>Yu</LastName>
                    <ForeName>Tao</ForeName>
                    <Initials>T</Initials>
                </Author>
                <Author ValidYN="Y">
                    <LastName>Wargon</LastName>
                    <ForeName>Orli</ForeName>
                    <Initials>O</Initials>
                </Author>
                <Author ValidYN="Y">
                    <LastName>Grigg</LastName>
                    <ForeName>John R</ForeName>
                    <Initials>JR</Initials>
                </Author>
            </AuthorList>
            <Language>eng</Language>
            <PublicationTypeList>
                <PublicationType UI="D016428">Journal Article</PublicationType>
            </PublicationTypeList>
        </Article>
        <MedlineJournalInfo>
            <Country>United States</Country>
            <MedlineTA>J AAPOS</MedlineTA>
            <NlmUniqueID>9710011</NlmUniqueID>
            <ISSNLinking>1091-8531</ISSNLinking>
        </MedlineJournalInfo>
        <ChemicalList>
            <Chemical>
                <RegistryNumber>0</RegistryNumber>
                <NameOfSubstance UI="D000959">Antihypertensive Agents</NameOfSubstance>
            </Chemical>
        </ChemicalList>
        <CitationSubset>IM</CitationSubset>
        <CommentsCorrectionsList>
            <CommentsCorrections RefType="CommentIn">
                <RefSource>J AAPOS. 2010 Feb;14(1):105</RefSource>
                <PMID Version="1">20227634</PMID>
            </CommentsCorrections>
        </CommentsCorrectionsList>
        <MeshHeadingList>
            <MeshHeading>
                <DescriptorName UI="D000293" MajorTopicYN="N">Adolescent</DescriptorName>
            </MeshHeading>
            <MeshHeading>
                <DescriptorName UI="D000328" MajorTopicYN="N">Adult</DescriptorName>
            </MeshHeading>
            <MeshHeading>
                <DescriptorName UI="D000959" MajorTopicYN="N">Antihypertensive Agents</DescriptorName>
            </MeshHeading>
            <MeshHeading>
                <DescriptorName UI="D002648" MajorTopicYN="N">Child</DescriptorName>
            </MeshHeading>
            <MeshHeading>
                <DescriptorName UI="D002675" MajorTopicYN="N">Child, Preschool</DescriptorName>
            </MeshHeading>
            <MeshHeading>
                <DescriptorName UI="D005260" MajorTopicYN="N">Female</DescriptorName>
            </MeshHeading>
            <MeshHeading>
                <DescriptorName UI="D005901" MajorTopicYN="N">Glaucoma</DescriptorName>
                <QualifierName UI="Q000175" MajorTopicYN="N">diagnosis</QualifierName>
                <QualifierName UI="Q000209" MajorTopicYN="Y">etiology</QualifierName>
            </MeshHeading>
            <MeshHeading>
                <DescriptorName UI="D020327" MajorTopicYN="N">Glaucoma Drainage Implants</DescriptorName>
            </MeshHeading>
            <MeshHeading>
                <DescriptorName UI="D006801" MajorTopicYN="N">Humans</DescriptorName>
            </MeshHeading>
            <MeshHeading>
                <DescriptorName UI="D017075" MajorTopicYN="N">Laser Coagulation</DescriptorName>
            </MeshHeading>
            <MeshHeading>
                <DescriptorName UI="D054025" MajorTopicYN="N">Lasers, Dye</DescriptorName>
            </MeshHeading>
            <MeshHeading>
                <DescriptorName UI="D008297" MajorTopicYN="N">Male</DescriptorName>
            </MeshHeading>
            <MeshHeading>
                <DescriptorName UI="D009798" MajorTopicYN="N">Ocular Hypertension</DescriptorName>
                <QualifierName UI="Q000175" MajorTopicYN="N">diagnosis</QualifierName>
                <QualifierName UI="Q000209" MajorTopicYN="N">etiology</QualifierName>
            </MeshHeading>
            <MeshHeading>
                <DescriptorName UI="D019339" MajorTopicYN="N">Port-Wine Stain</DescriptorName>
                <QualifierName UI="Q000175" MajorTopicYN="N">diagnosis</QualifierName>
                <QualifierName UI="Q000209" MajorTopicYN="Y">etiology</QualifierName>
                <QualifierName UI="Q000601" MajorTopicYN="N">surgery</QualifierName>
            </MeshHeading>
            <MeshHeading>
                <DescriptorName UI="D012189" MajorTopicYN="N">Retrospective Studies</DescriptorName>
            </MeshHeading>
            <MeshHeading>
                <DescriptorName UI="D012307" MajorTopicYN="N">Risk Factors</DescriptorName>
            </MeshHeading>
            <MeshHeading>
                <DescriptorName UI="D013341" MajorTopicYN="N">Sturge-Weber Syndrome</DescriptorName>
                <QualifierName UI="Q000150" MajorTopicYN="Y">complications</QualifierName>
            </MeshHeading>
            <MeshHeading>
                <DescriptorName UI="D014130" MajorTopicYN="N">Trabeculectomy</DescriptorName>
            </MeshHeading>
        </MeshHeadingList>
    </MedlineCitation>
    <PubmedData>
        <History>
            <PubMedPubDate PubStatus="received">
                <Year>2008</Year>
                <Month>12</Month>
                <Day>06</Day>
            </PubMedPubDate>
            <PubMedPubDate PubStatus="revised">
                <Year>2009</Year>
                <Month>04</Month>
                <Day>06</Day>
            </PubMedPubDate>
            <PubMedPubDate PubStatus="accepted">
                <Year>2009</Year>
                <Month>04</Month>
                <Day>06</Day>
            </PubMedPubDate>
            <PubMedPubDate PubStatus="entrez">
                <Year>2009</Year>
                <Month>8</Month>
                <Day>18</Day>
                <Hour>9</Hour>
                <Minute>0</Minute>
            </PubMedPubDate>
            <PubMedPubDate PubStatus="pubmed">
                <Year>2009</Year>
                <Month>8</Month>
                <Day>18</Day>
                <Hour>9</Hour>
                <Minute>0</Minute>
            </PubMedPubDate>
            <PubMedPubDate PubStatus="medline">
                <Year>2009</Year>
                <Month>11</Month>
                <Day>3</Day>
                <Hour>6</Hour>
                <Minute>0</Minute>
            </PubMedPubDate>
        </History>
        <PublicationStatus>ppublish</PublicationStatus>
        <ArticleIdList>
            <ArticleId IdType="pubmed">19683189</ArticleId>
            <ArticleId IdType="pii">S1091-8531(09)00138-4</ArticleId>
            <ArticleId IdType="doi">10.1016/j.jaapos.2009.04.007</ArticleId>
        </ArticleIdList>
    </PubmedData>
</PubmedArticle>

</PubmedArticleSet>