<?xml version="1.0" ?>
<!DOCTYPE PubmedArticleSet PUBLIC "-//NLM//DTD PubMedArticle, 1st January 2019//EN" "https://dtd.nlm.nih.gov/ncbi/pubmed/out/pubmed_190101.dtd">
<PubmedArticleSet>
<PubmedArticle>
    <MedlineCitation Status="MEDLINE" Owner="NLM">
        <PMID Version="1">19756324</PMID>
        <DateCompleted>
            <Year>2011</Year>
            <Month>08</Month>
            <Day>03</Day>
        </DateCompleted>
        <DateRevised>
            <Year>2018</Year>
            <Month>12</Month>
            <Day>01</Day>
        </DateRevised>
        <Article PubModel="Print">
            <Journal>
                <ISSN IssnType="Electronic">1972-6007</ISSN>
                <JournalIssue CitedMedium="Internet">
                    <Volume>160</Volume>
                    <Issue>3</Issue>
                    <PubDate>
                        <Year>2009</Year>
                    </PubDate>
                </JournalIssue>
                <Title>La Clinica terapeutica</Title>
                <ISOAbbreviation>Clin Ter</ISOAbbreviation>
            </Journal>
            <ArticleTitle>Bilateral acute angle closure glaucoma and myopia induced by topiramate.</ArticleTitle>
            <Pagination>
                <MedlinePgn>215-6</MedlinePgn>
            </Pagination>
            <Abstract>
                <AbstractText>Topiramate is used in the management of epilepsy and migraine. In the present paper we present a case of bilateral acute angle closure glaucoma associated with myopia following the use of topiramate. The patient was admitted to our ward. Complete ophthalmological examination was carried out along with ultrabiomicroscopy of the anterior segment and confocal microscopic study of the corneal endothelium. Patients on treatment with topiramate should be monitored during the first two weeks of therapy and the drug should be discontinued in case of visual disturbances or other ocular symptoms.</AbstractText>
            </Abstract>
            <AuthorList CompleteYN="Y">
                <Author ValidYN="Y">
                    <LastName>Cruciani</LastName>
                    <ForeName>F</ForeName>
                    <Initials>F</Initials>
                    <AffiliationInfo>
                        <Affiliation>Department of Ophtahalmology, University of Rome Sapienza, Policlinico Umberto I, Rome, Italy. filippo.cruciani@tin.it</Affiliation>
                    </AffiliationInfo>
                </Author>
                <Author ValidYN="Y">
                    <LastName>Lorenzatti</LastName>
                    <ForeName>M</ForeName>
                    <Initials>M</Initials>
                </Author>
                <Author ValidYN="Y">
                    <LastName>Nazzarro</LastName>
                    <ForeName>V</ForeName>
                    <Initials>V</Initials>
                </Author>
                <Author ValidYN="Y">
                    <LastName>Abdolrahimzadeh</LastName>
                    <ForeName>S</ForeName>
                    <Initials>S</Initials>
                </Author>
            </AuthorList>
            <Language>eng</Language>
            <PublicationTypeList>
                <PublicationType UI="D002363">Case Reports</PublicationType>
                <PublicationType UI="D016428">Journal Article</PublicationType>
            </PublicationTypeList>
        </Article>
        <MedlineJournalInfo>
            <Country>Italy</Country>
            <MedlineTA>Clin Ter</MedlineTA>
            <NlmUniqueID>0372604</NlmUniqueID>
            <ISSNLinking>0009-9074</ISSNLinking>
        </MedlineJournalInfo>
        <ChemicalList>
            <Chemical>
                <RegistryNumber>0H73WJJ391</RegistryNumber>
                <NameOfSubstance UI="D000077236">Topiramate</NameOfSubstance>
            </Chemical>
            <Chemical>
                <RegistryNumber>30237-26-4</RegistryNumber>
                <NameOfSubstance UI="D005632">Fructose</NameOfSubstance>
            </Chemical>
        </ChemicalList>
        <CitationSubset>IM</CitationSubset>
        <MeshHeadingList>
            <MeshHeading>
                <DescriptorName UI="D000208" MajorTopicYN="N">Acute Disease</DescriptorName>
            </MeshHeading>
            <MeshHeading>
                <DescriptorName UI="D000328" MajorTopicYN="N">Adult</DescriptorName>
            </MeshHeading>
            <MeshHeading>
                <DescriptorName UI="D005260" MajorTopicYN="N">Female</DescriptorName>
            </MeshHeading>
            <MeshHeading>
                <DescriptorName UI="D005632" MajorTopicYN="N">Fructose</DescriptorName>
                <QualifierName UI="Q000009" MajorTopicYN="N">adverse effects</QualifierName>
                <QualifierName UI="Q000031" MajorTopicYN="Y">analogs &amp; derivatives</QualifierName>
            </MeshHeading>
            <MeshHeading>
                <DescriptorName UI="D015812" MajorTopicYN="N">Glaucoma, Angle-Closure</DescriptorName>
                <QualifierName UI="Q000139" MajorTopicYN="Y">chemically induced</QualifierName>
            </MeshHeading>
            <MeshHeading>
                <DescriptorName UI="D006801" MajorTopicYN="N">Humans</DescriptorName>
            </MeshHeading>
            <MeshHeading>
                <DescriptorName UI="D009216" MajorTopicYN="N">Myopia</DescriptorName>
                <QualifierName UI="Q000139" MajorTopicYN="Y">chemically induced</QualifierName>
            </MeshHeading>
            <MeshHeading>
                <DescriptorName UI="D000077236" MajorTopicYN="N">Topiramate</DescriptorName>
            </MeshHeading>
        </MeshHeadingList>
    </MedlineCitation>
    <PubmedData>
        <History>
            <PubMedPubDate PubStatus="entrez">
                <Year>2009</Year>
                <Month>9</Month>
                <Day>17</Day>
                <Hour>6</Hour>
                <Minute>0</Minute>
            </PubMedPubDate>
            <PubMedPubDate PubStatus="pubmed">
                <Year>2009</Year>
                <Month>9</Month>
                <Day>17</Day>
                <Hour>6</Hour>
                <Minute>0</Minute>
            </PubMedPubDate>
            <PubMedPubDate PubStatus="medline">
                <Year>2011</Year>
                <Month>8</Month>
                <Day>4</Day>
                <Hour>6</Hour>
                <Minute>0</Minute>
            </PubMedPubDate>
        </History>
        <PublicationStatus>ppublish</PublicationStatus>
        <ArticleIdList>
            <ArticleId IdType="pubmed">19756324</ArticleId>
        </ArticleIdList>
    </PubmedData>
</PubmedArticle>

</PubmedArticleSet>