<?xml version="1.0" ?>
<!DOCTYPE PubmedArticleSet PUBLIC "-//NLM//DTD PubMedArticle, 1st January 2019//EN" "https://dtd.nlm.nih.gov/ncbi/pubmed/out/pubmed_190101.dtd">
<PubmedArticleSet>
<PubmedArticle>
    <MedlineCitation Status="MEDLINE" Owner="NLM">
        <PMID Version="1">22348427</PMID>
        <DateCompleted>
            <Year>2012</Year>
            <Month>06</Month>
            <Day>26</Day>
        </DateCompleted>
        <DateRevised>
            <Year>2018</Year>
            <Month>12</Month>
            <Day>01</Day>
        </DateRevised>
        <Article PubModel="Print-Electronic">
            <Journal>
                <ISSN IssnType="Electronic">1744-7666</ISSN>
                <JournalIssue CitedMedium="Internet">
                    <Volume>13</Volume>
                    <Issue>5</Issue>
                    <PubDate>
                        <Year>2012</Year>
                        <Month>Apr</Month>
                    </PubDate>
                </JournalIssue>
                <Title>Expert opinion on pharmacotherapy</Title>
                <ISOAbbreviation>Expert Opin Pharmacother</ISOAbbreviation>
            </Journal>
            <ArticleTitle>A review of the use of  latanoprost  for glaucoma since its launch.</ArticleTitle>
            <Pagination>
                <MedlinePgn>723-45</MedlinePgn>
            </Pagination>
            <ELocationID EIdType="doi" ValidYN="Y">10.1517/14656566.2012.662219</ELocationID>
            <Abstract>
                <AbstractText Label="INTRODUCTION" NlmCategory="BACKGROUND">Prostaglandins are increasingly used as first choice treatment for glaucoma because they are highly effective, lack relevant systemic side effects and require just once-daily administration. Latanoprost is an ester prodrug analog of prostaglandin F2α, which reduces intraocular pressure (IOP) by increasing uveoscleral outflow. Latanoprost 0.005% has received European and US approval as the first-line drug for reducing IOP in patients with open-angle glaucoma or ocular hypertension. Following the recent patent expiry for Xalatan®, a number of latanoprost generics have entered the glaucoma market.</AbstractText>
                <AbstractText Label="AREAS COVERED" NlmCategory="METHODS">This review, achieved through PubMed and Medline research methods, describes the composition, pharmacokinetics, mode of action, efficacy, side effects and safety profile of latanoprost.</AbstractText>
                <AbstractText Label="EXPERT OPINION" NlmCategory="CONCLUSIONS">Latanoprost was the first prostaglandin analog introduced in glaucoma management and it dramatically changed the market of the disease thanks to its efficacy and safety. Conjunctival hyperemia, which is commonly found after latanoprost use, is associated with a minor efficacy and duration of trabeculectomy; yet, from the ophthalmologist's perspective, this side effect seems largely counterbalanced by the high efficacy and safety of this compound. It is always advisable to consider the pro-inflammatory mode of action of latanoprost because this may have negative effects in particular patients (i.e., those with uveitis and cystoid macular edema) for whom caution and close follow-up is necessary.</AbstractText>
            </Abstract>
            <AuthorList CompleteYN="Y">
                <Author ValidYN="Y">
                    <LastName>Digiuni</LastName>
                    <ForeName>Maurizio</ForeName>
                    <Initials>M</Initials>
                    <AffiliationInfo>
                        <Affiliation>University of Milan, Eye Clinic, San Paolo Hospital, Via di Rudinì 8, 20142 Milano, Italy.</Affiliation>
                    </AffiliationInfo>
                </Author>
                <Author ValidYN="Y">
                    <LastName>Fogagnolo</LastName>
                    <ForeName>Paolo</ForeName>
                    <Initials>P</Initials>
                </Author>
                <Author ValidYN="Y">
                    <LastName>Rossetti</LastName>
                    <ForeName>Luca</ForeName>
                    <Initials>L</Initials>
                </Author>
            </AuthorList>
            <Language>eng</Language>
            <PublicationTypeList>
                <PublicationType UI="D016428">Journal Article</PublicationType>
                <PublicationType UI="D016454">Review</PublicationType>
            </PublicationTypeList>
            <ArticleDate DateType="Electronic">
                <Year>2012</Year>
                <Month>02</Month>
                <Day>21</Day>
            </ArticleDate>
        </Article>
        <MedlineJournalInfo>
            <Country>England</Country>
            <MedlineTA>Expert Opin Pharmacother</MedlineTA>
            <NlmUniqueID>100897346</NlmUniqueID>
            <ISSNLinking>1465-6566</ISSNLinking>
        </MedlineJournalInfo>
        <ChemicalList>
            <Chemical>
                <RegistryNumber>0</RegistryNumber>
                <NameOfSubstance UI="D000959">Antihypertensive Agents</NameOfSubstance>
            </Chemical>
            <Chemical>
                <RegistryNumber>0</RegistryNumber>
                <NameOfSubstance UI="D011461">Prostaglandins F, Synthetic</NameOfSubstance>
            </Chemical>
            <Chemical>
                <RegistryNumber>6Z5B6HVF6O</RegistryNumber>
                <NameOfSubstance UI="D000077338">Latanoprost</NameOfSubstance>
            </Chemical>
        </ChemicalList>
        <CitationSubset>IM</CitationSubset>
        <MeshHeadingList>
            <MeshHeading>
                <DescriptorName UI="D000959" MajorTopicYN="N">Antihypertensive Agents</DescriptorName>
                <QualifierName UI="Q000494" MajorTopicYN="N">pharmacology</QualifierName>
                <QualifierName UI="Q000627" MajorTopicYN="Y">therapeutic use</QualifierName>
            </MeshHeading>
            <MeshHeading>
                <DescriptorName UI="D005901" MajorTopicYN="N">Glaucoma</DescriptorName>
                <QualifierName UI="Q000188" MajorTopicYN="Y">drug therapy</QualifierName>
                <QualifierName UI="Q000378" MajorTopicYN="N">metabolism</QualifierName>
            </MeshHeading>
            <MeshHeading>
                <DescriptorName UI="D006801" MajorTopicYN="N">Humans</DescriptorName>
            </MeshHeading>
            <MeshHeading>
                <DescriptorName UI="D000077338" MajorTopicYN="N">Latanoprost</DescriptorName>
            </MeshHeading>
            <MeshHeading>
                <DescriptorName UI="D011461" MajorTopicYN="N">Prostaglandins F, Synthetic</DescriptorName>
                <QualifierName UI="Q000494" MajorTopicYN="N">pharmacology</QualifierName>
                <QualifierName UI="Q000627" MajorTopicYN="Y">therapeutic use</QualifierName>
            </MeshHeading>
        </MeshHeadingList>
    </MedlineCitation>
    <PubmedData>
        <History>
            <PubMedPubDate PubStatus="entrez">
                <Year>2012</Year>
                <Month>2</Month>
                <Day>22</Day>
                <Hour>6</Hour>
                <Minute>0</Minute>
            </PubMedPubDate>
            <PubMedPubDate PubStatus="pubmed">
                <Year>2012</Year>
                <Month>2</Month>
                <Day>22</Day>
                <Hour>6</Hour>
                <Minute>0</Minute>
            </PubMedPubDate>
            <PubMedPubDate PubStatus="medline">
                <Year>2012</Year>
                <Month>6</Month>
                <Day>27</Day>
                <Hour>6</Hour>
                <Minute>0</Minute>
            </PubMedPubDate>
        </History>
        <PublicationStatus>ppublish</PublicationStatus>
        <ArticleIdList>
            <ArticleId IdType="pubmed">22348427</ArticleId>
            <ArticleId IdType="doi">10.1517/14656566.2012.662219</ArticleId>
        </ArticleIdList>
    </PubmedData>
</PubmedArticle>

</PubmedArticleSet>