<?xml version="1.0" ?>
<!DOCTYPE PubmedArticleSet PUBLIC "-//NLM//DTD PubMedArticle, 1st January 2019//EN" "https://dtd.nlm.nih.gov/ncbi/pubmed/out/pubmed_190101.dtd">
<PubmedArticleSet>
<PubmedArticle>
    <MedlineCitation Status="MEDLINE" Owner="NLM">
        <PMID Version="1">23539944</PMID>
        <DateCompleted>
            <Year>2013</Year>
            <Month>04</Month>
            <Day>30</Day>
        </DateCompleted>
        <DateRevised>
            <Year>2016</Year>
            <Month>11</Month>
            <Day>25</Day>
        </DateRevised>
        <Article PubModel="Print">
            <Journal>
                <ISSN IssnType="Print">0125-2208</ISSN>
                <JournalIssue CitedMedium="Print">
                    <Volume>96</Volume>
                    <Issue>3</Issue>
                    <PubDate>
                        <Year>2013</Year>
                        <Month>Mar</Month>
                    </PubDate>
                </JournalIssue>
                <Title>Journal of the Medical Association of Thailand = Chotmaihet thangphaet</Title>
                <ISOAbbreviation>J Med Assoc Thai</ISOAbbreviation>
            </Journal>
            <ArticleTitle>Early onset and rapid progression of glaucoma in a neonate with Sturge-Weber syndrome.</ArticleTitle>
            <Pagination>
                <MedlinePgn>374-7</MedlinePgn>
            </Pagination>
            <Abstract>
                <AbstractText>Sturge-Weber syndrome (SWS) is an uncommon neurocutaneous syndrome usually presenting with a triad of cutaneous, neurological, and ophthalmological symptoms. The cutaneous lesion can be observed at birth in most cases while the symptoms of the nervous and ocular systems involvement usually appear later in life. The most common ocular manifestation in SWS is glaucoma, which can occur in the early-life period. The authors reported a case of SWS in which the symptoms of glaucoma rapidly developed within two weeks following an ophthalmologic evaluation that was initially negative at the age of one week.</AbstractText>
            </Abstract>
            <AuthorList CompleteYN="Y">
                <Author ValidYN="Y">
                    <LastName>Chaithirayanon</LastName>
                    <ForeName>Suthida</ForeName>
                    <Initials>S</Initials>
                    <AffiliationInfo>
                        <Affiliation>Department of Pediatrics, Faculty of Medicine, Srinakharinwirot University, Nakhon Nayok, Thailand.</Affiliation>
                    </AffiliationInfo>
                </Author>
                <Author ValidYN="Y">
                    <LastName>Boonyaleephan</LastName>
                    <ForeName>Sumalee</ForeName>
                    <Initials>S</Initials>
                </Author>
                <Author ValidYN="Y">
                    <LastName>Treesirichod</LastName>
                    <ForeName>Arucha</ForeName>
                    <Initials>A</Initials>
                </Author>
                <Author ValidYN="Y">
                    <LastName>Siripornpanich</LastName>
                    <ForeName>Vorasith</ForeName>
                    <Initials>V</Initials>
                </Author>
            </AuthorList>
            <Language>eng</Language>
            <PublicationTypeList>
                <PublicationType UI="D002363">Case Reports</PublicationType>
                <PublicationType UI="D016428">Journal Article</PublicationType>
            </PublicationTypeList>
        </Article>
        <MedlineJournalInfo>
            <Country>Thailand</Country>
            <MedlineTA>J Med Assoc Thai</MedlineTA>
            <NlmUniqueID>7507216</NlmUniqueID>
            <ISSNLinking>0125-2208</ISSNLinking>
        </MedlineJournalInfo>
        <CitationSubset>IM</CitationSubset>
        <MeshHeadingList>
            <MeshHeading>
                <DescriptorName UI="D003906" MajorTopicYN="Y">Developing Countries</DescriptorName>
            </MeshHeading>
            <MeshHeading>
                <DescriptorName UI="D004292" MajorTopicYN="N">Dominance, Cerebral</DescriptorName>
                <QualifierName UI="Q000502" MajorTopicYN="N">physiology</QualifierName>
            </MeshHeading>
            <MeshHeading>
                <DescriptorName UI="D004828" MajorTopicYN="N">Epilepsies, Partial</DescriptorName>
                <QualifierName UI="Q000175" MajorTopicYN="N">diagnosis</QualifierName>
            </MeshHeading>
            <MeshHeading>
                <DescriptorName UI="D004830" MajorTopicYN="N">Epilepsy, Tonic-Clonic</DescriptorName>
                <QualifierName UI="Q000175" MajorTopicYN="N">diagnosis</QualifierName>
            </MeshHeading>
            <MeshHeading>
                <DescriptorName UI="D005260" MajorTopicYN="N">Female</DescriptorName>
            </MeshHeading>
            <MeshHeading>
                <DescriptorName UI="D005500" MajorTopicYN="N">Follow-Up Studies</DescriptorName>
            </MeshHeading>
            <MeshHeading>
                <DescriptorName UI="D005625" MajorTopicYN="N">Frontal Lobe</DescriptorName>
                <QualifierName UI="Q000002" MajorTopicYN="N">abnormalities</QualifierName>
                <QualifierName UI="Q000000981" MajorTopicYN="N">diagnostic imaging</QualifierName>
            </MeshHeading>
            <MeshHeading>
                <DescriptorName UI="D005901" MajorTopicYN="N">Glaucoma</DescriptorName>
                <QualifierName UI="Q000151" MajorTopicYN="Y">congenital</QualifierName>
                <QualifierName UI="Q000175" MajorTopicYN="N">diagnosis</QualifierName>
                <QualifierName UI="Q000601" MajorTopicYN="N">surgery</QualifierName>
            </MeshHeading>
            <MeshHeading>
                <DescriptorName UI="D006801" MajorTopicYN="N">Humans</DescriptorName>
            </MeshHeading>
            <MeshHeading>
                <DescriptorName UI="D007223" MajorTopicYN="N">Infant</DescriptorName>
            </MeshHeading>
            <MeshHeading>
                <DescriptorName UI="D007231" MajorTopicYN="N">Infant, Newborn</DescriptorName>
            </MeshHeading>
            <MeshHeading>
                <DescriptorName UI="D007429" MajorTopicYN="N">Intraocular Pressure</DescriptorName>
            </MeshHeading>
            <MeshHeading>
                <DescriptorName UI="D015997" MajorTopicYN="N">Neonatal Screening</DescriptorName>
            </MeshHeading>
            <MeshHeading>
                <DescriptorName UI="D009460" MajorTopicYN="N">Neurologic Examination</DescriptorName>
            </MeshHeading>
            <MeshHeading>
                <DescriptorName UI="D012086" MajorTopicYN="N">Reoperation</DescriptorName>
            </MeshHeading>
            <MeshHeading>
                <DescriptorName UI="D013341" MajorTopicYN="N">Sturge-Weber Syndrome</DescriptorName>
                <QualifierName UI="Q000175" MajorTopicYN="Y">diagnosis</QualifierName>
            </MeshHeading>
            <MeshHeading>
                <DescriptorName UI="D014057" MajorTopicYN="N">Tomography, X-Ray Computed</DescriptorName>
            </MeshHeading>
            <MeshHeading>
                <DescriptorName UI="D014130" MajorTopicYN="N">Trabeculectomy</DescriptorName>
            </MeshHeading>
        </MeshHeadingList>
    </MedlineCitation>
    <PubmedData>
        <History>
            <PubMedPubDate PubStatus="entrez">
                <Year>2013</Year>
                <Month>4</Month>
                <Day>2</Day>
                <Hour>6</Hour>
                <Minute>0</Minute>
            </PubMedPubDate>
            <PubMedPubDate PubStatus="pubmed">
                <Year>2013</Year>
                <Month>4</Month>
                <Day>2</Day>
                <Hour>6</Hour>
                <Minute>0</Minute>
            </PubMedPubDate>
            <PubMedPubDate PubStatus="medline">
                <Year>2013</Year>
                <Month>5</Month>
                <Day>1</Day>
                <Hour>6</Hour>
                <Minute>0</Minute>
            </PubMedPubDate>
        </History>
        <PublicationStatus>ppublish</PublicationStatus>
        <ArticleIdList>
            <ArticleId IdType="pubmed">23539944</ArticleId>
        </ArticleIdList>
    </PubmedData>
</PubmedArticle>

</PubmedArticleSet>