<?xml version="1.0" ?>
<!DOCTYPE PubmedArticleSet PUBLIC "-//NLM//DTD PubMedArticle, 1st January 2019//EN" "https://dtd.nlm.nih.gov/ncbi/pubmed/out/pubmed_190101.dtd">
<PubmedArticleSet>
<PubmedArticle>
    <MedlineCitation Status="MEDLINE" Owner="NLM">
        <PMID Version="1">24385674</PMID>
        <DateCompleted>
            <Year>2014</Year>
            <Month>07</Month>
            <Day>25</Day>
        </DateCompleted>
        <DateRevised>
            <Year>2018</Year>
            <Month>11</Month>
            <Day>13</Day>
        </DateRevised>
        <Article PubModel="Print">
            <Journal>
                <ISSN IssnType="Electronic">1545-6110</ISSN>
                <JournalIssue CitedMedium="Internet">
                    <Volume>111</Volume>
                    <PubDate>
                        <Year>2013</Year>
                        <Month>Sep</Month>
                    </PubDate>
                </JournalIssue>
                <Title>Transactions of the American Ophthalmological Society</Title>
                <ISOAbbreviation>Trans Am Ophthalmol Soc</ISOAbbreviation>
            </Journal>
            <ArticleTitle>Focal venous hypertension as a pathophysiologic mechanism for tissue hypertrophy, port-wine stains, the Sturge-Weber syndrome, and related disorders: proof of concept with novel hypothesis for underlying etiological cause (an American Ophthalmological Society thesis).</ArticleTitle>
            <Pagination>
                <MedlinePgn>180-215</MedlinePgn>
            </Pagination>
            <Abstract>
                <AbstractText Label="PURPOSE" NlmCategory="OBJECTIVE">To provide an in-depth re-examination of assumed causes of tissue hypertrophy, port-wine stains, and the Sturge-Weber, Cobb, Klippel-Trénaunay, and related syndromes to support an alternative unifying pathophysiologic mechanism of venous dysplasia producing focal venous hypertension with attendant tissue responses; to provide proof of concept with new patient data; to propose a novel etiological hypothesis for the venous dysplasia in these syndromes and find supportive evidence.</AbstractText>
                <AbstractText Label="METHODS" NlmCategory="METHODS">Data from 20 patients with port-wine stains and corneal pachymetry readings was collected prospectively by the author in an institutional referral-based practice. The literature was searched using MEDLINE, and articles and textbooks were obtained from the bibliographies of these publications.</AbstractText>
                <AbstractText Label="RESULTS" NlmCategory="RESULTS">Newly obtained dermatologic, corneal pachymetry, fundus ophthalmoscopic, ocular and orbital venous Doppler ultrasonography, and magnetic resonance imaging findings in patients with the Sturge-Weber syndrome or isolated port-wine stains, along with published data, reveal diffusely thickened tissues and neural atrophy in all areas associated with venous congestion.</AbstractText>
                <AbstractText Label="CONCLUSIONS" NlmCategory="CONCLUSIONS">Contrary to traditional understanding, signs and symptoms in the Sturge-Weber and related syndromes, including both congenital and acquired port-wine stains, are shown to arise from effects of localized primary venous dysplasia or acquired venous obstruction rather than neural dysfunction, differentiating these syndromes from actual phacomatoses. Effects of focal venous hypertension are transmitted to nearby areas via compensatory collateral venous channels in the above conditions, as in the Parkes Weber syndrome. A novel underlying etiology-prenatal venous thrombo-occlusion-is proposed to be responsible for the absence of veins with persistence and enlargement of collateral circulatory pathways with data in the literature backing this offshoot hypothesis. The mechanism for isolated pathologic tissue hypertrophy in these syndromes clarifies physiologic mechanisms for exercise-induced muscle hypertrophy to occur via venous compression and increased capillary transudation.</AbstractText>
            </Abstract>
            <AuthorList CompleteYN="Y">
                <Author ValidYN="Y">
                    <LastName>Parsa</LastName>
                    <ForeName>Cameron F</ForeName>
                    <Initials>CF</Initials>
                    <AffiliationInfo>
                        <Affiliation>The Wilmer Eye Institute, The Johns Hopkins University School of Medicine, Baltimore, Maryland, and the Department of Ophthalmology V, Quinze-Vingts National Ophthalmology Hospital, Pierre and Marie Curie University, Paris, France .</Affiliation>
                    </AffiliationInfo>
                </Author>
            </AuthorList>
            <Language>eng</Language>
            <PublicationTypeList>
                <PublicationType UI="D016428">Journal Article</PublicationType>
                <PublicationType UI="D013485">Research Support, Non-U.S. Gov't</PublicationType>
            </PublicationTypeList>
        </Article>
        <MedlineJournalInfo>
            <Country>United States</Country>
            <MedlineTA>Trans Am Ophthalmol Soc</MedlineTA>
            <NlmUniqueID>7506106</NlmUniqueID>
            <ISSNLinking>0065-9533</ISSNLinking>
        </MedlineJournalInfo>
        <CitationSubset>IM</CitationSubset>
        <MeshHeadingList>
            <MeshHeading>
                <DescriptorName UI="D002550" MajorTopicYN="N">Cerebral Veins</DescriptorName>
                <QualifierName UI="Q000473" MajorTopicYN="Y">pathology</QualifierName>
            </MeshHeading>
            <MeshHeading>
                <DescriptorName UI="D002561" MajorTopicYN="N">Cerebrovascular Disorders</DescriptorName>
                <QualifierName UI="Q000150" MajorTopicYN="Y">complications</QualifierName>
                <QualifierName UI="Q000503" MajorTopicYN="N">physiopathology</QualifierName>
            </MeshHeading>
            <MeshHeading>
                <DescriptorName UI="D063171" MajorTopicYN="N">Corneal Pachymetry</DescriptorName>
            </MeshHeading>
            <MeshHeading>
                <DescriptorName UI="D006801" MajorTopicYN="N">Humans</DescriptorName>
            </MeshHeading>
            <MeshHeading>
                <DescriptorName UI="D006973" MajorTopicYN="N">Hypertension</DescriptorName>
                <QualifierName UI="Q000150" MajorTopicYN="Y">complications</QualifierName>
                <QualifierName UI="Q000503" MajorTopicYN="N">physiopathology</QualifierName>
            </MeshHeading>
            <MeshHeading>
                <DescriptorName UI="D006984" MajorTopicYN="N">Hypertrophy</DescriptorName>
            </MeshHeading>
            <MeshHeading>
                <DescriptorName UI="D007715" MajorTopicYN="N">Klippel-Trenaunay-Weber Syndrome</DescriptorName>
                <QualifierName UI="Q000209" MajorTopicYN="Y">etiology</QualifierName>
                <QualifierName UI="Q000503" MajorTopicYN="N">physiopathology</QualifierName>
            </MeshHeading>
            <MeshHeading>
                <DescriptorName UI="D008279" MajorTopicYN="N">Magnetic Resonance Imaging</DescriptorName>
            </MeshHeading>
            <MeshHeading>
                <DescriptorName UI="D009887" MajorTopicYN="N">Ophthalmoscopy</DescriptorName>
            </MeshHeading>
            <MeshHeading>
                <DescriptorName UI="D019339" MajorTopicYN="N">Port-Wine Stain</DescriptorName>
                <QualifierName UI="Q000209" MajorTopicYN="Y">etiology</QualifierName>
                <QualifierName UI="Q000503" MajorTopicYN="N">physiopathology</QualifierName>
            </MeshHeading>
            <MeshHeading>
                <DescriptorName UI="D013341" MajorTopicYN="N">Sturge-Weber Syndrome</DescriptorName>
                <QualifierName UI="Q000209" MajorTopicYN="Y">etiology</QualifierName>
                <QualifierName UI="Q000503" MajorTopicYN="N">physiopathology</QualifierName>
            </MeshHeading>
        </MeshHeadingList>
    </MedlineCitation>
    <PubmedData>
        <History>
            <PubMedPubDate PubStatus="entrez">
                <Year>2014</Year>
                <Month>1</Month>
                <Day>4</Day>
                <Hour>6</Hour>
                <Minute>0</Minute>
            </PubMedPubDate>
            <PubMedPubDate PubStatus="pubmed">
                <Year>2014</Year>
                <Month>1</Month>
                <Day>5</Day>
                <Hour>6</Hour>
                <Minute>0</Minute>
            </PubMedPubDate>
            <PubMedPubDate PubStatus="medline">
                <Year>2014</Year>
                <Month>7</Month>
                <Day>26</Day>
                <Hour>6</Hour>
                <Minute>0</Minute>
            </PubMedPubDate>
        </History>
        <PublicationStatus>ppublish</PublicationStatus>
        <ArticleIdList>
            <ArticleId IdType="pubmed">24385674</ArticleId>
            <ArticleId IdType="pmc">PMC3871829</ArticleId>
        </ArticleIdList>
        <ReferenceList>
            <Reference>
                <Citation>AMA Arch Neurol Psychiatry. 1954 Mar;71(3):291-301</Citation>
                <ArticleIdList>
                    <ArticleId IdType="pubmed">13123591</ArticleId>
                </ArticleIdList>
            </Reference>
            <Reference>
                <Citation>Am J Ophthalmol. 1998 Oct;126(4):600-2</Citation>
                <ArticleIdList>
                    <ArticleId IdType="pubmed">9780111</ArticleId>
                </ArticleIdList>
            </Reference>
            <Reference>
                <Citation>J Clin Neuroophthalmol. 1982 Dec;2(4):245-8</Citation>
                <ArticleIdList>
                    <ArticleId IdType="pubmed">6226707</ArticleId>
                </ArticleIdList>
            </Reference>
            <Reference>
                <Citation>Br J Haematol. 2000 Nov;111(2):534-9</Citation>
                <ArticleIdList>
                    <ArticleId IdType="pubmed">11122096</ArticleId>
                </ArticleIdList>
            </Reference>
            <Reference>
                <Citation>Proc Aust Assoc Neurol. 1975;12:185-90</Citation>
                <ArticleIdList>
                    <ArticleId IdType="pubmed">1215390</ArticleId>
                </ArticleIdList>
            </Reference>
            <Reference>
                <Citation>Pediatr Neurol. 2004 May;30(5):303-10</Citation>
                <ArticleIdList>
                    <ArticleId IdType="pubmed">15165630</ArticleId>
                </ArticleIdList>
            </Reference>
            <Reference>
                <Citation>J Neurosurg. 2007 Dec;107(6):1205-10</Citation>
                <ArticleIdList>
                    <ArticleId IdType="pubmed">18077958</ArticleId>
                </ArticleIdList>
            </Reference>
            <Reference>
                <Citation>Mayo Clin Proc. 1998 Jan;73(1):28-36</Citation>
                <ArticleIdList>
                    <ArticleId IdType="pubmed">9443675</ArticleId>
                </ArticleIdList>
            </Reference>
            <Reference>
                <Citation>N Engl J Med. 2013 May 23;368(21):1971-9</Citation>
                <ArticleIdList>
                    <ArticleId IdType="pubmed">23656586</ArticleId>
                </ArticleIdList>
            </Reference>
            <Reference>
                <Citation>Ann Neurol. 1978 Apr;3(4):316-8</Citation>
                <ArticleIdList>
                    <ArticleId IdType="pubmed">666272</ArticleId>
                </ArticleIdList>
            </Reference>
            <Reference>
                <Citation>Am J Ophthalmol. 2003 Oct;136(4):758-60</Citation>
                <ArticleIdList>
                    <ArticleId IdType="pubmed">14516829</ArticleId>
                </ArticleIdList>
            </Reference>
            <Reference>
                <Citation>Dev Med Child Neurol. 1978 Jun;20(3):392-3</Citation>
                <ArticleIdList>
                    <ArticleId IdType="pubmed">669073</ArticleId>
                </ArticleIdList>
            </Reference>
            <Reference>
                <Citation>Radiology. 1978 Aug;128(2):429-34</Citation>
                <ArticleIdList>
                    <ArticleId IdType="pubmed">208102</ArticleId>
                </ArticleIdList>
            </Reference>
            <Reference>
                <Citation>Surgery. 1991 Sep;110(3):469-79</Citation>
                <ArticleIdList>
                    <ArticleId IdType="pubmed">1653464</ArticleId>
                </ArticleIdList>
            </Reference>
            <Reference>
                <Citation>Arch Dermatol. 1986 Feb;122(2):177-9</Citation>
                <ArticleIdList>
                    <ArticleId IdType="pubmed">3511859</ArticleId>
                </ArticleIdList>
            </Reference>
            <Reference>
                <Citation>Acta Neurochir Suppl. 2005;94:167-75</Citation>
                <ArticleIdList>
                    <ArticleId IdType="pubmed">16060259</ArticleId>
                </ArticleIdList>
            </Reference>
            <Reference>
                <Citation>J Pediatr. 1977 Oct;91(4):559-64</Citation>
                <ArticleIdList>
                    <ArticleId IdType="pubmed">561835</ArticleId>
                </ArticleIdList>
            </Reference>
            <Reference>
                <Citation>Development. 1996 Dec;122(12):3929-38</Citation>
                <ArticleIdList>
                    <ArticleId IdType="pubmed">9012513</ArticleId>
                </ArticleIdList>
            </Reference>
            <Reference>
                <Citation>Rev Neurol (Paris). 2008 Oct;164(10):855-8</Citation>
                <ArticleIdList>
                    <ArticleId IdType="pubmed">18926244</ArticleId>
                </ArticleIdList>
            </Reference>
            <Reference>
                <Citation>Acta Radiol Diagn (Stockh). 1974 Jan;15(1):43-56</Citation>
                <ArticleIdList>
                    <ArticleId IdType="pubmed">4821724</ArticleId>
                </ArticleIdList>
            </Reference>
            <Reference>
                <Citation>Neurol Med Chir (Tokyo). 1993 Apr;33(4):242-5</Citation>
                <ArticleIdList>
                    <ArticleId IdType="pubmed">7685857</ArticleId>
                </ArticleIdList>
            </Reference>
            <Reference>
                <Citation>Pediatrics. 1977 Nov;60(5):785</Citation>
                <ArticleIdList>
                    <ArticleId IdType="pubmed">917673</ArticleId>
                </ArticleIdList>
            </Reference>
            <Reference>
                <Citation>Ann Surg. 1985 Nov;202(5):624-7</Citation>
                <ArticleIdList>
                    <ArticleId IdType="pubmed">2996451</ArticleId>
                </ArticleIdList>
            </Reference>
            <Reference>
                <Citation>Pediatr Neurol. 2011 Apr;44(4):308-10</Citation>
                <ArticleIdList>
                    <ArticleId IdType="pubmed">21397176</ArticleId>
                </ArticleIdList>
            </Reference>
            <Reference>
                <Citation>Eur J Dermatol. 2003 May-Jun;13(3):238-41</Citation>
                <ArticleIdList>
                    <ArticleId IdType="pubmed">12804981</ArticleId>
                </ArticleIdList>
            </Reference>
            <Reference>
                <Citation>AJNR Am J Neuroradiol. 1996 Jan;17(1):175-80</Citation>
                <ArticleIdList>
                    <ArticleId IdType="pubmed">8770273</ArticleId>
                </ArticleIdList>
            </Reference>
            <Reference>
                <Citation>Early Pregnancy. 1997 Jun;3(2):109-12</Citation>
                <ArticleIdList>
                    <ArticleId IdType="pubmed">9429851</ArticleId>
                </ArticleIdList>
            </Reference>
            <Reference>
                <Citation>Arch Ophthalmol. 2011 Oct;129(10):1373-5</Citation>
                <ArticleIdList>
                    <ArticleId IdType="pubmed">21987684</ArticleId>
                </ArticleIdList>
            </Reference>
            <Reference>
                <Citation>J Glaucoma. 1999 Jun;8(3):199-203</Citation>
                <ArticleIdList>
                    <ArticleId IdType="pubmed">10376261</ArticleId>
                </ArticleIdList>
            </Reference>
            <Reference>
                <Citation>J Neurol Neurosurg Psychiatry. 2004 Aug;75(8):1192-3</Citation>
                <ArticleIdList>
                    <ArticleId IdType="pubmed">15258230</ArticleId>
                </ArticleIdList>
            </Reference>
            <Reference>
                <Citation>Invest Ophthalmol Vis Sci. 1989 Apr;30(4):739-46</Citation>
                <ArticleIdList>
                    <ArticleId IdType="pubmed">2703316</ArticleId>
                </ArticleIdList>
            </Reference>
            <Reference>
                <Citation>Graefes Arch Clin Exp Ophthalmol. 2005 Jul;243(7):727-30</Citation>
                <ArticleIdList>
                    <ArticleId IdType="pubmed">15702328</ArticleId>
                </ArticleIdList>
            </Reference>
            <Reference>
                <Citation>Hautarzt. 1957 Jul;8(7):317-20</Citation>
                <ArticleIdList>
                    <ArticleId IdType="pubmed">13512862</ArticleId>
                </ArticleIdList>
            </Reference>
            <Reference>
                <Citation>Pediatr Neurol. 2008 Jul;39(1):58-62</Citation>
                <ArticleIdList>
                    <ArticleId IdType="pubmed">18555176</ArticleId>
                </ArticleIdList>
            </Reference>
            <Reference>
                <Citation>Anat Rec. 1973 Jul;176(3):329-32</Citation>
                <ArticleIdList>
                    <ArticleId IdType="pubmed">4716417</ArticleId>
                </ArticleIdList>
            </Reference>
            <Reference>
                <Citation>Radiology. 2013 Jan;266(1):362-3</Citation>
                <ArticleIdList>
                    <ArticleId IdType="pubmed">23264529</ArticleId>
                </ArticleIdList>
            </Reference>
            <Reference>
                <Citation>Arch Dis Child. 2006 Apr;91(4):340-1</Citation>
                <ArticleIdList>
                    <ArticleId IdType="pubmed">16551788</ArticleId>
                </ArticleIdList>
            </Reference>
            <Reference>
                <Citation>J Vasc Surg. 2010 Dec;52(6):1557-63</Citation>
                <ArticleIdList>
                    <ArticleId IdType="pubmed">20800418</ArticleId>
                </ArticleIdList>
            </Reference>
            <Reference>
                <Citation>Stroke. 2002 Aug;33(8):2009-13</Citation>
                <ArticleIdList>
                    <ArticleId IdType="pubmed">12154254</ArticleId>
                </ArticleIdList>
            </Reference>
            <Reference>
                <Citation>Vopr Neirokhir. 1973 Sep-Oct;37(5):36-41</Citation>
                <ArticleIdList>
                    <ArticleId IdType="pubmed">4778209</ArticleId>
                </ArticleIdList>
            </Reference>
            <Reference>
                <Citation>Vasa. 2000 Aug;29(3):225-8</Citation>
                <ArticleIdList>
                    <ArticleId IdType="pubmed">11037723</ArticleId>
                </ArticleIdList>
            </Reference>
            <Reference>
                <Citation>AJR Am J Roentgenol. 1992 Apr;158(4):867-71</Citation>
                <ArticleIdList>
                    <ArticleId IdType="pubmed">1546607</ArticleId>
                </ArticleIdList>
            </Reference>
            <Reference>
                <Citation>Arch Neurol. 2005 Dec;62(12):1924-7</Citation>
                <ArticleIdList>
                    <ArticleId IdType="pubmed">16344352</ArticleId>
                </ArticleIdList>
            </Reference>
            <Reference>
                <Citation>Arch Klin Exp Dermatol. 1954;198(1):51-74</Citation>
                <ArticleIdList>
                    <ArticleId IdType="pubmed">13189394</ArticleId>
                </ArticleIdList>
            </Reference>
            <Reference>
                <Citation>JAMA Ophthalmol. 2013 Apr;131(4):439-47</Citation>
                <ArticleIdList>
                    <ArticleId IdType="pubmed">23710497</ArticleId>
                </ArticleIdList>
            </Reference>
            <Reference>
                <Citation>Childs Nerv Syst. 2000 Aug;16(8):484-92</Citation>
                <ArticleIdList>
                    <ArticleId IdType="pubmed">11007498</ArticleId>
                </ArticleIdList>
            </Reference>
            <Reference>
                <Citation>Ann Surg. 1965 Aug;162:303-14</Citation>
                <ArticleIdList>
                    <ArticleId IdType="pubmed">14327016</ArticleId>
                </ArticleIdList>
            </Reference>
            <Reference>
                <Citation>J Pediatr Ophthalmol Strabismus. 2010 Nov-Dec;47(6):361-5</Citation>
                <ArticleIdList>
                    <ArticleId IdType="pubmed">20210282</ArticleId>
                </ArticleIdList>
            </Reference>
            <Reference>
                <Citation>J Neurosurg. 1976 Jul;45(1):20-5</Citation>
                <ArticleIdList>
                    <ArticleId IdType="pubmed">932797</ArticleId>
                </ArticleIdList>
            </Reference>
            <Reference>
                <Citation>J Pediatr Endocrinol Metab. 2012;25(7-8):785-9</Citation>
                <ArticleIdList>
                    <ArticleId IdType="pubmed">23155711</ArticleId>
                </ArticleIdList>
            </Reference>
            <Reference>
                <Citation>Exp Eye Res. 2000 Jun;70(6):767-76</Citation>
                <ArticleIdList>
                    <ArticleId IdType="pubmed">10843781</ArticleId>
                </ArticleIdList>
            </Reference>
            <Reference>
                <Citation>Med Hypotheses. 2011 Nov;77(5):841-9</Citation>
                <ArticleIdList>
                    <ArticleId IdType="pubmed">21862236</ArticleId>
                </ArticleIdList>
            </Reference>
            <Reference>
                <Citation>Ophthalmology. 1979 Aug;86(8):1521-9</Citation>
                <ArticleIdList>
                    <ArticleId IdType="pubmed">542256</ArticleId>
                </ArticleIdList>
            </Reference>
            <Reference>
                <Citation>Dev Med Child Neurol. 1978 Feb;20(1):99-102</Citation>
                <ArticleIdList>
                    <ArticleId IdType="pubmed">640259</ArticleId>
                </ArticleIdList>
            </Reference>
            <Reference>
                <Citation>Presse Med. 1955 Dec 25;63(86):1822-5</Citation>
                <ArticleIdList>
                    <ArticleId IdType="pubmed">13289671</ArticleId>
                </ArticleIdList>
            </Reference>
            <Reference>
                <Citation>Dermatologica. 1988;176(5):243-50</Citation>
                <ArticleIdList>
                    <ArticleId IdType="pubmed">3289978</ArticleId>
                </ArticleIdList>
            </Reference>
            <Reference>
                <Citation>Clin Nucl Med. 1990 Mar;15(3):178-80</Citation>
                <ArticleIdList>
                    <ArticleId IdType="pubmed">2317999</ArticleId>
                </ArticleIdList>
            </Reference>
            <Reference>
                <Citation>Radiology. 1989 Nov;173(2):511-6</Citation>
                <ArticleIdList>
                    <ArticleId IdType="pubmed">2678264</ArticleId>
                </ArticleIdList>
            </Reference>
            <Reference>
                <Citation>Am J Ophthalmol. 1998 Aug;126(2):261-8</Citation>
                <ArticleIdList>
                    <ArticleId IdType="pubmed">9727520</ArticleId>
                </ArticleIdList>
            </Reference>
            <Reference>
                <Citation>Arch Ophthalmol. 1989 Apr;107(4):596-7</Citation>
                <ArticleIdList>
                    <ArticleId IdType="pubmed">2705930</ArticleId>
                </ArticleIdList>
            </Reference>
            <Reference>
                <Citation>Ultrasound Obstet Gynecol. 2008 Aug;32(2):188-98</Citation>
                <ArticleIdList>
                    <ArticleId IdType="pubmed">18512853</ArticleId>
                </ArticleIdList>
            </Reference>
            <Reference>
                <Citation>Ann Surg. 1971 Aug;174(2):248-63</Citation>
                <ArticleIdList>
                    <ArticleId IdType="pubmed">5560849</ArticleId>
                </ArticleIdList>
            </Reference>
            <Reference>
                <Citation>Ophthalmology. 1990 Jul;97(7):904-9</Citation>
                <ArticleIdList>
                    <ArticleId IdType="pubmed">2381705</ArticleId>
                </ArticleIdList>
            </Reference>
            <Reference>
                <Citation>AJNR Am J Neuroradiol. 1992 Jan-Feb;13(1):291-4</Citation>
                <ArticleIdList>
                    <ArticleId IdType="pubmed">1317663</ArticleId>
                </ArticleIdList>
            </Reference>
            <Reference>
                <Citation>J Anat. 1930 Apr;64(Pt 3):257-61</Citation>
                <ArticleIdList>
                    <ArticleId IdType="pubmed">17104276</ArticleId>
                </ArticleIdList>
            </Reference>
            <Reference>
                <Citation>Childs Brain. 1981;8(6):427-33</Citation>
                <ArticleIdList>
                    <ArticleId IdType="pubmed">7307643</ArticleId>
                </ArticleIdList>
            </Reference>
            <Reference>
                <Citation>Arch Dermatol. 1982 Dec;118(12):971-5</Citation>
                <ArticleIdList>
                    <ArticleId IdType="pubmed">6816146</ArticleId>
                </ArticleIdList>
            </Reference>
            <Reference>
                <Citation>J Cardiovasc Surg (Torino). 1964 Mar-Apr;5:87-130</Citation>
                <ArticleIdList>
                    <ArticleId IdType="pubmed">14154483</ArticleId>
                </ArticleIdList>
            </Reference>
            <Reference>
                <Citation>Arch Dis Child. 1952 Feb;27(131):95-104</Citation>
                <ArticleIdList>
                    <ArticleId IdType="pubmed">14904122</ArticleId>
                </ArticleIdList>
            </Reference>
            <Reference>
                <Citation>J Neurosurg. 1997 Apr;86(4):694-8</Citation>
                <ArticleIdList>
                    <ArticleId IdType="pubmed">9120634</ArticleId>
                </ArticleIdList>
            </Reference>
            <Reference>
                <Citation>J Clin Neurosci. 2002 May;9(3):330-3</Citation>
                <ArticleIdList>
                    <ArticleId IdType="pubmed">12093150</ArticleId>
                </ArticleIdList>
            </Reference>
            <Reference>
                <Citation>Angiology. 1997 Jan;48(1):27-32</Citation>
                <ArticleIdList>
                    <ArticleId IdType="pubmed">8995340</ArticleId>
                </ArticleIdList>
            </Reference>
            <Reference>
                <Citation>Arch Ophthalmol. 1985 Jun;103(6):785-9</Citation>
                <ArticleIdList>
                    <ArticleId IdType="pubmed">4004614</ArticleId>
                </ArticleIdList>
            </Reference>
            <Reference>
                <Citation>Neurology. 2002 Aug 13;59(3):438-40</Citation>
                <ArticleIdList>
                    <ArticleId IdType="pubmed">12177381</ArticleId>
                </ArticleIdList>
            </Reference>
            <Reference>
                <Citation>Eur J Dermatol. 2003 May-Jun;13(3):223</Citation>
                <ArticleIdList>
                    <ArticleId IdType="pubmed">12804977</ArticleId>
                </ArticleIdList>
            </Reference>
            <Reference>
                <Citation>Acta Haematol. 1983;69(6):398-403</Citation>
                <ArticleIdList>
                    <ArticleId IdType="pubmed">6305083</ArticleId>
                </ArticleIdList>
            </Reference>
            <Reference>
                <Citation>Br J Ophthalmol. 2002 Mar;86(3):360-1</Citation>
                <ArticleIdList>
                    <ArticleId IdType="pubmed">11864906</ArticleId>
                </ArticleIdList>
            </Reference>
            <Reference>
                <Citation>Br J Ophthalmol. 2002 Oct;86(10):1187</Citation>
                <ArticleIdList>
                    <ArticleId IdType="pubmed">12234905</ArticleId>
                </ArticleIdList>
            </Reference>
            <Reference>
                <Citation>Int J Microcirc Clin Exp. 1991 Feb;10(1):55-66</Citation>
                <ArticleIdList>
                    <ArticleId IdType="pubmed">2019484</ArticleId>
                </ArticleIdList>
            </Reference>
            <Reference>
                <Citation>Confin Neurol. 1946-1947;7(5):245-63</Citation>
                <ArticleIdList>
                    <ArticleId IdType="pubmed">20258213</ArticleId>
                </ArticleIdList>
            </Reference>
            <Reference>
                <Citation>Exp Neurol. 2004 Jun;187(2):500-8</Citation>
                <ArticleIdList>
                    <ArticleId IdType="pubmed">15144876</ArticleId>
                </ArticleIdList>
            </Reference>
            <Reference>
                <Citation>South Med J. 1957 Jan;50(1):82-9</Citation>
                <ArticleIdList>
                    <ArticleId IdType="pubmed">13391131</ArticleId>
                </ArticleIdList>
            </Reference>
            <Reference>
                <Citation>Radiologe. 1991 Jun;31(6):289-96</Citation>
                <ArticleIdList>
                    <ArticleId IdType="pubmed">1882071</ArticleId>
                </ArticleIdList>
            </Reference>
            <Reference>
                <Citation>J Am Acad Dermatol. 2007 Feb;56(2):242-9</Citation>
                <ArticleIdList>
                    <ArticleId IdType="pubmed">17175065</ArticleId>
                </ArticleIdList>
            </Reference>
            <Reference>
                <Citation>Neurology. 1980 Jul;30(7 Pt 1):769-72</Citation>
                <ArticleIdList>
                    <ArticleId IdType="pubmed">7190244</ArticleId>
                </ArticleIdList>
            </Reference>
            <Reference>
                <Citation>Am J Ophthalmol. 1982 Apr;93(4):423-36</Citation>
                <ArticleIdList>
                    <ArticleId IdType="pubmed">7072809</ArticleId>
                </ArticleIdList>
            </Reference>
            <Reference>
                <Citation>N Engl J Med. 2000 Feb 10;342(6):374-80</Citation>
                <ArticleIdList>
                    <ArticleId IdType="pubmed">10666427</ArticleId>
                </ArticleIdList>
            </Reference>
            <Reference>
                <Citation>Clin Exp Dermatol. 2003 Mar;28(2):230-1</Citation>
                <ArticleIdList>
                    <ArticleId IdType="pubmed">12653726</ArticleId>
                </ArticleIdList>
            </Reference>
            <Reference>
                <Citation>Ophthalmology. 2001 Apr;108(4):738-49</Citation>
                <ArticleIdList>
                    <ArticleId IdType="pubmed">11297491</ArticleId>
                </ArticleIdList>
            </Reference>
            <Reference>
                <Citation>Am J Ophthalmol. 1950 Jul;33(7):1121-7</Citation>
                <ArticleIdList>
                    <ArticleId IdType="pubmed">15425610</ArticleId>
                </ArticleIdList>
            </Reference>
            <Reference>
                <Citation>Folia Morphol (Warsz). 1984;43(4):295-301</Citation>
                <ArticleIdList>
                    <ArticleId IdType="pubmed">6336065</ArticleId>
                </ArticleIdList>
            </Reference>
            <Reference>
                <Citation>J Child Neurol. 2013 Feb;28(2):213-8</Citation>
                <ArticleIdList>
                    <ArticleId IdType="pubmed">23112247</ArticleId>
                </ArticleIdList>
            </Reference>
            <Reference>
                <Citation>Neurosurgery. 2003 Mar;52(3):711-5; discussion 714-5</Citation>
                <ArticleIdList>
                    <ArticleId IdType="pubmed">12590699</ArticleId>
                </ArticleIdList>
            </Reference>
            <Reference>
                <Citation>J Neuropathol Exp Neurol. 1947 Oct;6(4):369-82</Citation>
                <ArticleIdList>
                    <ArticleId IdType="pubmed">20267716</ArticleId>
                </ArticleIdList>
            </Reference>
            <Reference>
                <Citation>J Vasc Surg. 2000 Nov;32(5):840-7</Citation>
                <ArticleIdList>
                    <ArticleId IdType="pubmed">11054214</ArticleId>
                </ArticleIdList>
            </Reference>
            <Reference>
                <Citation>AJNR Am J Neuroradiol. 1986 Jul-Aug;7(4):623-7</Citation>
                <ArticleIdList>
                    <ArticleId IdType="pubmed">3088940</ArticleId>
                </ArticleIdList>
            </Reference>
            <Reference>
                <Citation>J Fr Ophtalmol. 2008 Nov;31(9):e19</Citation>
                <ArticleIdList>
                    <ArticleId IdType="pubmed">19107053</ArticleId>
                </ArticleIdList>
            </Reference>
            <Reference>
                <Citation>Phlebologie. 1984 Apr-Jun;37(2):195-200</Citation>
                <ArticleIdList>
                    <ArticleId IdType="pubmed">6473527</ArticleId>
                </ArticleIdList>
            </Reference>
            <Reference>
                <Citation>Br J Surg. 1985 Mar;72(3):232-6</Citation>
                <ArticleIdList>
                    <ArticleId IdType="pubmed">2983819</ArticleId>
                </ArticleIdList>
            </Reference>
            <Reference>
                <Citation>Neuroradiology. 2007 Feb;49(2):169-75</Citation>
                <ArticleIdList>
                    <ArticleId IdType="pubmed">17200867</ArticleId>
                </ArticleIdList>
            </Reference>
            <Reference>
                <Citation>Radiology. 1971 Oct;101(1):111-8</Citation>
                <ArticleIdList>
                    <ArticleId IdType="pubmed">5111963</ArticleId>
                </ArticleIdList>
            </Reference>
            <Reference>
                <Citation>Thromb Haemost. 2009 Aug;102(2):360-70</Citation>
                <ArticleIdList>
                    <ArticleId IdType="pubmed">19652888</ArticleId>
                </ArticleIdList>
            </Reference>
            <Reference>
                <Citation>Am J Med Genet. 1990 Sep;37(1):40-1</Citation>
                <ArticleIdList>
                    <ArticleId IdType="pubmed">2240041</ArticleId>
                </ArticleIdList>
            </Reference>
            <Reference>
                <Citation>Neuropediatrics. 1990 Aug;21(3):146-52</Citation>
                <ArticleIdList>
                    <ArticleId IdType="pubmed">2234320</ArticleId>
                </ArticleIdList>
            </Reference>
            <Reference>
                <Citation>Pediatr Neurol. 2006 Nov;35(5):343-7</Citation>
                <ArticleIdList>
                    <ArticleId IdType="pubmed">17074605</ArticleId>
                </ArticleIdList>
            </Reference>
            <Reference>
                <Citation>Dtsch Arch Klin Med. 1953;200(2):236-49</Citation>
                <ArticleIdList>
                    <ArticleId IdType="pubmed">13068150</ArticleId>
                </ArticleIdList>
            </Reference>
            <Reference>
                <Citation>J Pediatr Surg. 1989 May;24(5):494-6</Citation>
                <ArticleIdList>
                    <ArticleId IdType="pubmed">2544715</ArticleId>
                </ArticleIdList>
            </Reference>
            <Reference>
                <Citation>Neuroradiology. 1996 Oct;38(7):621-8</Citation>
                <ArticleIdList>
                    <ArticleId IdType="pubmed">8912316</ArticleId>
                </ArticleIdList>
            </Reference>
            <Reference>
                <Citation>Hautarzt. 1958 Sep;9(9):417-9</Citation>
                <ArticleIdList>
                    <ArticleId IdType="pubmed">13586695</ArticleId>
                </ArticleIdList>
            </Reference>
            <Reference>
                <Citation>Klin Monbl Augenheilkd. 1987 Oct;191(4):275-8</Citation>
                <ArticleIdList>
                    <ArticleId IdType="pubmed">3320480</ArticleId>
                </ArticleIdList>
            </Reference>
            <Reference>
                <Citation>Surg Gynecol Obstet. 1954 Oct;99(4):413-20</Citation>
                <ArticleIdList>
                    <ArticleId IdType="pubmed">13205411</ArticleId>
                </ArticleIdList>
            </Reference>
            <Reference>
                <Citation>Aviat Space Environ Med. 2012 Apr;83(4):388-93</Citation>
                <ArticleIdList>
                    <ArticleId IdType="pubmed">22462366</ArticleId>
                </ArticleIdList>
            </Reference>
            <Reference>
                <Citation>Pediatr Dermatol. 2004 Mar-Apr;21(2):131-3</Citation>
                <ArticleIdList>
                    <ArticleId IdType="pubmed">15078353</ArticleId>
                </ArticleIdList>
            </Reference>
            <Reference>
                <Citation>Ophthalmologica. 1950;120(3):127-49</Citation>
                <ArticleIdList>
                    <ArticleId IdType="pubmed">14780629</ArticleId>
                </ArticleIdList>
            </Reference>
            <Reference>
                <Citation>Arch Dis Child. 1990 May;65(5):546-7</Citation>
                <ArticleIdList>
                    <ArticleId IdType="pubmed">2162657</ArticleId>
                </ArticleIdList>
            </Reference>
            <Reference>
                <Citation>Eur Radiol. 2004 Nov;14(11):2025-9</Citation>
                <ArticleIdList>
                    <ArticleId IdType="pubmed">15007616</ArticleId>
                </ArticleIdList>
            </Reference>
            <Reference>
                <Citation>Int J Angiol. 2000 Oct;9(4):250-253</Citation>
                <ArticleIdList>
                    <ArticleId IdType="pubmed">11062318</ArticleId>
                </ArticleIdList>
            </Reference>
            <Reference>
                <Citation>Radiology. 1957 Mar;68(3):327-36</Citation>
                <ArticleIdList>
                    <ArticleId IdType="pubmed">13420390</ArticleId>
                </ArticleIdList>
            </Reference>
            <Reference>
                <Citation>J Neurosurg. 2002 Oct;97(4):995-7</Citation>
                <ArticleIdList>
                    <ArticleId IdType="pubmed">12405394</ArticleId>
                </ArticleIdList>
            </Reference>
            <Reference>
                <Citation>Childs Nerv Syst. 1989 Apr;5(2):114-7</Citation>
                <ArticleIdList>
                    <ArticleId IdType="pubmed">2736548</ArticleId>
                </ArticleIdList>
            </Reference>
            <Reference>
                <Citation>Proc Staff Meet Mayo Clin. 1949 Aug 3;24(16):405-8</Citation>
                <ArticleIdList>
                    <ArticleId IdType="pubmed">18136461</ArticleId>
                </ArticleIdList>
            </Reference>
            <Reference>
                <Citation>Dermatology. 1994;189(3):292-6</Citation>
                <ArticleIdList>
                    <ArticleId IdType="pubmed">7949488</ArticleId>
                </ArticleIdList>
            </Reference>
            <Reference>
                <Citation>JAMA Ophthalmol. 2013 May;131(5):681-3</Citation>
                <ArticleIdList>
                    <ArticleId IdType="pubmed">23538554</ArticleId>
                </ArticleIdList>
            </Reference>
            <Reference>
                <Citation>Pediatrics. 1991 Dec;88(6):1257-67</Citation>
                <ArticleIdList>
                    <ArticleId IdType="pubmed">1956746</ArticleId>
                </ArticleIdList>
            </Reference>
            <Reference>
                <Citation>Obstet Gynecol. 2004 Nov;104(5 Pt 2):1205-8</Citation>
                <ArticleIdList>
                    <ArticleId IdType="pubmed">15516454</ArticleId>
                </ArticleIdList>
            </Reference>
            <Reference>
                <Citation>J Neurosurg. 2007 Oct;107(4):841-3</Citation>
                <ArticleIdList>
                    <ArticleId IdType="pubmed">17937232</ArticleId>
                </ArticleIdList>
            </Reference>
            <Reference>
                <Citation>Yale J Biol Med. 1993 Jan-Feb;66(1):37-46</Citation>
                <ArticleIdList>
                    <ArticleId IdType="pubmed">8256463</ArticleId>
                </ArticleIdList>
            </Reference>
            <Reference>
                <Citation>J Vasc Surg. 2004 May;39(5):1048-52; discussion 52</Citation>
                <ArticleIdList>
                    <ArticleId IdType="pubmed">15111859</ArticleId>
                </ArticleIdList>
            </Reference>
            <Reference>
                <Citation>Birth Defects Orig Artic Ser. 1978;14(6B):289-96</Citation>
                <ArticleIdList>
                    <ArticleId IdType="pubmed">728569</ArticleId>
                </ArticleIdList>
            </Reference>
            <Reference>
                <Citation>Arch Dermatol. 1962 Aug;86:202-6</Citation>
                <ArticleIdList>
                    <ArticleId IdType="pubmed">14477154</ArticleId>
                </ArticleIdList>
            </Reference>
            <Reference>
                <Citation>J Anat. 1972 Dec;113(Pt 3):433-55</Citation>
                <ArticleIdList>
                    <ArticleId IdType="pubmed">4197303</ArticleId>
                </ArticleIdList>
            </Reference>
            <Reference>
                <Citation>Graefes Arch Clin Exp Ophthalmol. 2000 Jul;238(7):625-7</Citation>
                <ArticleIdList>
                    <ArticleId IdType="pubmed">10955666</ArticleId>
                </ArticleIdList>
            </Reference>
            <Reference>
                <Citation>Neurology. 2007 Jan 16;68(3):243</Citation>
                <ArticleIdList>
                    <ArticleId IdType="pubmed">17224587</ArticleId>
                </ArticleIdList>
            </Reference>
            <Reference>
                <Citation>Presse Med. 1957 Mar 20;65(23):531-4</Citation>
                <ArticleIdList>
                    <ArticleId IdType="pubmed">13431768</ArticleId>
                </ArticleIdList>
            </Reference>
            <Reference>
                <Citation>Ann Surg. 1985 Mar;201(3):365-73</Citation>
                <ArticleIdList>
                    <ArticleId IdType="pubmed">2983626</ArticleId>
                </ArticleIdList>
            </Reference>
            <Reference>
                <Citation>Pediatria (Napoli). 1977 Dec 31;85(4):613-24</Citation>
                <ArticleIdList>
                    <ArticleId IdType="pubmed">613302</ArticleId>
                </ArticleIdList>
            </Reference>
            <Reference>
                <Citation>Lymphology. 1982 Jun;15(2):60-5</Citation>
                <ArticleIdList>
                    <ArticleId IdType="pubmed">7109680</ArticleId>
                </ArticleIdList>
            </Reference>
            <Reference>
                <Citation>Am J Ophthalmol. 1973 Nov;76(5):716-20</Citation>
                <ArticleIdList>
                    <ArticleId IdType="pubmed">4201219</ArticleId>
                </ArticleIdList>
            </Reference>
            <Reference>
                <Citation>Curr Treat Options Neurol. 2008 Jan;10(1):47-54</Citation>
                <ArticleIdList>
                    <ArticleId IdType="pubmed">18325299</ArticleId>
                </ArticleIdList>
            </Reference>
            <Reference>
                <Citation>Invest Ophthalmol Vis Sci. 1996 Aug;37(9):1840-8</Citation>
                <ArticleIdList>
                    <ArticleId IdType="pubmed">8759352</ArticleId>
                </ArticleIdList>
            </Reference>
            <Reference>
                <Citation>J Child Neurol. 1998 Dec;13(12):606-18</Citation>
                <ArticleIdList>
                    <ArticleId IdType="pubmed">9881531</ArticleId>
                </ArticleIdList>
            </Reference>
            <Reference>
                <Citation>Eye (Lond). 2005 Mar;19(3):365-7</Citation>
                <ArticleIdList>
                    <ArticleId IdType="pubmed">15286676</ArticleId>
                </ArticleIdList>
            </Reference>
            <Reference>
                <Citation>Neurosurgery. 2002 Oct;51(4 Suppl):S159-205</Citation>
                <ArticleIdList>
                    <ArticleId IdType="pubmed">12234449</ArticleId>
                </ArticleIdList>
            </Reference>
            <Reference>
                <Citation>Ophthalmology. 1984 Sep;91(9):1061-71</Citation>
                <ArticleIdList>
                    <ArticleId IdType="pubmed">6493715</ArticleId>
                </ArticleIdList>
            </Reference>
            <Reference>
                <Citation>Surv Ophthalmol. 1976 May-Jun;20(6):415-31</Citation>
                <ArticleIdList>
                    <ArticleId IdType="pubmed">820013</ArticleId>
                </ArticleIdList>
            </Reference>
            <Reference>
                <Citation>Am J Anat. 1956 May;98(3):307-55</Citation>
                <ArticleIdList>
                    <ArticleId IdType="pubmed">13362118</ArticleId>
                </ArticleIdList>
            </Reference>
            <Reference>
                <Citation>Ann Chir Plast Esthet. 1991;36(4):271-8</Citation>
                <ArticleIdList>
                    <ArticleId IdType="pubmed">1724879</ArticleId>
                </ArticleIdList>
            </Reference>
            <Reference>
                <Citation>Pediatrics. 1973 Dec;52(6):861-4</Citation>
                <ArticleIdList>
                    <ArticleId IdType="pubmed">4129293</ArticleId>
                </ArticleIdList>
            </Reference>
            <Reference>
                <Citation>Presse Med. 1969 Jan 25;77(5):163-6</Citation>
                <ArticleIdList>
                    <ArticleId IdType="pubmed">5771794</ArticleId>
                </ArticleIdList>
            </Reference>
            <Reference>
                <Citation>Retina. 1991;11(4):389-93</Citation>
                <ArticleIdList>
                    <ArticleId IdType="pubmed">1813954</ArticleId>
                </ArticleIdList>
            </Reference>
            <Reference>
                <Citation>Radiologe. 1977 Oct 17;17(10):428-31</Citation>
                <ArticleIdList>
                    <ArticleId IdType="pubmed">928675</ArticleId>
                </ArticleIdList>
            </Reference>
            <Reference>
                <Citation>Arch Fr Pediatr. 1973;30(8):809-29</Citation>
                <ArticleIdList>
                    <ArticleId IdType="pubmed">4768068</ArticleId>
                </ArticleIdList>
            </Reference>
            <Reference>
                <Citation>AJNR Am J Neuroradiol. 1996 Apr;17(4):749-54</Citation>
                <ArticleIdList>
                    <ArticleId IdType="pubmed">8730196</ArticleId>
                </ArticleIdList>
            </Reference>
            <Reference>
                <Citation>Phlebologie. 1987 Apr-Jun;40(2):531-6</Citation>
                <ArticleIdList>
                    <ArticleId IdType="pubmed">3039545</ArticleId>
                </ArticleIdList>
            </Reference>
            <Reference>
                <Citation>Neuroradiology. 1998 Mar;40(3):177-80</Citation>
                <ArticleIdList>
                    <ArticleId IdType="pubmed">9561524</ArticleId>
                </ArticleIdList>
            </Reference>
            <Reference>
                <Citation>J Child Neurol. 1986 Apr;1(2):115-8</Citation>
                <ArticleIdList>
                    <ArticleId IdType="pubmed">3598114</ArticleId>
                </ArticleIdList>
            </Reference>
            <Reference>
                <Citation>Arch Ophthalmol. 1974 Jul;92(1):69-70</Citation>
                <ArticleIdList>
                    <ArticleId IdType="pubmed">4835981</ArticleId>
                </ArticleIdList>
            </Reference>
            <Reference>
                <Citation>Invest Ophthalmol Vis Sci. 2006 Dec;47(12):5153-62</Citation>
                <ArticleIdList>
                    <ArticleId IdType="pubmed">17122097</ArticleId>
                </ArticleIdList>
            </Reference>
            <Reference>
                <Citation>Dev Med Child Neurol. 2004 Nov;46(11):783-6</Citation>
                <ArticleIdList>
                    <ArticleId IdType="pubmed">15540641</ArticleId>
                </ArticleIdList>
            </Reference>
            <Reference>
                <Citation>Arch Dermatol. 2000 Jul;136(7):897-9</Citation>
                <ArticleIdList>
                    <ArticleId IdType="pubmed">10890992</ArticleId>
                </ArticleIdList>
            </Reference>
            <Reference>
                <Citation>AJNR Am J Neuroradiol. 1992 Mar-Apr;13(2):725-46</Citation>
                <ArticleIdList>
                    <ArticleId IdType="pubmed">1566725</ArticleId>
                </ArticleIdList>
            </Reference>
            <Reference>
                <Citation>Clin Appl Thromb Hemost. 2003 Apr;9(2):143-50</Citation>
                <ArticleIdList>
                    <ArticleId IdType="pubmed">12812384</ArticleId>
                </ArticleIdList>
            </Reference>
            <Reference>
                <Citation>J Neurol Sci. 2008 Jan 15;264(1-2):168-72</Citation>
                <ArticleIdList>
                    <ArticleId IdType="pubmed">17720199</ArticleId>
                </ArticleIdList>
            </Reference>
            <Reference>
                <Citation>Trans Ophthalmol Soc U K. 1973;93(0):477-93</Citation>
                <ArticleIdList>
                    <ArticleId IdType="pubmed">4526462</ArticleId>
                </ArticleIdList>
            </Reference>
            <Reference>
                <Citation>Rev Neurol (Paris). 1987;143(8-9):588-94</Citation>
                <ArticleIdList>
                    <ArticleId IdType="pubmed">3499646</ArticleId>
                </ArticleIdList>
            </Reference>
            <Reference>
                <Citation>Bull Mem Soc Fr Ophtalmol. 1961;74:62-71</Citation>
                <ArticleIdList>
                    <ArticleId IdType="pubmed">13981620</ArticleId>
                </ArticleIdList>
            </Reference>
            <Reference>
                <Citation>Neuroradiology. 1994 May;36(4):318-20</Citation>
                <ArticleIdList>
                    <ArticleId IdType="pubmed">8065581</ArticleId>
                </ArticleIdList>
            </Reference>
            <Reference>
                <Citation>Med Welt. 1969 Nov 15;46:2543-4</Citation>
                <ArticleIdList>
                    <ArticleId IdType="pubmed">5386870</ArticleId>
                </ArticleIdList>
            </Reference>
            <Reference>
                <Citation>Ocul Immunol Inflamm. 2009 Jul-Aug;17(4):292-4</Citation>
                <ArticleIdList>
                    <ArticleId IdType="pubmed">19657986</ArticleId>
                </ArticleIdList>
            </Reference>
            <Reference>
                <Citation>Vasa. 1979;8(3):192-202</Citation>
                <ArticleIdList>
                    <ArticleId IdType="pubmed">516858</ArticleId>
                </ArticleIdList>
            </Reference>
            <Reference>
                <Citation>Am J Ophthalmol. 1996 Feb;121(2):190-9</Citation>
                <ArticleIdList>
                    <ArticleId IdType="pubmed">8623889</ArticleId>
                </ArticleIdList>
            </Reference>
            <Reference>
                <Citation>Fortschr Med. 1996 Sep 20;114(26):315-8</Citation>
                <ArticleIdList>
                    <ArticleId IdType="pubmed">8999001</ArticleId>
                </ArticleIdList>
            </Reference>
            <Reference>
                <Citation>J Pediatr Ophthalmol Strabismus. 1984 Jul-Aug;21(4):153-8</Citation>
                <ArticleIdList>
                    <ArticleId IdType="pubmed">6470912</ArticleId>
                </ArticleIdList>
            </Reference>
            <Reference>
                <Citation>Ophthalmology. 1978 Mar;85(3):276-86</Citation>
                <ArticleIdList>
                    <ArticleId IdType="pubmed">662281</ArticleId>
                </ArticleIdList>
            </Reference>
            <Reference>
                <Citation>Br J Ophthalmol. 2012 Mar;96(3):459-60, 469</Citation>
                <ArticleIdList>
                    <ArticleId IdType="pubmed">22049487</ArticleId>
                </ArticleIdList>
            </Reference>
            <Reference>
                <Citation>Stroke. 1974 Jul-Aug;5(4):509-11</Citation>
                <ArticleIdList>
                    <ArticleId IdType="pubmed">4854507</ArticleId>
                </ArticleIdList>
            </Reference>
            <Reference>
                <Citation>Surgery. 1986 Apr;99(4):414-20</Citation>
                <ArticleIdList>
                    <ArticleId IdType="pubmed">3952667</ArticleId>
                </ArticleIdList>
            </Reference>
            <Reference>
                <Citation>J Pediatr Ophthalmol Strabismus. 1989 Nov-Dec;26(6):288-9</Citation>
                <ArticleIdList>
                    <ArticleId IdType="pubmed">2559961</ArticleId>
                </ArticleIdList>
            </Reference>
            <Reference>
                <Citation>Chest. 1999 Apr;115(4):1199-201</Citation>
                <ArticleIdList>
                    <ArticleId IdType="pubmed">10208231</ArticleId>
                </ArticleIdList>
            </Reference>
            <Reference>
                <Citation>Arch Dermatol. 2010 Sep;146(9):1015-8</Citation>
                <ArticleIdList>
                    <ArticleId IdType="pubmed">20855702</ArticleId>
                </ArticleIdList>
            </Reference>
            <Reference>
                <Citation>Ann Surg. 1915 Dec;62(6):641-9</Citation>
                <ArticleIdList>
                    <ArticleId IdType="pubmed">17863459</ArticleId>
                </ArticleIdList>
            </Reference>
            <Reference>
                <Citation>Trans Am Ophthalmol Soc. 1934;32:143-52</Citation>
                <ArticleIdList>
                    <ArticleId IdType="pubmed">16693000</ArticleId>
                </ArticleIdList>
            </Reference>
            <Reference>
                <Citation>Jpn J Ophthalmol. 2002 Jan-Feb;46(1):74-7</Citation>
                <ArticleIdList>
                    <ArticleId IdType="pubmed">11853718</ArticleId>
                </ArticleIdList>
            </Reference>
            <Reference>
                <Citation>Pediatr Neurol. 1985 Mar-Apr;1(2):85-90</Citation>
                <ArticleIdList>
                    <ArticleId IdType="pubmed">3880396</ArticleId>
                </ArticleIdList>
            </Reference>
            <Reference>
                <Citation>J Neurosurg Spine. 2005 Sep;3(3):249-52</Citation>
                <ArticleIdList>
                    <ArticleId IdType="pubmed">16235712</ArticleId>
                </ArticleIdList>
            </Reference>
            <Reference>
                <Citation>Trans Am Ophthalmol Soc. 1998;96:95-106; discussion 106-9</Citation>
                <ArticleIdList>
                    <ArticleId IdType="pubmed">10360284</ArticleId>
                </ArticleIdList>
            </Reference>
            <Reference>
                <Citation>AJNR Am J Neuroradiol. 1993 Mar-Apr;14(2):409-15</Citation>
                <ArticleIdList>
                    <ArticleId IdType="pubmed">8456721</ArticleId>
                </ArticleIdList>
            </Reference>
            <Reference>
                <Citation>AJNR Am J Neuroradiol. 1995 May;16(5):1021-9</Citation>
                <ArticleIdList>
                    <ArticleId IdType="pubmed">7639123</ArticleId>
                </ArticleIdList>
            </Reference>
            <Reference>
                <Citation>AJNR Am J Neuroradiol. 1993 Mar-Apr;14(2):417-25</Citation>
                <ArticleIdList>
                    <ArticleId IdType="pubmed">8456722</ArticleId>
                </ArticleIdList>
            </Reference>
            <Reference>
                <Citation>Dermatologica. 1953;106(3-5):176-83</Citation>
                <ArticleIdList>
                    <ArticleId IdType="pubmed">13094985</ArticleId>
                </ArticleIdList>
            </Reference>
            <Reference>
                <Citation>AJNR Am J Neuroradiol. 1995 Aug;16(7):1539-42</Citation>
                <ArticleIdList>
                    <ArticleId IdType="pubmed">7484651</ArticleId>
                </ArticleIdList>
            </Reference>
            <Reference>
                <Citation>Best Pract Res Clin Haematol. 2003 Jun;16(2):333-45</Citation>
                <ArticleIdList>
                    <ArticleId IdType="pubmed">12763496</ArticleId>
                </ArticleIdList>
            </Reference>
            <Reference>
                <Citation>Am J Ophthalmol. 1976 Mar;81(3):300-6</Citation>
                <ArticleIdList>
                    <ArticleId IdType="pubmed">1258954</ArticleId>
                </ArticleIdList>
            </Reference>
            <Reference>
                <Citation>J Magn Reson Imaging. 2008 Mar;27(3):617-20</Citation>
                <ArticleIdList>
                    <ArticleId IdType="pubmed">18224675</ArticleId>
                </ArticleIdList>
            </Reference>
            <Reference>
                <Citation>Ann Surg. 1983 Mar;197(3):353-62</Citation>
                <ArticleIdList>
                    <ArticleId IdType="pubmed">6299216</ArticleId>
                </ArticleIdList>
            </Reference>
            <Reference>
                <Citation>Eur Radiol. 2006 Apr;16(4):922-6</Citation>
                <ArticleIdList>
                    <ArticleId IdType="pubmed">16261330</ArticleId>
                </ArticleIdList>
            </Reference>
            <Reference>
                <Citation>Neurology. 1996 Aug;47(2):376-82</Citation>
                <ArticleIdList>
                    <ArticleId IdType="pubmed">8757007</ArticleId>
                </ArticleIdList>
            </Reference>
            <Reference>
                <Citation>Ophthalmology. 2005 Nov;112(11):1936-40</Citation>
                <ArticleIdList>
                    <ArticleId IdType="pubmed">16271318</ArticleId>
                </ArticleIdList>
            </Reference>
            <Reference>
                <Citation>AJNR Am J Neuroradiol. 1995 Jan;16(1):171-4</Citation>
                <ArticleIdList>
                    <ArticleId IdType="pubmed">7900588</ArticleId>
                </ArticleIdList>
            </Reference>
            <Reference>
                <Citation>Plast Reconstr Surg. 1991 Mar;87(3):419-22</Citation>
                <ArticleIdList>
                    <ArticleId IdType="pubmed">1825517</ArticleId>
                </ArticleIdList>
            </Reference>
            <Reference>
                <Citation>Arch Otolaryngol Head Neck Surg. 1996 Nov;122(11):1174-9</Citation>
                <ArticleIdList>
                    <ArticleId IdType="pubmed">8906051</ArticleId>
                </ArticleIdList>
            </Reference>
            <Reference>
                <Citation>Graefes Arch Clin Exp Ophthalmol. 1994 Jul;232(7):387-91</Citation>
                <ArticleIdList>
                    <ArticleId IdType="pubmed">7523256</ArticleId>
                </ArticleIdList>
            </Reference>
            <Reference>
                <Citation>Dev Biol. 1987 Mar;120(1):198-214</Citation>
                <ArticleIdList>
                    <ArticleId IdType="pubmed">3817289</ArticleId>
                </ArticleIdList>
            </Reference>
            <Reference>
                <Citation>Ophthalmology. 2012 Nov;119(11):2420-1; author reply 2421-2</Citation>
                <ArticleIdList>
                    <ArticleId IdType="pubmed">23122477</ArticleId>
                </ArticleIdList>
            </Reference>
            <Reference>
                <Citation>Ann Surg. 1956 Dec;144(6):1035-44</Citation>
                <ArticleIdList>
                    <ArticleId IdType="pubmed">13373294</ArticleId>
                </ArticleIdList>
            </Reference>
            <Reference>
                <Citation>J Child Neurol. 2006 Feb;21(2):155-7</Citation>
                <ArticleIdList>
                    <ArticleId IdType="pubmed">16566882</ArticleId>
                </ArticleIdList>
            </Reference>
            <Reference>
                <Citation>Pediatr Neurol. 2001 Sep;25(3):242-6</Citation>
                <ArticleIdList>
                    <ArticleId IdType="pubmed">11587881</ArticleId>
                </ArticleIdList>
            </Reference>
            <Reference>
                <Citation>J Child Neurol. 2011 Jun;26(6):692-702</Citation>
                <ArticleIdList>
                    <ArticleId IdType="pubmed">21427442</ArticleId>
                </ArticleIdList>
            </Reference>
            <Reference>
                <Citation>Arch Dermatol Res. 1988;280(6):338-45</Citation>
                <ArticleIdList>
                    <ArticleId IdType="pubmed">3190266</ArticleId>
                </ArticleIdList>
            </Reference>
            <Reference>
                <Citation>Ophthalmology. 2007 Nov;114(11):1994-9</Citation>
                <ArticleIdList>
                    <ArticleId IdType="pubmed">17980742</ArticleId>
                </ArticleIdList>
            </Reference>
            <Reference>
                <Citation>Plast Reconstr Surg. 1982 Mar;69(3):412-22</Citation>
                <ArticleIdList>
                    <ArticleId IdType="pubmed">7063565</ArticleId>
                </ArticleIdList>
            </Reference>
            <Reference>
                <Citation>J Pediatr. 1982 Jan;100(1):117-22</Citation>
                <ArticleIdList>
                    <ArticleId IdType="pubmed">7057299</ArticleId>
                </ArticleIdList>
            </Reference>
            <Reference>
                <Citation>Br J Ophthalmol. 2007 Jan;91(1):26-8</Citation>
                <ArticleIdList>
                    <ArticleId IdType="pubmed">16973656</ArticleId>
                </ArticleIdList>
            </Reference>
            <Reference>
                <Citation>Angiology. 2000 Jan;51(1):3-7</Citation>
                <ArticleIdList>
                    <ArticleId IdType="pubmed">10667636</ArticleId>
                </ArticleIdList>
            </Reference>
            <Reference>
                <Citation>Br J Ophthalmol. 2003 Sep;87(9):1091-3</Citation>
                <ArticleIdList>
                    <ArticleId IdType="pubmed">12928274</ArticleId>
                </ArticleIdList>
            </Reference>
            <Reference>
                <Citation>J Neuropathol Exp Neurol. 1957 Jul;16(3):341-64</Citation>
                <ArticleIdList>
                    <ArticleId IdType="pubmed">13439398</ArticleId>
                </ArticleIdList>
            </Reference>
            <Reference>
                <Citation>Childs Nerv Syst. 1998 Dec;14(12):693-6</Citation>
                <ArticleIdList>
                    <ArticleId IdType="pubmed">9881620</ArticleId>
                </ArticleIdList>
            </Reference>
            <Reference>
                <Citation>Pediatr Neurol. 2012 Sep;47(3):227; author reply 227-8</Citation>
                <ArticleIdList>
                    <ArticleId IdType="pubmed">22883295</ArticleId>
                </ArticleIdList>
            </Reference>
            <Reference>
                <Citation>J Pediatr Ophthalmol Strabismus. 1992 Nov-Dec;29(6):349-56</Citation>
                <ArticleIdList>
                    <ArticleId IdType="pubmed">1287171</ArticleId>
                </ArticleIdList>
            </Reference>
            <Reference>
                <Citation>Acta Radiol Diagn (Stockh). 1972;13(1):105-14</Citation>
                <ArticleIdList>
                    <ArticleId IdType="pubmed">4660115</ArticleId>
                </ArticleIdList>
            </Reference>
            <Reference>
                <Citation>Jpn J Ophthalmol. 2002 Sep-Oct;46(5):553-5</Citation>
                <ArticleIdList>
                    <ArticleId IdType="pubmed">12457915</ArticleId>
                </ArticleIdList>
            </Reference>
            <Reference>
                <Citation>Eur J Ophthalmol. 2013 Nov-Dec;23(6):922-4</Citation>
                <ArticleIdList>
                    <ArticleId IdType="pubmed">23787448</ArticleId>
                </ArticleIdList>
            </Reference>
            <Reference>
                <Citation>Rev Neurol. 2000 May 1-15;30(9):837-41</Citation>
                <ArticleIdList>
                    <ArticleId IdType="pubmed">10870197</ArticleId>
                </ArticleIdList>
            </Reference>
            <Reference>
                <Citation>Proc Natl Acad Sci U S A. 1990 Dec;87(24):9828-32</Citation>
                <ArticleIdList>
                    <ArticleId IdType="pubmed">2263633</ArticleId>
                </ArticleIdList>
            </Reference>
            <Reference>
                <Citation>Acta Neuropathol. 1987;74(4):405-10</Citation>
                <ArticleIdList>
                    <ArticleId IdType="pubmed">3687394</ArticleId>
                </ArticleIdList>
            </Reference>
            <Reference>
                <Citation>Vasa. 1982;11(3):188-93</Citation>
                <ArticleIdList>
                    <ArticleId IdType="pubmed">7136236</ArticleId>
                </ArticleIdList>
            </Reference>
            <Reference>
                <Citation>C R Acad Sci Hebd Seances Acad Sci D. 1978 Oct 30;287(11):1011-4</Citation>
                <ArticleIdList>
                    <ArticleId IdType="pubmed">105815</ArticleId>
                </ArticleIdList>
            </Reference>
            <Reference>
                <Citation>Arch Ophthalmol. 1987 Jun;105(6):854-5</Citation>
                <ArticleIdList>
                    <ArticleId IdType="pubmed">3579716</ArticleId>
                </ArticleIdList>
            </Reference>
            <Reference>
                <Citation>Acta Ophthalmol Scand. 2006 Oct;84(5):656-60</Citation>
                <ArticleIdList>
                    <ArticleId IdType="pubmed">16965497</ArticleId>
                </ArticleIdList>
            </Reference>
            <Reference>
                <Citation>Retina. 2004 Feb;24(1):152-5</Citation>
                <ArticleIdList>
                    <ArticleId IdType="pubmed">15076958</ArticleId>
                </ArticleIdList>
            </Reference>
            <Reference>
                <Citation>Am J Dis Child. 1974 Nov;128(5):699-701</Citation>
                <ArticleIdList>
                    <ArticleId IdType="pubmed">4424166</ArticleId>
                </ArticleIdList>
            </Reference>
            <Reference>
                <Citation>Bull Soc Ophtalmol Fr. 1957 Aug-Oct;7-8:444-7</Citation>
                <ArticleIdList>
                    <ArticleId IdType="pubmed">13500124</ArticleId>
                </ArticleIdList>
            </Reference>
            <Reference>
                <Citation>Semin Fetal Neonatal Med. 2009 Oct;14(5):250-66</Citation>
                <ArticleIdList>
                    <ArticleId IdType="pubmed">19664975</ArticleId>
                </ArticleIdList>
            </Reference>
            <Reference>
                <Citation>Am J Roentgenol Radium Ther Nucl Med. 1969 Nov;107(3):579-88</Citation>
                <ArticleIdList>
                    <ArticleId IdType="pubmed">5357687</ArticleId>
                </ArticleIdList>
            </Reference>
            <Reference>
                <Citation>Med Hypotheses. 1993 Nov;41(5):455-8</Citation>
                <ArticleIdList>
                    <ArticleId IdType="pubmed">8145657</ArticleId>
                </ArticleIdList>
            </Reference>
        </ReferenceList>
    </PubmedData>
</PubmedArticle>

</PubmedArticleSet>