<?xml version="1.0" ?>
<!DOCTYPE PubmedArticleSet PUBLIC "-//NLM//DTD PubMedArticle, 1st January 2019//EN" "https://dtd.nlm.nih.gov/ncbi/pubmed/out/pubmed_190101.dtd">
<PubmedArticleSet>
<PubmedArticle>
    <MedlineCitation Status="MEDLINE" Owner="NLM">
        <PMID Version="1">24488155</PMID>
        <DateCompleted>
            <Year>2014</Year>
            <Month>09</Month>
            <Day>10</Day>
        </DateCompleted>
        <DateRevised>
            <Year>2018</Year>
            <Month>11</Month>
            <Day>13</Day>
        </DateRevised>
        <Article PubModel="Print-Electronic">
            <Journal>
                <ISSN IssnType="Electronic">1613-2246</ISSN>
                <JournalIssue CitedMedium="Internet">
                    <Volume>58</Volume>
                    <Issue>2</Issue>
                    <PubDate>
                        <Year>2014</Year>
                        <Month>Mar</Month>
                    </PubDate>
                </JournalIssue>
                <Title>Japanese journal of ophthalmology</Title>
                <ISOAbbreviation>Jpn J Ophthalmol</ISOAbbreviation>
            </Journal>
            <ArticleTitle>Investigation of retinal nerve fiber layer thickness in patients with neurofibromatosis-1.</ArticleTitle>
            <Pagination>
                <MedlinePgn>172-6</MedlinePgn>
            </Pagination>
            <ELocationID EIdType="doi" ValidYN="Y">10.1007/s10384-014-0308-6</ELocationID>
            <Abstract>
                <AbstractText Label="PURPOSE" NlmCategory="OBJECTIVE">To compare the optical coherence tomography (OCT) findings of neurofibromatosis-1 (NF-1) patients with/without optic pathway glioma (OPG) with those of healthy controls.</AbstractText>
                <AbstractText Label="METHODS" NlmCategory="METHODS">Ten patients with NF-1, 17 patients with NF-1-associated OPGs, and 17 control subjects were included in the study. Retinal nerve fiber layer (RNFL) and macular thickness findings measured with Stratus OCT were compared between the groups.</AbstractText>
                <AbstractText Label="RESULTS" NlmCategory="RESULTS">The average RNFL thickness was significantly lower in the OPG group (76.72 ± 22.16 μm) than in the controls (108.89 ± 9.92 μm) and NF-1 patients without OPGs (111.17 ± 12.13 μm) (p &lt; 0.001). The macular volume was also found to be lower in NF-1 patients with OPG (6.41 ± 0.66 mm(3)) than in the healthy controls (7.19 ± 0.36 mm(3); p = 0.001) and NF-1 patients without OPGs (7.25 ± 0.26 mm(3); p = 0.005). Following this analysis the OPG group was further subdivided into two categories: OPG patients with normal visual acuity (VA) and OPG patients with decreased VA. The statistical analysis was repeated for these four subgroups, revealing that while the decrement in the average RNFL thickness was significant for both OPG groups that in the macular volume was only significant for OPG patients with decreased VA.</AbstractText>
                <AbstractText Label="CONCLUSION" NlmCategory="CONCLUSIONS">The results of our study suggest that RNFL thinning can be a helpful marker for the detection of OPGs in NF-1 patients. Larger studies with longitudinal data are required to confirm the role of OCT in the diagnosis and follow-up of these patients.</AbstractText>
            </Abstract>
            <AuthorList CompleteYN="Y">
                <Author ValidYN="Y">
                    <LastName>Topcu-Yilmaz</LastName>
                    <ForeName>Pinar</ForeName>
                    <Initials>P</Initials>
                    <AffiliationInfo>
                        <Affiliation>Department of Ophthalmology, Konya Training and Research Hospital, Konya, Turkey.</Affiliation>
                    </AffiliationInfo>
                </Author>
                <Author ValidYN="Y">
                    <LastName>Kasim</LastName>
                    <ForeName>Burcu</ForeName>
                    <Initials>B</Initials>
                </Author>
                <Author ValidYN="Y">
                    <LastName>Kiratli</LastName>
                    <ForeName>Hayyam</ForeName>
                    <Initials>H</Initials>
                </Author>
            </AuthorList>
            <Language>eng</Language>
            <PublicationTypeList>
                <PublicationType UI="D003160">Comparative Study</PublicationType>
                <PublicationType UI="D016428">Journal Article</PublicationType>
                <PublicationType UI="D064888">Observational Study</PublicationType>
            </PublicationTypeList>
            <ArticleDate DateType="Electronic">
                <Year>2014</Year>
                <Month>02</Month>
                <Day>04</Day>
            </ArticleDate>
        </Article>
        <MedlineJournalInfo>
            <Country>Japan</Country>
            <MedlineTA>Jpn J Ophthalmol</MedlineTA>
            <NlmUniqueID>0044652</NlmUniqueID>
            <ISSNLinking>0021-5155</ISSNLinking>
        </MedlineJournalInfo>
        <CitationSubset>IM</CitationSubset>
        <MeshHeadingList>
            <MeshHeading>
                <DescriptorName UI="D000293" MajorTopicYN="N">Adolescent</DescriptorName>
            </MeshHeading>
            <MeshHeading>
                <DescriptorName UI="D002648" MajorTopicYN="N">Child</DescriptorName>
            </MeshHeading>
            <MeshHeading>
                <DescriptorName UI="D005260" MajorTopicYN="N">Female</DescriptorName>
            </MeshHeading>
            <MeshHeading>
                <DescriptorName UI="D006801" MajorTopicYN="N">Humans</DescriptorName>
            </MeshHeading>
            <MeshHeading>
                <DescriptorName UI="D008279" MajorTopicYN="N">Magnetic Resonance Imaging</DescriptorName>
            </MeshHeading>
            <MeshHeading>
                <DescriptorName UI="D008297" MajorTopicYN="N">Male</DescriptorName>
            </MeshHeading>
            <MeshHeading>
                <DescriptorName UI="D009412" MajorTopicYN="N">Nerve Fibers</DescriptorName>
                <QualifierName UI="Q000473" MajorTopicYN="Y">pathology</QualifierName>
            </MeshHeading>
            <MeshHeading>
                <DescriptorName UI="D009456" MajorTopicYN="N">Neurofibromatosis 1</DescriptorName>
                <QualifierName UI="Q000175" MajorTopicYN="Y">diagnosis</QualifierName>
            </MeshHeading>
            <MeshHeading>
                <DescriptorName UI="D020339" MajorTopicYN="N">Optic Nerve Glioma</DescriptorName>
                <QualifierName UI="Q000175" MajorTopicYN="Y">diagnosis</QualifierName>
            </MeshHeading>
            <MeshHeading>
                <DescriptorName UI="D011446" MajorTopicYN="N">Prospective Studies</DescriptorName>
            </MeshHeading>
            <MeshHeading>
                <DescriptorName UI="D012160" MajorTopicYN="N">Retina</DescriptorName>
                <QualifierName UI="Q000473" MajorTopicYN="N">pathology</QualifierName>
            </MeshHeading>
            <MeshHeading>
                <DescriptorName UI="D012165" MajorTopicYN="N">Retinal Ganglion Cells</DescriptorName>
                <QualifierName UI="Q000473" MajorTopicYN="Y">pathology</QualifierName>
            </MeshHeading>
            <MeshHeading>
                <DescriptorName UI="D041623" MajorTopicYN="N">Tomography, Optical Coherence</DescriptorName>
            </MeshHeading>
            <MeshHeading>
                <DescriptorName UI="D014786" MajorTopicYN="N">Vision Disorders</DescriptorName>
                <QualifierName UI="Q000175" MajorTopicYN="N">diagnosis</QualifierName>
            </MeshHeading>
            <MeshHeading>
                <DescriptorName UI="D014792" MajorTopicYN="N">Visual Acuity</DescriptorName>
            </MeshHeading>
            <MeshHeading>
                <DescriptorName UI="D014794" MajorTopicYN="N">Visual Fields</DescriptorName>
            </MeshHeading>
        </MeshHeadingList>
    </MedlineCitation>
    <PubmedData>
        <History>
            <PubMedPubDate PubStatus="received">
                <Year>2013</Year>
                <Month>05</Month>
                <Day>16</Day>
            </PubMedPubDate>
            <PubMedPubDate PubStatus="accepted">
                <Year>2013</Year>
                <Month>12</Month>
                <Day>20</Day>
            </PubMedPubDate>
            <PubMedPubDate PubStatus="entrez">
                <Year>2014</Year>
                <Month>2</Month>
                <Day>4</Day>
                <Hour>6</Hour>
                <Minute>0</Minute>
            </PubMedPubDate>
            <PubMedPubDate PubStatus="pubmed">
                <Year>2014</Year>
                <Month>2</Month>
                <Day>4</Day>
                <Hour>6</Hour>
                <Minute>0</Minute>
            </PubMedPubDate>
            <PubMedPubDate PubStatus="medline">
                <Year>2014</Year>
                <Month>9</Month>
                <Day>11</Day>
                <Hour>6</Hour>
                <Minute>0</Minute>
            </PubMedPubDate>
        </History>
        <PublicationStatus>ppublish</PublicationStatus>
        <ArticleIdList>
            <ArticleId IdType="pubmed">24488155</ArticleId>
            <ArticleId IdType="doi">10.1007/s10384-014-0308-6</ArticleId>
        </ArticleIdList>
        <ReferenceList>
            <Reference>
                <Citation>J AAPOS. 2006 Aug;10(4):307-11</Citation>
                <ArticleIdList>
                    <ArticleId IdType="pubmed">16935228</ArticleId>
                </ArticleIdList>
            </Reference>
            <Reference>
                <Citation>J Pediatr. 1994 Jul;125(1):63-6</Citation>
                <ArticleIdList>
                    <ArticleId IdType="pubmed">8021787</ArticleId>
                </ArticleIdList>
            </Reference>
            <Reference>
                <Citation>Am J Ophthalmol. 2001 Apr;131(4):442-5</Citation>
                <ArticleIdList>
                    <ArticleId IdType="pubmed">11292406</ArticleId>
                </ArticleIdList>
            </Reference>
            <Reference>
                <Citation>Pediatr Neurol. 1995 Jan;12(1):89-90</Citation>
                <ArticleIdList>
                    <ArticleId IdType="pubmed">7748370</ArticleId>
                </ArticleIdList>
            </Reference>
            <Reference>
                <Citation>Lancet Neurol. 2006 Oct;5(10):853-63</Citation>
                <ArticleIdList>
                    <ArticleId IdType="pubmed">16987732</ArticleId>
                </ArticleIdList>
            </Reference>
            <Reference>
                <Citation>Invest Ophthalmol Vis Sci. 2006 Nov;47(11):4827-35</Citation>
                <ArticleIdList>
                    <ArticleId IdType="pubmed">17065494</ArticleId>
                </ArticleIdList>
            </Reference>
            <Reference>
                <Citation>J Pediatr. 1995 Nov;127(5):718-22</Citation>
                <ArticleIdList>
                    <ArticleId IdType="pubmed">7472822</ArticleId>
                </ArticleIdList>
            </Reference>
            <Reference>
                <Citation>J AAPOS. 2010 Dec;14(6):511-7</Citation>
                <ArticleIdList>
                    <ArticleId IdType="pubmed">21168074</ArticleId>
                </ArticleIdList>
            </Reference>
            <Reference>
                <Citation>Neuropediatrics. 1994 Dec;25(6):295-300</Citation>
                <ArticleIdList>
                    <ArticleId IdType="pubmed">7770126</ArticleId>
                </ArticleIdList>
            </Reference>
            <Reference>
                <Citation>Arch Ophthalmol. 2001 Apr;119(4):516-29</Citation>
                <ArticleIdList>
                    <ArticleId IdType="pubmed">11296017</ArticleId>
                </ArticleIdList>
            </Reference>
            <Reference>
                <Citation>Ophthalmology. 2006 Feb;113(2):324-32</Citation>
                <ArticleIdList>
                    <ArticleId IdType="pubmed">16406539</ArticleId>
                </ArticleIdList>
            </Reference>
            <Reference>
                <Citation>Ann Neurol. 1997 Feb;41(2):143-9</Citation>
                <ArticleIdList>
                    <ArticleId IdType="pubmed">9029062</ArticleId>
                </ArticleIdList>
            </Reference>
            <Reference>
                <Citation>Clin Exp Optom. 2007 Sep;90(5):317-35</Citation>
                <ArticleIdList>
                    <ArticleId IdType="pubmed">17697178</ArticleId>
                </ArticleIdList>
            </Reference>
            <Reference>
                <Citation>Am J Ophthalmol. 2011 Mar;151(3):542-9.e2</Citation>
                <ArticleIdList>
                    <ArticleId IdType="pubmed">21232732</ArticleId>
                </ArticleIdList>
            </Reference>
            <Reference>
                <Citation>Clin Exp Ophthalmol. 2009 Jan;37(1):90-9</Citation>
                <ArticleIdList>
                    <ArticleId IdType="pubmed">19338607</ArticleId>
                </ArticleIdList>
            </Reference>
            <Reference>
                <Citation>Curr Opin Ophthalmol. 2009 Nov;20(6):462-6</Citation>
                <ArticleIdList>
                    <ArticleId IdType="pubmed">19696668</ArticleId>
                </ArticleIdList>
            </Reference>
            <Reference>
                <Citation>Neuro Oncol. 2012 Jun;14(6):790-7</Citation>
                <ArticleIdList>
                    <ArticleId IdType="pubmed">22474213</ArticleId>
                </ArticleIdList>
            </Reference>
            <Reference>
                <Citation>J Neuroophthalmol. 2011 Sep;31(3):269-78</Citation>
                <ArticleIdList>
                    <ArticleId IdType="pubmed">21857190</ArticleId>
                </ArticleIdList>
            </Reference>
            <Reference>
                <Citation>Invest Ophthalmol Vis Sci. 2008 May;49(5):1879-85</Citation>
                <ArticleIdList>
                    <ArticleId IdType="pubmed">18263812</ArticleId>
                </ArticleIdList>
            </Reference>
            <Reference>
                <Citation>Pediatr Neurol. 2001 Jan;24(1):44-8</Citation>
                <ArticleIdList>
                    <ArticleId IdType="pubmed">11182280</ArticleId>
                </ArticleIdList>
            </Reference>
            <Reference>
                <Citation>Ann Neurol. 2007 Mar;61(3):189-98</Citation>
                <ArticleIdList>
                    <ArticleId IdType="pubmed">17387725</ArticleId>
                </ArticleIdList>
            </Reference>
        </ReferenceList>
    </PubmedData>
</PubmedArticle>

</PubmedArticleSet>