<?xml version="1.0" ?>
<!DOCTYPE PubmedArticleSet PUBLIC "-//NLM//DTD PubMedArticle, 1st January 2019//EN" "https://dtd.nlm.nih.gov/ncbi/pubmed/out/pubmed_190101.dtd">
<PubmedArticleSet>
<PubmedArticle>
    <MedlineCitation Status="MEDLINE" IndexingMethod="Curated" Owner="NLM">
        <PMID Version="1">25044138</PMID>
        <DateCompleted>
            <Year>2015</Year>
            <Month>05</Month>
            <Day>01</Day>
        </DateCompleted>
        <DateRevised>
            <Year>2018</Year>
            <Month>12</Month>
            <Day>02</Day>
        </DateRevised>
        <Article PubModel="Print-Electronic">
            <Journal>
                <ISSN IssnType="Electronic">1724-6016</ISSN>
                <JournalIssue CitedMedium="Internet">
                    <Volume>25</Volume>
                    <Issue>2</Issue>
                    <PubDate>
                        <MedlineDate>2015 Mar-Apr</MedlineDate>
                    </PubDate>
                </JournalIssue>
                <Title>European journal of ophthalmology</Title>
                <ISOAbbreviation>Eur J Ophthalmol</ISOAbbreviation>
            </Journal>
            <ArticleTitle>The effect of oral propranolol on intraocular pressure in infants with Sturge-Weber syndrome glaucoma.</ArticleTitle>
            <Pagination>
                <MedlinePgn>134-6</MedlinePgn>
            </Pagination>
            <ELocationID EIdType="doi" ValidYN="Y">10.5301/ejo.5000510</ELocationID>
            <Abstract>
                <AbstractText Label="PURPOSE" NlmCategory="OBJECTIVE">To report the effect of oral propranolol on intraocular pressure (IOP) in infants newly diagnosed with unilateral Sturge-Weber syndrome (SWS) glaucoma receiving no other treatment.</AbstractText>
                <AbstractText Label="METHODS" NlmCategory="METHODS">This was a prospective, nonrandomized interventional case series. Four infants presenting with unilateral SWS glaucoma with no prior treatment were treated with oral propranolol at a dose of 2 mg/kg and followed thereafter.</AbstractText>
                <AbstractText Label="RESULTS" NlmCategory="RESULTS">Propranolol had a temporary IOP-lowering effect in 3 of 4 children after 1 week of treatment. This effect diminished thereafter and 3 of 4 children required additional medical or surgical treatment.</AbstractText>
                <AbstractText Label="CONCLUSIONS" NlmCategory="CONCLUSIONS">Oral propranolol has a temporary effect on IOP in SWS glaucoma and is not effective as a single treatment in this syndrome, yet can serve to delay surgical treatment for a short period of time. In one case, the glaucoma was well-controlled on this medication.</AbstractText>
            </Abstract>
            <AuthorList CompleteYN="Y">
                <Author ValidYN="Y">
                    <LastName>Wygnanski-Jaffe</LastName>
                    <ForeName>Tamara</ForeName>
                    <Initials>T</Initials>
                    <AffiliationInfo>
                        <Affiliation>The Goldschleger Eye Institute, Sheba Medical Center, Tel Hashomer - Israel.</Affiliation>
                    </AffiliationInfo>
                </Author>
                <Author ValidYN="Y">
                    <LastName>Spierer</LastName>
                    <ForeName>Abraham</ForeName>
                    <Initials>A</Initials>
                </Author>
                <Author ValidYN="Y">
                    <LastName>Melamed</LastName>
                    <ForeName>Shlomo</ForeName>
                    <Initials>S</Initials>
                </Author>
                <Author ValidYN="Y">
                    <LastName>Ben-Zion</LastName>
                    <ForeName>Itay</ForeName>
                    <Initials>I</Initials>
                </Author>
            </AuthorList>
            <Language>eng</Language>
            <PublicationTypeList>
                <PublicationType UI="D016428">Journal Article</PublicationType>
            </PublicationTypeList>
            <ArticleDate DateType="Electronic">
                <Year>2014</Year>
                <Month>07</Month>
                <Day>18</Day>
            </ArticleDate>
        </Article>
        <MedlineJournalInfo>
            <Country>United States</Country>
            <MedlineTA>Eur J Ophthalmol</MedlineTA>
            <NlmUniqueID>9110772</NlmUniqueID>
            <ISSNLinking>1120-6721</ISSNLinking>
        </MedlineJournalInfo>
        <ChemicalList>
            <Chemical>
                <RegistryNumber>0</RegistryNumber>
                <NameOfSubstance UI="D000319">Adrenergic beta-Antagonists</NameOfSubstance>
            </Chemical>
            <Chemical>
                <RegistryNumber>0</RegistryNumber>
                <NameOfSubstance UI="D000959">Antihypertensive Agents</NameOfSubstance>
            </Chemical>
            <Chemical>
                <RegistryNumber>9Y8NXQ24VQ</RegistryNumber>
                <NameOfSubstance UI="D011433">Propranolol</NameOfSubstance>
            </Chemical>
        </ChemicalList>
        <CitationSubset>IM</CitationSubset>
        <MeshHeadingList>
            <MeshHeading>
                <DescriptorName UI="D000284" MajorTopicYN="N">Administration, Oral</DescriptorName>
            </MeshHeading>
            <MeshHeading>
                <DescriptorName UI="D000319" MajorTopicYN="N">Adrenergic beta-Antagonists</DescriptorName>
                <QualifierName UI="Q000008" MajorTopicYN="Y">administration &amp; dosage</QualifierName>
            </MeshHeading>
            <MeshHeading>
                <DescriptorName UI="D000959" MajorTopicYN="N">Antihypertensive Agents</DescriptorName>
                <QualifierName UI="Q000627" MajorTopicYN="N">therapeutic use</QualifierName>
            </MeshHeading>
            <MeshHeading>
                <DescriptorName UI="D005260" MajorTopicYN="N">Female</DescriptorName>
            </MeshHeading>
            <MeshHeading>
                <DescriptorName UI="D005901" MajorTopicYN="N">Glaucoma</DescriptorName>
                <QualifierName UI="Q000188" MajorTopicYN="Y">drug therapy</QualifierName>
                <QualifierName UI="Q000209" MajorTopicYN="N">etiology</QualifierName>
            </MeshHeading>
            <MeshHeading>
                <DescriptorName UI="D006801" MajorTopicYN="N">Humans</DescriptorName>
            </MeshHeading>
            <MeshHeading>
                <DescriptorName UI="D007223" MajorTopicYN="N">Infant</DescriptorName>
            </MeshHeading>
            <MeshHeading>
                <DescriptorName UI="D007429" MajorTopicYN="N">Intraocular Pressure</DescriptorName>
                <QualifierName UI="Q000187" MajorTopicYN="Y">drug effects</QualifierName>
            </MeshHeading>
            <MeshHeading>
                <DescriptorName UI="D008297" MajorTopicYN="N">Male</DescriptorName>
            </MeshHeading>
            <MeshHeading>
                <DescriptorName UI="D011433" MajorTopicYN="N">Propranolol</DescriptorName>
                <QualifierName UI="Q000008" MajorTopicYN="Y">administration &amp; dosage</QualifierName>
            </MeshHeading>
            <MeshHeading>
                <DescriptorName UI="D011446" MajorTopicYN="N">Prospective Studies</DescriptorName>
            </MeshHeading>
            <MeshHeading>
                <DescriptorName UI="D013341" MajorTopicYN="N">Sturge-Weber Syndrome</DescriptorName>
                <QualifierName UI="Q000150" MajorTopicYN="N">complications</QualifierName>
                <QualifierName UI="Q000188" MajorTopicYN="Y">drug therapy</QualifierName>
            </MeshHeading>
            <MeshHeading>
                <DescriptorName UI="D014065" MajorTopicYN="N">Tonometry, Ocular</DescriptorName>
            </MeshHeading>
        </MeshHeadingList>
    </MedlineCitation>
    <PubmedData>
        <History>
            <PubMedPubDate PubStatus="accepted">
                <Year>2014</Year>
                <Month>06</Month>
                <Day>25</Day>
            </PubMedPubDate>
            <PubMedPubDate PubStatus="entrez">
                <Year>2014</Year>
                <Month>7</Month>
                <Day>22</Day>
                <Hour>6</Hour>
                <Minute>0</Minute>
            </PubMedPubDate>
            <PubMedPubDate PubStatus="pubmed">
                <Year>2014</Year>
                <Month>7</Month>
                <Day>22</Day>
                <Hour>6</Hour>
                <Minute>0</Minute>
            </PubMedPubDate>
            <PubMedPubDate PubStatus="medline">
                <Year>2015</Year>
                <Month>5</Month>
                <Day>2</Day>
                <Hour>6</Hour>
                <Minute>0</Minute>
            </PubMedPubDate>
        </History>
        <PublicationStatus>ppublish</PublicationStatus>
        <ArticleIdList>
            <ArticleId IdType="pubmed">25044138</ArticleId>
            <ArticleId IdType="pii">5EEFC35C-BE20-4EF1-A378-797BE2FE4373</ArticleId>
            <ArticleId IdType="doi">10.5301/ejo.5000510</ArticleId>
        </ArticleIdList>
    </PubmedData>
</PubmedArticle>

</PubmedArticleSet>