<?xml version="1.0" ?>
<!DOCTYPE PubmedArticleSet PUBLIC "-//NLM//DTD PubMedArticle, 1st January 2019//EN" "https://dtd.nlm.nih.gov/ncbi/pubmed/out/pubmed_190101.dtd">
<PubmedArticleSet>
<PubmedArticle>
    <MedlineCitation Status="MEDLINE" IndexingMethod="Curated" Owner="NLM">
        <PMID Version="1">25265774</PMID>
        <DateCompleted>
            <Year>2015</Year>
            <Month>05</Month>
            <Day>12</Day>
        </DateCompleted>
        <DateRevised>
            <Year>2018</Year>
            <Month>12</Month>
            <Day>02</Day>
        </DateRevised>
        <Article PubModel="Print">
            <Journal>
                <ISSN IssnType="Print">0125-2208</ISSN>
                <JournalIssue CitedMedium="Print">
                    <Volume>97</Volume>
                    <Issue>7</Issue>
                    <PubDate>
                        <Year>2014</Year>
                        <Month>Jul</Month>
                    </PubDate>
                </JournalIssue>
                <Title>Journal of the Medical Association of Thailand = Chotmaihet thangphaet</Title>
                <ISOAbbreviation>J Med Assoc Thai</ISOAbbreviation>
            </Journal>
            <ArticleTitle>12-year retrospective study of Sturge-Weber syndrome and literature review.</ArticleTitle>
            <Pagination>
                <MedlinePgn>742-50</MedlinePgn>
            </Pagination>
            <Abstract>
                <AbstractText Label="OBJECTIVE" NlmCategory="OBJECTIVE">To review the clinical manifestations and neuroimaging features of patients with Sturge-Weber syndrome (SWS) treated at Srinagarind Hospital over a 12-year period.</AbstractText>
                <AbstractText Label="MATERIAL AND METHOD" NlmCategory="METHODS">A retrospective study of sixteen patients with SWS (9 males and 7 females) was conducted. The medical records, photographs, and neuroimaging studies were reviewed</AbstractText>
                <AbstractText Label="RESULTS" NlmCategory="RESULTS">All patients had port-wine stain (PWS) involving the eyelid. Bilateral cutaneous lesions were revealed in four patients (25%). Glaucoma was the main ocular disease being diagnosed in 11 eyes of nine patients (56.25%); four eyes were finally blind. The cyclodestructive procedure and/or surgical treatment was required in four eyes. Other ocular abnormalities were refractive error dilated episcleral vessels, corneal abnormalities, tortuous retinal vessels, choroidal hemangioma, amblyopia, and strabismus. Twelve patients (75%) had neurological impairment including seizure, hemiparesis, headache, and delayed development. However the most common neurological manifestation was epilepsy (75%), which could be controlled with antiepileptic drugs. Neurological imaging was performed in the majority of cases (14 patients). Intracranial abnormalities were demonstrated in 11 patients (78.57%). These included cerebral atrophy (81.82%), cerebral calcification (54.55%), leptomeningeal angioma (27.27%), and enlarged choroidal plexus (27.27%). The ocular complication and intracranial abnormalities were usually ipsilateral to the PWS. One patient with unilateral PWS, however had bilateral intracranial lesion.</AbstractText>
                <AbstractText Label="CONCLUSION" NlmCategory="CONCLUSIONS">Port-wine stains, glaucoma, and seizure were the most common clinical features of Sturge-Weber syndrome detected in the present study. Complete ophthalmic and neurological evaluation should be performed at the time ofdiagnosis. Multidisciplinary team management as well as lifelong follow-up is needed.</AbstractText>
            </Abstract>
            <AuthorList CompleteYN="Y">
                <Author ValidYN="Y">
                    <LastName>Sinawat</LastName>
                    <ForeName>Suthasinee</ForeName>
                    <Initials>S</Initials>
                </Author>
                <Author ValidYN="Y">
                    <LastName>Auvichayapat</LastName>
                    <ForeName>Narong</ForeName>
                    <Initials>N</Initials>
                </Author>
                <Author ValidYN="Y">
                    <LastName>Auvichayapat</LastName>
                    <ForeName>Paradee</ForeName>
                    <Initials>P</Initials>
                </Author>
                <Author ValidYN="Y">
                    <LastName>Yospaiboon</LastName>
                    <ForeName>Yosanan</ForeName>
                    <Initials>Y</Initials>
                </Author>
                <Author ValidYN="Y">
                    <LastName>Sinawat</LastName>
                    <ForeName>Supat</ForeName>
                    <Initials>S</Initials>
                </Author>
            </AuthorList>
            <Language>eng</Language>
            <PublicationTypeList>
                <PublicationType UI="D016428">Journal Article</PublicationType>
                <PublicationType UI="D016454">Review</PublicationType>
            </PublicationTypeList>
        </Article>
        <MedlineJournalInfo>
            <Country>Thailand</Country>
            <MedlineTA>J Med Assoc Thai</MedlineTA>
            <NlmUniqueID>7507216</NlmUniqueID>
            <ISSNLinking>0125-2208</ISSNLinking>
        </MedlineJournalInfo>
        <CitationSubset>IM</CitationSubset>
        <MeshHeadingList>
            <MeshHeading>
                <DescriptorName UI="D000328" MajorTopicYN="N">Adult</DescriptorName>
            </MeshHeading>
            <MeshHeading>
                <DescriptorName UI="D001927" MajorTopicYN="N">Brain Diseases</DescriptorName>
                <QualifierName UI="Q000453" MajorTopicYN="N">epidemiology</QualifierName>
                <QualifierName UI="Q000209" MajorTopicYN="N">etiology</QualifierName>
            </MeshHeading>
            <MeshHeading>
                <DescriptorName UI="D002648" MajorTopicYN="N">Child</DescriptorName>
            </MeshHeading>
            <MeshHeading>
                <DescriptorName UI="D002675" MajorTopicYN="N">Child, Preschool</DescriptorName>
            </MeshHeading>
            <MeshHeading>
                <DescriptorName UI="D004827" MajorTopicYN="N">Epilepsy</DescriptorName>
                <QualifierName UI="Q000453" MajorTopicYN="N">epidemiology</QualifierName>
                <QualifierName UI="Q000209" MajorTopicYN="N">etiology</QualifierName>
            </MeshHeading>
            <MeshHeading>
                <DescriptorName UI="D005260" MajorTopicYN="N">Female</DescriptorName>
            </MeshHeading>
            <MeshHeading>
                <DescriptorName UI="D005901" MajorTopicYN="N">Glaucoma</DescriptorName>
                <QualifierName UI="Q000453" MajorTopicYN="N">epidemiology</QualifierName>
                <QualifierName UI="Q000209" MajorTopicYN="N">etiology</QualifierName>
            </MeshHeading>
            <MeshHeading>
                <DescriptorName UI="D006391" MajorTopicYN="N">Hemangioma</DescriptorName>
                <QualifierName UI="Q000453" MajorTopicYN="N">epidemiology</QualifierName>
                <QualifierName UI="Q000209" MajorTopicYN="N">etiology</QualifierName>
                <QualifierName UI="Q000473" MajorTopicYN="N">pathology</QualifierName>
            </MeshHeading>
            <MeshHeading>
                <DescriptorName UI="D006801" MajorTopicYN="N">Humans</DescriptorName>
            </MeshHeading>
            <MeshHeading>
                <DescriptorName UI="D007223" MajorTopicYN="N">Infant</DescriptorName>
            </MeshHeading>
            <MeshHeading>
                <DescriptorName UI="D007231" MajorTopicYN="N">Infant, Newborn</DescriptorName>
            </MeshHeading>
            <MeshHeading>
                <DescriptorName UI="D008297" MajorTopicYN="N">Male</DescriptorName>
            </MeshHeading>
            <MeshHeading>
                <DescriptorName UI="D059906" MajorTopicYN="N">Neuroimaging</DescriptorName>
                <QualifierName UI="Q000379" MajorTopicYN="Y">methods</QualifierName>
            </MeshHeading>
            <MeshHeading>
                <DescriptorName UI="D010291" MajorTopicYN="N">Paresis</DescriptorName>
                <QualifierName UI="Q000453" MajorTopicYN="N">epidemiology</QualifierName>
                <QualifierName UI="Q000209" MajorTopicYN="N">etiology</QualifierName>
            </MeshHeading>
            <MeshHeading>
                <DescriptorName UI="D019339" MajorTopicYN="N">Port-Wine Stain</DescriptorName>
                <QualifierName UI="Q000209" MajorTopicYN="Y">etiology</QualifierName>
            </MeshHeading>
            <MeshHeading>
                <DescriptorName UI="D012189" MajorTopicYN="N">Retrospective Studies</DescriptorName>
            </MeshHeading>
            <MeshHeading>
                <DescriptorName UI="D012640" MajorTopicYN="N">Seizures</DescriptorName>
                <QualifierName UI="Q000453" MajorTopicYN="N">epidemiology</QualifierName>
                <QualifierName UI="Q000209" MajorTopicYN="N">etiology</QualifierName>
            </MeshHeading>
            <MeshHeading>
                <DescriptorName UI="D013341" MajorTopicYN="N">Sturge-Weber Syndrome</DescriptorName>
                <QualifierName UI="Q000175" MajorTopicYN="N">diagnosis</QualifierName>
                <QualifierName UI="Q000503" MajorTopicYN="Y">physiopathology</QualifierName>
            </MeshHeading>
            <MeshHeading>
                <DescriptorName UI="D055815" MajorTopicYN="N">Young Adult</DescriptorName>
            </MeshHeading>
        </MeshHeadingList>
    </MedlineCitation>
    <PubmedData>
        <History>
            <PubMedPubDate PubStatus="entrez">
                <Year>2014</Year>
                <Month>10</Month>
                <Day>1</Day>
                <Hour>6</Hour>
                <Minute>0</Minute>
            </PubMedPubDate>
            <PubMedPubDate PubStatus="pubmed">
                <Year>2014</Year>
                <Month>10</Month>
                <Day>1</Day>
                <Hour>6</Hour>
                <Minute>0</Minute>
            </PubMedPubDate>
            <PubMedPubDate PubStatus="medline">
                <Year>2015</Year>
                <Month>5</Month>
                <Day>13</Day>
                <Hour>6</Hour>
                <Minute>0</Minute>
            </PubMedPubDate>
        </History>
        <PublicationStatus>ppublish</PublicationStatus>
        <ArticleIdList>
            <ArticleId IdType="pubmed">25265774</ArticleId>
        </ArticleIdList>
    </PubmedData>
</PubmedArticle>

</PubmedArticleSet>