<?xml version="1.0" ?>
<!DOCTYPE PubmedArticleSet PUBLIC "-//NLM//DTD PubMedArticle, 1st January 2019//EN" "https://dtd.nlm.nih.gov/ncbi/pubmed/out/pubmed_190101.dtd">
<PubmedArticleSet>
<PubmedArticle>
    <MedlineCitation Status="MEDLINE" Owner="NLM">
        <PMID Version="1">25287369</PMID>
        <DateCompleted>
            <Year>2015</Year>
            <Month>09</Month>
            <Day>18</Day>
        </DateCompleted>
        <DateRevised>
            <Year>2015</Year>
            <Month>06</Month>
            <Day>23</Day>
        </DateRevised>
        <Article PubModel="Print-Electronic">
            <Journal>
                <ISSN IssnType="Electronic">1468-2079</ISSN>
                <JournalIssue CitedMedium="Internet">
                    <Volume>99</Volume>
                    <Issue>7</Issue>
                    <PubDate>
                        <Year>2015</Year>
                        <Month>Jul</Month>
                    </PubDate>
                </JournalIssue>
                <Title>The British journal of ophthalmology</Title>
                <ISOAbbreviation>Br J Ophthalmol</ISOAbbreviation>
            </Journal>
            <ArticleTitle>Measuring rates of structural and functional change in glaucoma.</ArticleTitle>
            <Pagination>
                <MedlinePgn>893-8</MedlinePgn>
            </Pagination>
            <ELocationID EIdType="doi" ValidYN="Y">10.1136/bjophthalmol-2014-305210</ELocationID>
            <Abstract>
                <AbstractText>Glaucoma is a progressive optic neuropathy. Hence, most glaucomatous eyes demonstrate signs of deterioration over time despite what may appear to be adequate treatment. The main goal of glaucoma treatment is to slow the rate of disease so that patients can prolong their functional vision. Therefore, it is important for clinicians caring for patients with glaucoma to be able to estimate rates of change with structural and functional outcomes in their patients. Various trend analysis models have been previously used to estimate rates of decay in glaucoma. The authors discuss the relevant issues and the inherent caveats related to estimating structural and functional rates of change in glaucoma. Patterns of deterioration, testing frequency, and combing structural and functional rates of change are also addressed. </AbstractText>
                <CopyrightInformation>Published by the BMJ Publishing Group Limited. For permission to use (where not already granted under a licence) please go to http://group.bmj.com/group/rights-licensing/permissions.</CopyrightInformation>
            </Abstract>
            <AuthorList CompleteYN="Y">
                <Author ValidYN="Y">
                    <LastName>Nouri-Mahdavi</LastName>
                    <ForeName>Kouros</ForeName>
                    <Initials>K</Initials>
                    <AffiliationInfo>
                        <Affiliation>The Jules Stein Eye Institute, David Geffen School of Medicine at UCLA, Los Angeles, California, USA.</Affiliation>
                    </AffiliationInfo>
                </Author>
                <Author ValidYN="Y">
                    <LastName>Caprioli</LastName>
                    <ForeName>Joseph</ForeName>
                    <Initials>J</Initials>
                    <AffiliationInfo>
                        <Affiliation>The Jules Stein Eye Institute, David Geffen School of Medicine at UCLA, Los Angeles, California, USA.</Affiliation>
                    </AffiliationInfo>
                </Author>
            </AuthorList>
            <Language>eng</Language>
            <PublicationTypeList>
                <PublicationType UI="D016428">Journal Article</PublicationType>
                <PublicationType UI="D013485">Research Support, Non-U.S. Gov't</PublicationType>
                <PublicationType UI="D016454">Review</PublicationType>
            </PublicationTypeList>
            <ArticleDate DateType="Electronic">
                <Year>2014</Year>
                <Month>10</Month>
                <Day>06</Day>
            </ArticleDate>
        </Article>
        <MedlineJournalInfo>
            <Country>England</Country>
            <MedlineTA>Br J Ophthalmol</MedlineTA>
            <NlmUniqueID>0421041</NlmUniqueID>
            <ISSNLinking>0007-1161</ISSNLinking>
        </MedlineJournalInfo>
        <CitationSubset>IM</CitationSubset>
        <MeshHeadingList>
            <MeshHeading>
                <DescriptorName UI="D018450" MajorTopicYN="N">Disease Progression</DescriptorName>
            </MeshHeading>
            <MeshHeading>
                <DescriptorName UI="D005901" MajorTopicYN="N">Glaucoma</DescriptorName>
                <QualifierName UI="Q000503" MajorTopicYN="Y">physiopathology</QualifierName>
            </MeshHeading>
            <MeshHeading>
                <DescriptorName UI="D006801" MajorTopicYN="N">Humans</DescriptorName>
            </MeshHeading>
            <MeshHeading>
                <DescriptorName UI="D007429" MajorTopicYN="N">Intraocular Pressure</DescriptorName>
                <QualifierName UI="Q000502" MajorTopicYN="N">physiology</QualifierName>
            </MeshHeading>
            <MeshHeading>
                <DescriptorName UI="D009901" MajorTopicYN="N">Optic Nerve Diseases</DescriptorName>
                <QualifierName UI="Q000503" MajorTopicYN="Y">physiopathology</QualifierName>
            </MeshHeading>
            <MeshHeading>
                <DescriptorName UI="D014786" MajorTopicYN="N">Vision Disorders</DescriptorName>
                <QualifierName UI="Q000503" MajorTopicYN="Y">physiopathology</QualifierName>
            </MeshHeading>
            <MeshHeading>
                <DescriptorName UI="D014794" MajorTopicYN="N">Visual Fields</DescriptorName>
                <QualifierName UI="Q000502" MajorTopicYN="Y">physiology</QualifierName>
            </MeshHeading>
        </MeshHeadingList>
        <KeywordList Owner="NOTNLM">
            <Keyword MajorTopicYN="N">Glaucoma</Keyword>
        </KeywordList>
    </MedlineCitation>
    <PubmedData>
        <History>
            <PubMedPubDate PubStatus="received">
                <Year>2014</Year>
                <Month>03</Month>
                <Day>07</Day>
            </PubMedPubDate>
            <PubMedPubDate PubStatus="accepted">
                <Year>2014</Year>
                <Month>09</Month>
                <Day>13</Day>
            </PubMedPubDate>
            <PubMedPubDate PubStatus="entrez">
                <Year>2014</Year>
                <Month>10</Month>
                <Day>8</Day>
                <Hour>6</Hour>
                <Minute>0</Minute>
            </PubMedPubDate>
            <PubMedPubDate PubStatus="pubmed">
                <Year>2014</Year>
                <Month>10</Month>
                <Day>8</Day>
                <Hour>6</Hour>
                <Minute>0</Minute>
            </PubMedPubDate>
            <PubMedPubDate PubStatus="medline">
                <Year>2015</Year>
                <Month>9</Month>
                <Day>19</Day>
                <Hour>6</Hour>
                <Minute>0</Minute>
            </PubMedPubDate>
        </History>
        <PublicationStatus>ppublish</PublicationStatus>
        <ArticleIdList>
            <ArticleId IdType="pubmed">25287369</ArticleId>
            <ArticleId IdType="pii">bjophthalmol-2014-305210</ArticleId>
            <ArticleId IdType="doi">10.1136/bjophthalmol-2014-305210</ArticleId>
        </ArticleIdList>
    </PubmedData>
</PubmedArticle>

</PubmedArticleSet>