<?xml version="1.0" ?>
<!DOCTYPE PubmedArticleSet PUBLIC "-//NLM//DTD PubMedArticle, 1st January 2019//EN" "https://dtd.nlm.nih.gov/ncbi/pubmed/out/pubmed_190101.dtd">
<PubmedArticleSet>
<PubmedArticle>
    <MedlineCitation Status="MEDLINE" Owner="NLM">
        <PMID Version="1">25592619</PMID>
        <DateCompleted>
            <Year>2015</Year>
            <Month>04</Month>
            <Day>20</Day>
        </DateCompleted>
        <DateRevised>
            <Year>2015</Year>
            <Month>02</Month>
            <Day>17</Day>
        </DateRevised>
        <Article PubModel="Print-Electronic">
            <Journal>
                <ISSN IssnType="Electronic">1097-6787</ISSN>
                <JournalIssue CitedMedium="Internet">
                    <Volume>72</Volume>
                    <Issue>3</Issue>
                    <PubDate>
                        <Year>2015</Year>
                        <Month>Mar</Month>
                    </PubDate>
                </JournalIssue>
                <Title>Journal of the American Academy of Dermatology</Title>
                <ISOAbbreviation>J Am Acad Dermatol</ISOAbbreviation>
            </Journal>
            <ArticleTitle>A prospective study of risk for Sturge-Weber syndrome in children with upper facial port-wine stain.</ArticleTitle>
            <Pagination>
                <MedlinePgn>473-80</MedlinePgn>
            </Pagination>
            <ELocationID EIdType="doi" ValidYN="Y">10.1016/j.jaad.2014.11.009</ELocationID>
            <ELocationID EIdType="pii" ValidYN="Y">S0190-9622(14)02141-0</ELocationID>
            <Abstract>
                <AbstractText Label="BACKGROUND" NlmCategory="BACKGROUND">Upper facial port-wine stain (PWS) is a feature of Sturge-Weber syndrome (SWS). Recent studies suggest that the distribution of the PWS corresponds to genetic mosaicism rather than to trigeminal nerve impairment.</AbstractText>
                <AbstractText Label="OBJECTIVES" NlmCategory="OBJECTIVE">We sought to refine the cutaneous distribution of upper facial PWS at risk for SWS.</AbstractText>
                <AbstractText Label="METHODS" NlmCategory="METHODS">This was a prospective multicenter study of consecutive cases of upper facial PWS larger than 1 cm² located in the ophthalmic division of trigeminal nerve distribution in infants aged less than 1 year, seen in 8 French pediatric dermatology departments between 2006 and 2012. Clinical data, magnetic resonance imaging, and photographs were systematically collected and studied. PWS were classified into 6 distinct patterns.</AbstractText>
                <AbstractText Label="RESULTS" NlmCategory="RESULTS">In all, 66 patients were included. Eleven presented with SWS (magnetic resonance imaging signs and seizure). Four additional infants had suspected SWS without neurologic manifestations. Hemifacial (odds ratio 7.7, P = .003) and median (odds ratio 17.08, P = .008) PWS patterns were found to be at high risk for SWS. A nonmedian linear pattern was not associated with SWS.</AbstractText>
                <AbstractText Label="LIMITATIONS" NlmCategory="CONCLUSIONS">Small number of patients translated to limited power of the study.</AbstractText>
                <AbstractText Label="CONCLUSIONS" NlmCategory="CONCLUSIONS">Specific PWS distribution patterns are associated with an increased risk of SWS. These PWS patterns conform to areas of somatic mosaicism. Terminology stipulating ophthalmic division of trigeminal nerve territory involvement in SWS should be abandoned.</AbstractText>
                <CopyrightInformation>Copyright © 2014 American Academy of Dermatology, Inc. Published by Elsevier Inc. All rights reserved.</CopyrightInformation>
            </Abstract>
            <AuthorList CompleteYN="Y">
                <Author ValidYN="Y">
                    <LastName>Dutkiewicz</LastName>
                    <ForeName>Anne-Sophie</ForeName>
                    <Initials>AS</Initials>
                    <AffiliationInfo>
                        <Affiliation>Department of Dermatology and Pediatric Dermatology, Pellegrin Children's Hospital, Bordeaux, France; National Center for Rare Skin Disorders-Institut National de la Santé Et de la Recherche Médicale (INSERM) U1035, Bordeaux Segalen University, Bordeaux, France. Electronic address: annesophie.dutkiewicz@gmail.com.</Affiliation>
                    </AffiliationInfo>
                </Author>
                <Author ValidYN="Y">
                    <LastName>Ezzedine</LastName>
                    <ForeName>Khaled</ForeName>
                    <Initials>K</Initials>
                    <AffiliationInfo>
                        <Affiliation>Department of Dermatology and Pediatric Dermatology, Pellegrin Children's Hospital, Bordeaux, France; National Center for Rare Skin Disorders-Institut National de la Santé Et de la Recherche Médicale (INSERM) U1035, Bordeaux Segalen University, Bordeaux, France.</Affiliation>
                    </AffiliationInfo>
                </Author>
                <Author ValidYN="Y">
                    <LastName>Mazereeuw-Hautier</LastName>
                    <ForeName>Juliette</ForeName>
                    <Initials>J</Initials>
                    <AffiliationInfo>
                        <Affiliation>Department of Dermatology, National Center for Rare Skin Disorders, Larrey Hospital, Toulouse, France.</Affiliation>
                    </AffiliationInfo>
                </Author>
                <Author ValidYN="Y">
                    <LastName>Lacour</LastName>
                    <ForeName>Jean-Philippe</ForeName>
                    <Initials>JP</Initials>
                    <AffiliationInfo>
                        <Affiliation>Department of Dermatology, Archet-2 Hospital, Nice, France.</Affiliation>
                    </AffiliationInfo>
                </Author>
                <Author ValidYN="Y">
                    <LastName>Barbarot</LastName>
                    <ForeName>Sébastien</ForeName>
                    <Initials>S</Initials>
                    <AffiliationInfo>
                        <Affiliation>Department of Dermatology, Hôtel-Dieu Hospital, Nantes, France.</Affiliation>
                    </AffiliationInfo>
                </Author>
                <Author ValidYN="Y">
                    <LastName>Vabres</LastName>
                    <ForeName>Pierre</ForeName>
                    <Initials>P</Initials>
                    <AffiliationInfo>
                        <Affiliation>Department of Dermatology, Bocage Hospital, and Bourgogne Medical University, Dijon, France.</Affiliation>
                    </AffiliationInfo>
                </Author>
                <Author ValidYN="Y">
                    <LastName>Miquel</LastName>
                    <ForeName>Juliette</ForeName>
                    <Initials>J</Initials>
                    <AffiliationInfo>
                        <Affiliation>Department of Dermatology, Rennes University Hospital, Rennes, France.</Affiliation>
                    </AffiliationInfo>
                </Author>
                <Author ValidYN="Y">
                    <LastName>Balguerie</LastName>
                    <ForeName>Xavier</ForeName>
                    <Initials>X</Initials>
                    <AffiliationInfo>
                        <Affiliation>Department of Dermatology, Charles Nicolle Hospital, Rouen, France.</Affiliation>
                    </AffiliationInfo>
                </Author>
                <Author ValidYN="Y">
                    <LastName>Martin</LastName>
                    <ForeName>Ludovic</ForeName>
                    <Initials>L</Initials>
                    <AffiliationInfo>
                        <Affiliation>Department of Dermatology, Angers University Hospital, Angers, France.</Affiliation>
                    </AffiliationInfo>
                </Author>
                <Author ValidYN="Y">
                    <LastName>Boralevi</LastName>
                    <ForeName>Franck</ForeName>
                    <Initials>F</Initials>
                    <AffiliationInfo>
                        <Affiliation>Department of Dermatology and Pediatric Dermatology, Pellegrin Children's Hospital, Bordeaux, France; National Center for Rare Skin Disorders-Institut National de la Santé Et de la Recherche Médicale (INSERM) U1035, Bordeaux Segalen University, Bordeaux, France.</Affiliation>
                    </AffiliationInfo>
                </Author>
                <Author ValidYN="Y">
                    <LastName>Bessou</LastName>
                    <ForeName>Pierre</ForeName>
                    <Initials>P</Initials>
                    <AffiliationInfo>
                        <Affiliation>Department of Pediatric Radiology, Pellegrin Children's Hospital, Bordeaux, France.</Affiliation>
                    </AffiliationInfo>
                </Author>
                <Author ValidYN="Y">
                    <LastName>Chateil</LastName>
                    <ForeName>Jean-François</ForeName>
                    <Initials>JF</Initials>
                    <AffiliationInfo>
                        <Affiliation>Department of Pediatric Radiology, Pellegrin Children's Hospital, Bordeaux, France.</Affiliation>
                    </AffiliationInfo>
                </Author>
                <Author ValidYN="Y">
                    <LastName>Léauté-Labrèze</LastName>
                    <ForeName>Christine</ForeName>
                    <Initials>C</Initials>
                    <AffiliationInfo>
                        <Affiliation>Department of Dermatology and Pediatric Dermatology, Pellegrin Children's Hospital, Bordeaux, France; National Center for Rare Skin Disorders-Institut National de la Santé Et de la Recherche Médicale (INSERM) U1035, Bordeaux Segalen University, Bordeaux, France.</Affiliation>
                    </AffiliationInfo>
                </Author>
                <Author ValidYN="Y">
                    <CollectiveName>Groupe de Recherche Clinique en Dermatologie Pédiatrique</CollectiveName>
                </Author>
            </AuthorList>
            <Language>eng</Language>
            <PublicationTypeList>
                <PublicationType UI="D016428">Journal Article</PublicationType>
                <PublicationType UI="D016448">Multicenter Study</PublicationType>
            </PublicationTypeList>
            <ArticleDate DateType="Electronic">
                <Year>2015</Year>
                <Month>01</Month>
                <Day>13</Day>
            </ArticleDate>
        </Article>
        <MedlineJournalInfo>
            <Country>United States</Country>
            <MedlineTA>J Am Acad Dermatol</MedlineTA>
            <NlmUniqueID>7907132</NlmUniqueID>
            <ISSNLinking>0190-9622</ISSNLinking>
        </MedlineJournalInfo>
        <CitationSubset>IM</CitationSubset>
        <MeshHeadingList>
            <MeshHeading>
                <DescriptorName UI="D005145" MajorTopicYN="N">Face</DescriptorName>
            </MeshHeading>
            <MeshHeading>
                <DescriptorName UI="D005260" MajorTopicYN="N">Female</DescriptorName>
            </MeshHeading>
            <MeshHeading>
                <DescriptorName UI="D006801" MajorTopicYN="N">Humans</DescriptorName>
            </MeshHeading>
            <MeshHeading>
                <DescriptorName UI="D007223" MajorTopicYN="N">Infant</DescriptorName>
            </MeshHeading>
            <MeshHeading>
                <DescriptorName UI="D007231" MajorTopicYN="N">Infant, Newborn</DescriptorName>
            </MeshHeading>
            <MeshHeading>
                <DescriptorName UI="D008297" MajorTopicYN="N">Male</DescriptorName>
            </MeshHeading>
            <MeshHeading>
                <DescriptorName UI="D019339" MajorTopicYN="N">Port-Wine Stain</DescriptorName>
                <QualifierName UI="Q000473" MajorTopicYN="Y">pathology</QualifierName>
            </MeshHeading>
            <MeshHeading>
                <DescriptorName UI="D011446" MajorTopicYN="N">Prospective Studies</DescriptorName>
            </MeshHeading>
            <MeshHeading>
                <DescriptorName UI="D018570" MajorTopicYN="N">Risk Assessment</DescriptorName>
            </MeshHeading>
            <MeshHeading>
                <DescriptorName UI="D013341" MajorTopicYN="N">Sturge-Weber Syndrome</DescriptorName>
                <QualifierName UI="Q000150" MajorTopicYN="N">complications</QualifierName>
                <QualifierName UI="Q000453" MajorTopicYN="Y">epidemiology</QualifierName>
                <QualifierName UI="Q000473" MajorTopicYN="Y">pathology</QualifierName>
            </MeshHeading>
        </MeshHeadingList>
        <KeywordList Owner="NOTNLM">
            <Keyword MajorTopicYN="N">Blaschko lines</Keyword>
            <Keyword MajorTopicYN="N">Sturge-Weber syndrome</Keyword>
            <Keyword MajorTopicYN="N">embryonic craniofacial development</Keyword>
            <Keyword MajorTopicYN="N">facial pattern</Keyword>
            <Keyword MajorTopicYN="N">guanine nucleotide-binding protein alpha-q (GNAQ) gene</Keyword>
            <Keyword MajorTopicYN="N">leptomeningeal angiomata</Keyword>
            <Keyword MajorTopicYN="N">magnetic resonance imaging</Keyword>
            <Keyword MajorTopicYN="N">somatic mosaicism</Keyword>
            <Keyword MajorTopicYN="N">upper facial port-wine stain</Keyword>
        </KeywordList>
    </MedlineCitation>
    <PubmedData>
        <History>
            <PubMedPubDate PubStatus="received">
                <Year>2014</Year>
                <Month>06</Month>
                <Day>04</Day>
            </PubMedPubDate>
            <PubMedPubDate PubStatus="revised">
                <Year>2014</Year>
                <Month>11</Month>
                <Day>04</Day>
            </PubMedPubDate>
            <PubMedPubDate PubStatus="accepted">
                <Year>2014</Year>
                <Month>11</Month>
                <Day>06</Day>
            </PubMedPubDate>
            <PubMedPubDate PubStatus="entrez">
                <Year>2015</Year>
                <Month>1</Month>
                <Day>17</Day>
                <Hour>6</Hour>
                <Minute>0</Minute>
            </PubMedPubDate>
            <PubMedPubDate PubStatus="pubmed">
                <Year>2015</Year>
                <Month>1</Month>
                <Day>17</Day>
                <Hour>6</Hour>
                <Minute>0</Minute>
            </PubMedPubDate>
            <PubMedPubDate PubStatus="medline">
                <Year>2015</Year>
                <Month>4</Month>
                <Day>22</Day>
                <Hour>6</Hour>
                <Minute>0</Minute>
            </PubMedPubDate>
        </History>
        <PublicationStatus>ppublish</PublicationStatus>
        <ArticleIdList>
            <ArticleId IdType="pubmed">25592619</ArticleId>
            <ArticleId IdType="pii">S0190-9622(14)02141-0</ArticleId>
            <ArticleId IdType="doi">10.1016/j.jaad.2014.11.009</ArticleId>
        </ArticleIdList>
    </PubmedData>
</PubmedArticle>

</PubmedArticleSet>