<?xml version="1.0" ?>
<!DOCTYPE PubmedArticleSet PUBLIC "-//NLM//DTD PubMedArticle, 1st January 2019//EN" "https://dtd.nlm.nih.gov/ncbi/pubmed/out/pubmed_190101.dtd">
<PubmedArticleSet>
<PubmedArticle>
    <MedlineCitation Status="MEDLINE" Owner="NLM">
        <PMID Version="1">26451379</PMID>
        <DateCompleted>
            <Year>2016</Year>
            <Month>07</Month>
            <Day>19</Day>
        </DateCompleted>
        <DateRevised>
            <Year>2018</Year>
            <Month>11</Month>
            <Day>13</Day>
        </DateRevised>
        <Article PubModel="Print-Electronic">
            <Journal>
                <ISSN IssnType="Electronic">2314-6141</ISSN>
                <JournalIssue CitedMedium="Internet">
                    <Volume>2015</Volume>
                    <PubDate>
                        <Year>2015</Year>
                    </PubDate>
                </JournalIssue>
                <Title>BioMed research international</Title>
                <ISOAbbreviation>Biomed Res Int</ISOAbbreviation>
            </Journal>
            <ArticleTitle>Ophthalmic Alterations in the Sturge-Weber Syndrome, Klippel-Trenaunay Syndrome, and the Phakomatosis Pigmentovascularis: An Independent Group of Conditions?</ArticleTitle>
            <Pagination>
                <MedlinePgn>786519</MedlinePgn>
            </Pagination>
            <ELocationID EIdType="doi" ValidYN="Y">10.1155/2015/786519</ELocationID>
            <Abstract>
                <AbstractText>The phakomatoses have been traditionally defined as a group of hereditary diseases with variable expressivity characterized by multisystem tumors with possible malignant transformation. The Sturge-Weber syndrome, Klippel-Trenaunay syndrome, and the phakomatosis pigmentovascularis have the facial port-wine stain in common. Numerous pathophysiogenetic mechanisms have been suggested such as venous dysplasia of the emissary veins in the intracranial circulation, neural crest alterations leading to alterations of autonomic perivascular nerves, mutation of the GNAO gene in the Sturge-Weber syndrome, PIK3CA mutation in malformative/overgrowth syndromes such as the Klippel-Trenaunay syndrome, and the twin-spotting phenomenon in phakomatosis pigmentovascularis. Other features linked to the port-wine stain and typical to all of the three conditions are glaucoma and choroidal alterations. Glaucoma can be due to malformations of the anterior chamber or high episcleral venous pressure and in phakomatosis pigmentovascularis it can also be associated with angle hyperpigmentation. The choroid can be thickened in all diseases. Furthermore, choroidal melanocytosis in the phakomatosis pigmentovascularis can lead to malignant transformation. Although the multiple pathophysiological mechanisms still require clarification, similarities in ophthalmic manifestations make it reasonable to classify these diseases in an independent group. </AbstractText>
            </Abstract>
            <AuthorList CompleteYN="Y">
                <Author ValidYN="Y">
                    <LastName>Abdolrahimzadeh</LastName>
                    <ForeName>Solmaz</ForeName>
                    <Initials>S</Initials>
                    <AffiliationInfo>
                        <Affiliation>Ophthalmology Unit, DAI Head/Neck, Umberto I Policlinic, University of Rome &quot;Sapienza&quot;, Viale del Policlinico 155, 00161 Rome, Italy.</Affiliation>
                    </AffiliationInfo>
                </Author>
                <Author ValidYN="Y">
                    <LastName>Scavella</LastName>
                    <ForeName>Vittorio</ForeName>
                    <Initials>V</Initials>
                    <AffiliationInfo>
                        <Affiliation>Ophthalmology Unit, Department of Sense Organs, University of Rome &quot;Sapienza&quot;, Viale del Policlinico 155, 00161 Rome, Italy.</Affiliation>
                    </AffiliationInfo>
                </Author>
                <Author ValidYN="Y">
                    <LastName>Felli</LastName>
                    <ForeName>Lorenzo</ForeName>
                    <Initials>L</Initials>
                    <AffiliationInfo>
                        <Affiliation>Section of Ophthalmology, Policlinico Militare di Roma, Piazza Celimontana 50, 00184 Roma, Italy.</Affiliation>
                    </AffiliationInfo>
                </Author>
                <Author ValidYN="Y">
                    <LastName>Cruciani</LastName>
                    <ForeName>Filippo</ForeName>
                    <Initials>F</Initials>
                    <AffiliationInfo>
                        <Affiliation>Ophthalmology Unit, Department of Sense Organs, University of Rome &quot;Sapienza&quot;, Viale del Policlinico 155, 00161 Rome, Italy.</Affiliation>
                    </AffiliationInfo>
                </Author>
                <Author ValidYN="Y">
                    <LastName>Contestabile</LastName>
                    <ForeName>Maria Teresa</ForeName>
                    <Initials>MT</Initials>
                    <AffiliationInfo>
                        <Affiliation>Ophthalmology Unit, St. Andrea Hospital, NESMOS Department, University of Rome &quot;Sapienza&quot;, Via di Grottarossa 1035-1039, 00189 Rome, Italy.</Affiliation>
                    </AffiliationInfo>
                </Author>
                <Author ValidYN="Y">
                    <LastName>Recupero</LastName>
                    <ForeName>Santi Maria</ForeName>
                    <Initials>SM</Initials>
                    <AffiliationInfo>
                        <Affiliation>Ophthalmology Unit, St. Andrea Hospital, NESMOS Department, University of Rome &quot;Sapienza&quot;, Via di Grottarossa 1035-1039, 00189 Rome, Italy.</Affiliation>
                    </AffiliationInfo>
                </Author>
            </AuthorList>
            <Language>eng</Language>
            <PublicationTypeList>
                <PublicationType UI="D016428">Journal Article</PublicationType>
                <PublicationType UI="D016454">Review</PublicationType>
            </PublicationTypeList>
            <ArticleDate DateType="Electronic">
                <Year>2015</Year>
                <Month>09</Month>
                <Day>16</Day>
            </ArticleDate>
        </Article>
        <MedlineJournalInfo>
            <Country>United States</Country>
            <MedlineTA>Biomed Res Int</MedlineTA>
            <NlmUniqueID>101600173</NlmUniqueID>
        </MedlineJournalInfo>
        <CitationSubset>IM</CitationSubset>
        <MeshHeadingList>
            <MeshHeading>
                <DescriptorName UI="D003937" MajorTopicYN="N">Diagnosis, Differential</DescriptorName>
            </MeshHeading>
            <MeshHeading>
                <DescriptorName UI="D005128" MajorTopicYN="N">Eye Diseases</DescriptorName>
                <QualifierName UI="Q000175" MajorTopicYN="Y">diagnosis</QualifierName>
                <QualifierName UI="Q000628" MajorTopicYN="Y">therapy</QualifierName>
            </MeshHeading>
            <MeshHeading>
                <DescriptorName UI="D006801" MajorTopicYN="N">Humans</DescriptorName>
            </MeshHeading>
            <MeshHeading>
                <DescriptorName UI="D007715" MajorTopicYN="N">Klippel-Trenaunay-Weber Syndrome</DescriptorName>
                <QualifierName UI="Q000175" MajorTopicYN="Y">diagnosis</QualifierName>
                <QualifierName UI="Q000628" MajorTopicYN="Y">therapy</QualifierName>
            </MeshHeading>
            <MeshHeading>
                <DescriptorName UI="D020752" MajorTopicYN="N">Neurocutaneous Syndromes</DescriptorName>
                <QualifierName UI="Q000175" MajorTopicYN="N">diagnosis</QualifierName>
                <QualifierName UI="Q000628" MajorTopicYN="N">therapy</QualifierName>
            </MeshHeading>
            <MeshHeading>
                <DescriptorName UI="D013341" MajorTopicYN="N">Sturge-Weber Syndrome</DescriptorName>
                <QualifierName UI="Q000175" MajorTopicYN="Y">diagnosis</QualifierName>
                <QualifierName UI="Q000628" MajorTopicYN="Y">therapy</QualifierName>
            </MeshHeading>
            <MeshHeading>
                <DescriptorName UI="D063189" MajorTopicYN="N">Symptom Assessment</DescriptorName>
                <QualifierName UI="Q000379" MajorTopicYN="N">methods</QualifierName>
            </MeshHeading>
        </MeshHeadingList>
    </MedlineCitation>
    <PubmedData>
        <History>
            <PubMedPubDate PubStatus="received">
                <Year>2015</Year>
                <Month>03</Month>
                <Day>18</Day>
            </PubMedPubDate>
            <PubMedPubDate PubStatus="accepted">
                <Year>2015</Year>
                <Month>04</Month>
                <Day>27</Day>
            </PubMedPubDate>
            <PubMedPubDate PubStatus="entrez">
                <Year>2015</Year>
                <Month>10</Month>
                <Day>10</Day>
                <Hour>6</Hour>
                <Minute>0</Minute>
            </PubMedPubDate>
            <PubMedPubDate PubStatus="pubmed">
                <Year>2015</Year>
                <Month>10</Month>
                <Day>10</Day>
                <Hour>6</Hour>
                <Minute>0</Minute>
            </PubMedPubDate>
            <PubMedPubDate PubStatus="medline">
                <Year>2016</Year>
                <Month>7</Month>
                <Day>20</Day>
                <Hour>6</Hour>
                <Minute>0</Minute>
            </PubMedPubDate>
        </History>
        <PublicationStatus>ppublish</PublicationStatus>
        <ArticleIdList>
            <ArticleId IdType="pubmed">26451379</ArticleId>
            <ArticleId IdType="doi">10.1155/2015/786519</ArticleId>
            <ArticleId IdType="pmc">PMC4588354</ArticleId>
        </ArticleIdList>
        <ReferenceList>
            <Reference>
                <Citation>Am J Med Genet. 2000 Jul 31;93(3):171-5</Citation>
                <ArticleIdList>
                    <ArticleId IdType="pubmed">10925375</ArticleId>
                </ArticleIdList>
            </Reference>
            <Reference>
                <Citation>Can J Ophthalmol. 1985 Aug;20(5):176-8</Citation>
                <ArticleIdList>
                    <ArticleId IdType="pubmed">4041981</ArticleId>
                </ArticleIdList>
            </Reference>
            <Reference>
                <Citation>Clin Neuropathol. 1986 Nov-Dec;5(6):246-51</Citation>
                <ArticleIdList>
                    <ArticleId IdType="pubmed">3815935</ArticleId>
                </ArticleIdList>
            </Reference>
            <Reference>
                <Citation>Am J Ophthalmol. 1998 Oct;126(4):600-2</Citation>
                <ArticleIdList>
                    <ArticleId IdType="pubmed">9780111</ArticleId>
                </ArticleIdList>
            </Reference>
            <Reference>
                <Citation>Arch Ophthalmol. 1998 Jun;116(6):815-7</Citation>
                <ArticleIdList>
                    <ArticleId IdType="pubmed">9639459</ArticleId>
                </ArticleIdList>
            </Reference>
            <Reference>
                <Citation>Pediatr Neurol. 2004 May;30(5):303-10</Citation>
                <ArticleIdList>
                    <ArticleId IdType="pubmed">15165630</ArticleId>
                </ArticleIdList>
            </Reference>
            <Reference>
                <Citation>Br J Ophthalmol. 2015 Jun;99(6):789-93</Citation>
                <ArticleIdList>
                    <ArticleId IdType="pubmed">25488947</ArticleId>
                </ArticleIdList>
            </Reference>
            <Reference>
                <Citation>Mayo Clin Proc. 1998 Jan;73(1):28-36</Citation>
                <ArticleIdList>
                    <ArticleId IdType="pubmed">9443675</ArticleId>
                </ArticleIdList>
            </Reference>
            <Reference>
                <Citation>N Engl J Med. 2013 May 23;368(21):1971-9</Citation>
                <ArticleIdList>
                    <ArticleId IdType="pubmed">23656586</ArticleId>
                </ArticleIdList>
            </Reference>
            <Reference>
                <Citation>Pediatr Dermatol. 1996 Jan-Feb;13(1):33-5</Citation>
                <ArticleIdList>
                    <ArticleId IdType="pubmed">8919522</ArticleId>
                </ArticleIdList>
            </Reference>
            <Reference>
                <Citation>Ophthalmology. 1998 Jan;105(1):195-8</Citation>
                <ArticleIdList>
                    <ArticleId IdType="pubmed">9442799</ArticleId>
                </ArticleIdList>
            </Reference>
            <Reference>
                <Citation>Arch Ophthalmol. 1967 Apr;77(4):513-8</Citation>
                <ArticleIdList>
                    <ArticleId IdType="pubmed">6022722</ArticleId>
                </ArticleIdList>
            </Reference>
            <Reference>
                <Citation>Arch Dermatol. 1986 Feb;122(2):177-9</Citation>
                <ArticleIdList>
                    <ArticleId IdType="pubmed">3511859</ArticleId>
                </ArticleIdList>
            </Reference>
            <Reference>
                <Citation>Nat Rev Mol Cell Biol. 2012 Mar;13(3):195-203</Citation>
                <ArticleIdList>
                    <ArticleId IdType="pubmed">22358332</ArticleId>
                </ArticleIdList>
            </Reference>
            <Reference>
                <Citation>J Eur Acad Dermatol Venereol. 2003 Jan;17(1):53-5</Citation>
                <ArticleIdList>
                    <ArticleId IdType="pubmed">12602970</ArticleId>
                </ArticleIdList>
            </Reference>
            <Reference>
                <Citation>Case Rep Ophthalmol Med. 2011;2011:785686</Citation>
                <ArticleIdList>
                    <ArticleId IdType="pubmed">22606475</ArticleId>
                </ArticleIdList>
            </Reference>
            <Reference>
                <Citation>Ophthalmic Surg. 1981 Nov;12(11):813-7</Citation>
                <ArticleIdList>
                    <ArticleId IdType="pubmed">7322458</ArticleId>
                </ArticleIdList>
            </Reference>
            <Reference>
                <Citation>Int J Dermatol. 2006 Aug;45(8):883-90</Citation>
                <ArticleIdList>
                    <ArticleId IdType="pubmed">16911369</ArticleId>
                </ArticleIdList>
            </Reference>
            <Reference>
                <Citation>Ann Ophthalmol. 1971 Sep;3(9):958-60 passim</Citation>
                <ArticleIdList>
                    <ArticleId IdType="pubmed">5163787</ArticleId>
                </ArticleIdList>
            </Reference>
            <Reference>
                <Citation>Neurology. 1972 Mar;22(3):256-62</Citation>
                <ArticleIdList>
                    <ArticleId IdType="pubmed">5062260</ArticleId>
                </ArticleIdList>
            </Reference>
            <Reference>
                <Citation>J Dermatol Surg Oncol. 1991 Jan;17(1):76-9</Citation>
                <ArticleIdList>
                    <ArticleId IdType="pubmed">1991884</ArticleId>
                </ArticleIdList>
            </Reference>
            <Reference>
                <Citation>Ophthalmology. 2011 Nov;118(11):2274-2278.e1</Citation>
                <ArticleIdList>
                    <ArticleId IdType="pubmed">21783256</ArticleId>
                </ArticleIdList>
            </Reference>
            <Reference>
                <Citation>Klin Monbl Augenheilkd Augenarztl Fortbild. 1960;137:545-57</Citation>
                <ArticleIdList>
                    <ArticleId IdType="pubmed">13735624</ArticleId>
                </ArticleIdList>
            </Reference>
            <Reference>
                <Citation>Am J Ophthalmol. 2013 Apr;155(4):681-687, 687.e1-2</Citation>
                <ArticleIdList>
                    <ArticleId IdType="pubmed">23219068</ArticleId>
                </ArticleIdList>
            </Reference>
            <Reference>
                <Citation>Am J Ophthalmol. 1960 Jul;50:3-11</Citation>
                <ArticleIdList>
                    <ArticleId IdType="pubmed">14419565</ArticleId>
                </ArticleIdList>
            </Reference>
            <Reference>
                <Citation>J AAPOS. 2010 Apr;14(2):190-2</Citation>
                <ArticleIdList>
                    <ArticleId IdType="pubmed">20451865</ArticleId>
                </ArticleIdList>
            </Reference>
            <Reference>
                <Citation>Neurosurgery. 1997 Oct;41(4):872-6; discussion 876-7</Citation>
                <ArticleIdList>
                    <ArticleId IdType="pubmed">9316049</ArticleId>
                </ArticleIdList>
            </Reference>
            <Reference>
                <Citation>Eye (Lond). 2010 Apr;24(4):736</Citation>
                <ArticleIdList>
                    <ArticleId IdType="pubmed">19521434</ArticleId>
                </ArticleIdList>
            </Reference>
            <Reference>
                <Citation>J Neurol Psychopathol. 1922 Aug;3(10):134-9</Citation>
                <ArticleIdList>
                    <ArticleId IdType="pubmed">21611493</ArticleId>
                </ArticleIdList>
            </Reference>
            <Reference>
                <Citation>Can J Surg. 1983 Sep;26(5):399-403</Citation>
                <ArticleIdList>
                    <ArticleId IdType="pubmed">6311389</ArticleId>
                </ArticleIdList>
            </Reference>
            <Reference>
                <Citation>Clin Exp Dermatol. 1988 Mar;13(2):128-32</Citation>
                <ArticleIdList>
                    <ArticleId IdType="pubmed">2850877</ArticleId>
                </ArticleIdList>
            </Reference>
            <Reference>
                <Citation>Arch Ophthalmol. 1989 Sep;107(9):1338-42</Citation>
                <ArticleIdList>
                    <ArticleId IdType="pubmed">2783066</ArticleId>
                </ArticleIdList>
            </Reference>
            <Reference>
                <Citation>Childs Brain. 1982;9(1):23-36</Citation>
                <ArticleIdList>
                    <ArticleId IdType="pubmed">6460599</ArticleId>
                </ArticleIdList>
            </Reference>
            <Reference>
                <Citation>JAMA Ophthalmol. 2013 Sep;131(9):1216-9</Citation>
                <ArticleIdList>
                    <ArticleId IdType="pubmed">23828561</ArticleId>
                </ArticleIdList>
            </Reference>
            <Reference>
                <Citation>Eur J Dermatol. 2003 May-Jun;13(3):223</Citation>
                <ArticleIdList>
                    <ArticleId IdType="pubmed">12804977</ArticleId>
                </ArticleIdList>
            </Reference>
            <Reference>
                <Citation>J Pediatr Ophthalmol Strabismus. 1983 Nov-Dec;20(6):250-2</Citation>
                <ArticleIdList>
                    <ArticleId IdType="pubmed">6644488</ArticleId>
                </ArticleIdList>
            </Reference>
            <Reference>
                <Citation>Optometry. 2011 May;82(5):306-9</Citation>
                <ArticleIdList>
                    <ArticleId IdType="pubmed">21524602</ArticleId>
                </ArticleIdList>
            </Reference>
            <Reference>
                <Citation>Retina. 1981;1(1):56-61</Citation>
                <ArticleIdList>
                    <ArticleId IdType="pubmed">15633407</ArticleId>
                </ArticleIdList>
            </Reference>
            <Reference>
                <Citation>Ophthalmology. 1997 Jan;104(1):150-7</Citation>
                <ArticleIdList>
                    <ArticleId IdType="pubmed">9022120</ArticleId>
                </ArticleIdList>
            </Reference>
            <Reference>
                <Citation>J AAPOS. 2011 Feb;15(1):77-9</Citation>
                <ArticleIdList>
                    <ArticleId IdType="pubmed">21315629</ArticleId>
                </ArticleIdList>
            </Reference>
            <Reference>
                <Citation>Am J Ophthalmol. 1987 Jan 15;103(1):115-6</Citation>
                <ArticleIdList>
                    <ArticleId IdType="pubmed">3799782</ArticleId>
                </ArticleIdList>
            </Reference>
            <Reference>
                <Citation>J Pediatr. 2015 Apr;166(4):1048-54.e1-5</Citation>
                <ArticleIdList>
                    <ArticleId IdType="pubmed">25681199</ArticleId>
                </ArticleIdList>
            </Reference>
            <Reference>
                <Citation>Pediatrics. 1985 Jul;76(1):48-51</Citation>
                <ArticleIdList>
                    <ArticleId IdType="pubmed">4011357</ArticleId>
                </ArticleIdList>
            </Reference>
            <Reference>
                <Citation>J Am Acad Dermatol. 2008 Jan;58(1):88-93</Citation>
                <ArticleIdList>
                    <ArticleId IdType="pubmed">18045734</ArticleId>
                </ArticleIdList>
            </Reference>
            <Reference>
                <Citation>Br J Ophthalmol. 2001 Aug;85(8):976-82</Citation>
                <ArticleIdList>
                    <ArticleId IdType="pubmed">11466258</ArticleId>
                </ArticleIdList>
            </Reference>
            <Reference>
                <Citation>Case Rep Ophthalmol Med. 2014;2014:312030</Citation>
                <ArticleIdList>
                    <ArticleId IdType="pubmed">25031878</ArticleId>
                </ArticleIdList>
            </Reference>
            <Reference>
                <Citation>Ophthalmology. 2002 Mar;109(3):501-7</Citation>
                <ArticleIdList>
                    <ArticleId IdType="pubmed">11874751</ArticleId>
                </ArticleIdList>
            </Reference>
            <Reference>
                <Citation>J Am Acad Dermatol. 1991 Feb;24(2 Pt 2):359-63</Citation>
                <ArticleIdList>
                    <ArticleId IdType="pubmed">1999548</ArticleId>
                </ArticleIdList>
            </Reference>
            <Reference>
                <Citation>Indian J Ophthalmol. 1990 Oct-Dec;38(4):195-7</Citation>
                <ArticleIdList>
                    <ArticleId IdType="pubmed">1964931</ArticleId>
                </ArticleIdList>
            </Reference>
            <Reference>
                <Citation>Eye (Lond). 1998;12 ( Pt 2):212-3</Citation>
                <ArticleIdList>
                    <ArticleId IdType="pubmed">9683940</ArticleId>
                </ArticleIdList>
            </Reference>
            <Reference>
                <Citation>Arch Ophthalmol. 2001 Nov;119(11):1606-10</Citation>
                <ArticleIdList>
                    <ArticleId IdType="pubmed">11709010</ArticleId>
                </ArticleIdList>
            </Reference>
            <Reference>
                <Citation>Arch Dermatol. 1985 May;121(5):651-5</Citation>
                <ArticleIdList>
                    <ArticleId IdType="pubmed">3994413</ArticleId>
                </ArticleIdList>
            </Reference>
            <Reference>
                <Citation>Retina. 1992;12(4):355-8</Citation>
                <ArticleIdList>
                    <ArticleId IdType="pubmed">1336616</ArticleId>
                </ArticleIdList>
            </Reference>
            <Reference>
                <Citation>Archivos Soc Oftalmol Hisp Am. 1949 Dec;8(12):1207-18</Citation>
                <ArticleIdList>
                    <ArticleId IdType="pubmed">18123715</ArticleId>
                </ArticleIdList>
            </Reference>
            <Reference>
                <Citation>Am J Dermatopathol. 2003 Aug;25(4):341-5</Citation>
                <ArticleIdList>
                    <ArticleId IdType="pubmed">12876494</ArticleId>
                </ArticleIdList>
            </Reference>
            <Reference>
                <Citation>Retina. 2001;21(6):682-4</Citation>
                <ArticleIdList>
                    <ArticleId IdType="pubmed">11756902</ArticleId>
                </ArticleIdList>
            </Reference>
            <Reference>
                <Citation>Acta Ophthalmol Scand. 2001 Apr;79(2):184-6</Citation>
                <ArticleIdList>
                    <ArticleId IdType="pubmed">11284760</ArticleId>
                </ArticleIdList>
            </Reference>
            <Reference>
                <Citation>Am J Ophthalmol. 1988 Oct 15;106(4):494-6</Citation>
                <ArticleIdList>
                    <ArticleId IdType="pubmed">2845788</ArticleId>
                </ArticleIdList>
            </Reference>
            <Reference>
                <Citation>Br J Ophthalmol. 2002 Mar;86(3):282-4</Citation>
                <ArticleIdList>
                    <ArticleId IdType="pubmed">11864883</ArticleId>
                </ArticleIdList>
            </Reference>
            <Reference>
                <Citation>Curr Treat Options Neurol. 2008 Jan;10(1):47-54</Citation>
                <ArticleIdList>
                    <ArticleId IdType="pubmed">18325299</ArticleId>
                </ArticleIdList>
            </Reference>
            <Reference>
                <Citation>Br J Dermatol. 2014 Oct;171(4):861-7</Citation>
                <ArticleIdList>
                    <ArticleId IdType="pubmed">24976116</ArticleId>
                </ArticleIdList>
            </Reference>
            <Reference>
                <Citation>Optometry. 2006 Dec;77(12):609-21</Citation>
                <ArticleIdList>
                    <ArticleId IdType="pubmed">17157242</ArticleId>
                </ArticleIdList>
            </Reference>
            <Reference>
                <Citation>Ophthalmology. 1984 Sep;91(9):1061-71</Citation>
                <ArticleIdList>
                    <ArticleId IdType="pubmed">6493715</ArticleId>
                </ArticleIdList>
            </Reference>
            <Reference>
                <Citation>Surv Ophthalmol. 1976 May-Jun;20(6):415-31</Citation>
                <ArticleIdList>
                    <ArticleId IdType="pubmed">820013</ArticleId>
                </ArticleIdList>
            </Reference>
            <Reference>
                <Citation>BMC Ophthalmol. 2014;14:146</Citation>
                <ArticleIdList>
                    <ArticleId IdType="pubmed">25424184</ArticleId>
                </ArticleIdList>
            </Reference>
            <Reference>
                <Citation>Am J Ophthalmol. 1989 Jun 15;107(6):583-90</Citation>
                <ArticleIdList>
                    <ArticleId IdType="pubmed">2729407</ArticleId>
                </ArticleIdList>
            </Reference>
            <Reference>
                <Citation>Acta Neuropathol. 1977 Mar 31;37(3):199-205</Citation>
                <ArticleIdList>
                    <ArticleId IdType="pubmed">855646</ArticleId>
                </ArticleIdList>
            </Reference>
            <Reference>
                <Citation>J Child Neurol. 2003 Aug;18(8):509-16</Citation>
                <ArticleIdList>
                    <ArticleId IdType="pubmed">13677575</ArticleId>
                </ArticleIdList>
            </Reference>
            <Reference>
                <Citation>J Neurol Neurosurg Psychiatry. 2006 Nov;77(11):1291-2</Citation>
                <ArticleIdList>
                    <ArticleId IdType="pubmed">17043299</ArticleId>
                </ArticleIdList>
            </Reference>
            <Reference>
                <Citation>Semin Neonatol. 2000 Nov;5(4):325-32</Citation>
                <ArticleIdList>
                    <ArticleId IdType="pubmed">11032717</ArticleId>
                </ArticleIdList>
            </Reference>
            <Reference>
                <Citation>Trans Ophthalmol Soc U K. 1973;93(0):477-93</Citation>
                <ArticleIdList>
                    <ArticleId IdType="pubmed">4526462</ArticleId>
                </ArticleIdList>
            </Reference>
            <Reference>
                <Citation>Ocul Immunol Inflamm. 2009 Jul-Aug;17(4):292-4</Citation>
                <ArticleIdList>
                    <ArticleId IdType="pubmed">19657986</ArticleId>
                </ArticleIdList>
            </Reference>
            <Reference>
                <Citation>Ophthalmic Surg. 1993 Jun;24(6):399-402</Citation>
                <ArticleIdList>
                    <ArticleId IdType="pubmed">8336891</ArticleId>
                </ArticleIdList>
            </Reference>
            <Reference>
                <Citation>Am J Ophthalmol. 1996 Feb;121(2):190-9</Citation>
                <ArticleIdList>
                    <ArticleId IdType="pubmed">8623889</ArticleId>
                </ArticleIdList>
            </Reference>
            <Reference>
                <Citation>Ann Hum Genet. 1998 May;62(Pt 3):235-9</Citation>
                <ArticleIdList>
                    <ArticleId IdType="pubmed">9803268</ArticleId>
                </ArticleIdList>
            </Reference>
            <Reference>
                <Citation>J Child Neurol. 1995 Jan;10(1):49-58</Citation>
                <ArticleIdList>
                    <ArticleId IdType="pubmed">7769179</ArticleId>
                </ArticleIdList>
            </Reference>
            <Reference>
                <Citation>Curr Opin Neurol. 2006 Apr;19(2):124-8</Citation>
                <ArticleIdList>
                    <ArticleId IdType="pubmed">16538084</ArticleId>
                </ArticleIdList>
            </Reference>
            <Reference>
                <Citation>Ophthalmology. 1978 Mar;85(3):276-86</Citation>
                <ArticleIdList>
                    <ArticleId IdType="pubmed">662281</ArticleId>
                </ArticleIdList>
            </Reference>
            <Reference>
                <Citation>Ophthalmology. 1985 Jul;92(7):947-54</Citation>
                <ArticleIdList>
                    <ArticleId IdType="pubmed">2410846</ArticleId>
                </ArticleIdList>
            </Reference>
            <Reference>
                <Citation>J Pediatr Ophthalmol Strabismus. 1989 Nov-Dec;26(6):288-9</Citation>
                <ArticleIdList>
                    <ArticleId IdType="pubmed">2559961</ArticleId>
                </ArticleIdList>
            </Reference>
            <Reference>
                <Citation>Arch Ophthalmol. 2011 Jun;129(6):746-50</Citation>
                <ArticleIdList>
                    <ArticleId IdType="pubmed">21670341</ArticleId>
                </ArticleIdList>
            </Reference>
            <Reference>
                <Citation>Ophthalmology. 2005 Jul;112(7):1232-5</Citation>
                <ArticleIdList>
                    <ArticleId IdType="pubmed">15939474</ArticleId>
                </ArticleIdList>
            </Reference>
            <Reference>
                <Citation>Jpn J Ophthalmol. 2002 Jan-Feb;46(1):74-7</Citation>
                <ArticleIdList>
                    <ArticleId IdType="pubmed">11853718</ArticleId>
                </ArticleIdList>
            </Reference>
            <Reference>
                <Citation>Bull Soc Belge Ophtalmol. 1987;224:123-37</Citation>
                <ArticleIdList>
                    <ArticleId IdType="pubmed">2855036</ArticleId>
                </ArticleIdList>
            </Reference>
            <Reference>
                <Citation>J Pediatr Ophthalmol Strabismus. 2000 Jan-Feb;37(1):29-34</Citation>
                <ArticleIdList>
                    <ArticleId IdType="pubmed">10714693</ArticleId>
                </ArticleIdList>
            </Reference>
            <Reference>
                <Citation>Br J Dermatol. 1992 Jun;126(6):603-7</Citation>
                <ArticleIdList>
                    <ArticleId IdType="pubmed">1319193</ArticleId>
                </ArticleIdList>
            </Reference>
            <Reference>
                <Citation>Childs Nerv Syst. 2006 Aug;22(8):909-21</Citation>
                <ArticleIdList>
                    <ArticleId IdType="pubmed">16823586</ArticleId>
                </ArticleIdList>
            </Reference>
            <Reference>
                <Citation>JAMA Ophthalmol. 2014 Sep;132(9):1143-4</Citation>
                <ArticleIdList>
                    <ArticleId IdType="pubmed">25210989</ArticleId>
                </ArticleIdList>
            </Reference>
            <Reference>
                <Citation>Trans Am Ophthalmol Soc. 2013 Sep;111:180-215</Citation>
                <ArticleIdList>
                    <ArticleId IdType="pubmed">24385674</ArticleId>
                </ArticleIdList>
            </Reference>
            <Reference>
                <Citation>Arch Dermatol. 1993 Mar;129(3):340-2</Citation>
                <ArticleIdList>
                    <ArticleId IdType="pubmed">8447671</ArticleId>
                </ArticleIdList>
            </Reference>
            <Reference>
                <Citation>Graefes Arch Clin Exp Ophthalmol. 1994 Jul;232(7):387-91</Citation>
                <ArticleIdList>
                    <ArticleId IdType="pubmed">7523256</ArticleId>
                </ArticleIdList>
            </Reference>
            <Reference>
                <Citation>Arch Ophthalmol. 1990 Aug;108(8):1114-20</Citation>
                <ArticleIdList>
                    <ArticleId IdType="pubmed">2383200</ArticleId>
                </ArticleIdList>
            </Reference>
            <Reference>
                <Citation>Radiol Res Pract. 2014;2014:947451</Citation>
                <ArticleIdList>
                    <ArticleId IdType="pubmed">25009745</ArticleId>
                </ArticleIdList>
            </Reference>
            <Reference>
                <Citation>Klin Oczna. 2006;108(10-12):437-42</Citation>
                <ArticleIdList>
                    <ArticleId IdType="pubmed">17455722</ArticleId>
                </ArticleIdList>
            </Reference>
            <Reference>
                <Citation>Eye (Lond). 1996;10 ( Pt 1):86-91</Citation>
                <ArticleIdList>
                    <ArticleId IdType="pubmed">8763309</ArticleId>
                </ArticleIdList>
            </Reference>
            <Reference>
                <Citation>Indian J Ophthalmol. 2005 Dec;53(4):274-5</Citation>
                <ArticleIdList>
                    <ArticleId IdType="pubmed">16333180</ArticleId>
                </ArticleIdList>
            </Reference>
            <Reference>
                <Citation>Eur J Dermatol. 2005 Sep-Oct;15(5):341-3</Citation>
                <ArticleIdList>
                    <ArticleId IdType="pubmed">16172041</ArticleId>
                </ArticleIdList>
            </Reference>
            <Reference>
                <Citation>Clin Ter. 2009;160(3):215-6</Citation>
                <ArticleIdList>
                    <ArticleId IdType="pubmed">19756324</ArticleId>
                </ArticleIdList>
            </Reference>
            <Reference>
                <Citation>Epilepsy Behav. 2005 Sep;7(2):133-42</Citation>
                <ArticleIdList>
                    <ArticleId IdType="pubmed">15996528</ArticleId>
                </ArticleIdList>
            </Reference>
            <Reference>
                <Citation>Int Ophthalmol. 2007 Dec;27(6):345-50</Citation>
                <ArticleIdList>
                    <ArticleId IdType="pubmed">17557138</ArticleId>
                </ArticleIdList>
            </Reference>
            <Reference>
                <Citation>J Pediatr Ophthalmol Strabismus. 1992 Nov-Dec;29(6):349-56</Citation>
                <ArticleIdList>
                    <ArticleId IdType="pubmed">1287171</ArticleId>
                </ArticleIdList>
            </Reference>
            <Reference>
                <Citation>Eye (Lond). 1999 Oct;13 ( Pt 5):643-6</Citation>
                <ArticleIdList>
                    <ArticleId IdType="pubmed">10696317</ArticleId>
                </ArticleIdList>
            </Reference>
            <Reference>
                <Citation>Eur J Ophthalmol. 2000 Jul-Sep;10(3):239-43</Citation>
                <ArticleIdList>
                    <ArticleId IdType="pubmed">11071032</ArticleId>
                </ArticleIdList>
            </Reference>
            <Reference>
                <Citation>J Dermatol Case Rep. 2009 Dec 30;3(4):56-9</Citation>
                <ArticleIdList>
                    <ArticleId IdType="pubmed">21886734</ArticleId>
                </ArticleIdList>
            </Reference>
        </ReferenceList>
    </PubmedData>
</PubmedArticle>

</PubmedArticleSet>