<?xml version="1.0" ?>
<!DOCTYPE PubmedArticleSet PUBLIC "-//NLM//DTD PubMedArticle, 1st January 2019//EN" "https://dtd.nlm.nih.gov/ncbi/pubmed/out/pubmed_190101.dtd">
<PubmedArticleSet>
<PubmedArticle>
    <MedlineCitation Status="MEDLINE" Owner="NLM">
        <PMID Version="1">26451378</PMID>
        <DateCompleted>
            <Year>2016</Year>
            <Month>07</Month>
            <Day>19</Day>
        </DateCompleted>
        <DateRevised>
            <Year>2018</Year>
            <Month>11</Month>
            <Day>13</Day>
        </DateRevised>
        <Article PubModel="Print-Electronic">
            <Journal>
                <ISSN IssnType="Electronic">2314-6141</ISSN>
                <JournalIssue CitedMedium="Internet">
                    <Volume>2015</Volume>
                    <PubDate>
                        <Year>2015</Year>
                    </PubDate>
                </JournalIssue>
                <Title>BioMed research international</Title>
                <ISOAbbreviation>Biomed Res Int</ISOAbbreviation>
            </Journal>
            <ArticleTitle>Rare Diseases Leading to Childhood Glaucoma: Epidemiology, Pathophysiogenesis, and Management.</ArticleTitle>
            <Pagination>
                <MedlinePgn>781294</MedlinePgn>
            </Pagination>
            <ELocationID EIdType="doi" ValidYN="Y">10.1155/2015/781294</ELocationID>
            <Abstract>
                <AbstractText>Noteworthy heterogeneity exists in the rare diseases associated with childhood glaucoma. Primary congenital glaucoma is mostly sporadic; however, 10% to 40% of cases are familial. CYP1B1 gene mutations seem to account for 87% of familial cases and 27% of sporadic cases. Childhood glaucoma is classified in primary and secondary congenital glaucoma, further divided as glaucoma arising in dysgenesis associated with neural crest anomalies, phakomatoses, metabolic disorders, mitotic diseases, congenital disorders, and acquired conditions. Neural crest alterations lead to the wide spectrum of iridocorneal trabeculodysgenesis. Systemic diseases associated with childhood glaucoma include the heterogenous group of phakomatoses where glaucoma is frequently encountered in the Sturge-Weber syndrome and its variants, in phakomatosis pigmentovascularis associated with oculodermal melanocytosis, and more rarely in neurofibromatosis type 1. Childhood glaucoma is also described in systemic disorders of mitotic and metabolic activity. Acquired secondary glaucoma has been associated with uveitis, trauma, drugs, and neoplastic diseases. A database research revealed reports of childhood glaucoma in rare diseases, which do not include glaucoma in their manifestation. These are otopalatodigital syndrome, complete androgen insensitivity, pseudotrisomy 13, Brachmann-de Lange syndrome, acrofrontofacionasal dysostosis, caudal regression syndrome, and Wolf-Hirschhorn syndrome. </AbstractText>
            </Abstract>
            <AuthorList CompleteYN="Y">
                <Author ValidYN="Y">
                    <LastName>Abdolrahimzadeh</LastName>
                    <ForeName>Solmaz</ForeName>
                    <Initials>S</Initials>
                    <AffiliationInfo>
                        <Affiliation>Ophthalmology Unit, DAI Head/Neck, Umberto I Policlinic, University of Rome &quot;Sapienza&quot;, Viale del Policlinico 155, 00161 Rome, Italy.</Affiliation>
                    </AffiliationInfo>
                </Author>
                <Author ValidYN="Y">
                    <LastName>Fameli</LastName>
                    <ForeName>Valeria</ForeName>
                    <Initials>V</Initials>
                    <AffiliationInfo>
                        <Affiliation>Ophthalmology Unit, Department of Sense Organs, University of Rome &quot;Sapienza&quot;, Viale del Policlinico 155, 00161 Rome, Italy.</Affiliation>
                    </AffiliationInfo>
                </Author>
                <Author ValidYN="Y">
                    <LastName>Mollo</LastName>
                    <ForeName>Roberto</ForeName>
                    <Initials>R</Initials>
                    <AffiliationInfo>
                        <Affiliation>Ophthalmology Unit, DAI Head/Neck, Umberto I Policlinic, University of Rome &quot;Sapienza&quot;, Viale del Policlinico 155, 00161 Rome, Italy.</Affiliation>
                    </AffiliationInfo>
                </Author>
                <Author ValidYN="Y">
                    <LastName>Contestabile</LastName>
                    <ForeName>Maria Teresa</ForeName>
                    <Initials>MT</Initials>
                    <AffiliationInfo>
                        <Affiliation>Ophthalmology Unit, St. Andrea Hospital, NESMOS Department, University of Rome &quot;Sapienza&quot;, via di Grottarossa 1035-1039, 00189 Rome, Italy.</Affiliation>
                    </AffiliationInfo>
                </Author>
                <Author ValidYN="Y">
                    <LastName>Perdicchi</LastName>
                    <ForeName>Andrea</ForeName>
                    <Initials>A</Initials>
                    <AffiliationInfo>
                        <Affiliation>Ophthalmology Unit, St. Andrea Hospital, NESMOS Department, University of Rome &quot;Sapienza&quot;, via di Grottarossa 1035-1039, 00189 Rome, Italy.</Affiliation>
                    </AffiliationInfo>
                </Author>
                <Author ValidYN="Y">
                    <LastName>Recupero</LastName>
                    <ForeName>Santi Maria</ForeName>
                    <Initials>SM</Initials>
                    <AffiliationInfo>
                        <Affiliation>Ophthalmology Unit, St. Andrea Hospital, NESMOS Department, University of Rome &quot;Sapienza&quot;, via di Grottarossa 1035-1039, 00189 Rome, Italy.</Affiliation>
                    </AffiliationInfo>
                </Author>
            </AuthorList>
            <Language>eng</Language>
            <PublicationTypeList>
                <PublicationType UI="D016428">Journal Article</PublicationType>
                <PublicationType UI="D016454">Review</PublicationType>
            </PublicationTypeList>
            <ArticleDate DateType="Electronic">
                <Year>2015</Year>
                <Month>09</Month>
                <Day>16</Day>
            </ArticleDate>
        </Article>
        <MedlineJournalInfo>
            <Country>United States</Country>
            <MedlineTA>Biomed Res Int</MedlineTA>
            <NlmUniqueID>101600173</NlmUniqueID>
        </MedlineJournalInfo>
        <CitationSubset>IM</CitationSubset>
        <MeshHeadingList>
            <MeshHeading>
                <DescriptorName UI="D000293" MajorTopicYN="N">Adolescent</DescriptorName>
            </MeshHeading>
            <MeshHeading>
                <DescriptorName UI="D015984" MajorTopicYN="N">Causality</DescriptorName>
            </MeshHeading>
            <MeshHeading>
                <DescriptorName UI="D002648" MajorTopicYN="N">Child</DescriptorName>
            </MeshHeading>
            <MeshHeading>
                <DescriptorName UI="D002675" MajorTopicYN="N">Child, Preschool</DescriptorName>
            </MeshHeading>
            <MeshHeading>
                <DescriptorName UI="D015897" MajorTopicYN="N">Comorbidity</DescriptorName>
            </MeshHeading>
            <MeshHeading>
                <DescriptorName UI="D005260" MajorTopicYN="N">Female</DescriptorName>
            </MeshHeading>
            <MeshHeading>
                <DescriptorName UI="D020022" MajorTopicYN="N">Genetic Predisposition to Disease</DescriptorName>
                <QualifierName UI="Q000235" MajorTopicYN="N">genetics</QualifierName>
            </MeshHeading>
            <MeshHeading>
                <DescriptorName UI="D005901" MajorTopicYN="N">Glaucoma</DescriptorName>
                <QualifierName UI="Q000175" MajorTopicYN="Y">diagnosis</QualifierName>
                <QualifierName UI="Q000453" MajorTopicYN="N">epidemiology</QualifierName>
                <QualifierName UI="Q000628" MajorTopicYN="Y">therapy</QualifierName>
            </MeshHeading>
            <MeshHeading>
                <DescriptorName UI="D006801" MajorTopicYN="N">Humans</DescriptorName>
            </MeshHeading>
            <MeshHeading>
                <DescriptorName UI="D015994" MajorTopicYN="N">Incidence</DescriptorName>
            </MeshHeading>
            <MeshHeading>
                <DescriptorName UI="D007223" MajorTopicYN="N">Infant</DescriptorName>
            </MeshHeading>
            <MeshHeading>
                <DescriptorName UI="D007231" MajorTopicYN="N">Infant, Newborn</DescriptorName>
            </MeshHeading>
            <MeshHeading>
                <DescriptorName UI="D035583" MajorTopicYN="N">Rare Diseases</DescriptorName>
                <QualifierName UI="Q000175" MajorTopicYN="Y">diagnosis</QualifierName>
                <QualifierName UI="Q000453" MajorTopicYN="Y">epidemiology</QualifierName>
                <QualifierName UI="Q000628" MajorTopicYN="Y">therapy</QualifierName>
            </MeshHeading>
            <MeshHeading>
                <DescriptorName UI="D018570" MajorTopicYN="N">Risk Assessment</DescriptorName>
            </MeshHeading>
        </MeshHeadingList>
    </MedlineCitation>
    <PubmedData>
        <History>
            <PubMedPubDate PubStatus="received">
                <Year>2015</Year>
                <Month>03</Month>
                <Day>26</Day>
            </PubMedPubDate>
            <PubMedPubDate PubStatus="accepted">
                <Year>2015</Year>
                <Month>04</Month>
                <Day>22</Day>
            </PubMedPubDate>
            <PubMedPubDate PubStatus="entrez">
                <Year>2015</Year>
                <Month>10</Month>
                <Day>10</Day>
                <Hour>6</Hour>
                <Minute>0</Minute>
            </PubMedPubDate>
            <PubMedPubDate PubStatus="pubmed">
                <Year>2015</Year>
                <Month>10</Month>
                <Day>10</Day>
                <Hour>6</Hour>
                <Minute>0</Minute>
            </PubMedPubDate>
            <PubMedPubDate PubStatus="medline">
                <Year>2016</Year>
                <Month>7</Month>
                <Day>20</Day>
                <Hour>6</Hour>
                <Minute>0</Minute>
            </PubMedPubDate>
        </History>
        <PublicationStatus>ppublish</PublicationStatus>
        <ArticleIdList>
            <ArticleId IdType="pubmed">26451378</ArticleId>
            <ArticleId IdType="doi">10.1155/2015/781294</ArticleId>
            <ArticleId IdType="pmc">PMC4588342</ArticleId>
        </ArticleIdList>
        <ReferenceList>
            <Reference>
                <Citation>Am J Hum Genet. 1985 Jan;37(1):1-31</Citation>
                <ArticleIdList>
                    <ArticleId IdType="pubmed">3872065</ArticleId>
                </ArticleIdList>
            </Reference>
            <Reference>
                <Citation>Exp Eye Res. 2011 Nov;93(5):572-9</Citation>
                <ArticleIdList>
                    <ArticleId IdType="pubmed">21854771</ArticleId>
                </ArticleIdList>
            </Reference>
            <Reference>
                <Citation>Am J Ophthalmol. 1981 Oct;92(4):508-25</Citation>
                <ArticleIdList>
                    <ArticleId IdType="pubmed">7294114</ArticleId>
                </ArticleIdList>
            </Reference>
            <Reference>
                <Citation>J Pediatr Ophthalmol Strabismus. 2004 Sep-Oct;41(5):271-88; quiz 300-1</Citation>
                <ArticleIdList>
                    <ArticleId IdType="pubmed">15478740</ArticleId>
                </ArticleIdList>
            </Reference>
            <Reference>
                <Citation>Can J Ophthalmol. 1985 Aug;20(5):176-8</Citation>
                <ArticleIdList>
                    <ArticleId IdType="pubmed">4041981</ArticleId>
                </ArticleIdList>
            </Reference>
            <Reference>
                <Citation>Br J Ophthalmol. 2007 Dec;91(12):1627-30</Citation>
                <ArticleIdList>
                    <ArticleId IdType="pubmed">17475699</ArticleId>
                </ArticleIdList>
            </Reference>
            <Reference>
                <Citation>Trans Am Ophthalmol Soc. 1958;56:507-70</Citation>
                <ArticleIdList>
                    <ArticleId IdType="pubmed">13647611</ArticleId>
                </ArticleIdList>
            </Reference>
            <Reference>
                <Citation>Surv Ophthalmol. 1983 Jul-Aug;28(1):1-19</Citation>
                <ArticleIdList>
                    <ArticleId IdType="pubmed">6353647</ArticleId>
                </ArticleIdList>
            </Reference>
            <Reference>
                <Citation>Invest Ophthalmol Vis Sci. 2007 Sep;48(9):4100-6</Citation>
                <ArticleIdList>
                    <ArticleId IdType="pubmed">17724193</ArticleId>
                </ArticleIdList>
            </Reference>
            <Reference>
                <Citation>Am J Med Genet A. 2008 Jul 15;146A(14):1825-7</Citation>
                <ArticleIdList>
                    <ArticleId IdType="pubmed">18553510</ArticleId>
                </ArticleIdList>
            </Reference>
            <Reference>
                <Citation>Arch Ophthalmol. 1998 Nov;116(11):1438-40</Citation>
                <ArticleIdList>
                    <ArticleId IdType="pubmed">9823342</ArticleId>
                </ArticleIdList>
            </Reference>
            <Reference>
                <Citation>Am J Ophthalmol. 1998 Jan;125(1):98-100</Citation>
                <ArticleIdList>
                    <ArticleId IdType="pubmed">9437321</ArticleId>
                </ArticleIdList>
            </Reference>
            <Reference>
                <Citation>Eur J Ophthalmol. 2011 May-Jun;21(3):251-7</Citation>
                <ArticleIdList>
                    <ArticleId IdType="pubmed">20853257</ArticleId>
                </ArticleIdList>
            </Reference>
            <Reference>
                <Citation>Nat Genet. 1998 Jun;19(2):140-7</Citation>
                <ArticleIdList>
                    <ArticleId IdType="pubmed">9620769</ArticleId>
                </ArticleIdList>
            </Reference>
            <Reference>
                <Citation>Arch Ophthalmol. 1995 Dec;113(12):1514-7</Citation>
                <ArticleIdList>
                    <ArticleId IdType="pubmed">7487618</ArticleId>
                </ArticleIdList>
            </Reference>
            <Reference>
                <Citation>J Ophthalmic Inflamm Infect. 2011 Jun;1(2):43-53</Citation>
                <ArticleIdList>
                    <ArticleId IdType="pubmed">21484172</ArticleId>
                </ArticleIdList>
            </Reference>
            <Reference>
                <Citation>Praxis (Bern 1994). 2013 Nov 27;102(24):1483-8</Citation>
                <ArticleIdList>
                    <ArticleId IdType="pubmed">24280605</ArticleId>
                </ArticleIdList>
            </Reference>
            <Reference>
                <Citation>Br J Ophthalmol. 2013 Jul;97(7):837-42</Citation>
                <ArticleIdList>
                    <ArticleId IdType="pubmed">23620420</ArticleId>
                </ArticleIdList>
            </Reference>
            <Reference>
                <Citation>J AAPOS. 2009 Jun;13(3):264-7</Citation>
                <ArticleIdList>
                    <ArticleId IdType="pubmed">19541266</ArticleId>
                </ArticleIdList>
            </Reference>
            <Reference>
                <Citation>Trans Ophthalmol Soc U K. 1966;86:425-34</Citation>
                <ArticleIdList>
                    <ArticleId IdType="pubmed">5226587</ArticleId>
                </ArticleIdList>
            </Reference>
            <Reference>
                <Citation>Facts Views Vis Obgyn. 2014;6(4):245-9</Citation>
                <ArticleIdList>
                    <ArticleId IdType="pubmed">25593701</ArticleId>
                </ArticleIdList>
            </Reference>
            <Reference>
                <Citation>Am J Hum Genet. 2002 Feb;70(2):448-60</Citation>
                <ArticleIdList>
                    <ArticleId IdType="pubmed">11774072</ArticleId>
                </ArticleIdList>
            </Reference>
            <Reference>
                <Citation>Clin Exp Optom. 2006 Mar;89(2):95-9</Citation>
                <ArticleIdList>
                    <ArticleId IdType="pubmed">16494613</ArticleId>
                </ArticleIdList>
            </Reference>
            <Reference>
                <Citation>Am J Ophthalmol. 1973 Mar;75(3):405-20</Citation>
                <ArticleIdList>
                    <ArticleId IdType="pubmed">4633235</ArticleId>
                </ArticleIdList>
            </Reference>
            <Reference>
                <Citation>Hong Kong Med J. 2014 Jun;20(3):261-3</Citation>
                <ArticleIdList>
                    <ArticleId IdType="pubmed">24914080</ArticleId>
                </ArticleIdList>
            </Reference>
            <Reference>
                <Citation>Am J Ophthalmol. 1996 Dec;122(6):790-800</Citation>
                <ArticleIdList>
                    <ArticleId IdType="pubmed">8956633</ArticleId>
                </ArticleIdList>
            </Reference>
            <Reference>
                <Citation>Am J Ophthalmol. 1974 Nov;78(5):842-7</Citation>
                <ArticleIdList>
                    <ArticleId IdType="pubmed">4423758</ArticleId>
                </ArticleIdList>
            </Reference>
            <Reference>
                <Citation>Am J Hum Genet. 2007 Sep;81(3):454-66</Citation>
                <ArticleIdList>
                    <ArticleId IdType="pubmed">17701892</ArticleId>
                </ArticleIdList>
            </Reference>
            <Reference>
                <Citation>Clin Experiment Ophthalmol. 2004 Feb;32(1):14-8</Citation>
                <ArticleIdList>
                    <ArticleId IdType="pubmed">14746584</ArticleId>
                </ArticleIdList>
            </Reference>
            <Reference>
                <Citation>Am J Hum Genet. 2003 Mar;72(3):590-7</Citation>
                <ArticleIdList>
                    <ArticleId IdType="pubmed">12563561</ArticleId>
                </ArticleIdList>
            </Reference>
            <Reference>
                <Citation>J Glaucoma. 2013 Apr-May;22(4):336-41</Citation>
                <ArticleIdList>
                    <ArticleId IdType="pubmed">22138687</ArticleId>
                </ArticleIdList>
            </Reference>
            <Reference>
                <Citation>Br J Ophthalmol. 1972 Mar;56(3):146-57</Citation>
                <ArticleIdList>
                    <ArticleId IdType="pubmed">5032753</ArticleId>
                </ArticleIdList>
            </Reference>
            <Reference>
                <Citation>Cornea. 2003 Mar;22(2):178-80</Citation>
                <ArticleIdList>
                    <ArticleId IdType="pubmed">12605058</ArticleId>
                </ArticleIdList>
            </Reference>
            <Reference>
                <Citation>Biochem Biophys Res Commun. 1962 Dec 19;9:493-6</Citation>
                <ArticleIdList>
                    <ArticleId IdType="pubmed">13960563</ArticleId>
                </ArticleIdList>
            </Reference>
            <Reference>
                <Citation>Ophthalmology. 1997 Jan;104(1):150-7</Citation>
                <ArticleIdList>
                    <ArticleId IdType="pubmed">9022120</ArticleId>
                </ArticleIdList>
            </Reference>
            <Reference>
                <Citation>Neth J Med. 1984;27(6):206-12</Citation>
                <ArticleIdList>
                    <ArticleId IdType="pubmed">6462308</ArticleId>
                </ArticleIdList>
            </Reference>
            <Reference>
                <Citation>Clin Genet. 1980 Apr;17(4):241-8</Citation>
                <ArticleIdList>
                    <ArticleId IdType="pubmed">7371217</ArticleId>
                </ArticleIdList>
            </Reference>
            <Reference>
                <Citation>J AAPOS. 2003 Aug;7(4):298-9</Citation>
                <ArticleIdList>
                    <ArticleId IdType="pubmed">12917621</ArticleId>
                </ArticleIdList>
            </Reference>
            <Reference>
                <Citation>Br J Ophthalmol. 2001 Aug;85(8):976-82</Citation>
                <ArticleIdList>
                    <ArticleId IdType="pubmed">11466258</ArticleId>
                </ArticleIdList>
            </Reference>
            <Reference>
                <Citation>Ophthalmology. 2009 Sep;116(9):1725-30</Citation>
                <ArticleIdList>
                    <ArticleId IdType="pubmed">19729098</ArticleId>
                </ArticleIdList>
            </Reference>
            <Reference>
                <Citation>Int Ophthalmol Clin. 2004 Winter;44(1):67-71</Citation>
                <ArticleIdList>
                    <ArticleId IdType="pubmed">14704521</ArticleId>
                </ArticleIdList>
            </Reference>
            <Reference>
                <Citation>Eye (Lond). 2000 Jun;14 ( Pt 3B):422-8</Citation>
                <ArticleIdList>
                    <ArticleId IdType="pubmed">11026969</ArticleId>
                </ArticleIdList>
            </Reference>
            <Reference>
                <Citation>Am J Ophthalmol. 2004 Jan;137(1):30-7</Citation>
                <ArticleIdList>
                    <ArticleId IdType="pubmed">14700641</ArticleId>
                </ArticleIdList>
            </Reference>
            <Reference>
                <Citation>Orphanet J Rare Dis. 2006;1:16</Citation>
                <ArticleIdList>
                    <ArticleId IdType="pubmed">16722554</ArticleId>
                </ArticleIdList>
            </Reference>
            <Reference>
                <Citation>Am J Ophthalmol. 1955 Jul;40(1):1-11</Citation>
                <ArticleIdList>
                    <ArticleId IdType="pubmed">14388087</ArticleId>
                </ArticleIdList>
            </Reference>
            <Reference>
                <Citation>J Bras Nefrol. 2010 Apr-Jun;32(2):216-22</Citation>
                <ArticleIdList>
                    <ArticleId IdType="pubmed">21103682</ArticleId>
                </ArticleIdList>
            </Reference>
            <Reference>
                <Citation>Dev Ophthalmol. 1989;16:76-115</Citation>
                <ArticleIdList>
                    <ArticleId IdType="pubmed">2676634</ArticleId>
                </ArticleIdList>
            </Reference>
            <Reference>
                <Citation>Eye (Lond). 1998;12 ( Pt 2):212-3</Citation>
                <ArticleIdList>
                    <ArticleId IdType="pubmed">9683940</ArticleId>
                </ArticleIdList>
            </Reference>
            <Reference>
                <Citation>Mol Vis. 2014;20:836-42</Citation>
                <ArticleIdList>
                    <ArticleId IdType="pubmed">24940039</ArticleId>
                </ArticleIdList>
            </Reference>
            <Reference>
                <Citation>Arch Dis Child. 1962 Oct;37:505-13</Citation>
                <ArticleIdList>
                    <ArticleId IdType="pubmed">14018926</ArticleId>
                </ArticleIdList>
            </Reference>
            <Reference>
                <Citation>J Hum Genet. 2007;52(4):370-3</Citation>
                <ArticleIdList>
                    <ArticleId IdType="pubmed">17264970</ArticleId>
                </ArticleIdList>
            </Reference>
            <Reference>
                <Citation>Curr Opin Ophthalmol. 2006 Apr;17(2):163-7</Citation>
                <ArticleIdList>
                    <ArticleId IdType="pubmed">16552251</ArticleId>
                </ArticleIdList>
            </Reference>
            <Reference>
                <Citation>Graefes Arch Clin Exp Ophthalmol. 2012 Jun;250(6):857-61</Citation>
                <ArticleIdList>
                    <ArticleId IdType="pubmed">21975531</ArticleId>
                </ArticleIdList>
            </Reference>
            <Reference>
                <Citation>Am J Ophthalmol. 1980 May;89(5):667-73</Citation>
                <ArticleIdList>
                    <ArticleId IdType="pubmed">7377264</ArticleId>
                </ArticleIdList>
            </Reference>
            <Reference>
                <Citation>Ophthalmol Clin North Am. 2003 Dec;16(4):543-54, vi</Citation>
                <ArticleIdList>
                    <ArticleId IdType="pubmed">14740995</ArticleId>
                </ArticleIdList>
            </Reference>
            <Reference>
                <Citation>N Engl J Med. 1998 Apr 9;338(15):1022-7</Citation>
                <ArticleIdList>
                    <ArticleId IdType="pubmed">9535666</ArticleId>
                </ArticleIdList>
            </Reference>
            <Reference>
                <Citation>Cornea. 2008 Jul;27(6):739-42</Citation>
                <ArticleIdList>
                    <ArticleId IdType="pubmed">18580271</ArticleId>
                </ArticleIdList>
            </Reference>
            <Reference>
                <Citation>Graefes Arch Clin Exp Ophthalmol. 2011 Mar;249(3):443-8</Citation>
                <ArticleIdList>
                    <ArticleId IdType="pubmed">20740289</ArticleId>
                </ArticleIdList>
            </Reference>
            <Reference>
                <Citation>Eur J Hum Genet. 2009 Dec;17(12):1527-39</Citation>
                <ArticleIdList>
                    <ArticleId IdType="pubmed">19513095</ArticleId>
                </ArticleIdList>
            </Reference>
            <Reference>
                <Citation>Int Ophthalmol Clin. 2008 Spring;48(2):79-85</Citation>
                <ArticleIdList>
                    <ArticleId IdType="pubmed">18427263</ArticleId>
                </ArticleIdList>
            </Reference>
            <Reference>
                <Citation>Am J Med Genet Suppl. 1990;6:56-64</Citation>
                <ArticleIdList>
                    <ArticleId IdType="pubmed">2118780</ArticleId>
                </ArticleIdList>
            </Reference>
            <Reference>
                <Citation>J Pediatr Ophthalmol Strabismus. 1995 Nov-Dec;32(6):395-6</Citation>
                <ArticleIdList>
                    <ArticleId IdType="pubmed">8587028</ArticleId>
                </ArticleIdList>
            </Reference>
            <Reference>
                <Citation>Am J Ophthalmol. 1999 Aug;128(2):255-6</Citation>
                <ArticleIdList>
                    <ArticleId IdType="pubmed">10458196</ArticleId>
                </ArticleIdList>
            </Reference>
            <Reference>
                <Citation>Arq Bras Oftalmol. 2013 Nov-Dec;76(6):354-6</Citation>
                <ArticleIdList>
                    <ArticleId IdType="pubmed">24510082</ArticleId>
                </ArticleIdList>
            </Reference>
            <Reference>
                <Citation>Nature. 1995 Jul 27;376(6538):348-51</Citation>
                <ArticleIdList>
                    <ArticleId IdType="pubmed">7630403</ArticleId>
                </ArticleIdList>
            </Reference>
            <Reference>
                <Citation>J AAPOS. 1999 Oct;3(5):308-15</Citation>
                <ArticleIdList>
                    <ArticleId IdType="pubmed">10532577</ArticleId>
                </ArticleIdList>
            </Reference>
            <Reference>
                <Citation>Am J Ophthalmol. 1955 Sep;40(3):317-31</Citation>
                <ArticleIdList>
                    <ArticleId IdType="pubmed">13248898</ArticleId>
                </ArticleIdList>
            </Reference>
            <Reference>
                <Citation>Hum Mol Genet. 1996 Aug;5(8):1199-203</Citation>
                <ArticleIdList>
                    <ArticleId IdType="pubmed">8842741</ArticleId>
                </ArticleIdList>
            </Reference>
            <Reference>
                <Citation>Semin Ophthalmol. 2006 Jul-Sep;21(3):191-4</Citation>
                <ArticleIdList>
                    <ArticleId IdType="pubmed">16912017</ArticleId>
                </ArticleIdList>
            </Reference>
            <Reference>
                <Citation>Am J Ophthalmol. 1965 Dec;60(6):1011-35</Citation>
                <ArticleIdList>
                    <ArticleId IdType="pubmed">4955207</ArticleId>
                </ArticleIdList>
            </Reference>
            <Reference>
                <Citation>Genet Couns. 2014;25(1):49-52</Citation>
                <ArticleIdList>
                    <ArticleId IdType="pubmed">24783655</ArticleId>
                </ArticleIdList>
            </Reference>
            <Reference>
                <Citation>Arch Ophthalmol. 1998 Jan;116(1):19-24</Citation>
                <ArticleIdList>
                    <ArticleId IdType="pubmed">9445204</ArticleId>
                </ArticleIdList>
            </Reference>
            <Reference>
                <Citation>Eur J Pediatr. 1999 Aug;158(8):685</Citation>
                <ArticleIdList>
                    <ArticleId IdType="pubmed">10445353</ArticleId>
                </ArticleIdList>
            </Reference>
            <Reference>
                <Citation>Am J Ophthalmol. 1997 Nov;124(5):587-626</Citation>
                <ArticleIdList>
                    <ArticleId IdType="pubmed">9372715</ArticleId>
                </ArticleIdList>
            </Reference>
            <Reference>
                <Citation>Prog Brain Res. 2008;173:77-99</Citation>
                <ArticleIdList>
                    <ArticleId IdType="pubmed">18929103</ArticleId>
                </ArticleIdList>
            </Reference>
            <Reference>
                <Citation>Science. 1964 Mar 27;143(3613):1443-5</Citation>
                <ArticleIdList>
                    <ArticleId IdType="pubmed">14107447</ArticleId>
                </ArticleIdList>
            </Reference>
            <Reference>
                <Citation>Surv Ophthalmol. 2006 Jan-Feb;51(1):1-17</Citation>
                <ArticleIdList>
                    <ArticleId IdType="pubmed">16414358</ArticleId>
                </ArticleIdList>
            </Reference>
            <Reference>
                <Citation>Trans Ophthalmol Soc U K. 1973;93(0):477-93</Citation>
                <ArticleIdList>
                    <ArticleId IdType="pubmed">4526462</ArticleId>
                </ArticleIdList>
            </Reference>
            <Reference>
                <Citation>Arch Ophthalmol. 2010 Apr;128(4):478-82</Citation>
                <ArticleIdList>
                    <ArticleId IdType="pubmed">20385945</ArticleId>
                </ArticleIdList>
            </Reference>
            <Reference>
                <Citation>Eur J Hum Genet. 2007 Nov;15(11):1132-8</Citation>
                <ArticleIdList>
                    <ArticleId IdType="pubmed">17637805</ArticleId>
                </ArticleIdList>
            </Reference>
            <Reference>
                <Citation>Indian J Ophthalmol. 2013 Oct;61(10):576-9</Citation>
                <ArticleIdList>
                    <ArticleId IdType="pubmed">24145558</ArticleId>
                </ArticleIdList>
            </Reference>
            <Reference>
                <Citation>Eur J Hum Genet. 2011 Jun;19(6):617-23</Citation>
                <ArticleIdList>
                    <ArticleId IdType="pubmed">21386872</ArticleId>
                </ArticleIdList>
            </Reference>
            <Reference>
                <Citation>J AAPOS. 1998 Feb;2(1):43-7</Citation>
                <ArticleIdList>
                    <ArticleId IdType="pubmed">10532366</ArticleId>
                </ArticleIdList>
            </Reference>
            <Reference>
                <Citation>J Child Neurol. 1995 Jan;10(1):49-58</Citation>
                <ArticleIdList>
                    <ArticleId IdType="pubmed">7769179</ArticleId>
                </ArticleIdList>
            </Reference>
            <Reference>
                <Citation>Skinmed. 2003 Mar-Apr;2(2):89-96; quiz 97-8</Citation>
                <ArticleIdList>
                    <ArticleId IdType="pubmed">14673306</ArticleId>
                </ArticleIdList>
            </Reference>
            <Reference>
                <Citation>Invest Ophthalmol Vis Sci. 2004 Apr;45(4):1149-56</Citation>
                <ArticleIdList>
                    <ArticleId IdType="pubmed">15037581</ArticleId>
                </ArticleIdList>
            </Reference>
            <Reference>
                <Citation>Ophthalmology. 1978 Mar;85(3):276-86</Citation>
                <ArticleIdList>
                    <ArticleId IdType="pubmed">662281</ArticleId>
                </ArticleIdList>
            </Reference>
            <Reference>
                <Citation>Invest Ophthalmol. 1968 Apr;7(2):127-34</Citation>
                <ArticleIdList>
                    <ArticleId IdType="pubmed">5641561</ArticleId>
                </ArticleIdList>
            </Reference>
            <Reference>
                <Citation>Br J Ophthalmol. 2000 Oct;84(10):1177-84</Citation>
                <ArticleIdList>
                    <ArticleId IdType="pubmed">11004107</ArticleId>
                </ArticleIdList>
            </Reference>
            <Reference>
                <Citation>Trans Am Ophthalmol Soc. 1981;79:458-85</Citation>
                <ArticleIdList>
                    <ArticleId IdType="pubmed">7342408</ArticleId>
                </ArticleIdList>
            </Reference>
            <Reference>
                <Citation>Surv Ophthalmol. 2002 Aug;47 Suppl 1:S129-32</Citation>
                <ArticleIdList>
                    <ArticleId IdType="pubmed">12204709</ArticleId>
                </ArticleIdList>
            </Reference>
            <Reference>
                <Citation>Arch Dis Child. 1988 Sep;63(9):1091-3</Citation>
                <ArticleIdList>
                    <ArticleId IdType="pubmed">3140740</ArticleId>
                </ArticleIdList>
            </Reference>
            <Reference>
                <Citation>Ophthalmic Surg. 1995 Jan-Feb;26(1):53-6</Citation>
                <ArticleIdList>
                    <ArticleId IdType="pubmed">7746626</ArticleId>
                </ArticleIdList>
            </Reference>
            <Reference>
                <Citation>Childs Nerv Syst. 2006 Aug;22(8):909-21</Citation>
                <ArticleIdList>
                    <ArticleId IdType="pubmed">16823586</ArticleId>
                </ArticleIdList>
            </Reference>
            <Reference>
                <Citation>Lancet Neurol. 2014 Aug;13(8):834-43</Citation>
                <ArticleIdList>
                    <ArticleId IdType="pubmed">25030515</ArticleId>
                </ArticleIdList>
            </Reference>
            <Reference>
                <Citation>Am J Hum Genet. 1993 Feb;52(2):249-54</Citation>
                <ArticleIdList>
                    <ArticleId IdType="pubmed">8430691</ArticleId>
                </ArticleIdList>
            </Reference>
            <Reference>
                <Citation>Case Rep Ophthalmol. 2014 Nov 19;5(3):386-91</Citation>
                <ArticleIdList>
                    <ArticleId IdType="pubmed">25762928</ArticleId>
                </ArticleIdList>
            </Reference>
            <Reference>
                <Citation>J Glaucoma. 2005 Jun;14(3):181-5</Citation>
                <ArticleIdList>
                    <ArticleId IdType="pubmed">15870597</ArticleId>
                </ArticleIdList>
            </Reference>
            <Reference>
                <Citation>Ophthalmic Genet. 2001 Mar;22(1):35-41</Citation>
                <ArticleIdList>
                    <ArticleId IdType="pubmed">11262648</ArticleId>
                </ArticleIdList>
            </Reference>
            <Reference>
                <Citation>Clin Genet. 2003 Jan;63(1):59-63</Citation>
                <ArticleIdList>
                    <ArticleId IdType="pubmed">12519373</ArticleId>
                </ArticleIdList>
            </Reference>
            <Reference>
                <Citation>Clin Ter. 2009;160(3):215-6</Citation>
                <ArticleIdList>
                    <ArticleId IdType="pubmed">19756324</ArticleId>
                </ArticleIdList>
            </Reference>
            <Reference>
                <Citation>J Pediatr Ophthalmol Strabismus. 1992 Nov-Dec;29(6):349-56</Citation>
                <ArticleIdList>
                    <ArticleId IdType="pubmed">1287171</ArticleId>
                </ArticleIdList>
            </Reference>
            <Reference>
                <Citation>Surv Ophthalmol. 1978 Sep-Oct;23(2):123-34</Citation>
                <ArticleIdList>
                    <ArticleId IdType="pubmed">100893</ArticleId>
                </ArticleIdList>
            </Reference>
            <Reference>
                <Citation>J Pediatr Ophthalmol Strabismus. 2014 Jan-Feb;51(1):59-62</Citation>
                <ArticleIdList>
                    <ArticleId IdType="pubmed">24369682</ArticleId>
                </ArticleIdList>
            </Reference>
            <Reference>
                <Citation>J Fr Ophtalmol. 2006 Feb;29(2):198-215</Citation>
                <ArticleIdList>
                    <ArticleId IdType="pubmed">16523164</ArticleId>
                </ArticleIdList>
            </Reference>
            <Reference>
                <Citation>Trans Am Ophthalmol Soc. 1998;96:813-79</Citation>
                <ArticleIdList>
                    <ArticleId IdType="pubmed">10360309</ArticleId>
                </ArticleIdList>
            </Reference>
            <Reference>
                <Citation>Arch Ophthalmol. 1968 Feb;79(2):127-34</Citation>
                <ArticleIdList>
                    <ArticleId IdType="pubmed">4965691</ArticleId>
                </ArticleIdList>
            </Reference>
            <Reference>
                <Citation>Ophthalmology. 1990 May;97(5):562-70</Citation>
                <ArticleIdList>
                    <ArticleId IdType="pubmed">2342801</ArticleId>
                </ArticleIdList>
            </Reference>
            <Reference>
                <Citation>J AAPOS. 1999 Feb;3(1):33-9</Citation>
                <ArticleIdList>
                    <ArticleId IdType="pubmed">10071899</ArticleId>
                </ArticleIdList>
            </Reference>
            <Reference>
                <Citation>J AAPOS. 2003 Feb;7(1):69-70</Citation>
                <ArticleIdList>
                    <ArticleId IdType="pubmed">12690374</ArticleId>
                </ArticleIdList>
            </Reference>
            <Reference>
                <Citation>Acta Ophthalmol. 2015 Mar;93(2):e111-7</Citation>
                <ArticleIdList>
                    <ArticleId IdType="pubmed">25688487</ArticleId>
                </ArticleIdList>
            </Reference>
        </ReferenceList>
    </PubmedData>
</PubmedArticle>

</PubmedArticleSet>