<?xml version="1.0" ?>
<!DOCTYPE PubmedArticleSet PUBLIC "-//NLM//DTD PubMedArticle, 1st January 2019//EN" "https://dtd.nlm.nih.gov/ncbi/pubmed/out/pubmed_190101.dtd">
<PubmedArticleSet>
<PubmedArticle>
    <MedlineCitation Status="PubMed-not-MEDLINE" Owner="NLM">
        <PMID Version="1">27257371</PMID>
        <DateCompleted>
            <Year>2016</Year>
            <Month>06</Month>
            <Day>03</Day>
        </DateCompleted>
        <DateRevised>
            <Year>2020</Year>
            <Month>09</Month>
            <Day>29</Day>
        </DateRevised>
        <Article PubModel="Electronic-eCollection">
            <Journal>
                <ISSN IssnType="Print">1177-5467</ISSN>
                <JournalIssue CitedMedium="Print">
                    <Volume>10</Volume>
                    <PubDate>
                        <Year>2016</Year>
                    </PubDate>
                </JournalIssue>
                <Title>Clinical ophthalmology (Auckland, N.Z.)</Title>
                <ISOAbbreviation>Clin Ophthalmol</ISOAbbreviation>
            </Journal>
            <ArticleTitle>Ocular manifestations of Sturge-Weber syndrome: pathogenesis, diagnosis, and management.</ArticleTitle>
            <Pagination>
                <MedlinePgn>871-8</MedlinePgn>
            </Pagination>
            <ELocationID EIdType="doi" ValidYN="Y">10.2147/OPTH.S101963</ELocationID>
            <Abstract>
                <AbstractText>Sturge-Weber syndrome has been included in the group of phakomatoses that is characterized by hamartomas involving the brain, skin, and eyes. The characteristic facial port-wine stain, involving the first branch of the trigeminal nerve and the embryonic vasculature distribution in this area, leads to several ocular complications of the anterior segment and can involve the eyelids and conjunctiva. The posterior segment of the eyes is also affected with diffuse choroidal hemangiomas. However, the most frequent ocular comorbidity is glaucoma with a prevalence rate ranging from 30%-70%. Glaucoma is related to anterior chamber malformations, high episcleral venous pressure (EVP), and changes in ocular hemodynamics. Glaucoma can be diagnosed at birth, but the disease can also develop during childhood and in adults. The management of glaucoma in Sturge-Weber syndrome patients is particularly challenging because of early onset, frequently associated severe visual field impairment at the time of diagnosis, and unresponsiveness to standard treatment. Several surgical approaches have been proposed, but long-term prognosis for both intraocular pressure control and visual function remains unsatisfactory in these patients. Choroidal hemangiomas may also lead to visual impairment thorough exudative retinal detachment and macular edema. Treatment of exudative hemangioma complications is aimed at destructing the tumor or decreasing tumor leakage. </AbstractText>
            </Abstract>
            <AuthorList CompleteYN="Y">
                <Author ValidYN="Y">
                    <LastName>Mantelli</LastName>
                    <ForeName>Flavio</ForeName>
                    <Initials>F</Initials>
                    <AffiliationInfo>
                        <Affiliation>Department of Biology, College of Science and Technology, Temple University, Philadelphia, PA, USA.</Affiliation>
                    </AffiliationInfo>
                </Author>
                <Author ValidYN="Y">
                    <LastName>Bruscolini</LastName>
                    <ForeName>Alice</ForeName>
                    <Initials>A</Initials>
                    <AffiliationInfo>
                        <Affiliation>Department of Sense Organs, Section of Ophthalmology, University of Rome &quot;Sapienza&quot;, Rome, Italy.</Affiliation>
                    </AffiliationInfo>
                </Author>
                <Author ValidYN="Y">
                    <LastName>La Cava</LastName>
                    <ForeName>Maurizio</ForeName>
                    <Initials>M</Initials>
                    <AffiliationInfo>
                        <Affiliation>Department of Sense Organs, Section of Ophthalmology, University of Rome &quot;Sapienza&quot;, Rome, Italy.</Affiliation>
                    </AffiliationInfo>
                </Author>
                <Author ValidYN="Y">
                    <LastName>Abdolrahimzadeh</LastName>
                    <ForeName>Solmaz</ForeName>
                    <Initials>S</Initials>
                    <AffiliationInfo>
                        <Affiliation>Department of Sense Organs, Section of Ophthalmology, University of Rome &quot;Sapienza&quot;, Rome, Italy.</Affiliation>
                    </AffiliationInfo>
                </Author>
                <Author ValidYN="Y">
                    <LastName>Lambiase</LastName>
                    <ForeName>Alessandro</ForeName>
                    <Initials>A</Initials>
                    <AffiliationInfo>
                        <Affiliation>Department of Sense Organs, Section of Ophthalmology, University of Rome &quot;Sapienza&quot;, Rome, Italy.</Affiliation>
                    </AffiliationInfo>
                </Author>
            </AuthorList>
            <Language>eng</Language>
            <PublicationTypeList>
                <PublicationType UI="D016428">Journal Article</PublicationType>
                <PublicationType UI="D016454">Review</PublicationType>
            </PublicationTypeList>
            <ArticleDate DateType="Electronic">
                <Year>2016</Year>
                <Month>05</Month>
                <Day>13</Day>
            </ArticleDate>
        </Article>
        <MedlineJournalInfo>
            <Country>New Zealand</Country>
            <MedlineTA>Clin Ophthalmol</MedlineTA>
            <NlmUniqueID>101321512</NlmUniqueID>
            <ISSNLinking>1177-5467</ISSNLinking>
        </MedlineJournalInfo>
        <KeywordList Owner="NOTNLM">
            <Keyword MajorTopicYN="N">Sturge-Weber syndrome</Keyword>
            <Keyword MajorTopicYN="N">choroidal hemangiomas</Keyword>
            <Keyword MajorTopicYN="N">congenital disease</Keyword>
            <Keyword MajorTopicYN="N">glaucoma</Keyword>
            <Keyword MajorTopicYN="N">glaucoma surgery</Keyword>
            <Keyword MajorTopicYN="N">port-wine stain</Keyword>
        </KeywordList>
    </MedlineCitation>
    <PubmedData>
        <History>
            <PubMedPubDate PubStatus="entrez">
                <Year>2016</Year>
                <Month>6</Month>
                <Day>4</Day>
                <Hour>6</Hour>
                <Minute>0</Minute>
            </PubMedPubDate>
            <PubMedPubDate PubStatus="pubmed">
                <Year>2016</Year>
                <Month>6</Month>
                <Day>4</Day>
                <Hour>6</Hour>
                <Minute>0</Minute>
            </PubMedPubDate>
            <PubMedPubDate PubStatus="medline">
                <Year>2016</Year>
                <Month>6</Month>
                <Day>4</Day>
                <Hour>6</Hour>
                <Minute>1</Minute>
            </PubMedPubDate>
        </History>
        <PublicationStatus>epublish</PublicationStatus>
        <ArticleIdList>
            <ArticleId IdType="pubmed">27257371</ArticleId>
            <ArticleId IdType="doi">10.2147/OPTH.S101963</ArticleId>
            <ArticleId IdType="pii">opth-10-871</ArticleId>
            <ArticleId IdType="pmc">PMC4874637</ArticleId>
        </ArticleIdList>
        <ReferenceList>
            <Reference>
                <Citation>J Med Assoc Thai. 2014 Jul;97(7):742-50</Citation>
                <ArticleIdList>
                    <ArticleId IdType="pubmed">25265774</ArticleId>
                </ArticleIdList>
            </Reference>
            <Reference>
                <Citation>Am J Ophthalmol. 1998 Oct;126(4):600-2</Citation>
                <ArticleIdList>
                    <ArticleId IdType="pubmed">9780111</ArticleId>
                </ArticleIdList>
            </Reference>
            <Reference>
                <Citation>Arch Ophthalmol. 1998 Jun;116(6):815-7</Citation>
                <ArticleIdList>
                    <ArticleId IdType="pubmed">9639459</ArticleId>
                </ArticleIdList>
            </Reference>
            <Reference>
                <Citation>Retina. 2016 Jan;36(1):75-81</Citation>
                <ArticleIdList>
                    <ArticleId IdType="pubmed">26098387</ArticleId>
                </ArticleIdList>
            </Reference>
            <Reference>
                <Citation>Pediatr Neurol. 2004 May;30(5):303-10</Citation>
                <ArticleIdList>
                    <ArticleId IdType="pubmed">15165630</ArticleId>
                </ArticleIdList>
            </Reference>
            <Reference>
                <Citation>Br J Ophthalmol. 2015 Jun;99(6):789-93</Citation>
                <ArticleIdList>
                    <ArticleId IdType="pubmed">25488947</ArticleId>
                </ArticleIdList>
            </Reference>
            <Reference>
                <Citation>N Engl J Med. 2013 May 23;368(21):1971-9</Citation>
                <ArticleIdList>
                    <ArticleId IdType="pubmed">23656586</ArticleId>
                </ArticleIdList>
            </Reference>
            <Reference>
                <Citation>J Am Acad Dermatol. 1987 Apr;16(4):899-906</Citation>
                <ArticleIdList>
                    <ArticleId IdType="pubmed">3033033</ArticleId>
                </ArticleIdList>
            </Reference>
            <Reference>
                <Citation>Case Rep Ophthalmol Med. 2011;2011:785686</Citation>
                <ArticleIdList>
                    <ArticleId IdType="pubmed">22606475</ArticleId>
                </ArticleIdList>
            </Reference>
            <Reference>
                <Citation>Ophthalmic Surg. 1981 Nov;12(11):813-7</Citation>
                <ArticleIdList>
                    <ArticleId IdType="pubmed">7322458</ArticleId>
                </ArticleIdList>
            </Reference>
            <Reference>
                <Citation>Br J Ophthalmol. 2015 Jul;99(7):893-8</Citation>
                <ArticleIdList>
                    <ArticleId IdType="pubmed">25287369</ArticleId>
                </ArticleIdList>
            </Reference>
            <Reference>
                <Citation>J Glaucoma. 2007 May;16(3):297-301</Citation>
                <ArticleIdList>
                    <ArticleId IdType="pubmed">17438423</ArticleId>
                </ArticleIdList>
            </Reference>
            <Reference>
                <Citation>Pediatr Dermatol. 2011 Mar-Apr;28(2):94-8</Citation>
                <ArticleIdList>
                    <ArticleId IdType="pubmed">21362031</ArticleId>
                </ArticleIdList>
            </Reference>
            <Reference>
                <Citation>Biomed Res Int. 2015;2015:781294</Citation>
                <ArticleIdList>
                    <ArticleId IdType="pubmed">26451378</ArticleId>
                </ArticleIdList>
            </Reference>
            <Reference>
                <Citation>Arch Soc Esp Oftalmol. 2014 Dec;89(12 ):508-9</Citation>
                <ArticleIdList>
                    <ArticleId IdType="pubmed">25086881</ArticleId>
                </ArticleIdList>
            </Reference>
            <Reference>
                <Citation>Semin Cutan Med Surg. 2004 Jun;23(2):87-98</Citation>
                <ArticleIdList>
                    <ArticleId IdType="pubmed">15295918</ArticleId>
                </ArticleIdList>
            </Reference>
            <Reference>
                <Citation>Am J Ophthalmol. 1960 Jul;50:3-11</Citation>
                <ArticleIdList>
                    <ArticleId IdType="pubmed">14419565</ArticleId>
                </ArticleIdList>
            </Reference>
            <Reference>
                <Citation>Digit J Ophthalmol. 2011;17(1):1-2</Citation>
                <ArticleIdList>
                    <ArticleId IdType="pubmed">23362384</ArticleId>
                </ArticleIdList>
            </Reference>
            <Reference>
                <Citation>Arch Neurol. 2005 Dec;62(12):1924-7</Citation>
                <ArticleIdList>
                    <ArticleId IdType="pubmed">16344352</ArticleId>
                </ArticleIdList>
            </Reference>
            <Reference>
                <Citation>Ophthalmology. 1999 Aug;106(8):1621-7</Citation>
                <ArticleIdList>
                    <ArticleId IdType="pubmed">10442913</ArticleId>
                </ArticleIdList>
            </Reference>
            <Reference>
                <Citation>Eur J Ophthalmol. 2008 Mar-Apr;18(2):172-6</Citation>
                <ArticleIdList>
                    <ArticleId IdType="pubmed">18320507</ArticleId>
                </ArticleIdList>
            </Reference>
            <Reference>
                <Citation>Pediatr Clin North Am. 1992 Aug;39(4):591-620</Citation>
                <ArticleIdList>
                    <ArticleId IdType="pubmed">1635798</ArticleId>
                </ArticleIdList>
            </Reference>
            <Reference>
                <Citation>Genet Couns. 2013;24(2):247-50</Citation>
                <ArticleIdList>
                    <ArticleId IdType="pubmed">24032298</ArticleId>
                </ArticleIdList>
            </Reference>
            <Reference>
                <Citation>Eye (Lond). 2013 May;27(5):605-11</Citation>
                <ArticleIdList>
                    <ArticleId IdType="pubmed">23449512</ArticleId>
                </ArticleIdList>
            </Reference>
            <Reference>
                <Citation>J Korean Med Sci. 2005 Dec;20(6):1082-4</Citation>
                <ArticleIdList>
                    <ArticleId IdType="pubmed">16361829</ArticleId>
                </ArticleIdList>
            </Reference>
            <Reference>
                <Citation>N Engl J Med. 2008 Jun 12;358(24):2649-51</Citation>
                <ArticleIdList>
                    <ArticleId IdType="pubmed">18550886</ArticleId>
                </ArticleIdList>
            </Reference>
            <Reference>
                <Citation>Arch Ophthalmol. 1989 Sep;107(9):1338-42</Citation>
                <ArticleIdList>
                    <ArticleId IdType="pubmed">2783066</ArticleId>
                </ArticleIdList>
            </Reference>
            <Reference>
                <Citation>Clin Ophthalmol. 2012;6:689-98</Citation>
                <ArticleIdList>
                    <ArticleId IdType="pubmed">22654494</ArticleId>
                </ArticleIdList>
            </Reference>
            <Reference>
                <Citation>Am J Ophthalmol. 1999 Dec;128(6):758-60</Citation>
                <ArticleIdList>
                    <ArticleId IdType="pubmed">10612515</ArticleId>
                </ArticleIdList>
            </Reference>
            <Reference>
                <Citation>Jpn J Ophthalmol. 2014 Mar;58(2):172-6</Citation>
                <ArticleIdList>
                    <ArticleId IdType="pubmed">24488155</ArticleId>
                </ArticleIdList>
            </Reference>
            <Reference>
                <Citation>JAMA Ophthalmol. 2013 Sep;131(9):1216-9</Citation>
                <ArticleIdList>
                    <ArticleId IdType="pubmed">23828561</ArticleId>
                </ArticleIdList>
            </Reference>
            <Reference>
                <Citation>Optom Vis Sci. 2012 Jun;89(6):922-8</Citation>
                <ArticleIdList>
                    <ArticleId IdType="pubmed">22561206</ArticleId>
                </ArticleIdList>
            </Reference>
            <Reference>
                <Citation>J Pediatr Ophthalmol Strabismus. 1983 Nov-Dec;20(6):250-2</Citation>
                <ArticleIdList>
                    <ArticleId IdType="pubmed">6644488</ArticleId>
                </ArticleIdList>
            </Reference>
            <Reference>
                <Citation>Optometry. 2011 May;82(5):306-9</Citation>
                <ArticleIdList>
                    <ArticleId IdType="pubmed">21524602</ArticleId>
                </ArticleIdList>
            </Reference>
            <Reference>
                <Citation>Retina. 1981;1(1):56-61</Citation>
                <ArticleIdList>
                    <ArticleId IdType="pubmed">15633407</ArticleId>
                </ArticleIdList>
            </Reference>
            <Reference>
                <Citation>Br J Ophthalmol. 2001 Aug;85(8):976-82</Citation>
                <ArticleIdList>
                    <ArticleId IdType="pubmed">11466258</ArticleId>
                </ArticleIdList>
            </Reference>
            <Reference>
                <Citation>Ophthalmol Clin North Am. 2005 Mar;18(1):151-61, ix</Citation>
                <ArticleIdList>
                    <ArticleId IdType="pubmed">15763200</ArticleId>
                </ArticleIdList>
            </Reference>
            <Reference>
                <Citation>Int Ophthalmol Clin. 2008 Spring;48(2):63-78</Citation>
                <ArticleIdList>
                    <ArticleId IdType="pubmed">18427262</ArticleId>
                </ArticleIdList>
            </Reference>
            <Reference>
                <Citation>Eye (Lond). 1998;12 ( Pt 2):212-3</Citation>
                <ArticleIdList>
                    <ArticleId IdType="pubmed">9683940</ArticleId>
                </ArticleIdList>
            </Reference>
            <Reference>
                <Citation>Arch Ophthalmol. 2001 Nov;119(11):1606-10</Citation>
                <ArticleIdList>
                    <ArticleId IdType="pubmed">11709010</ArticleId>
                </ArticleIdList>
            </Reference>
            <Reference>
                <Citation>J Glaucoma. 2014 Oct-Nov;23(8):553-60</Citation>
                <ArticleIdList>
                    <ArticleId IdType="pubmed">23751927</ArticleId>
                </ArticleIdList>
            </Reference>
            <Reference>
                <Citation>J Pediatr Ophthalmol Strabismus. 2007 Jul-Aug;44(4):248-50</Citation>
                <ArticleIdList>
                    <ArticleId IdType="pubmed">17694831</ArticleId>
                </ArticleIdList>
            </Reference>
            <Reference>
                <Citation>Eur J Ophthalmol. 2015 Mar-Apr;25(2):134-6</Citation>
                <ArticleIdList>
                    <ArticleId IdType="pubmed">25044138</ArticleId>
                </ArticleIdList>
            </Reference>
            <Reference>
                <Citation>Biomed Res Int. 2015;2015:786519</Citation>
                <ArticleIdList>
                    <ArticleId IdType="pubmed">26451379</ArticleId>
                </ArticleIdList>
            </Reference>
            <Reference>
                <Citation>Eye (Lond). 2011 Sep;25(9):1235-6</Citation>
                <ArticleIdList>
                    <ArticleId IdType="pubmed">21546921</ArticleId>
                </ArticleIdList>
            </Reference>
            <Reference>
                <Citation>Eur J Ophthalmol. 2015 Oct 21;25(6):e103-5</Citation>
                <ArticleIdList>
                    <ArticleId IdType="pubmed">26165326</ArticleId>
                </ArticleIdList>
            </Reference>
            <Reference>
                <Citation>Br J Ophthalmol. 2014 Sep;98(9):1230-5</Citation>
                <ArticleIdList>
                    <ArticleId IdType="pubmed">24795333</ArticleId>
                </ArticleIdList>
            </Reference>
            <Reference>
                <Citation>Acta Ophthalmol Scand. 2001 Apr;79(2):184-6</Citation>
                <ArticleIdList>
                    <ArticleId IdType="pubmed">11284760</ArticleId>
                </ArticleIdList>
            </Reference>
            <Reference>
                <Citation>J AAPOS. 2012 Feb;16(1):61-4</Citation>
                <ArticleIdList>
                    <ArticleId IdType="pubmed">22370668</ArticleId>
                </ArticleIdList>
            </Reference>
            <Reference>
                <Citation>Ophthalmology. 2002 Mar;109 (3):501-7</Citation>
                <ArticleIdList>
                    <ArticleId IdType="pubmed">11874751</ArticleId>
                </ArticleIdList>
            </Reference>
            <Reference>
                <Citation>Br J Dermatol. 2014 Oct;171(4):861-7</Citation>
                <ArticleIdList>
                    <ArticleId IdType="pubmed">24976116</ArticleId>
                </ArticleIdList>
            </Reference>
            <Reference>
                <Citation>Ophthalmology. 1984 Sep;91(9):1061-71</Citation>
                <ArticleIdList>
                    <ArticleId IdType="pubmed">6493715</ArticleId>
                </ArticleIdList>
            </Reference>
            <Reference>
                <Citation>Surv Ophthalmol. 1976 May-Jun;20(6):415-31</Citation>
                <ArticleIdList>
                    <ArticleId IdType="pubmed">820013</ArticleId>
                </ArticleIdList>
            </Reference>
            <Reference>
                <Citation>Eye (Lond). 2002 Jul;16(4):472-80</Citation>
                <ArticleIdList>
                    <ArticleId IdType="pubmed">12101458</ArticleId>
                </ArticleIdList>
            </Reference>
            <Reference>
                <Citation>Acta Neuropathol. 1977 Mar 31;37(3):199-205</Citation>
                <ArticleIdList>
                    <ArticleId IdType="pubmed">855646</ArticleId>
                </ArticleIdList>
            </Reference>
            <Reference>
                <Citation>J AAPOS. 2009 Aug;13(4):374-8</Citation>
                <ArticleIdList>
                    <ArticleId IdType="pubmed">19683189</ArticleId>
                </ArticleIdList>
            </Reference>
            <Reference>
                <Citation>Surv Ophthalmol. 2015 Jul-Aug;60(4):310-26</Citation>
                <ArticleIdList>
                    <ArticleId IdType="pubmed">25907525</ArticleId>
                </ArticleIdList>
            </Reference>
            <Reference>
                <Citation>Trans Ophthalmol Soc U K. 1973;93(0):477-93</Citation>
                <ArticleIdList>
                    <ArticleId IdType="pubmed">4526462</ArticleId>
                </ArticleIdList>
            </Reference>
            <Reference>
                <Citation>J Glaucoma. 2003 Apr;12(2):114-8</Citation>
                <ArticleIdList>
                    <ArticleId IdType="pubmed">12671465</ArticleId>
                </ArticleIdList>
            </Reference>
            <Reference>
                <Citation>Ophthalmic Surg. 1993 Jun;24(6):399-402</Citation>
                <ArticleIdList>
                    <ArticleId IdType="pubmed">8336891</ArticleId>
                </ArticleIdList>
            </Reference>
            <Reference>
                <Citation>Am J Ophthalmol. 1996 Feb;121(2):190-9</Citation>
                <ArticleIdList>
                    <ArticleId IdType="pubmed">8623889</ArticleId>
                </ArticleIdList>
            </Reference>
            <Reference>
                <Citation>J Child Neurol. 1995 Jan;10(1):49-58</Citation>
                <ArticleIdList>
                    <ArticleId IdType="pubmed">7769179</ArticleId>
                </ArticleIdList>
            </Reference>
            <Reference>
                <Citation>Ophthalmology. 1978 Mar;85(3):276-86</Citation>
                <ArticleIdList>
                    <ArticleId IdType="pubmed">662281</ArticleId>
                </ArticleIdList>
            </Reference>
            <Reference>
                <Citation>Ophthalmology. 1985 Jul;92(7):947-54</Citation>
                <ArticleIdList>
                    <ArticleId IdType="pubmed">2410846</ArticleId>
                </ArticleIdList>
            </Reference>
            <Reference>
                <Citation>JAMA Ophthalmol. 2014 Apr 1;132(4):381-9</Citation>
                <ArticleIdList>
                    <ArticleId IdType="pubmed">24504128</ArticleId>
                </ArticleIdList>
            </Reference>
            <Reference>
                <Citation>Jpn J Ophthalmol. 2002 Jan-Feb;46(1):74-7</Citation>
                <ArticleIdList>
                    <ArticleId IdType="pubmed">11853718</ArticleId>
                </ArticleIdList>
            </Reference>
            <Reference>
                <Citation>J Ophthalmol. 2014;2014:459136</Citation>
                <ArticleIdList>
                    <ArticleId IdType="pubmed">25024846</ArticleId>
                </ArticleIdList>
            </Reference>
            <Reference>
                <Citation>J Pediatr Ophthalmol Strabismus. 2000 Jan-Feb;37(1):29-34</Citation>
                <ArticleIdList>
                    <ArticleId IdType="pubmed">10714693</ArticleId>
                </ArticleIdList>
            </Reference>
            <Reference>
                <Citation>Indian J Ophthalmol. 2015 Feb;63(2):128-32</Citation>
                <ArticleIdList>
                    <ArticleId IdType="pubmed">25827543</ArticleId>
                </ArticleIdList>
            </Reference>
            <Reference>
                <Citation>Childs Nerv Syst. 2006 Aug;22(8):909-21</Citation>
                <ArticleIdList>
                    <ArticleId IdType="pubmed">16823586</ArticleId>
                </ArticleIdList>
            </Reference>
            <Reference>
                <Citation>J Cutan Pathol. 2010 Apr;37 Suppl 1:88-95</Citation>
                <ArticleIdList>
                    <ArticleId IdType="pubmed">20482681</ArticleId>
                </ArticleIdList>
            </Reference>
            <Reference>
                <Citation>Trans Am Ophthalmol Soc. 2013 Sep;111:180-215</Citation>
                <ArticleIdList>
                    <ArticleId IdType="pubmed">24385674</ArticleId>
                </ArticleIdList>
            </Reference>
            <Reference>
                <Citation>Graefes Arch Clin Exp Ophthalmol. 1994 Jul;232(7):387-91</Citation>
                <ArticleIdList>
                    <ArticleId IdType="pubmed">7523256</ArticleId>
                </ArticleIdList>
            </Reference>
            <Reference>
                <Citation>Indian J Ophthalmol. 2005 Dec;53(4):274-5</Citation>
                <ArticleIdList>
                    <ArticleId IdType="pubmed">16333180</ArticleId>
                </ArticleIdList>
            </Reference>
            <Reference>
                <Citation>Clin Ter. 2009;160(3):215-6</Citation>
                <ArticleIdList>
                    <ArticleId IdType="pubmed">19756324</ArticleId>
                </ArticleIdList>
            </Reference>
            <Reference>
                <Citation>Br J Ophthalmol. 2003 Sep;87(9):1091-3</Citation>
                <ArticleIdList>
                    <ArticleId IdType="pubmed">12928274</ArticleId>
                </ArticleIdList>
            </Reference>
            <Reference>
                <Citation>Epilepsy Behav. 2005 Sep;7(2):133-42</Citation>
                <ArticleIdList>
                    <ArticleId IdType="pubmed">15996528</ArticleId>
                </ArticleIdList>
            </Reference>
            <Reference>
                <Citation>Ocul Immunol Inflamm. 2009 Jul-Aug;17 (4):292-4</Citation>
                <ArticleIdList>
                    <ArticleId IdType="pubmed">19657986</ArticleId>
                </ArticleIdList>
            </Reference>
            <Reference>
                <Citation>Int Ophthalmol. 2007 Dec;27(6):345-50</Citation>
                <ArticleIdList>
                    <ArticleId IdType="pubmed">17557138</ArticleId>
                </ArticleIdList>
            </Reference>
            <Reference>
                <Citation>J Pediatr Ophthalmol Strabismus. 1992 Nov-Dec;29(6):349-56</Citation>
                <ArticleIdList>
                    <ArticleId IdType="pubmed">1287171</ArticleId>
                </ArticleIdList>
            </Reference>
            <Reference>
                <Citation>Eur J Ophthalmol. 2000 Jul-Sep;10(3):239-43</Citation>
                <ArticleIdList>
                    <ArticleId IdType="pubmed">11071032</ArticleId>
                </ArticleIdList>
            </Reference>
            <Reference>
                <Citation>Acta Ophthalmol Scand. 2006 Oct;84(5):656-60</Citation>
                <ArticleIdList>
                    <ArticleId IdType="pubmed">16965497</ArticleId>
                </ArticleIdList>
            </Reference>
            <Reference>
                <Citation>Surv Ophthalmol. 2011 Jan-Feb;56(1):68-85</Citation>
                <ArticleIdList>
                    <ArticleId IdType="pubmed">21074819</ArticleId>
                </ArticleIdList>
            </Reference>
            <Reference>
                <Citation>Br J Ophthalmol. 2009 Nov;93(11):1420-7</Citation>
                <ArticleIdList>
                    <ArticleId IdType="pubmed">19854738</ArticleId>
                </ArticleIdList>
            </Reference>
            <Reference>
                <Citation>Drugs Today (Barc). 2014 Mar;50(3):239-49</Citation>
                <ArticleIdList>
                    <ArticleId IdType="pubmed">24696869</ArticleId>
                </ArticleIdList>
            </Reference>
        </ReferenceList>
    </PubmedData>
</PubmedArticle>

</PubmedArticleSet>