<?xml version="1.0" ?>
<!DOCTYPE PubmedArticleSet PUBLIC "-//NLM//DTD PubMedArticle, 1st January 2019//EN" "https://dtd.nlm.nih.gov/ncbi/pubmed/out/pubmed_190101.dtd">
<PubmedArticleSet>
<PubmedArticle>
    <MedlineCitation Status="MEDLINE" Owner="NLM">
        <PMID Version="1">15621077</PMID>
        <DateCompleted>
            <Year>2005</Year>
            <Month>03</Month>
            <Day>17</Day>
        </DateCompleted>
        <DateRevised>
            <Year>2018</Year>
            <Month>12</Month>
            <Day>01</Day>
        </DateRevised>
        <Article PubModel="Print">
            <Journal>
                <ISSN IssnType="Print">0039-6257</ISSN>
                <JournalIssue CitedMedium="Print">
                    <Volume>50</Volume>
                    <Issue>1</Issue>
                    <PubDate>
                        <MedlineDate>2005 Jan-Feb</MedlineDate>
                    </PubDate>
                </JournalIssue>
                <Title>Survey of ophthalmology</Title>
                <ISOAbbreviation>Surv Ophthalmol</ISOAbbreviation>
            </Journal>
            <ArticleTitle>Glaucoma drainage devices: a systematic literature review and current controversies.</ArticleTitle>
            <Pagination>
                <MedlinePgn>48-60</MedlinePgn>
            </Pagination>
            <Abstract>
                <AbstractText>Glaucoma drainage devices create alternate aqueous pathways by channeling aqueous from the anterior chamber through a long tube to an equatorial plate that promotes bleb formation. Glaucoma drainage devices are being used more frequently in the treatment of glaucoma that does not respond to medications or trabeculectomy operations. In certain conditions, such as neovascular glaucoma, iridio-corneal syndrome, penetrating keratoplasty with glaucoma, glaucoma following retinal detachment surgery, and so on, it is becoming the primary operation. This review provides a systematic review of the literature and outlines the current controversies involving different glaucoma drainage devices and their design, overall surgical success, and complications following glaucoma drainage device insertion.</AbstractText>
            </Abstract>
            <AuthorList CompleteYN="Y">
                <Author ValidYN="Y">
                    <LastName>Hong</LastName>
                    <ForeName>Chian-Huey</ForeName>
                    <Initials>CH</Initials>
                    <AffiliationInfo>
                        <Affiliation>Department of Ophthalmology, Tulane School of Medicine, Tulane University, New Orleans, Louisiana, USA.</Affiliation>
                    </AffiliationInfo>
                </Author>
                <Author ValidYN="Y">
                    <LastName>Arosemena</LastName>
                    <ForeName>Analisa</ForeName>
                    <Initials>A</Initials>
                </Author>
                <Author ValidYN="Y">
                    <LastName>Zurakowski</LastName>
                    <ForeName>David</ForeName>
                    <Initials>D</Initials>
                </Author>
                <Author ValidYN="Y">
                    <LastName>Ayyala</LastName>
                    <ForeName>Ramesh S</ForeName>
                    <Initials>RS</Initials>
                </Author>
            </AuthorList>
            <Language>eng</Language>
            <PublicationTypeList>
                <PublicationType UI="D016428">Journal Article</PublicationType>
                <PublicationType UI="D013485">Research Support, Non-U.S. Gov't</PublicationType>
                <PublicationType UI="D016454">Review</PublicationType>
                <PublicationType UI="D000078182">Systematic Review</PublicationType>
            </PublicationTypeList>
        </Article>
        <MedlineJournalInfo>
            <Country>United States</Country>
            <MedlineTA>Surv Ophthalmol</MedlineTA>
            <NlmUniqueID>0404551</NlmUniqueID>
            <ISSNLinking>0039-6257</ISSNLinking>
        </MedlineJournalInfo>
        <CitationSubset>IM</CitationSubset>
        <CommentsCorrectionsList>
            <CommentsCorrections RefType="CommentIn">
                <RefSource>Surv Ophthalmol. 2005 Jul-Aug;50(4):411; author reply 411</RefSource>
                <PMID Version="1">15967196</PMID>
            </CommentsCorrections>
        </CommentsCorrectionsList>
        <MeshHeadingList>
            <MeshHeading>
                <DescriptorName UI="D002986" MajorTopicYN="N">Clinical Trials as Topic</DescriptorName>
            </MeshHeading>
            <MeshHeading>
                <DescriptorName UI="D018463" MajorTopicYN="N">Filtering Surgery</DescriptorName>
                <QualifierName UI="Q000295" MajorTopicYN="N">instrumentation</QualifierName>
                <QualifierName UI="Q000379" MajorTopicYN="N">methods</QualifierName>
            </MeshHeading>
            <MeshHeading>
                <DescriptorName UI="D005901" MajorTopicYN="N">Glaucoma</DescriptorName>
                <QualifierName UI="Q000601" MajorTopicYN="Y">surgery</QualifierName>
            </MeshHeading>
            <MeshHeading>
                <DescriptorName UI="D020327" MajorTopicYN="Y">Glaucoma Drainage Implants</DescriptorName>
            </MeshHeading>
            <MeshHeading>
                <DescriptorName UI="D006801" MajorTopicYN="N">Humans</DescriptorName>
            </MeshHeading>
            <MeshHeading>
                <DescriptorName UI="D011183" MajorTopicYN="N">Postoperative Complications</DescriptorName>
            </MeshHeading>
            <MeshHeading>
                <DescriptorName UI="D014792" MajorTopicYN="N">Visual Acuity</DescriptorName>
            </MeshHeading>
        </MeshHeadingList>
        <NumberOfReferences>100</NumberOfReferences>
    </MedlineCitation>
    <PubmedData>
        <History>
            <PubMedPubDate PubStatus="pubmed">
                <Year>2004</Year>
                <Month>12</Month>
                <Day>29</Day>
                <Hour>9</Hour>
                <Minute>0</Minute>
            </PubMedPubDate>
            <PubMedPubDate PubStatus="medline">
                <Year>2005</Year>
                <Month>3</Month>
                <Day>18</Day>
                <Hour>9</Hour>
                <Minute>0</Minute>
            </PubMedPubDate>
            <PubMedPubDate PubStatus="entrez">
                <Year>2004</Year>
                <Month>12</Month>
                <Day>29</Day>
                <Hour>9</Hour>
                <Minute>0</Minute>
            </PubMedPubDate>
        </History>
        <PublicationStatus>ppublish</PublicationStatus>
        <ArticleIdList>
            <ArticleId IdType="pubmed">15621077</ArticleId>
            <ArticleId IdType="pii">S0039-6257(04)00161-4</ArticleId>
            <ArticleId IdType="doi">10.1016/j.survophthal.2004.10.006</ArticleId>
        </ArticleIdList>
    </PubmedData>
</PubmedArticle>

</PubmedArticleSet>