<?xml version="1.0" ?>
<!DOCTYPE PubmedArticleSet PUBLIC "-//NLM//DTD PubMedArticle, 1st January 2019//EN" "https://dtd.nlm.nih.gov/ncbi/pubmed/out/pubmed_190101.dtd">
<PubmedArticleSet>
<PubmedArticle>
    <MedlineCitation Status="MEDLINE" Owner="NLM">
        <PMID Version="1">28426628</PMID>
        <DateCompleted>
            <Year>2018</Year>
            <Month>07</Month>
            <Day>09</Day>
        </DateCompleted>
        <DateRevised>
            <Year>2018</Year>
            <Month>12</Month>
            <Day>02</Day>
        </DateRevised>
        <Article PubModel="Print">
            <Journal>
                <ISSN IssnType="Electronic">1539-2864</ISSN>
                <JournalIssue CitedMedium="Internet">
                    <Volume>38</Volume>
                    <Issue>5</Issue>
                    <PubDate>
                        <Year>2018</Year>
                        <Month>May</Month>
                    </PubDate>
                </JournalIssue>
                <Title>Retina (Philadelphia, Pa.)</Title>
                <ISOAbbreviation>Retina (Philadelphia, Pa.)</ISOAbbreviation>
            </Journal>
            <ArticleTitle>OCULAR HYPERTENSION AND GLAUCOMA FOLLOWING VITRECTOMY: A Systematic Review.</ArticleTitle>
            <Pagination>
                <MedlinePgn>883-890</MedlinePgn>
            </Pagination>
            <ELocationID EIdType="doi" ValidYN="Y">10.1097/IAE.0000000000001651</ELocationID>
            <Abstract>
                <AbstractText Label="PURPOSE" NlmCategory="OBJECTIVE">Pars plana vitrectomy has been reported to increase the risk of ocular hypertension and open-angle glaucoma. The authors conducted a systematic review of randomized and nonrandomized studies to compare the incidence of open-angle glaucoma and ocular hypertension in vitrectomized versus nonvitrectomized eyes.</AbstractText>
                <AbstractText Label="METHODS" NlmCategory="METHODS">A literature search was performed using MEDLINE and EMBASE until August 2016. Data on ocular hypertension and open-angle glaucoma incidence and mean intraocular pressure after at least 1 year were pooled using random-effects metaanalysis models. Because only nonrandomized studies were retrieved, ROBINS-I tool was used to assess risk of bias in the review.</AbstractText>
                <AbstractText Label="RESULTS" NlmCategory="RESULTS">Seven included studies had a paired design to compare the outcomes of vitrectomized versus fellow eyes, with mean follow-up of least 12 months. Four studies (851 patients) provided data on open-angle glaucoma: incidence in vitrectomized versus non-vitrectomized eyes was 7.8% and 4.8%, respectively, yielding a metaanalytic odds ratio of 1.67 (95% CI: 1.08-2.57). Six studies (1,060 patients) reported on the occurrence of ocular hypertension, which was 5.8% in vitrectomized eyes versus 3.1% in fellow eyes (odds ratio: 2.03, 95% CI: 0.97-4.22), without significant differences in the mean postoperative intraocular pressure (mean difference 0.31 mmHg, 95% CI: -0.26 to 0.89).</AbstractText>
                <AbstractText Label="CONCLUSION" NlmCategory="CONCLUSIONS">Although the review found increased risk of open-angle glaucoma with pars plana vitrectomy, the studies were heterogenous or inconsistent regarding ocular hypertension and intraocular pressure increase. Larger studies should be conducted in homogenous cohorts of patients undergoing macular surgery, excluding complex conditions such as retinal detachment or diabetic retinopathy.</AbstractText>
            </Abstract>
            <AuthorList CompleteYN="Y">
                <Author ValidYN="Y">
                    <LastName>Miele</LastName>
                    <ForeName>Alba</ForeName>
                    <Initials>A</Initials>
                    <AffiliationInfo>
                        <Affiliation>Ophthalmology Clinic, Department of Surgery and Translational Medicine, University of Florence and AOU Careggi, Florence, Italy.</Affiliation>
                    </AffiliationInfo>
                </Author>
                <Author ValidYN="Y">
                    <LastName>Govetto</LastName>
                    <ForeName>Andrea</ForeName>
                    <Initials>A</Initials>
                    <AffiliationInfo>
                        <Affiliation>Retina Division, Stein Eye Institute, University of California Los Angeles, Los Angeles, California.</Affiliation>
                    </AffiliationInfo>
                </Author>
                <Author ValidYN="Y">
                    <LastName>Fumagalli</LastName>
                    <ForeName>Carlo</ForeName>
                    <Initials>C</Initials>
                    <AffiliationInfo>
                        <Affiliation>Department of Clinical and Experimental Medicine, University of Florence, Florence, Italy.</Affiliation>
                    </AffiliationInfo>
                </Author>
                <Author ValidYN="Y">
                    <LastName>Donati</LastName>
                    <ForeName>Simone</ForeName>
                    <Initials>S</Initials>
                    <AffiliationInfo>
                        <Affiliation>Department of Surgical and Morphological Sciences, University of Insurbia-Circolo Hospital, Varese, Italy.</Affiliation>
                    </AffiliationInfo>
                </Author>
                <Author ValidYN="Y">
                    <LastName>Biagini</LastName>
                    <ForeName>Ilaria</ForeName>
                    <Initials>I</Initials>
                    <AffiliationInfo>
                        <Affiliation>Ophthalmology Clinic, Department of Surgery and Translational Medicine, University of Florence and AOU Careggi, Florence, Italy.</Affiliation>
                    </AffiliationInfo>
                </Author>
                <Author ValidYN="Y">
                    <LastName>Azzolini</LastName>
                    <ForeName>Claudio</ForeName>
                    <Initials>C</Initials>
                    <AffiliationInfo>
                        <Affiliation>Department of Surgical and Morphological Sciences, University of Insurbia-Circolo Hospital, Varese, Italy.</Affiliation>
                    </AffiliationInfo>
                </Author>
                <Author ValidYN="Y">
                    <LastName>Rizzo</LastName>
                    <ForeName>Stanislao</ForeName>
                    <Initials>S</Initials>
                    <AffiliationInfo>
                        <Affiliation>Ophthalmology Clinic, Department of Surgery and Translational Medicine, University of Florence and AOU Careggi, Florence, Italy.</Affiliation>
                    </AffiliationInfo>
                </Author>
                <Author ValidYN="Y">
                    <LastName>Virgili</LastName>
                    <ForeName>Gianni</ForeName>
                    <Initials>G</Initials>
                    <AffiliationInfo>
                        <Affiliation>Ophthalmology Clinic, Department of Surgery and Translational Medicine, University of Florence and AOU Careggi, Florence, Italy.</Affiliation>
                    </AffiliationInfo>
                </Author>
            </AuthorList>
            <Language>eng</Language>
            <PublicationTypeList>
                <PublicationType UI="D016428">Journal Article</PublicationType>
                <PublicationType UI="D017418">Meta-Analysis</PublicationType>
                <PublicationType UI="D016454">Review</PublicationType>
                <PublicationType UI="D000078182">Systematic Review</PublicationType>
            </PublicationTypeList>
        </Article>
        <MedlineJournalInfo>
            <Country>United States</Country>
            <MedlineTA>Retina</MedlineTA>
            <NlmUniqueID>8309919</NlmUniqueID>
            <ISSNLinking>0275-004X</ISSNLinking>
        </MedlineJournalInfo>
        <CitationSubset>IM</CitationSubset>
        <MeshHeadingList>
            <MeshHeading>
                <DescriptorName UI="D005902" MajorTopicYN="N">Glaucoma, Open-Angle</DescriptorName>
                <QualifierName UI="Q000453" MajorTopicYN="N">epidemiology</QualifierName>
                <QualifierName UI="Q000209" MajorTopicYN="Y">etiology</QualifierName>
                <QualifierName UI="Q000503" MajorTopicYN="N">physiopathology</QualifierName>
            </MeshHeading>
            <MeshHeading>
                <DescriptorName UI="D006801" MajorTopicYN="N">Humans</DescriptorName>
            </MeshHeading>
            <MeshHeading>
                <DescriptorName UI="D015994" MajorTopicYN="N">Incidence</DescriptorName>
            </MeshHeading>
            <MeshHeading>
                <DescriptorName UI="D007429" MajorTopicYN="N">Intraocular Pressure</DescriptorName>
                <QualifierName UI="Q000502" MajorTopicYN="N">physiology</QualifierName>
            </MeshHeading>
            <MeshHeading>
                <DescriptorName UI="D009412" MajorTopicYN="N">Nerve Fibers</DescriptorName>
                <QualifierName UI="Q000473" MajorTopicYN="N">pathology</QualifierName>
            </MeshHeading>
            <MeshHeading>
                <DescriptorName UI="D009798" MajorTopicYN="N">Ocular Hypertension</DescriptorName>
                <QualifierName UI="Q000453" MajorTopicYN="N">epidemiology</QualifierName>
                <QualifierName UI="Q000209" MajorTopicYN="Y">etiology</QualifierName>
                <QualifierName UI="Q000503" MajorTopicYN="N">physiopathology</QualifierName>
            </MeshHeading>
            <MeshHeading>
                <DescriptorName UI="D012160" MajorTopicYN="N">Retina</DescriptorName>
                <QualifierName UI="Q000473" MajorTopicYN="N">pathology</QualifierName>
            </MeshHeading>
            <MeshHeading>
                <DescriptorName UI="D014821" MajorTopicYN="N">Vitrectomy</DescriptorName>
                <QualifierName UI="Q000009" MajorTopicYN="Y">adverse effects</QualifierName>
            </MeshHeading>
        </MeshHeadingList>
    </MedlineCitation>
    <PubmedData>
        <History>
            <PubMedPubDate PubStatus="pubmed">
                <Year>2017</Year>
                <Month>4</Month>
                <Day>21</Day>
                <Hour>6</Hour>
                <Minute>0</Minute>
            </PubMedPubDate>
            <PubMedPubDate PubStatus="medline">
                <Year>2018</Year>
                <Month>7</Month>
                <Day>10</Day>
                <Hour>6</Hour>
                <Minute>0</Minute>
            </PubMedPubDate>
            <PubMedPubDate PubStatus="entrez">
                <Year>2017</Year>
                <Month>4</Month>
                <Day>21</Day>
                <Hour>6</Hour>
                <Minute>0</Minute>
            </PubMedPubDate>
        </History>
        <PublicationStatus>ppublish</PublicationStatus>
        <ArticleIdList>
            <ArticleId IdType="pubmed">28426628</ArticleId>
            <ArticleId IdType="doi">10.1097/IAE.0000000000001651</ArticleId>
        </ArticleIdList>
    </PubmedData>
</PubmedArticle>

</PubmedArticleSet>