<?xml version="1.0" ?>
<!DOCTYPE PubmedArticleSet PUBLIC "-//NLM//DTD PubMedArticle, 1st January 2019//EN" "https://dtd.nlm.nih.gov/ncbi/pubmed/out/pubmed_190101.dtd">
<PubmedArticleSet>
<PubmedArticle>
    <MedlineCitation Status="MEDLINE" Owner="NLM">
        <PMID Version="1">16956912</PMID>
        <DateCompleted>
            <Year>2007</Year>
            <Month>01</Month>
            <Day>30</Day>
        </DateCompleted>
        <DateRevised>
            <Year>2018</Year>
            <Month>12</Month>
            <Day>01</Day>
        </DateRevised>
        <Article PubModel="Print-Electronic">
            <Journal>
                <ISSN IssnType="Print">0007-1161</ISSN>
                <JournalIssue CitedMedium="Print">
                    <Volume>91</Volume>
                    <Issue>1</Issue>
                    <PubDate>
                        <Year>2007</Year>
                        <Month>Jan</Month>
                    </PubDate>
                </JournalIssue>
                <Title>The British journal of ophthalmology</Title>
                <ISOAbbreviation>Br J Ophthalmol</ISOAbbreviation>
            </Journal>
            <ArticleTitle>Meta-analysis of randomised controlled trials comparing latanoprost with brimonidine in the treatment of open-angle glaucoma, ocular hypertension or normal-tension glaucoma.</ArticleTitle>
            <Pagination>
                <MedlinePgn>62-8</MedlinePgn>
            </Pagination>
            <Abstract>
                <AbstractText Label="AIM" NlmCategory="OBJECTIVE">To compare the efficacy and tolerability of latanoprost versus brimonidine in the treatment of open-angle glaucoma, ocular hypertension or normal-tension glaucoma.</AbstractText>
                <AbstractText Label="METHOD" NlmCategory="METHODS">Systematic review of randomised controlled trials comparing latanoprost and brimondine, identified by searches including Medline, Embase and Cochrane Controlled Trials Register. Two reviewers independently assessed trials for eligibility and quality and extracted data. Data were synthesised (random effects model) and expressed as the absolute mean intraocular pressure (IOP) reduction difference from baseline to end point for efficacy and relative risk for adverse events. Subgroup analysis and regression were used to explore heterogeneity according to patient characteristics, trial design and quality.</AbstractText>
                <AbstractText Label="RESULTS" NlmCategory="RESULTS">15 publications reporting on 14 trials (1784 participants) were included for meta-analysis. IOP reduction favoured latanoprost (weighted mean difference (WMD) = 1.10 mm Hg (95% confidence interval (CI) 0.57 to 1.63)). Significant heterogeneity was present (chi(2)(13) = 38.29, p = 0.001, I(2) = 66.0%). Subgroup analysis showed greater WMD for studies where data were analysed from end points &gt;6 months duration, cross-over design, open-angle glaucoma or ocular hypertension and monotherapy. Multiple regression showed no significant association of WMD with trial duration (t(9) = 1.92, p = 0.09), trial design (t(9) = 1.79, p = 0.11), trial quality (t(9) = -0.46, p = 0.66), or monotherapy or adjunctive therapy (t(9) = -2.14, p = 0.06). Fatigue was less commonly associated with latanoprost (RR = 0.27, 95% CI 0.08 to 0.88). Publication bias was not evident on visual inspection of a funnel plot.</AbstractText>
                <AbstractText Label="CONCLUSION" NlmCategory="CONCLUSIONS">Latanoprost is more effective than brimonidine as monotherapy in lowering IOP. Brimonidine is associated with a higher rate of fatigue.</AbstractText>
            </Abstract>
            <AuthorList CompleteYN="Y">
                <Author ValidYN="Y">
                    <LastName>Fung</LastName>
                    <ForeName>A T</ForeName>
                    <Initials>AT</Initials>
                    <AffiliationInfo>
                        <Affiliation>Sydney Eye Hospital, Macquane, Sydney, NSW 2000, Australia. adrianfungi@yahoo.com.au</Affiliation>
                    </AffiliationInfo>
                </Author>
                <Author ValidYN="Y">
                    <LastName>Reid</LastName>
                    <ForeName>S E</ForeName>
                    <Initials>SE</Initials>
                </Author>
                <Author ValidYN="Y">
                    <LastName>Jones</LastName>
                    <ForeName>M P</ForeName>
                    <Initials>MP</Initials>
                </Author>
                <Author ValidYN="Y">
                    <LastName>Healey</LastName>
                    <ForeName>P R</ForeName>
                    <Initials>PR</Initials>
                </Author>
                <Author ValidYN="Y">
                    <LastName>McCluskey</LastName>
                    <ForeName>P J</ForeName>
                    <Initials>PJ</Initials>
                </Author>
                <Author ValidYN="Y">
                    <LastName>Craig</LastName>
                    <ForeName>J C</ForeName>
                    <Initials>JC</Initials>
                </Author>
            </AuthorList>
            <Language>eng</Language>
            <PublicationTypeList>
                <PublicationType UI="D016428">Journal Article</PublicationType>
                <PublicationType UI="D017418">Meta-Analysis</PublicationType>
                <PublicationType UI="D016454">Review</PublicationType>
                <PublicationType UI="D000078182">Systematic Review</PublicationType>
            </PublicationTypeList>
            <ArticleDate DateType="Electronic">
                <Year>2006</Year>
                <Month>09</Month>
                <Day>06</Day>
            </ArticleDate>
        </Article>
        <MedlineJournalInfo>
            <Country>England</Country>
            <MedlineTA>Br J Ophthalmol</MedlineTA>
            <NlmUniqueID>0421041</NlmUniqueID>
            <ISSNLinking>0007-1161</ISSNLinking>
        </MedlineJournalInfo>
        <ChemicalList>
            <Chemical>
                <RegistryNumber>0</RegistryNumber>
                <NameOfSubstance UI="D000959">Antihypertensive Agents</NameOfSubstance>
            </Chemical>
            <Chemical>
                <RegistryNumber>0</RegistryNumber>
                <NameOfSubstance UI="D011461">Prostaglandins F, Synthetic</NameOfSubstance>
            </Chemical>
            <Chemical>
                <RegistryNumber>0</RegistryNumber>
                <NameOfSubstance UI="D011810">Quinoxalines</NameOfSubstance>
            </Chemical>
            <Chemical>
                <RegistryNumber>4S9CL2DY2H</RegistryNumber>
                <NameOfSubstance UI="D000068438">Brimonidine Tartrate</NameOfSubstance>
            </Chemical>
            <Chemical>
                <RegistryNumber>6Z5B6HVF6O</RegistryNumber>
                <NameOfSubstance UI="D000077338">Latanoprost</NameOfSubstance>
            </Chemical>
        </ChemicalList>
        <CitationSubset>IM</CitationSubset>
        <MeshHeadingList>
            <MeshHeading>
                <DescriptorName UI="D000287" MajorTopicYN="N">Administration, Topical</DescriptorName>
            </MeshHeading>
            <MeshHeading>
                <DescriptorName UI="D000368" MajorTopicYN="N">Aged</DescriptorName>
            </MeshHeading>
            <MeshHeading>
                <DescriptorName UI="D000959" MajorTopicYN="N">Antihypertensive Agents</DescriptorName>
                <QualifierName UI="Q000008" MajorTopicYN="N">administration &amp; dosage</QualifierName>
                <QualifierName UI="Q000009" MajorTopicYN="N">adverse effects</QualifierName>
                <QualifierName UI="Q000627" MajorTopicYN="Y">therapeutic use</QualifierName>
            </MeshHeading>
            <MeshHeading>
                <DescriptorName UI="D000068438" MajorTopicYN="N">Brimonidine Tartrate</DescriptorName>
            </MeshHeading>
            <MeshHeading>
                <DescriptorName UI="D005260" MajorTopicYN="N">Female</DescriptorName>
            </MeshHeading>
            <MeshHeading>
                <DescriptorName UI="D005901" MajorTopicYN="N">Glaucoma</DescriptorName>
                <QualifierName UI="Q000188" MajorTopicYN="Y">drug therapy</QualifierName>
            </MeshHeading>
            <MeshHeading>
                <DescriptorName UI="D005902" MajorTopicYN="N">Glaucoma, Open-Angle</DescriptorName>
                <QualifierName UI="Q000188" MajorTopicYN="N">drug therapy</QualifierName>
            </MeshHeading>
            <MeshHeading>
                <DescriptorName UI="D006801" MajorTopicYN="N">Humans</DescriptorName>
            </MeshHeading>
            <MeshHeading>
                <DescriptorName UI="D000077338" MajorTopicYN="N">Latanoprost</DescriptorName>
            </MeshHeading>
            <MeshHeading>
                <DescriptorName UI="D008297" MajorTopicYN="N">Male</DescriptorName>
            </MeshHeading>
            <MeshHeading>
                <DescriptorName UI="D008875" MajorTopicYN="N">Middle Aged</DescriptorName>
            </MeshHeading>
            <MeshHeading>
                <DescriptorName UI="D009798" MajorTopicYN="N">Ocular Hypertension</DescriptorName>
                <QualifierName UI="Q000188" MajorTopicYN="Y">drug therapy</QualifierName>
            </MeshHeading>
            <MeshHeading>
                <DescriptorName UI="D011461" MajorTopicYN="N">Prostaglandins F, Synthetic</DescriptorName>
                <QualifierName UI="Q000008" MajorTopicYN="N">administration &amp; dosage</QualifierName>
                <QualifierName UI="Q000009" MajorTopicYN="N">adverse effects</QualifierName>
                <QualifierName UI="Q000627" MajorTopicYN="Y">therapeutic use</QualifierName>
            </MeshHeading>
            <MeshHeading>
                <DescriptorName UI="D011810" MajorTopicYN="N">Quinoxalines</DescriptorName>
                <QualifierName UI="Q000008" MajorTopicYN="N">administration &amp; dosage</QualifierName>
                <QualifierName UI="Q000009" MajorTopicYN="N">adverse effects</QualifierName>
                <QualifierName UI="Q000627" MajorTopicYN="Y">therapeutic use</QualifierName>
            </MeshHeading>
            <MeshHeading>
                <DescriptorName UI="D016032" MajorTopicYN="N">Randomized Controlled Trials as Topic</DescriptorName>
            </MeshHeading>
            <MeshHeading>
                <DescriptorName UI="D016896" MajorTopicYN="N">Treatment Outcome</DescriptorName>
            </MeshHeading>
        </MeshHeadingList>
        <NumberOfReferences>45</NumberOfReferences>
    </MedlineCitation>
    <PubmedData>
        <History>
            <PubMedPubDate PubStatus="pubmed">
                <Year>2006</Year>
                <Month>9</Month>
                <Day>8</Day>
                <Hour>9</Hour>
                <Minute>0</Minute>
            </PubMedPubDate>
            <PubMedPubDate PubStatus="medline">
                <Year>2007</Year>
                <Month>1</Month>
                <Day>31</Day>
                <Hour>9</Hour>
                <Minute>0</Minute>
            </PubMedPubDate>
            <PubMedPubDate PubStatus="entrez">
                <Year>2006</Year>
                <Month>9</Month>
                <Day>8</Day>
                <Hour>9</Hour>
                <Minute>0</Minute>
            </PubMedPubDate>
        </History>
        <PublicationStatus>ppublish</PublicationStatus>
        <ArticleIdList>
            <ArticleId IdType="pubmed">16956912</ArticleId>
            <ArticleId IdType="pii">bjo.2006.096693</ArticleId>
            <ArticleId IdType="doi">10.1136/bjo.2006.096693</ArticleId>
            <ArticleId IdType="pmc">PMC1857560</ArticleId>
        </ArticleIdList>
        <ReferenceList>
            <Reference>
                <Citation>Am J Ophthalmol. 2001 May;131(5):631-5</Citation>
                <ArticleIdList>
                    <ArticleId IdType="pubmed">11336939</ArticleId>
                </ArticleIdList>
            </Reference>
            <Reference>
                <Citation>Clin Ther. 2000 Dec;22(12):1502-15</Citation>
                <ArticleIdList>
                    <ArticleId IdType="pubmed">11192141</ArticleId>
                </ArticleIdList>
            </Reference>
            <Reference>
                <Citation>Invest Ophthalmol Vis Sci. 2001 Nov;42(12):2849-55</Citation>
                <ArticleIdList>
                    <ArticleId IdType="pubmed">11687528</ArticleId>
                </ArticleIdList>
            </Reference>
            <Reference>
                <Citation>Ophthalmology. 2001 Nov;108(11):1943-53</Citation>
                <ArticleIdList>
                    <ArticleId IdType="pubmed">11713061</ArticleId>
                </ArticleIdList>
            </Reference>
            <Reference>
                <Citation>Clin Ther. 2001 Dec;23(12):1969-83</Citation>
                <ArticleIdList>
                    <ArticleId IdType="pubmed">11813932</ArticleId>
                </ArticleIdList>
            </Reference>
            <Reference>
                <Citation>Acta Ophthalmol Scand Suppl. 2002;236:56-7</Citation>
                <ArticleIdList>
                    <ArticleId IdType="pubmed">12390146</ArticleId>
                </ArticleIdList>
            </Reference>
            <Reference>
                <Citation>Ophthalmology. 2002 Dec;109(12):2241-7</Citation>
                <ArticleIdList>
                    <ArticleId IdType="pubmed">12466165</ArticleId>
                </ArticleIdList>
            </Reference>
            <Reference>
                <Citation>Arch Ophthalmol. 2003 Apr;121(4):453-7</Citation>
                <ArticleIdList>
                    <ArticleId IdType="pubmed">12695241</ArticleId>
                </ArticleIdList>
            </Reference>
            <Reference>
                <Citation>Acta Ophthalmol Scand. 2003 Apr;81(2):155-60</Citation>
                <ArticleIdList>
                    <ArticleId IdType="pubmed">12752054</ArticleId>
                </ArticleIdList>
            </Reference>
            <Reference>
                <Citation>Acta Ophthalmol Scand. 2003 Jun;81(3):242-6</Citation>
                <ArticleIdList>
                    <ArticleId IdType="pubmed">12780402</ArticleId>
                </ArticleIdList>
            </Reference>
            <Reference>
                <Citation>Am J Ophthalmol. 2003 Jul;136(1):18-25</Citation>
                <ArticleIdList>
                    <ArticleId IdType="pubmed">12834665</ArticleId>
                </ArticleIdList>
            </Reference>
            <Reference>
                <Citation>Surv Ophthalmol. 2003 Apr;48 Suppl 1:S47-51</Citation>
                <ArticleIdList>
                    <ArticleId IdType="pubmed">12852434</ArticleId>
                </ArticleIdList>
            </Reference>
            <Reference>
                <Citation>Int J Clin Pract. 2003 Dec;57(10):875-8</Citation>
                <ArticleIdList>
                    <ArticleId IdType="pubmed">14712889</ArticleId>
                </ArticleIdList>
            </Reference>
            <Reference>
                <Citation>Br J Ophthalmol. 2004 Jul;88(7):877-83</Citation>
                <ArticleIdList>
                    <ArticleId IdType="pubmed">15205229</ArticleId>
                </ArticleIdList>
            </Reference>
            <Reference>
                <Citation>Ophthalmology. 1993 Sep;100(9):1297-304</Citation>
                <ArticleIdList>
                    <ArticleId IdType="pubmed">8371915</ArticleId>
                </ArticleIdList>
            </Reference>
            <Reference>
                <Citation>Br J Ophthalmol. 1994 Nov;78(11):818-22</Citation>
                <ArticleIdList>
                    <ArticleId IdType="pubmed">7848975</ArticleId>
                </ArticleIdList>
            </Reference>
            <Reference>
                <Citation>BMJ. 1995 Nov 18;311(7016):1356-9</Citation>
                <ArticleIdList>
                    <ArticleId IdType="pubmed">7496291</ArticleId>
                </ArticleIdList>
            </Reference>
            <Reference>
                <Citation>Arch Ophthalmol. 1995 Dec;113(12):1514-7</Citation>
                <ArticleIdList>
                    <ArticleId IdType="pubmed">7487618</ArticleId>
                </ArticleIdList>
            </Reference>
            <Reference>
                <Citation>Am J Ophthalmol. 1998 Oct;126(4):487-97</Citation>
                <ArticleIdList>
                    <ArticleId IdType="pubmed">9780093</ArticleId>
                </ArticleIdList>
            </Reference>
            <Reference>
                <Citation>J Ocul Pharmacol Ther. 1999 Oct;15(5):379-88</Citation>
                <ArticleIdList>
                    <ArticleId IdType="pubmed">10530699</ArticleId>
                </ArticleIdList>
            </Reference>
            <Reference>
                <Citation>J Glaucoma. 2005 Feb;14(1):1-2</Citation>
                <ArticleIdList>
                    <ArticleId IdType="pubmed">15650596</ArticleId>
                </ArticleIdList>
            </Reference>
            <Reference>
                <Citation>Eye (Lond). 2005 Feb;19(2):145-51</Citation>
                <ArticleIdList>
                    <ArticleId IdType="pubmed">15184958</ArticleId>
                </ArticleIdList>
            </Reference>
            <Reference>
                <Citation>J Glaucoma. 2005 Apr;14(2):157-60</Citation>
                <ArticleIdList>
                    <ArticleId IdType="pubmed">15741819</ArticleId>
                </ArticleIdList>
            </Reference>
            <Reference>
                <Citation>J Glaucoma. 2005 Apr;14(2):161-7</Citation>
                <ArticleIdList>
                    <ArticleId IdType="pubmed">15741820</ArticleId>
                </ArticleIdList>
            </Reference>
            <Reference>
                <Citation>Ophthalmology. 2005 Jul;112(7):1177-85</Citation>
                <ArticleIdList>
                    <ArticleId IdType="pubmed">15921747</ArticleId>
                </ArticleIdList>
            </Reference>
            <Reference>
                <Citation>Eye (Lond). 2005 Jul;19(7):784-7</Citation>
                <ArticleIdList>
                    <ArticleId IdType="pubmed">15359238</ArticleId>
                </ArticleIdList>
            </Reference>
            <Reference>
                <Citation>Ophthalmol Clin North Am. 2005 Sep;18(3):397-408, vi</Citation>
                <ArticleIdList>
                    <ArticleId IdType="pubmed">16054997</ArticleId>
                </ArticleIdList>
            </Reference>
            <Reference>
                <Citation>Am J Ophthalmol. 2005 Oct;140(4):598-606</Citation>
                <ArticleIdList>
                    <ArticleId IdType="pubmed">16226511</ArticleId>
                </ArticleIdList>
            </Reference>
            <Reference>
                <Citation>Ophthalmology. 2005 Dec;112(12):2143</Citation>
                <ArticleIdList>
                    <ArticleId IdType="pubmed">16225927</ArticleId>
                </ArticleIdList>
            </Reference>
            <Reference>
                <Citation>Ophthalmology. 2002 Feb;109(2):307-14; discussion 314-5</Citation>
                <ArticleIdList>
                    <ArticleId IdType="pubmed">11825814</ArticleId>
                </ArticleIdList>
            </Reference>
            <Reference>
                <Citation>Br J Ophthalmol. 2006 Feb;90(2):162-5</Citation>
                <ArticleIdList>
                    <ArticleId IdType="pubmed">16424526</ArticleId>
                </ArticleIdList>
            </Reference>
            <Reference>
                <Citation>Br J Ophthalmol. 2006 Mar;90(3):262-7</Citation>
                <ArticleIdList>
                    <ArticleId IdType="pubmed">16488940</ArticleId>
                </ArticleIdList>
            </Reference>
            <Reference>
                <Citation>J Glaucoma. 2002 Apr;11(2):90-6</Citation>
                <ArticleIdList>
                    <ArticleId IdType="pubmed">11912355</ArticleId>
                </ArticleIdList>
            </Reference>
            <Reference>
                <Citation>Arch Ophthalmol. 2002 Jun;120(6):701-13; discussion 829-30</Citation>
                <ArticleIdList>
                    <ArticleId IdType="pubmed">12049574</ArticleId>
                </ArticleIdList>
            </Reference>
            <Reference>
                <Citation>J Glaucoma. 2002 Aug;11(4):354-8</Citation>
                <ArticleIdList>
                    <ArticleId IdType="pubmed">12169974</ArticleId>
                </ArticleIdList>
            </Reference>
            <Reference>
                <Citation>Am J Manag Care. 2002 Aug;8(10 Suppl):S271-7</Citation>
                <ArticleIdList>
                    <ArticleId IdType="pubmed">12188170</ArticleId>
                </ArticleIdList>
            </Reference>
            <Reference>
                <Citation>Arch Ophthalmol. 2002 Oct;120(10):1268-79</Citation>
                <ArticleIdList>
                    <ArticleId IdType="pubmed">12365904</ArticleId>
                </ArticleIdList>
            </Reference>
            <Reference>
                <Citation>Br J Ophthalmol. 2002 Nov;86(11):1236-9</Citation>
                <ArticleIdList>
                    <ArticleId IdType="pubmed">12386077</ArticleId>
                </ArticleIdList>
            </Reference>
            <Reference>
                <Citation>Clin Ther. 2000 Apr;22(4):388-99</Citation>
                <ArticleIdList>
                    <ArticleId IdType="pubmed">10823361</ArticleId>
                </ArticleIdList>
            </Reference>
            <Reference>
                <Citation>Br J Ophthalmol. 2000 Jul;84(7):710-3</Citation>
                <ArticleIdList>
                    <ArticleId IdType="pubmed">10873979</ArticleId>
                </ArticleIdList>
            </Reference>
            <Reference>
                <Citation>Am J Ophthalmol. 2000 Oct;130(4):429-40</Citation>
                <ArticleIdList>
                    <ArticleId IdType="pubmed">11024415</ArticleId>
                </ArticleIdList>
            </Reference>
            <Reference>
                <Citation>Invest Ophthalmol Vis Sci. 2001 Aug;42(9):2074-84</Citation>
                <ArticleIdList>
                    <ArticleId IdType="pubmed">11481275</ArticleId>
                </ArticleIdList>
            </Reference>
        </ReferenceList>
    </PubmedData>
</PubmedArticle>

</PubmedArticleSet>