<?xml version="1.0" ?>
<!DOCTYPE PubmedArticleSet PUBLIC "-//NLM//DTD PubMedArticle, 1st January 2019//EN" "https://dtd.nlm.nih.gov/ncbi/pubmed/out/pubmed_190101.dtd">
<PubmedArticleSet>
<PubmedArticle>
    <MedlineCitation Status="MEDLINE" Owner="NLM">
        <PMID Version="1">28064423</PMID>
        <DateCompleted>
            <Year>2018</Year>
            <Month>05</Month>
            <Day>10</Day>
        </DateCompleted>
        <DateRevised>
            <Year>2018</Year>
            <Month>12</Month>
            <Day>02</Day>
        </DateRevised>
        <Article PubModel="Print-Electronic">
            <Journal>
                <ISSN IssnType="Electronic">1573-2630</ISSN>
                <JournalIssue CitedMedium="Internet">
                    <Volume>38</Volume>
                    <Issue>1</Issue>
                    <PubDate>
                        <Year>2018</Year>
                        <Month>Feb</Month>
                    </PubDate>
                </JournalIssue>
                <Title>International ophthalmology</Title>
                <ISOAbbreviation>Int Ophthalmol</ISOAbbreviation>
            </Journal>
            <ArticleTitle>Pathophysiology, diagnosis, and management of glaucoma associated with Sturge-Weber syndrome.</ArticleTitle>
            <Pagination>
                <MedlinePgn>409-416</MedlinePgn>
            </Pagination>
            <ELocationID EIdType="doi" ValidYN="Y">10.1007/s10792-016-0412-3</ELocationID>
            <Abstract>
                <AbstractText Label="PURPOSE" NlmCategory="OBJECTIVE">Sturge-Weber syndrome (SWS), also known as encephalotrigeminal angiomatosis, is a condition which includes leptomeningeal hemangioma, facial angiomatosis or nevus flammeus, and ocular changes. SWS can lead to severe complications of anterior segment involving conjunctiva and eyelids, whereas posterior segment of the eye may also be affected by diffuse choroidal hemorrhages. This article was written with the objectives to determine the pathophysiology, diagnosis, and treatment of glaucoma associated with this rare and challenging disorder.</AbstractText>
                <AbstractText Label="METHODS" NlmCategory="METHODS">A detailed literature search was conducted on PubMed, EMBASE, Cochrane Library, and Google Scholar using the key words. Forty-five articles matched our inclusion criteria that were included in this systematic review.</AbstractText>
                <AbstractText Label="RESULTS" NlmCategory="RESULTS">Glaucoma is the one of the commonest ocular manifestations of SWS. It is caused by anterior chamber malformations, increased pressure in the episcleral veins, and changes in ocular hemodynamics. Glaucoma associated with SWS is usually congenital but can develop adults as well. The treatment of glaucoma associated with SWS is quite challenging because of early-onset, severe visual field impairment at the time of diagnosis, and unresponsiveness to standard medical treatment. Several surgical procedures have been devised but the long-term control of the intraocular pressure and visual function remain unsatisfactory. Modifications in the filtration surgery techniques and use of newer anti-fibrotic agents have produced good control of intraocular pressure.</AbstractText>
                <AbstractText Label="CONCLUSION" NlmCategory="CONCLUSIONS">Management of glaucoma associated with SWS is multi-dimensional and needs both medical and surgical interventions for better control. The treatment should be devised on case to case basis depending upon the intraocular pressure, stage of the disease, and type of glaucoma.</AbstractText>
            </Abstract>
            <AuthorList CompleteYN="Y">
                <Author ValidYN="Y">
                    <LastName>Javaid</LastName>
                    <ForeName>Usman</ForeName>
                    <Initials>U</Initials>
                    <AffiliationInfo>
                        <Affiliation>Department of Ophthalmology, Allama Iqbal Medical College/Jinnah Hospital, Lahore, Pakistan.</Affiliation>
                    </AffiliationInfo>
                </Author>
                <Author ValidYN="Y">
                    <LastName>Ali</LastName>
                    <ForeName>Muhammad Hassaan</ForeName>
                    <Initials>MH</Initials>
                    <Identifier Source="ORCID">http://orcid.org/0000-0001-8738-1835</Identifier>
                    <AffiliationInfo>
                        <Affiliation>Department of Ophthalmology, Allama Iqbal Medical College/Jinnah Hospital, Lahore, Pakistan. mhassaanali@hotmail.com.</Affiliation>
                    </AffiliationInfo>
                </Author>
                <Author ValidYN="Y">
                    <LastName>Jamal</LastName>
                    <ForeName>Samreen</ForeName>
                    <Initials>S</Initials>
                    <AffiliationInfo>
                        <Affiliation>Department of Ophthalmology, Allama Iqbal Medical College/Jinnah Hospital, Lahore, Pakistan.</Affiliation>
                    </AffiliationInfo>
                </Author>
                <Author ValidYN="Y">
                    <LastName>Butt</LastName>
                    <ForeName>Nadeem Hafeez</ForeName>
                    <Initials>NH</Initials>
                    <AffiliationInfo>
                        <Affiliation>Department of Ophthalmology, Allama Iqbal Medical College/Jinnah Hospital, Lahore, Pakistan.</Affiliation>
                    </AffiliationInfo>
                </Author>
            </AuthorList>
            <Language>eng</Language>
            <PublicationTypeList>
                <PublicationType UI="D016428">Journal Article</PublicationType>
                <PublicationType UI="D016454">Review</PublicationType>
                <PublicationType UI="D000078182">Systematic Review</PublicationType>
            </PublicationTypeList>
            <ArticleDate DateType="Electronic">
                <Year>2017</Year>
                <Month>01</Month>
                <Day>07</Day>
            </ArticleDate>
        </Article>
        <MedlineJournalInfo>
            <Country>Netherlands</Country>
            <MedlineTA>Int Ophthalmol</MedlineTA>
            <NlmUniqueID>7904294</NlmUniqueID>
            <ISSNLinking>0165-5701</ISSNLinking>
        </MedlineJournalInfo>
        <CitationSubset>IM</CitationSubset>
        <MeshHeadingList>
            <MeshHeading>
                <DescriptorName UI="D019468" MajorTopicYN="Y">Disease Management</DescriptorName>
            </MeshHeading>
            <MeshHeading>
                <DescriptorName UI="D005901" MajorTopicYN="Y">Glaucoma</DescriptorName>
                <QualifierName UI="Q000175" MajorTopicYN="N">diagnosis</QualifierName>
                <QualifierName UI="Q000209" MajorTopicYN="N">etiology</QualifierName>
                <QualifierName UI="Q000628" MajorTopicYN="N">therapy</QualifierName>
            </MeshHeading>
            <MeshHeading>
                <DescriptorName UI="D006801" MajorTopicYN="N">Humans</DescriptorName>
            </MeshHeading>
            <MeshHeading>
                <DescriptorName UI="D007429" MajorTopicYN="N">Intraocular Pressure</DescriptorName>
                <QualifierName UI="Q000502" MajorTopicYN="Y">physiology</QualifierName>
            </MeshHeading>
            <MeshHeading>
                <DescriptorName UI="D013341" MajorTopicYN="N">Sturge-Weber Syndrome</DescriptorName>
                <QualifierName UI="Q000150" MajorTopicYN="Y">complications</QualifierName>
            </MeshHeading>
        </MeshHeadingList>
        <KeywordList Owner="NOTNLM">
            <Keyword MajorTopicYN="N">Complications</Keyword>
            <Keyword MajorTopicYN="N">Glaucoma</Keyword>
            <Keyword MajorTopicYN="N">Sturge–Weber syndrome</Keyword>
            <Keyword MajorTopicYN="N">Surgery</Keyword>
        </KeywordList>
    </MedlineCitation>
    <PubmedData>
        <History>
            <PubMedPubDate PubStatus="received">
                <Year>2016</Year>
                <Month>05</Month>
                <Day>30</Day>
            </PubMedPubDate>
            <PubMedPubDate PubStatus="accepted">
                <Year>2016</Year>
                <Month>12</Month>
                <Day>07</Day>
            </PubMedPubDate>
            <PubMedPubDate PubStatus="pubmed">
                <Year>2017</Year>
                <Month>1</Month>
                <Day>9</Day>
                <Hour>6</Hour>
                <Minute>0</Minute>
            </PubMedPubDate>
            <PubMedPubDate PubStatus="medline">
                <Year>2018</Year>
                <Month>5</Month>
                <Day>11</Day>
                <Hour>6</Hour>
                <Minute>0</Minute>
            </PubMedPubDate>
            <PubMedPubDate PubStatus="entrez">
                <Year>2017</Year>
                <Month>1</Month>
                <Day>9</Day>
                <Hour>6</Hour>
                <Minute>0</Minute>
            </PubMedPubDate>
        </History>
        <PublicationStatus>ppublish</PublicationStatus>
        <ArticleIdList>
            <ArticleId IdType="pubmed">28064423</ArticleId>
            <ArticleId IdType="doi">10.1007/s10792-016-0412-3</ArticleId>
            <ArticleId IdType="pii">10.1007/s10792-016-0412-3</ArticleId>
        </ArticleIdList>
        <ReferenceList>
            <Reference>
                <Citation>J Med Assoc Thai. 2014 Jul;97(7):742-50</Citation>
                <ArticleIdList>
                    <ArticleId IdType="pubmed">25265774</ArticleId>
                </ArticleIdList>
            </Reference>
            <Reference>
                <Citation>Retina. 2016 Jan;36(1):75-81</Citation>
                <ArticleIdList>
                    <ArticleId IdType="pubmed">26098387</ArticleId>
                </ArticleIdList>
            </Reference>
            <Reference>
                <Citation>N Engl J Med. 2013 May 23;368(21):1971-9</Citation>
                <ArticleIdList>
                    <ArticleId IdType="pubmed">23656586</ArticleId>
                </ArticleIdList>
            </Reference>
            <Reference>
                <Citation>Br J Ophthalmol. 2015 Jul;99(7):893-8</Citation>
                <ArticleIdList>
                    <ArticleId IdType="pubmed">25287369</ArticleId>
                </ArticleIdList>
            </Reference>
            <Reference>
                <Citation>Acta Ophthalmol. 2016 Nov;94(7):638-645</Citation>
                <ArticleIdList>
                    <ArticleId IdType="pubmed">27238857</ArticleId>
                </ArticleIdList>
            </Reference>
            <Reference>
                <Citation>J Am Acad Dermatol. 2015 Mar;72(3):473-80</Citation>
                <ArticleIdList>
                    <ArticleId IdType="pubmed">25592619</ArticleId>
                </ArticleIdList>
            </Reference>
            <Reference>
                <Citation>Biomed Res Int. 2015;2015:781294</Citation>
                <ArticleIdList>
                    <ArticleId IdType="pubmed">26451378</ArticleId>
                </ArticleIdList>
            </Reference>
            <Reference>
                <Citation>Arch Soc Esp Oftalmol. 2014 Dec;89(12 ):508-9</Citation>
                <ArticleIdList>
                    <ArticleId IdType="pubmed">25086881</ArticleId>
                </ArticleIdList>
            </Reference>
            <Reference>
                <Citation>Digit J Ophthalmol. 2011;17(1):1-2</Citation>
                <ArticleIdList>
                    <ArticleId IdType="pubmed">23362384</ArticleId>
                </ArticleIdList>
            </Reference>
            <Reference>
                <Citation>Ophthalmology. 1999 Aug;106(8):1621-7</Citation>
                <ArticleIdList>
                    <ArticleId IdType="pubmed">10442913</ArticleId>
                </ArticleIdList>
            </Reference>
            <Reference>
                <Citation>Clin Ophthalmol. 2012;6:689-98</Citation>
                <ArticleIdList>
                    <ArticleId IdType="pubmed">22654494</ArticleId>
                </ArticleIdList>
            </Reference>
            <Reference>
                <Citation>J Am Acad Dermatol. 2016 Jul;75(1):64-8</Citation>
                <ArticleIdList>
                    <ArticleId IdType="pubmed">27004804</ArticleId>
                </ArticleIdList>
            </Reference>
            <Reference>
                <Citation>Jpn J Ophthalmol. 2014 Mar;58(2):172-6</Citation>
                <ArticleIdList>
                    <ArticleId IdType="pubmed">24488155</ArticleId>
                </ArticleIdList>
            </Reference>
            <Reference>
                <Citation>Optometry. 2011 May;82(5):306-9</Citation>
                <ArticleIdList>
                    <ArticleId IdType="pubmed">21524602</ArticleId>
                </ArticleIdList>
            </Reference>
            <Reference>
                <Citation>J Pathol. 2017 Jan;241(2):281-293</Citation>
                <ArticleIdList>
                    <ArticleId IdType="pubmed">27859310</ArticleId>
                </ArticleIdList>
            </Reference>
            <Reference>
                <Citation>Clin Ophthalmol. 2016 May 13;10:871-8</Citation>
                <ArticleIdList>
                    <ArticleId IdType="pubmed">27257371</ArticleId>
                </ArticleIdList>
            </Reference>
            <Reference>
                <Citation>Oman J Ophthalmol. 2015 Sep-Dec;8(3):141-6</Citation>
                <ArticleIdList>
                    <ArticleId IdType="pubmed">26903717</ArticleId>
                </ArticleIdList>
            </Reference>
            <Reference>
                <Citation>J Glaucoma. 2014 Oct-Nov;23(8):553-60</Citation>
                <ArticleIdList>
                    <ArticleId IdType="pubmed">23751927</ArticleId>
                </ArticleIdList>
            </Reference>
            <Reference>
                <Citation>J Pediatr Ophthalmol Strabismus. 2007 Jul-Aug;44(4):248-50</Citation>
                <ArticleIdList>
                    <ArticleId IdType="pubmed">17694831</ArticleId>
                </ArticleIdList>
            </Reference>
            <Reference>
                <Citation>Eur J Ophthalmol. 2015 Mar-Apr;25(2):134-6</Citation>
                <ArticleIdList>
                    <ArticleId IdType="pubmed">25044138</ArticleId>
                </ArticleIdList>
            </Reference>
            <Reference>
                <Citation>Biomed Res Int. 2015;2015:786519</Citation>
                <ArticleIdList>
                    <ArticleId IdType="pubmed">26451379</ArticleId>
                </ArticleIdList>
            </Reference>
            <Reference>
                <Citation>Pediatr Dermatol. 2012 Jan-Feb;29(1):32-7</Citation>
                <ArticleIdList>
                    <ArticleId IdType="pubmed">21906147</ArticleId>
                </ArticleIdList>
            </Reference>
            <Reference>
                <Citation>Expert Opin Pharmacother. 2012 Apr;13(5):723-45</Citation>
                <ArticleIdList>
                    <ArticleId IdType="pubmed">22348427</ArticleId>
                </ArticleIdList>
            </Reference>
            <Reference>
                <Citation>J AAPOS. 2012 Feb;16(1):61-4</Citation>
                <ArticleIdList>
                    <ArticleId IdType="pubmed">22370668</ArticleId>
                </ArticleIdList>
            </Reference>
            <Reference>
                <Citation>Taiwan J Ophthalmol. 2016 Jul-Sep;6(3):119-122</Citation>
                <ArticleIdList>
                    <ArticleId IdType="pubmed">29018725</ArticleId>
                </ArticleIdList>
            </Reference>
            <Reference>
                <Citation>Asia Pac J Ophthalmol (Phila). 2016 Jan-Feb;5(1):85-92</Citation>
                <ArticleIdList>
                    <ArticleId IdType="pubmed">26886124</ArticleId>
                </ArticleIdList>
            </Reference>
            <Reference>
                <Citation>J AAPOS. 2009 Aug;13(4):374-8</Citation>
                <ArticleIdList>
                    <ArticleId IdType="pubmed">19683189</ArticleId>
                </ArticleIdList>
            </Reference>
            <Reference>
                <Citation>Surv Ophthalmol. 2015 Jul-Aug;60(4):310-26</Citation>
                <ArticleIdList>
                    <ArticleId IdType="pubmed">25907525</ArticleId>
                </ArticleIdList>
            </Reference>
            <Reference>
                <Citation>Ophthalmology. 2014 Nov;121(11):2107-15</Citation>
                <ArticleIdList>
                    <ArticleId IdType="pubmed">25066765</ArticleId>
                </ArticleIdList>
            </Reference>
            <Reference>
                <Citation>Eur J Paediatr Neurol. 2014 May;18(3):257-66</Citation>
                <ArticleIdList>
                    <ArticleId IdType="pubmed">24275166</ArticleId>
                </ArticleIdList>
            </Reference>
            <Reference>
                <Citation>J Med Assoc Thai. 2013 Mar;96(3):374-7</Citation>
                <ArticleIdList>
                    <ArticleId IdType="pubmed">23539944</ArticleId>
                </ArticleIdList>
            </Reference>
            <Reference>
                <Citation>Jpn J Ophthalmol. 2002 Jan-Feb;46(1):74-7</Citation>
                <ArticleIdList>
                    <ArticleId IdType="pubmed">11853718</ArticleId>
                </ArticleIdList>
            </Reference>
            <Reference>
                <Citation>J Pediatr Ophthalmol Strabismus. 2000 Jan-Feb;37(1):29-34</Citation>
                <ArticleIdList>
                    <ArticleId IdType="pubmed">10714693</ArticleId>
                </ArticleIdList>
            </Reference>
            <Reference>
                <Citation>Invest Ophthalmol Vis Sci. 2014 Jan 23;55(1):477-84</Citation>
                <ArticleIdList>
                    <ArticleId IdType="pubmed">24398100</ArticleId>
                </ArticleIdList>
            </Reference>
            <Reference>
                <Citation>Trans Am Ophthalmol Soc. 2013 Sep;111:180-215</Citation>
                <ArticleIdList>
                    <ArticleId IdType="pubmed">24385674</ArticleId>
                </ArticleIdList>
            </Reference>
            <Reference>
                <Citation>Clin Ter. 2009;160(3):215-6</Citation>
                <ArticleIdList>
                    <ArticleId IdType="pubmed">19756324</ArticleId>
                </ArticleIdList>
            </Reference>
            <Reference>
                <Citation>Br J Ophthalmol. 2003 Sep;87(9):1091-3</Citation>
                <ArticleIdList>
                    <ArticleId IdType="pubmed">12928274</ArticleId>
                </ArticleIdList>
            </Reference>
            <Reference>
                <Citation>Int Ophthalmol. 2007 Dec;27(6):345-50</Citation>
                <ArticleIdList>
                    <ArticleId IdType="pubmed">17557138</ArticleId>
                </ArticleIdList>
            </Reference>
            <Reference>
                <Citation>Asia Pac J Ophthalmol (Phila). 2015 Jul-Aug;4(4):242</Citation>
                <ArticleIdList>
                    <ArticleId IdType="pubmed">26147014</ArticleId>
                </ArticleIdList>
            </Reference>
            <Reference>
                <Citation>Acta Ophthalmol Scand. 2006 Oct;84(5):656-60</Citation>
                <ArticleIdList>
                    <ArticleId IdType="pubmed">16965497</ArticleId>
                </ArticleIdList>
            </Reference>
        </ReferenceList>
    </PubmedData>
</PubmedArticle>

</PubmedArticleSet>