<?xml version="1.0" ?>
<!DOCTYPE PubmedArticleSet PUBLIC "-//NLM//DTD PubMedArticle, 1st January 2019//EN" "https://dtd.nlm.nih.gov/ncbi/pubmed/out/pubmed_190101.dtd">
<PubmedArticleSet>
<PubmedArticle>
    <MedlineCitation Status="MEDLINE" Owner="NLM">
        <PMID Version="1">11709251</PMID>
        <DateCompleted>
            <Year>2001</Year>
            <Month>12</Month>
            <Day>11</Day>
        </DateCompleted>
        <DateRevised>
            <Year>2019</Year>
            <Month>08</Month>
            <Day>22</Day>
        </DateRevised>
        <Article PubModel="Print">
            <Journal>
                <ISSN IssnType="Print">0886-3350</ISSN>
                <JournalIssue CitedMedium="Print">
                    <Volume>27</Volume>
                    <Issue>11</Issue>
                    <PubDate>
                        <Year>2001</Year>
                        <Month>Nov</Month>
                    </PubDate>
                </JournalIssue>
                <Title>Journal of cataract and refractive surgery</Title>
                <ISOAbbreviation>J Cataract Refract Surg</ISOAbbreviation>
            </Journal>
            <ArticleTitle>Effect of cataract surgery on intraocular pressure control in glaucoma patients.</ArticleTitle>
            <Pagination>
                <MedlinePgn>1779-86</MedlinePgn>
            </Pagination>
            <Abstract>
                <AbstractText Label="PURPOSE" NlmCategory="OBJECTIVE">To examine the effect of cataract surgery on intraocular pressure (IOP) control in eyes with angle-closure glaucoma (ACG) and open-angle glaucoma (OAG).</AbstractText>
                <AbstractText Label="SETTING" NlmCategory="METHODS">Hayashi Eye Hospital, Fukuoka, Japan.</AbstractText>
                <AbstractText Label="METHODS" NlmCategory="METHODS">This study included 74 eyes with ACG and 68 eyes with OAG having cataract surgery. The IOP was measured and the number of glaucoma medications recorded preoperatively, 1 month postoperatively, and then every 3 months. The IOP control in the 2 groups was compared using survival analysis, with failure criteria being an IOP greater than 21 mm Hg, addition of medications, or the need for additional glaucoma surgery.</AbstractText>
                <AbstractText Label="RESULTS" NlmCategory="RESULTS">The mean IOP and number of medications decreased significantly after surgery in both groups (P &lt;.0001). However, the mean decrease in IOP and percentage of IOP reduction in the ACG group were greater than in the OAG group, and fewer medications were required in the ACG group. The cumulative survival probability of IOP control at 24 months was 91.9% in the ACG group and 72.1% in the OAG group. The survival curve in the ACG group was significantly better than in the OAG group (P =.0012). The IOP was controlled without medication in 30 eyes (40.5%) in the ACG group and 13 (19.1%) in the OAG group; the difference between groups was significant (P =.0055).</AbstractText>
                <AbstractText Label="CONCLUSIONS" NlmCategory="CONCLUSIONS">Cataract surgery substantially reduced IOP and the number of medications required for IOP control in glaucomatous eyes. Specifically, cataract extraction normalized the IOP in most eyes with ACG.</AbstractText>
            </Abstract>
            <AuthorList CompleteYN="Y">
                <Author ValidYN="Y">
                    <LastName>Hayashi</LastName>
                    <ForeName>K</ForeName>
                    <Initials>K</Initials>
                    <AffiliationInfo>
                        <Affiliation>Hayashi Eye Hospital, Fukuoka, Japan. hayashi-ken@hayashi.or.jp</Affiliation>
                    </AffiliationInfo>
                </Author>
                <Author ValidYN="Y">
                    <LastName>Hayashi</LastName>
                    <ForeName>H</ForeName>
                    <Initials>H</Initials>
                </Author>
                <Author ValidYN="Y">
                    <LastName>Nakao</LastName>
                    <ForeName>F</ForeName>
                    <Initials>F</Initials>
                </Author>
                <Author ValidYN="Y">
                    <LastName>Hayashi</LastName>
                    <ForeName>F</ForeName>
                    <Initials>F</Initials>
                </Author>
            </AuthorList>
            <Language>eng</Language>
            <PublicationTypeList>
                <PublicationType UI="D016428">Journal Article</PublicationType>
            </PublicationTypeList>
        </Article>
        <MedlineJournalInfo>
            <Country>United States</Country>
            <MedlineTA>J Cataract Refract Surg</MedlineTA>
            <NlmUniqueID>8604171</NlmUniqueID>
            <ISSNLinking>0886-3350</ISSNLinking>
        </MedlineJournalInfo>
        <CitationSubset>IM</CitationSubset>
        <MeshHeadingList>
            <MeshHeading>
                <DescriptorName UI="D000368" MajorTopicYN="N">Aged</DescriptorName>
            </MeshHeading>
            <MeshHeading>
                <DescriptorName UI="D000369" MajorTopicYN="N">Aged, 80 and over</DescriptorName>
            </MeshHeading>
            <MeshHeading>
                <DescriptorName UI="D002386" MajorTopicYN="N">Cataract</DescriptorName>
                <QualifierName UI="Q000150" MajorTopicYN="N">complications</QualifierName>
                <QualifierName UI="Q000503" MajorTopicYN="N">physiopathology</QualifierName>
                <QualifierName UI="Q000628" MajorTopicYN="N">therapy</QualifierName>
            </MeshHeading>
            <MeshHeading>
                <DescriptorName UI="D005260" MajorTopicYN="N">Female</DescriptorName>
            </MeshHeading>
            <MeshHeading>
                <DescriptorName UI="D015812" MajorTopicYN="N">Glaucoma, Angle-Closure</DescriptorName>
                <QualifierName UI="Q000150" MajorTopicYN="N">complications</QualifierName>
                <QualifierName UI="Q000188" MajorTopicYN="N">drug therapy</QualifierName>
                <QualifierName UI="Q000503" MajorTopicYN="Y">physiopathology</QualifierName>
            </MeshHeading>
            <MeshHeading>
                <DescriptorName UI="D005902" MajorTopicYN="N">Glaucoma, Open-Angle</DescriptorName>
                <QualifierName UI="Q000150" MajorTopicYN="N">complications</QualifierName>
                <QualifierName UI="Q000188" MajorTopicYN="N">drug therapy</QualifierName>
                <QualifierName UI="Q000503" MajorTopicYN="Y">physiopathology</QualifierName>
            </MeshHeading>
            <MeshHeading>
                <DescriptorName UI="D006801" MajorTopicYN="N">Humans</DescriptorName>
            </MeshHeading>
            <MeshHeading>
                <DescriptorName UI="D007429" MajorTopicYN="N">Intraocular Pressure</DescriptorName>
                <QualifierName UI="Q000502" MajorTopicYN="Y">physiology</QualifierName>
            </MeshHeading>
            <MeshHeading>
                <DescriptorName UI="D019654" MajorTopicYN="N">Lens Implantation, Intraocular</DescriptorName>
            </MeshHeading>
            <MeshHeading>
                <DescriptorName UI="D008297" MajorTopicYN="N">Male</DescriptorName>
            </MeshHeading>
            <MeshHeading>
                <DescriptorName UI="D008875" MajorTopicYN="N">Middle Aged</DescriptorName>
            </MeshHeading>
            <MeshHeading>
                <DescriptorName UI="D018918" MajorTopicYN="Y">Phacoemulsification</DescriptorName>
            </MeshHeading>
            <MeshHeading>
                <DescriptorName UI="D011446" MajorTopicYN="N">Prospective Studies</DescriptorName>
            </MeshHeading>
            <MeshHeading>
                <DescriptorName UI="D014065" MajorTopicYN="N">Tonometry, Ocular</DescriptorName>
            </MeshHeading>
        </MeshHeadingList>
    </MedlineCitation>
    <PubmedData>
        <History>
            <PubMedPubDate PubStatus="pubmed">
                <Year>2001</Year>
                <Month>11</Month>
                <Day>16</Day>
                <Hour>10</Hour>
                <Minute>0</Minute>
            </PubMedPubDate>
            <PubMedPubDate PubStatus="medline">
                <Year>2002</Year>
                <Month>1</Month>
                <Day>5</Day>
                <Hour>10</Hour>
                <Minute>1</Minute>
            </PubMedPubDate>
            <PubMedPubDate PubStatus="entrez">
                <Year>2001</Year>
                <Month>11</Month>
                <Day>16</Day>
                <Hour>10</Hour>
                <Minute>0</Minute>
            </PubMedPubDate>
        </History>
        <PublicationStatus>ppublish</PublicationStatus>
        <ArticleIdList>
            <ArticleId IdType="pubmed">11709251</ArticleId>
            <ArticleId IdType="pii">S0886-3350(01)01036-7</ArticleId>
            <ArticleId IdType="doi">10.1016/s0886-3350(01)01036-7</ArticleId>
        </ArticleIdList>
    </PubmedData>
</PubmedArticle>

</PubmedArticleSet>