<?xml version="1.0" ?>
<!DOCTYPE PubmedArticleSet PUBLIC "-//NLM//DTD PubMedArticle, 1st January 2019//EN" "https://dtd.nlm.nih.gov/ncbi/pubmed/out/pubmed_190101.dtd">
<PubmedArticleSet>
<PubmedArticle>
    <MedlineCitation Status="MEDLINE" Owner="NLM">
        <PMID Version="1">15811734</PMID>
        <DateCompleted>
            <Year>2005</Year>
            <Month>05</Month>
            <Day>16</Day>
        </DateCompleted>
        <DateRevised>
            <Year>2014</Year>
            <Month>11</Month>
            <Day>20</Day>
        </DateRevised>
        <Article PubModel="Print">
            <Journal>
                <ISSN IssnType="Print">0886-3350</ISSN>
                <JournalIssue CitedMedium="Print">
                    <Volume>31</Volume>
                    <Issue>3</Issue>
                    <PubDate>
                        <Year>2005</Year>
                        <Month>Mar</Month>
                    </PubDate>
                </JournalIssue>
                <Title>Journal of cataract and refractive surgery</Title>
                <ISOAbbreviation>J Cataract Refract Surg</ISOAbbreviation>
            </Journal>
            <ArticleTitle>Long-term intraocular pressure control after clear corneal phacoemulsification in glaucoma patients.</ArticleTitle>
            <Pagination>
                <MedlinePgn>479-83</MedlinePgn>
            </Pagination>
            <Abstract>
                <AbstractText Label="PURPOSE" NlmCategory="OBJECTIVE">To evaluate long-term IOP control after sutureless clear corneal phacoemulsification in eyes with preoperatively controlled glaucoma.</AbstractText>
                <AbstractText Label="SETTING" NlmCategory="METHODS">Institutional study.</AbstractText>
                <AbstractText Label="METHODS" NlmCategory="METHODS">The charts of 345 patients who had uneventful sutureless clear corneal phacoemulsification with acrylic foldable lens (IOL) implantation were retrospectively reviewed. Included were 58 patients with medically controlled open-angle glaucoma and 287 normal controls. Follow-up was 1 to 2 years. Outcome measures were postoperative IOP and number of glaucoma medications.</AbstractText>
                <AbstractText Label="RESULTS" NlmCategory="RESULTS">Postoperatively, there was an insignificant decrease in IOP in the glaucoma group; the mean decrease was 1.5 mm Hg +/- 4.4 (SD) at 12 months and 1.9 +/- 4.9 mm Hg at 24 months. The mean number of medications decreased significantly at 12 months (0.53 +/- 0.86) and at 24 months (0.38 +/- 0.9) (P=.04). The control group also had a significant decrease in IOP, with a mean decrease of 0.72 +/- 3.7 mm Hg at 12 months (P=.01) and 1.33 +/- 3.2 mm Hg at 24 months (P&lt;.0001). The decrease in IOP was more pronounced in eyes with a higher preoperative IOP in both the glaucoma and control groups.</AbstractText>
                <AbstractText Label="CONCLUSIONS" NlmCategory="CONCLUSIONS">These findings suggest that sutureless clear corneal phacoemulsification with foldable acrylic IOL implantation is a relatively simple and efficient surgical option in patients with cataract and well-controlled glaucoma. The approach combines long-term IOP control with fewer medications and leads to rapid visual rehabilitation.</AbstractText>
            </Abstract>
            <AuthorList CompleteYN="Y">
                <Author ValidYN="Y">
                    <LastName>Mathalone</LastName>
                    <ForeName>Nurit</ForeName>
                    <Initials>N</Initials>
                    <AffiliationInfo>
                        <Affiliation>Department of Ophthalmology, Carmel Medical Center, Haifa, Israel.</Affiliation>
                    </AffiliationInfo>
                </Author>
                <Author ValidYN="Y">
                    <LastName>Hyams</LastName>
                    <ForeName>Michael</ForeName>
                    <Initials>M</Initials>
                </Author>
                <Author ValidYN="Y">
                    <LastName>Neiman</LastName>
                    <ForeName>Sarit</ForeName>
                    <Initials>S</Initials>
                </Author>
                <Author ValidYN="Y">
                    <LastName>Buckman</LastName>
                    <ForeName>Gila</ForeName>
                    <Initials>G</Initials>
                </Author>
                <Author ValidYN="Y">
                    <LastName>Hod</LastName>
                    <ForeName>Yair</ForeName>
                    <Initials>Y</Initials>
                </Author>
                <Author ValidYN="Y">
                    <LastName>Geyer</LastName>
                    <ForeName>Orna</ForeName>
                    <Initials>O</Initials>
                </Author>
            </AuthorList>
            <Language>eng</Language>
            <PublicationTypeList>
                <PublicationType UI="D016428">Journal Article</PublicationType>
            </PublicationTypeList>
        </Article>
        <MedlineJournalInfo>
            <Country>United States</Country>
            <MedlineTA>J Cataract Refract Surg</MedlineTA>
            <NlmUniqueID>8604171</NlmUniqueID>
            <ISSNLinking>0886-3350</ISSNLinking>
        </MedlineJournalInfo>
        <ChemicalList>
            <Chemical>
                <RegistryNumber>0</RegistryNumber>
                <NameOfSubstance UI="D000180">Acrylic Resins</NameOfSubstance>
            </Chemical>
        </ChemicalList>
        <CitationSubset>IM</CitationSubset>
        <CommentsCorrectionsList>
            <CommentsCorrections RefType="CommentIn">
                <RefSource>J Cataract Refract Surg. 2006 Feb;32(2):183; author reply 183</RefSource>
                <PMID Version="1">16564965</PMID>
            </CommentsCorrections>
        </CommentsCorrectionsList>
        <MeshHeadingList>
            <MeshHeading>
                <DescriptorName UI="D000180" MajorTopicYN="N">Acrylic Resins</DescriptorName>
            </MeshHeading>
            <MeshHeading>
                <DescriptorName UI="D000368" MajorTopicYN="N">Aged</DescriptorName>
            </MeshHeading>
            <MeshHeading>
                <DescriptorName UI="D000369" MajorTopicYN="N">Aged, 80 and over</DescriptorName>
            </MeshHeading>
            <MeshHeading>
                <DescriptorName UI="D002386" MajorTopicYN="N">Cataract</DescriptorName>
                <QualifierName UI="Q000150" MajorTopicYN="Y">complications</QualifierName>
            </MeshHeading>
            <MeshHeading>
                <DescriptorName UI="D003315" MajorTopicYN="N">Cornea</DescriptorName>
                <QualifierName UI="Q000601" MajorTopicYN="Y">surgery</QualifierName>
            </MeshHeading>
            <MeshHeading>
                <DescriptorName UI="D005260" MajorTopicYN="N">Female</DescriptorName>
            </MeshHeading>
            <MeshHeading>
                <DescriptorName UI="D005500" MajorTopicYN="N">Follow-Up Studies</DescriptorName>
            </MeshHeading>
            <MeshHeading>
                <DescriptorName UI="D005902" MajorTopicYN="N">Glaucoma, Open-Angle</DescriptorName>
                <QualifierName UI="Q000150" MajorTopicYN="Y">complications</QualifierName>
            </MeshHeading>
            <MeshHeading>
                <DescriptorName UI="D006801" MajorTopicYN="N">Humans</DescriptorName>
            </MeshHeading>
            <MeshHeading>
                <DescriptorName UI="D007429" MajorTopicYN="Y">Intraocular Pressure</DescriptorName>
            </MeshHeading>
            <MeshHeading>
                <DescriptorName UI="D019654" MajorTopicYN="N">Lens Implantation, Intraocular</DescriptorName>
            </MeshHeading>
            <MeshHeading>
                <DescriptorName UI="D007910" MajorTopicYN="N">Lenses, Intraocular</DescriptorName>
            </MeshHeading>
            <MeshHeading>
                <DescriptorName UI="D008297" MajorTopicYN="N">Male</DescriptorName>
            </MeshHeading>
            <MeshHeading>
                <DescriptorName UI="D019060" MajorTopicYN="N">Minimally Invasive Surgical Procedures</DescriptorName>
            </MeshHeading>
            <MeshHeading>
                <DescriptorName UI="D018918" MajorTopicYN="N">Phacoemulsification</DescriptorName>
                <QualifierName UI="Q000379" MajorTopicYN="Y">methods</QualifierName>
            </MeshHeading>
            <MeshHeading>
                <DescriptorName UI="D012189" MajorTopicYN="N">Retrospective Studies</DescriptorName>
            </MeshHeading>
            <MeshHeading>
                <DescriptorName UI="D013536" MajorTopicYN="N">Suture Techniques</DescriptorName>
            </MeshHeading>
        </MeshHeadingList>
    </MedlineCitation>
    <PubmedData>
        <History>
            <PubMedPubDate PubStatus="accepted">
                <Year>2004</Year>
                <Month>06</Month>
                <Day>10</Day>
            </PubMedPubDate>
            <PubMedPubDate PubStatus="pubmed">
                <Year>2005</Year>
                <Month>4</Month>
                <Day>7</Day>
                <Hour>9</Hour>
                <Minute>0</Minute>
            </PubMedPubDate>
            <PubMedPubDate PubStatus="medline">
                <Year>2005</Year>
                <Month>5</Month>
                <Day>17</Day>
                <Hour>9</Hour>
                <Minute>0</Minute>
            </PubMedPubDate>
            <PubMedPubDate PubStatus="entrez">
                <Year>2005</Year>
                <Month>4</Month>
                <Day>7</Day>
                <Hour>9</Hour>
                <Minute>0</Minute>
            </PubMedPubDate>
        </History>
        <PublicationStatus>ppublish</PublicationStatus>
        <ArticleIdList>
            <ArticleId IdType="pubmed">15811734</ArticleId>
            <ArticleId IdType="pii">S0886-3350(04)00709-6</ArticleId>
            <ArticleId IdType="doi">10.1016/j.jcrs.2004.06.046</ArticleId>
        </ArticleIdList>
    </PubmedData>
</PubmedArticle>

</PubmedArticleSet>