<?xml version="1.0" ?>
<!DOCTYPE PubmedArticleSet PUBLIC "-//NLM//DTD PubMedArticle, 1st January 2019//EN" "https://dtd.nlm.nih.gov/ncbi/pubmed/out/pubmed_190101.dtd">
<PubmedArticleSet>
<PubmedArticle>
    <MedlineCitation Status="MEDLINE" Owner="NLM">
        <PMID Version="1">17106361</PMID>
        <DateCompleted>
            <Year>2006</Year>
            <Month>12</Month>
            <Day>12</Day>
        </DateCompleted>
        <DateRevised>
            <Year>2006</Year>
            <Month>11</Month>
            <Day>19</Day>
        </DateRevised>
        <Article PubModel="Print">
            <Journal>
                <ISSN IssnType="Print">1057-0829</ISSN>
                <JournalIssue CitedMedium="Print">
                    <Volume>15</Volume>
                    <Issue>6</Issue>
                    <PubDate>
                        <Year>2006</Year>
                        <Month>Dec</Month>
                    </PubDate>
                </JournalIssue>
                <Title>Journal of glaucoma</Title>
                <ISOAbbreviation>J Glaucoma</ISOAbbreviation>
            </Journal>
            <ArticleTitle>Three and five year changes in intraocular pressures after clear corneal phacoemulsification in open angle glaucoma patients, glaucoma suspects, and normal patients.</ArticleTitle>
            <Pagination>
                <MedlinePgn>494-8</MedlinePgn>
            </Pagination>
            <Abstract>
                <AbstractText Label="PURPOSE" NlmCategory="OBJECTIVE">This study evaluates the change in intraocular pressure (IOP) and glaucoma medication requirements after clear corneal phacoemulsification in open angle glaucoma patients, glaucoma suspects, and normal patients at 3 years and last follow-up (mean 5 y).</AbstractText>
                <AbstractText Label="PATIENTS AND METHODS" NlmCategory="METHODS">This study represents a retrospective analysis of patients who had clear corneal phacoemulsification and at least 3 years of follow-up. The patients were classified into 3 groups: glaucoma (G), glaucoma suspects (GS), and no glaucoma (NG). No patient had a history of previous intraocular surgery. Single factor analysis of variance, Fisher exact tests, 2-tailed paired Student t tests and Kaplan-Meier analysis were applied.</AbstractText>
                <AbstractText Label="RESULTS" NlmCategory="RESULTS">Forty-eight patients (55 eyes) in the glaucoma group, 41 patients (44 eyes) in the GS group, and 59 patients (59 eyes) in the NG group met the above criteria. At 3 years follow-up IOP was significantly decreased in all groups; (G) group decreased 1.4+/-3.3 mm Hg (P = 0.0025), GS 1.4+/-4.2 mm Hg (P = 0.004), and NG 1.7+/-3.1 mm Hg (P = 0.0005). At the final follow-up visit (mean near 5 y for all groups) the IOP was significantly decreased in all groups, (G) group 1.8+/-3.5 mm Hg (P = 0.005), GS 1.3+/-3.7 mm Hg (P = 0.025), and NG 1.5+/-2.5 mm Hg (P &lt; 0.0001). The number of preoperative and postoperative glaucoma medications in the (G) group did not show any significant change at 3 and 5 years (P = 0.36, P = 0.87). Kaplan-Meier analysis shows that at 3 years, 85% of the (G) group, 81% of GS, and 90% of the NG had IOPs less than or equal to their preoperative IOP, with the same number of glaucoma medications or less. At 5 years the percentages were 76%, 79%, and 85%, respectively.</AbstractText>
                <AbstractText Label="CONCLUSIONS" NlmCategory="CONCLUSIONS">This study demonstrates that cataract removal by clear cornea phacoemulsification in glaucoma patients, glaucoma suspects, and normal patients results in a small but significant decrease in IOP that is sustained at 3 years and a mean of 5 years in all groups. This study does not imply that cataract removal by phacoemulsification is a substitute for a combined procedure but may be an appropriate procedure for certain patients based on medication requirements and extent of optic nerve damage.</AbstractText>
            </Abstract>
            <AuthorList CompleteYN="Y">
                <Author ValidYN="Y">
                    <LastName>Shingleton</LastName>
                    <ForeName>Bradford J</ForeName>
                    <Initials>BJ</Initials>
                    <AffiliationInfo>
                        <Affiliation>Ophthalmic Consultants of Boston, Center for Eye Research and Education, Boston, MA, USA. bjshingleton@eyeboston.com</Affiliation>
                    </AffiliationInfo>
                </Author>
                <Author ValidYN="Y">
                    <LastName>Pasternack</LastName>
                    <ForeName>James J</ForeName>
                    <Initials>JJ</Initials>
                </Author>
                <Author ValidYN="Y">
                    <LastName>Hung</LastName>
                    <ForeName>James W</ForeName>
                    <Initials>JW</Initials>
                </Author>
                <Author ValidYN="Y">
                    <LastName>O'Donoghue</LastName>
                    <ForeName>Mark W</ForeName>
                    <Initials>MW</Initials>
                </Author>
            </AuthorList>
            <Language>eng</Language>
            <PublicationTypeList>
                <PublicationType UI="D016428">Journal Article</PublicationType>
            </PublicationTypeList>
        </Article>
        <MedlineJournalInfo>
            <Country>United States</Country>
            <MedlineTA>J Glaucoma</MedlineTA>
            <NlmUniqueID>9300903</NlmUniqueID>
            <ISSNLinking>1057-0829</ISSNLinking>
        </MedlineJournalInfo>
        <ChemicalList>
            <Chemical>
                <RegistryNumber>0</RegistryNumber>
                <NameOfSubstance UI="D000959">Antihypertensive Agents</NameOfSubstance>
            </Chemical>
        </ChemicalList>
        <CitationSubset>IM</CitationSubset>
        <MeshHeadingList>
            <MeshHeading>
                <DescriptorName UI="D000368" MajorTopicYN="N">Aged</DescriptorName>
            </MeshHeading>
            <MeshHeading>
                <DescriptorName UI="D000959" MajorTopicYN="N">Antihypertensive Agents</DescriptorName>
                <QualifierName UI="Q000627" MajorTopicYN="N">therapeutic use</QualifierName>
            </MeshHeading>
            <MeshHeading>
                <DescriptorName UI="D002386" MajorTopicYN="N">Cataract</DescriptorName>
                <QualifierName UI="Q000503" MajorTopicYN="Y">physiopathology</QualifierName>
                <QualifierName UI="Q000628" MajorTopicYN="N">therapy</QualifierName>
            </MeshHeading>
            <MeshHeading>
                <DescriptorName UI="D003315" MajorTopicYN="N">Cornea</DescriptorName>
                <QualifierName UI="Q000601" MajorTopicYN="Y">surgery</QualifierName>
            </MeshHeading>
            <MeshHeading>
                <DescriptorName UI="D005260" MajorTopicYN="N">Female</DescriptorName>
            </MeshHeading>
            <MeshHeading>
                <DescriptorName UI="D005500" MajorTopicYN="N">Follow-Up Studies</DescriptorName>
            </MeshHeading>
            <MeshHeading>
                <DescriptorName UI="D005902" MajorTopicYN="N">Glaucoma, Open-Angle</DescriptorName>
                <QualifierName UI="Q000188" MajorTopicYN="N">drug therapy</QualifierName>
                <QualifierName UI="Q000503" MajorTopicYN="Y">physiopathology</QualifierName>
            </MeshHeading>
            <MeshHeading>
                <DescriptorName UI="D006801" MajorTopicYN="N">Humans</DescriptorName>
            </MeshHeading>
            <MeshHeading>
                <DescriptorName UI="D007429" MajorTopicYN="N">Intraocular Pressure</DescriptorName>
                <QualifierName UI="Q000502" MajorTopicYN="Y">physiology</QualifierName>
            </MeshHeading>
            <MeshHeading>
                <DescriptorName UI="D008297" MajorTopicYN="N">Male</DescriptorName>
            </MeshHeading>
            <MeshHeading>
                <DescriptorName UI="D009798" MajorTopicYN="N">Ocular Hypertension</DescriptorName>
                <QualifierName UI="Q000188" MajorTopicYN="N">drug therapy</QualifierName>
                <QualifierName UI="Q000503" MajorTopicYN="N">physiopathology</QualifierName>
            </MeshHeading>
            <MeshHeading>
                <DescriptorName UI="D018918" MajorTopicYN="N">Phacoemulsification</DescriptorName>
                <QualifierName UI="Q000379" MajorTopicYN="Y">methods</QualifierName>
            </MeshHeading>
            <MeshHeading>
                <DescriptorName UI="D012189" MajorTopicYN="N">Retrospective Studies</DescriptorName>
            </MeshHeading>
        </MeshHeadingList>
    </MedlineCitation>
    <PubmedData>
        <History>
            <PubMedPubDate PubStatus="pubmed">
                <Year>2006</Year>
                <Month>11</Month>
                <Day>16</Day>
                <Hour>9</Hour>
                <Minute>0</Minute>
            </PubMedPubDate>
            <PubMedPubDate PubStatus="medline">
                <Year>2006</Year>
                <Month>12</Month>
                <Day>13</Day>
                <Hour>9</Hour>
                <Minute>0</Minute>
            </PubMedPubDate>
            <PubMedPubDate PubStatus="entrez">
                <Year>2006</Year>
                <Month>11</Month>
                <Day>16</Day>
                <Hour>9</Hour>
                <Minute>0</Minute>
            </PubMedPubDate>
        </History>
        <PublicationStatus>ppublish</PublicationStatus>
        <ArticleIdList>
            <ArticleId IdType="pubmed">17106361</ArticleId>
            <ArticleId IdType="doi">10.1097/01.ijg.0000212294.31411.92</ArticleId>
            <ArticleId IdType="pii">00061198-200612000-00004</ArticleId>
        </ArticleIdList>
    </PubmedData>
</PubmedArticle>

</PubmedArticleSet>