<?xml version="1.0" ?>
<!DOCTYPE PubmedArticleSet PUBLIC "-//NLM//DTD PubMedArticle, 1st January 2019//EN" "https://dtd.nlm.nih.gov/ncbi/pubmed/out/pubmed_190101.dtd">
<PubmedArticleSet>
<PubmedArticle>
    <MedlineCitation Status="MEDLINE" Owner="NLM">
        <PMID Version="1">20202537</PMID>
        <DateCompleted>
            <Year>2010</Year>
            <Month>05</Month>
            <Day>13</Day>
        </DateCompleted>
        <DateRevised>
            <Year>2010</Year>
            <Month>03</Month>
            <Day>05</Day>
        </DateRevised>
        <Article PubModel="Print">
            <Journal>
                <ISSN IssnType="Electronic">1873-4502</ISSN>
                <JournalIssue CitedMedium="Internet">
                    <Volume>36</Volume>
                    <Issue>3</Issue>
                    <PubDate>
                        <Year>2010</Year>
                        <Month>Mar</Month>
                    </PubDate>
                </JournalIssue>
                <Title>Journal of cataract and refractive surgery</Title>
                <ISOAbbreviation>J Cataract Refract Surg</ISOAbbreviation>
            </Journal>
            <ArticleTitle>Phacoemulsification versus phacoemulsification with micro-bypass stent implantation in primary open-angle glaucoma: randomized double-masked clinical trial.</ArticleTitle>
            <Pagination>
                <MedlinePgn>407-12</MedlinePgn>
            </Pagination>
            <ELocationID EIdType="doi" ValidYN="Y">10.1016/j.jcrs.2009.10.031</ELocationID>
            <Abstract>
                <AbstractText Label="PURPOSE" NlmCategory="OBJECTIVE">To compare phacoemulsification alone and phacoemulsification with micro-bypass stent implantation in eyes with primary open-angle glaucoma.</AbstractText>
                <AbstractText Label="SETTING" NlmCategory="METHODS">Instituto di Fisiopatologia Clinica, Clinica Oculistica, Universita' di Torino, Torino, Italy.</AbstractText>
                <AbstractText Label="METHODS" NlmCategory="METHODS">In this prospective double-masked randomized clinical trial, patients had phacoemulsification alone (control group) or phacoemulsification with iStent implantation (combined group). Primary outcomes were intraocular pressure (IOP) and reduction in medication use over 15 months and IOP after a 1-month washout of ocular hypotensive agents (ie, 16 months postoperatively).</AbstractText>
                <AbstractText Label="RESULTS" NlmCategory="RESULTS">The baseline IOP was similar between groups (combined group: 17.9 mm Hg +/- 2.6 [SD]; control group: 17.3 +/- 3.0 mm Hg) (P = .512). Three patients in the control group were lost to follow-up. The mean IOP was 14.8 +/- 1.2 mm Hg in the combined group and 15.7 +/- 1.1 mm Hg in the control group at 15 months and 16.6 +/- 3.1 mm Hg and 19.2 +/- 3.5 mm Hg, respectively, after washout; the IOP was statistically significantly lower in the combined group than in the control group at both time points (P = .031 and P = .042, respectively). At 15 months, the mean number of medications was lower in the combined group than in the control group (0.4 +/- 0.7 and 1.3 +/- 1.0, respectively; P = .007), as was the proportion of patients on ocular hypotensive medication (33% and 76%, respectively).</AbstractText>
                <AbstractText Label="CONCLUSIONS" NlmCategory="CONCLUSIONS">Phacoemulsification with stent implantation was more effective in controlling IOP than phacoemulsification alone; the safety profiles were similar.</AbstractText>
                <CopyrightInformation>Copyright  2010 ASCRS and ESCRS. Published by Elsevier Inc. All rights reserved.</CopyrightInformation>
            </Abstract>
            <AuthorList CompleteYN="Y">
                <Author ValidYN="Y">
                    <LastName>Fea</LastName>
                    <ForeName>Antonio M</ForeName>
                    <Initials>AM</Initials>
                    <AffiliationInfo>
                        <Affiliation>Instituto di Fisiopatologia Clinica, Clinica Oculistica, Universita' di Torino, Via Juvarra 19,10100 Torino, Italy. antoniofea@interfree.it</Affiliation>
                    </AffiliationInfo>
                </Author>
            </AuthorList>
            <Language>eng</Language>
            <PublicationTypeList>
                <PublicationType UI="D003160">Comparative Study</PublicationType>
                <PublicationType UI="D016428">Journal Article</PublicationType>
                <PublicationType UI="D016449">Randomized Controlled Trial</PublicationType>
                <PublicationType UI="D013485">Research Support, Non-U.S. Gov't</PublicationType>
            </PublicationTypeList>
        </Article>
        <MedlineJournalInfo>
            <Country>United States</Country>
            <MedlineTA>J Cataract Refract Surg</MedlineTA>
            <NlmUniqueID>8604171</NlmUniqueID>
            <ISSNLinking>0886-3350</ISSNLinking>
        </MedlineJournalInfo>
        <ChemicalList>
            <Chemical>
                <RegistryNumber>0</RegistryNumber>
                <NameOfSubstance UI="D000959">Antihypertensive Agents</NameOfSubstance>
            </Chemical>
        </ChemicalList>
        <CitationSubset>IM</CitationSubset>
        <MeshHeadingList>
            <MeshHeading>
                <DescriptorName UI="D000368" MajorTopicYN="N">Aged</DescriptorName>
            </MeshHeading>
            <MeshHeading>
                <DescriptorName UI="D000959" MajorTopicYN="N">Antihypertensive Agents</DescriptorName>
                <QualifierName UI="Q000008" MajorTopicYN="N">administration &amp; dosage</QualifierName>
            </MeshHeading>
            <MeshHeading>
                <DescriptorName UI="D002386" MajorTopicYN="N">Cataract</DescriptorName>
                <QualifierName UI="Q000150" MajorTopicYN="N">complications</QualifierName>
            </MeshHeading>
            <MeshHeading>
                <DescriptorName UI="D004311" MajorTopicYN="N">Double-Blind Method</DescriptorName>
            </MeshHeading>
            <MeshHeading>
                <DescriptorName UI="D005260" MajorTopicYN="N">Female</DescriptorName>
            </MeshHeading>
            <MeshHeading>
                <DescriptorName UI="D020327" MajorTopicYN="Y">Glaucoma Drainage Implants</DescriptorName>
            </MeshHeading>
            <MeshHeading>
                <DescriptorName UI="D005902" MajorTopicYN="N">Glaucoma, Open-Angle</DescriptorName>
                <QualifierName UI="Q000188" MajorTopicYN="N">drug therapy</QualifierName>
                <QualifierName UI="Q000503" MajorTopicYN="N">physiopathology</QualifierName>
                <QualifierName UI="Q000601" MajorTopicYN="Y">surgery</QualifierName>
            </MeshHeading>
            <MeshHeading>
                <DescriptorName UI="D006068" MajorTopicYN="N">Gonioscopy</DescriptorName>
            </MeshHeading>
            <MeshHeading>
                <DescriptorName UI="D006801" MajorTopicYN="N">Humans</DescriptorName>
            </MeshHeading>
            <MeshHeading>
                <DescriptorName UI="D007429" MajorTopicYN="N">Intraocular Pressure</DescriptorName>
                <QualifierName UI="Q000502" MajorTopicYN="N">physiology</QualifierName>
            </MeshHeading>
            <MeshHeading>
                <DescriptorName UI="D019654" MajorTopicYN="N">Lens Implantation, Intraocular</DescriptorName>
            </MeshHeading>
            <MeshHeading>
                <DescriptorName UI="D008297" MajorTopicYN="N">Male</DescriptorName>
            </MeshHeading>
            <MeshHeading>
                <DescriptorName UI="D008875" MajorTopicYN="N">Middle Aged</DescriptorName>
            </MeshHeading>
            <MeshHeading>
                <DescriptorName UI="D018918" MajorTopicYN="N">Phacoemulsification</DescriptorName>
                <QualifierName UI="Q000379" MajorTopicYN="Y">methods</QualifierName>
            </MeshHeading>
            <MeshHeading>
                <DescriptorName UI="D011446" MajorTopicYN="N">Prospective Studies</DescriptorName>
            </MeshHeading>
            <MeshHeading>
                <DescriptorName UI="D015607" MajorTopicYN="Y">Stents</DescriptorName>
            </MeshHeading>
            <MeshHeading>
                <DescriptorName UI="D014065" MajorTopicYN="N">Tonometry, Ocular</DescriptorName>
            </MeshHeading>
            <MeshHeading>
                <DescriptorName UI="D014792" MajorTopicYN="N">Visual Acuity</DescriptorName>
                <QualifierName UI="Q000502" MajorTopicYN="N">physiology</QualifierName>
            </MeshHeading>
        </MeshHeadingList>
    </MedlineCitation>
    <PubmedData>
        <History>
            <PubMedPubDate PubStatus="received">
                <Year>2009</Year>
                <Month>03</Month>
                <Day>31</Day>
            </PubMedPubDate>
            <PubMedPubDate PubStatus="revised">
                <Year>2009</Year>
                <Month>09</Month>
                <Day>30</Day>
            </PubMedPubDate>
            <PubMedPubDate PubStatus="accepted">
                <Year>2009</Year>
                <Month>10</Month>
                <Day>01</Day>
            </PubMedPubDate>
            <PubMedPubDate PubStatus="entrez">
                <Year>2010</Year>
                <Month>3</Month>
                <Day>6</Day>
                <Hour>6</Hour>
                <Minute>0</Minute>
            </PubMedPubDate>
            <PubMedPubDate PubStatus="pubmed">
                <Year>2010</Year>
                <Month>3</Month>
                <Day>6</Day>
                <Hour>6</Hour>
                <Minute>0</Minute>
            </PubMedPubDate>
            <PubMedPubDate PubStatus="medline">
                <Year>2010</Year>
                <Month>5</Month>
                <Day>14</Day>
                <Hour>6</Hour>
                <Minute>0</Minute>
            </PubMedPubDate>
        </History>
        <PublicationStatus>ppublish</PublicationStatus>
        <ArticleIdList>
            <ArticleId IdType="pubmed">20202537</ArticleId>
            <ArticleId IdType="pii">S0886-3350(09)01124-9</ArticleId>
            <ArticleId IdType="doi">10.1016/j.jcrs.2009.10.031</ArticleId>
        </ArticleIdList>
    </PubmedData>
</PubmedArticle>

</PubmedArticleSet>