<?xml version="1.0" ?>
<!DOCTYPE PubmedArticleSet PUBLIC "-//NLM//DTD PubMedArticle, 1st January 2019//EN" "https://dtd.nlm.nih.gov/ncbi/pubmed/out/pubmed_190101.dtd">
<PubmedArticleSet>
<PubmedArticle>
    <MedlineCitation Status="MEDLINE" Owner="NLM">
        <PMID Version="1">21400054</PMID>
        <DateCompleted>
            <Year>2011</Year>
            <Month>07</Month>
            <Day>19</Day>
        </DateCompleted>
        <DateRevised>
            <Year>2018</Year>
            <Month>11</Month>
            <Day>13</Day>
        </DateRevised>
        <Article PubModel="Print-Electronic">
            <Journal>
                <ISSN IssnType="Electronic">1613-2246</ISSN>
                <JournalIssue CitedMedium="Internet">
                    <Volume>55</Volume>
                    <Issue>2</Issue>
                    <PubDate>
                        <Year>2011</Year>
                        <Month>Mar</Month>
                    </PubDate>
                </JournalIssue>
                <Title>Japanese journal of ophthalmology</Title>
                <ISOAbbreviation>Jpn J Ophthalmol</ISOAbbreviation>
            </Journal>
            <ArticleTitle>Different modes of intraocular pressure reduction after three different nonfiltering surgeries and trabeculectomy.</ArticleTitle>
            <Pagination>
                <MedlinePgn>107-14</MedlinePgn>
            </Pagination>
            <ELocationID EIdType="doi" ValidYN="Y">10.1007/s10384-010-0923-9</ELocationID>
            <Abstract>
                <AbstractText Label="PURPOSE" NlmCategory="OBJECTIVE">To study the mode of intraocular pressure (IOP) reduction based on correlation with the preoperative IOP after filtering and nonfiltering surgeries.</AbstractText>
                <AbstractText Label="METHODS" NlmCategory="METHODS">Pre- and postsurgical IOPs at 6 months were compared in one eye of each of 789 subjects with primary open-angle glaucoma, pseudoexfoliation glaucoma, or ocular hypertension who underwent trabeculectomy with adjunctive mitomycin C alone (Lectomy-MMC) (n = 145), phaco-viscocanalostomy (Phaco-VCS) (n = 320), phaco-trabeculotomy ab externo (Phaco-lotomy) (n = 116), or phacoemulsification aspiration and intraocular lens implantation alone (PEA+IOL) (n = 208).</AbstractText>
                <AbstractText Label="RESULTS" NlmCategory="RESULTS">The correlation between the preoperative and 6-month postoperative IOP was not significant in eyes that underwent Lectomy MMC (r = -0.026, P = 0.7552, IOP reduction 51.9%), but was significant in eyes treated by Phaco-VCS (r = 0.409; IOP reduction, 24.8%) or PEA+IOL alone (r = 0.294; IOP reduction, 9.9%), and was marginal in eyes treated by Phaco-lotomy (P = 0.062; r = 0.174; IOP reduction, 24.1%). Among the four cohorts studied, the variation in the 6-month postoperative IOP was the largest after Lectomy-MMC.</AbstractText>
                <AbstractText Label="CONCLUSION" NlmCategory="CONCLUSIONS">After glaucoma surgery, there are two modes of IOP reduction. The postoperative IOP after Lectomy MMC did not correlate with the preoperative IOP, whereas the postoperative IOP levels after Phaco-VCS, Phaco-Lotomy, and PEA+IOL correlated with preoperative IOP levels. We may be able to predict postsurgical IOP after nonfiltering surgery.</AbstractText>
            </Abstract>
            <AuthorList CompleteYN="Y">
                <Author ValidYN="Y">
                    <LastName>Chihara</LastName>
                    <ForeName>Etsuo</ForeName>
                    <Initials>E</Initials>
                    <AffiliationInfo>
                        <Affiliation>Sensho-kai Eye Institute, Kyoto, Japan. chihara-oph@umin.net</Affiliation>
                    </AffiliationInfo>
                </Author>
                <Author ValidYN="Y">
                    <LastName>Hayashi</LastName>
                    <ForeName>Ken</ForeName>
                    <Initials>K</Initials>
                </Author>
            </AuthorList>
            <Language>eng</Language>
            <PublicationTypeList>
                <PublicationType UI="D003160">Comparative Study</PublicationType>
                <PublicationType UI="D016428">Journal Article</PublicationType>
            </PublicationTypeList>
            <ArticleDate DateType="Electronic">
                <Year>2011</Year>
                <Month>03</Month>
                <Day>13</Day>
            </ArticleDate>
        </Article>
        <MedlineJournalInfo>
            <Country>Japan</Country>
            <MedlineTA>Jpn J Ophthalmol</MedlineTA>
            <NlmUniqueID>0044652</NlmUniqueID>
            <ISSNLinking>0021-5155</ISSNLinking>
        </MedlineJournalInfo>
        <ChemicalList>
            <Chemical>
                <RegistryNumber>50SG953SK6</RegistryNumber>
                <NameOfSubstance UI="D016685">Mitomycin</NameOfSubstance>
            </Chemical>
        </ChemicalList>
        <CitationSubset>IM</CitationSubset>
        <MeshHeadingList>
            <MeshHeading>
                <DescriptorName UI="D000328" MajorTopicYN="N">Adult</DescriptorName>
            </MeshHeading>
            <MeshHeading>
                <DescriptorName UI="D000368" MajorTopicYN="N">Aged</DescriptorName>
            </MeshHeading>
            <MeshHeading>
                <DescriptorName UI="D000369" MajorTopicYN="N">Aged, 80 and over</DescriptorName>
            </MeshHeading>
            <MeshHeading>
                <DescriptorName UI="D017889" MajorTopicYN="N">Exfoliation Syndrome</DescriptorName>
                <QualifierName UI="Q000503" MajorTopicYN="N">physiopathology</QualifierName>
                <QualifierName UI="Q000601" MajorTopicYN="Y">surgery</QualifierName>
            </MeshHeading>
            <MeshHeading>
                <DescriptorName UI="D005902" MajorTopicYN="N">Glaucoma, Open-Angle</DescriptorName>
                <QualifierName UI="Q000503" MajorTopicYN="N">physiopathology</QualifierName>
                <QualifierName UI="Q000601" MajorTopicYN="Y">surgery</QualifierName>
            </MeshHeading>
            <MeshHeading>
                <DescriptorName UI="D006801" MajorTopicYN="N">Humans</DescriptorName>
            </MeshHeading>
            <MeshHeading>
                <DescriptorName UI="D007429" MajorTopicYN="Y">Intraocular Pressure</DescriptorName>
            </MeshHeading>
            <MeshHeading>
                <DescriptorName UI="D008875" MajorTopicYN="N">Middle Aged</DescriptorName>
            </MeshHeading>
            <MeshHeading>
                <DescriptorName UI="D016685" MajorTopicYN="N">Mitomycin</DescriptorName>
                <QualifierName UI="Q000627" MajorTopicYN="N">therapeutic use</QualifierName>
            </MeshHeading>
            <MeshHeading>
                <DescriptorName UI="D009798" MajorTopicYN="N">Ocular Hypertension</DescriptorName>
                <QualifierName UI="Q000503" MajorTopicYN="N">physiopathology</QualifierName>
                <QualifierName UI="Q000601" MajorTopicYN="Y">surgery</QualifierName>
            </MeshHeading>
            <MeshHeading>
                <DescriptorName UI="D018918" MajorTopicYN="Y">Phacoemulsification</DescriptorName>
            </MeshHeading>
            <MeshHeading>
                <DescriptorName UI="D011184" MajorTopicYN="N">Postoperative Period</DescriptorName>
            </MeshHeading>
            <MeshHeading>
                <DescriptorName UI="D012189" MajorTopicYN="N">Retrospective Studies</DescriptorName>
            </MeshHeading>
            <MeshHeading>
                <DescriptorName UI="D014130" MajorTopicYN="Y">Trabeculectomy</DescriptorName>
                <QualifierName UI="Q000379" MajorTopicYN="N">methods</QualifierName>
            </MeshHeading>
        </MeshHeadingList>
    </MedlineCitation>
    <PubmedData>
        <History>
            <PubMedPubDate PubStatus="received">
                <Year>2010</Year>
                <Month>07</Month>
                <Day>13</Day>
            </PubMedPubDate>
            <PubMedPubDate PubStatus="accepted">
                <Year>2010</Year>
                <Month>10</Month>
                <Day>27</Day>
            </PubMedPubDate>
            <PubMedPubDate PubStatus="entrez">
                <Year>2011</Year>
                <Month>3</Month>
                <Day>15</Day>
                <Hour>6</Hour>
                <Minute>0</Minute>
            </PubMedPubDate>
            <PubMedPubDate PubStatus="pubmed">
                <Year>2011</Year>
                <Month>3</Month>
                <Day>15</Day>
                <Hour>6</Hour>
                <Minute>0</Minute>
            </PubMedPubDate>
            <PubMedPubDate PubStatus="medline">
                <Year>2011</Year>
                <Month>7</Month>
                <Day>20</Day>
                <Hour>6</Hour>
                <Minute>0</Minute>
            </PubMedPubDate>
        </History>
        <PublicationStatus>ppublish</PublicationStatus>
        <ArticleIdList>
            <ArticleId IdType="pubmed">21400054</ArticleId>
            <ArticleId IdType="doi">10.1007/s10384-010-0923-9</ArticleId>
        </ArticleIdList>
        <ReferenceList>
            <Reference>
                <Citation>J Cataract Refract Surg. 1999 Mar;25(3):316-22</Citation>
                <ArticleIdList>
                    <ArticleId IdType="pubmed">10079435</ArticleId>
                </ArticleIdList>
            </Reference>
            <Reference>
                <Citation>Br J Ophthalmol. 2002 Sep;86(9):997-1001</Citation>
                <ArticleIdList>
                    <ArticleId IdType="pubmed">12185126</ArticleId>
                </ArticleIdList>
            </Reference>
            <Reference>
                <Citation>Ophthalmology. 2005 Jun;112(6):962-7</Citation>
                <ArticleIdList>
                    <ArticleId IdType="pubmed">15882909</ArticleId>
                </ArticleIdList>
            </Reference>
            <Reference>
                <Citation>AMA Arch Ophthalmol. 1958 Aug;60(2):290-4</Citation>
                <ArticleIdList>
                    <ArticleId IdType="pubmed">13558800</ArticleId>
                </ArticleIdList>
            </Reference>
            <Reference>
                <Citation>Eye (Lond). 2005 May;19(5):555-60</Citation>
                <ArticleIdList>
                    <ArticleId IdType="pubmed">15761488</ArticleId>
                </ArticleIdList>
            </Reference>
            <Reference>
                <Citation>Ophthalmic Surg. 1984 Jun;15(6):475-83</Citation>
                <ArticleIdList>
                    <ArticleId IdType="pubmed">6462607</ArticleId>
                </ArticleIdList>
            </Reference>
            <Reference>
                <Citation>Ophthalmology. 2000 Apr;107(4):698-703</Citation>
                <ArticleIdList>
                    <ArticleId IdType="pubmed">10768331</ArticleId>
                </ArticleIdList>
            </Reference>
            <Reference>
                <Citation>Invest Ophthalmol Vis Sci. 2010 Mar;51(3):1498-504</Citation>
                <ArticleIdList>
                    <ArticleId IdType="pubmed">19933180</ArticleId>
                </ArticleIdList>
            </Reference>
            <Reference>
                <Citation>Trans Ophthalmol Soc U K. 1970;89:589-90</Citation>
                <ArticleIdList>
                    <ArticleId IdType="pubmed">5276690</ArticleId>
                </ArticleIdList>
            </Reference>
            <Reference>
                <Citation>Eye (Lond). 2005 Mar;19(3):243-52</Citation>
                <ArticleIdList>
                    <ArticleId IdType="pubmed">15272288</ArticleId>
                </ArticleIdList>
            </Reference>
            <Reference>
                <Citation>J Glaucoma. 2009 Feb;18(2):132-9</Citation>
                <ArticleIdList>
                    <ArticleId IdType="pubmed">19225350</ArticleId>
                </ArticleIdList>
            </Reference>
            <Reference>
                <Citation>Ophthalmology. 2002 Jul;109(7):1336-41; discussion 1341-2</Citation>
                <ArticleIdList>
                    <ArticleId IdType="pubmed">12093659</ArticleId>
                </ArticleIdList>
            </Reference>
            <Reference>
                <Citation>Am J Ophthalmol. 1999 Jan;127(1):8-19</Citation>
                <ArticleIdList>
                    <ArticleId IdType="pubmed">9932993</ArticleId>
                </ArticleIdList>
            </Reference>
            <Reference>
                <Citation>J Glaucoma. 2002 Apr;11(2):127-33</Citation>
                <ArticleIdList>
                    <ArticleId IdType="pubmed">11912360</ArticleId>
                </ArticleIdList>
            </Reference>
            <Reference>
                <Citation>J Glaucoma. 2004 Dec;13(6):472-8</Citation>
                <ArticleIdList>
                    <ArticleId IdType="pubmed">15534472</ArticleId>
                </ArticleIdList>
            </Reference>
            <Reference>
                <Citation>Am J Ophthalmol. 2002 Oct;134(4):513-20</Citation>
                <ArticleIdList>
                    <ArticleId IdType="pubmed">12383807</ArticleId>
                </ArticleIdList>
            </Reference>
            <Reference>
                <Citation>Am J Ophthalmol. 2000 Oct;130(4):429-40</Citation>
                <ArticleIdList>
                    <ArticleId IdType="pubmed">11024415</ArticleId>
                </ArticleIdList>
            </Reference>
            <Reference>
                <Citation>J Glaucoma. 2001 Aug;10(4):302-8</Citation>
                <ArticleIdList>
                    <ArticleId IdType="pubmed">11558815</ArticleId>
                </ArticleIdList>
            </Reference>
            <Reference>
                <Citation>J Cataract Refract Surg. 2007 Jul;33(7):1209-16</Citation>
                <ArticleIdList>
                    <ArticleId IdType="pubmed">17586377</ArticleId>
                </ArticleIdList>
            </Reference>
            <Reference>
                <Citation>Ophthalmic Surg. 1993 Nov;24(11):735-9</Citation>
                <ArticleIdList>
                    <ArticleId IdType="pubmed">8290211</ArticleId>
                </ArticleIdList>
            </Reference>
            <Reference>
                <Citation>J Cataract Refract Surg. 2007 Jul;33(7):1217-26</Citation>
                <ArticleIdList>
                    <ArticleId IdType="pubmed">17586378</ArticleId>
                </ArticleIdList>
            </Reference>
            <Reference>
                <Citation>J Cataract Refract Surg. 2006 Dec;32(12):2043-9</Citation>
                <ArticleIdList>
                    <ArticleId IdType="pubmed">17137981</ArticleId>
                </ArticleIdList>
            </Reference>
        </ReferenceList>
    </PubmedData>
</PubmedArticle>

</PubmedArticleSet>