<?xml version="1.0" ?>
<!DOCTYPE PubmedArticleSet PUBLIC "-//NLM//DTD PubMedArticle, 1st January 2019//EN" "https://dtd.nlm.nih.gov/ncbi/pubmed/out/pubmed_190101.dtd">
<PubmedArticleSet>
<PubmedArticle>
    <MedlineCitation Status="MEDLINE" Owner="NLM">
        <PMID Version="1">22814041</PMID>
        <DateCompleted>
            <Year>2012</Year>
            <Month>10</Month>
            <Day>24</Day>
        </DateCompleted>
        <DateRevised>
            <Year>2012</Year>
            <Month>07</Month>
            <Day>20</Day>
        </DateRevised>
        <Article PubModel="Print">
            <Journal>
                <ISSN IssnType="Electronic">1873-4502</ISSN>
                <JournalIssue CitedMedium="Internet">
                    <Volume>38</Volume>
                    <Issue>8</Issue>
                    <PubDate>
                        <Year>2012</Year>
                        <Month>Aug</Month>
                    </PubDate>
                </JournalIssue>
                <Title>Journal of cataract and refractive surgery</Title>
                <ISOAbbreviation>J Cataract Refract Surg</ISOAbbreviation>
            </Journal>
            <ArticleTitle>Cataract surgery with trabecular micro-bypass stent implantation in patients with mild-to-moderate open-angle glaucoma and cataract: two-year follow-up.</ArticleTitle>
            <Pagination>
                <MedlinePgn>1339-45</MedlinePgn>
            </Pagination>
            <ELocationID EIdType="doi" ValidYN="Y">10.1016/j.jcrs.2012.03.025</ELocationID>
            <Abstract>
                <AbstractText Label="PURPOSE" NlmCategory="OBJECTIVE">To assess the long-term safety and efficacy of a single trabecular micro-bypass stent with concomitant cataract surgery versus cataract surgery alone for mild to moderate open-angle glaucoma.</AbstractText>
                <AbstractText Label="SETTING" NlmCategory="METHODS">Twenty-nine investigational sites, United States.</AbstractText>
                <AbstractText Label="DESIGN" NlmCategory="METHODS">Prospective randomized controlled multicenter clinical trial.</AbstractText>
                <AbstractText Label="METHODS" NlmCategory="METHODS">Eyes with mild to moderate glaucoma with an unmedicated intraocular pressure (IOP) of 22 mm Hg or higher and 36 mm Hg or lower were randomly assigned to have cataract surgery with iStent trabecular micro-bypass stent implantation (stent group) or cataract surgery alone (control group). Patients were followed for 24 months postoperatively.</AbstractText>
                <AbstractText Label="RESULTS" NlmCategory="RESULTS">The incidence of adverse events was low in both groups through 24 months of follow-up. At 24 months, the proportion of patients with an IOP of 21 mm Hg or lower without ocular hypotensive medications was significantly higher in the stent group than in the control group (P=.036). Overall, the mean IOP was stable between 12 months and 24 months (17.0 mm Hg ± 2.8 [SD] and 17.1 ± 2.9 mm Hg, respectively) in the stent group but increased (17.0 ± 3.1 mm Hg to 17.8 ± 3.3 mm Hg, respectively) in the control group. Ocular hypotensive medication was statistically significantly lower in the stent group at 12 months; it was also lower at 24 months, although the difference was no longer statistically significant.</AbstractText>
                <AbstractText Label="CONCLUSIONS" NlmCategory="CONCLUSIONS">Patients with combined single trabecular micro-bypass stent and cataract surgery had significantly better IOP control on no medication through 24 months than patients having cataract surgery alone. Both groups had a similar favorable long-term safety profile.</AbstractText>
                <AbstractText Label="FINANCIAL DISCLOSURE" NlmCategory="BACKGROUND">Dr. Craven was an investigator in the clinical trial of the iStent. Dr. Katz is a consultant to Glaukos and was the medical monitor for the clinical trial of the iStent. Dr. Katz is a stockholder in Glaukos. Mr. Wells and Ms. Giamporcaro are employees of Glaukos.</AbstractText>
                <CopyrightInformation>Copyright © 2012 ASCRS and ESCRS. Published by Elsevier Inc. All rights reserved.</CopyrightInformation>
            </Abstract>
            <AuthorList CompleteYN="Y">
                <Author ValidYN="Y">
                    <LastName>Craven</LastName>
                    <ForeName>E Randy</ForeName>
                    <Initials>ER</Initials>
                    <AffiliationInfo>
                        <Affiliation>Glaucoma Consultants of Colorado, Parker, Colorado, USA.</Affiliation>
                    </AffiliationInfo>
                </Author>
                <Author ValidYN="Y">
                    <LastName>Katz</LastName>
                    <ForeName>L Jay</ForeName>
                    <Initials>LJ</Initials>
                </Author>
                <Author ValidYN="Y">
                    <LastName>Wells</LastName>
                    <ForeName>Jeffrey M</ForeName>
                    <Initials>JM</Initials>
                </Author>
                <Author ValidYN="Y">
                    <LastName>Giamporcaro</LastName>
                    <ForeName>Jane Ellen</ForeName>
                    <Initials>JE</Initials>
                </Author>
                <Author ValidYN="Y">
                    <CollectiveName>iStent Study Group</CollectiveName>
                </Author>
            </AuthorList>
            <Language>eng</Language>
            <PublicationTypeList>
                <PublicationType UI="D016428">Journal Article</PublicationType>
                <PublicationType UI="D016448">Multicenter Study</PublicationType>
                <PublicationType UI="D016449">Randomized Controlled Trial</PublicationType>
                <PublicationType UI="D013485">Research Support, Non-U.S. Gov't</PublicationType>
            </PublicationTypeList>
        </Article>
        <MedlineJournalInfo>
            <Country>United States</Country>
            <MedlineTA>J Cataract Refract Surg</MedlineTA>
            <NlmUniqueID>8604171</NlmUniqueID>
            <ISSNLinking>0886-3350</ISSNLinking>
        </MedlineJournalInfo>
        <CitationSubset>IM</CitationSubset>
        <MeshHeadingList>
            <MeshHeading>
                <DescriptorName UI="D002386" MajorTopicYN="N">Cataract</DescriptorName>
                <QualifierName UI="Q000150" MajorTopicYN="N">complications</QualifierName>
            </MeshHeading>
            <MeshHeading>
                <DescriptorName UI="D005902" MajorTopicYN="N">Glaucoma, Open-Angle</DescriptorName>
                <QualifierName UI="Q000150" MajorTopicYN="N">complications</QualifierName>
                <QualifierName UI="Q000601" MajorTopicYN="Y">surgery</QualifierName>
            </MeshHeading>
            <MeshHeading>
                <DescriptorName UI="D006801" MajorTopicYN="N">Humans</DescriptorName>
            </MeshHeading>
            <MeshHeading>
                <DescriptorName UI="D007429" MajorTopicYN="N">Intraocular Pressure</DescriptorName>
                <QualifierName UI="Q000502" MajorTopicYN="N">physiology</QualifierName>
            </MeshHeading>
            <MeshHeading>
                <DescriptorName UI="D019654" MajorTopicYN="Y">Lens Implantation, Intraocular</DescriptorName>
            </MeshHeading>
            <MeshHeading>
                <DescriptorName UI="D018918" MajorTopicYN="Y">Phacoemulsification</DescriptorName>
            </MeshHeading>
            <MeshHeading>
                <DescriptorName UI="D011183" MajorTopicYN="N">Postoperative Complications</DescriptorName>
            </MeshHeading>
            <MeshHeading>
                <DescriptorName UI="D011446" MajorTopicYN="N">Prospective Studies</DescriptorName>
            </MeshHeading>
            <MeshHeading>
                <DescriptorName UI="D019919" MajorTopicYN="Y">Prosthesis Implantation</DescriptorName>
            </MeshHeading>
            <MeshHeading>
                <DescriptorName UI="D015607" MajorTopicYN="Y">Stents</DescriptorName>
            </MeshHeading>
            <MeshHeading>
                <DescriptorName UI="D014129" MajorTopicYN="N">Trabecular Meshwork</DescriptorName>
                <QualifierName UI="Q000601" MajorTopicYN="Y">surgery</QualifierName>
            </MeshHeading>
            <MeshHeading>
                <DescriptorName UI="D016896" MajorTopicYN="N">Treatment Outcome</DescriptorName>
            </MeshHeading>
            <MeshHeading>
                <DescriptorName UI="D014792" MajorTopicYN="N">Visual Acuity</DescriptorName>
                <QualifierName UI="Q000502" MajorTopicYN="N">physiology</QualifierName>
            </MeshHeading>
            <MeshHeading>
                <DescriptorName UI="D014794" MajorTopicYN="N">Visual Fields</DescriptorName>
                <QualifierName UI="Q000502" MajorTopicYN="N">physiology</QualifierName>
            </MeshHeading>
        </MeshHeadingList>
    </MedlineCitation>
    <PubmedData>
        <History>
            <PubMedPubDate PubStatus="received">
                <Year>2011</Year>
                <Month>09</Month>
                <Day>14</Day>
            </PubMedPubDate>
            <PubMedPubDate PubStatus="revised">
                <Year>2012</Year>
                <Month>02</Month>
                <Day>11</Day>
            </PubMedPubDate>
            <PubMedPubDate PubStatus="accepted">
                <Year>2012</Year>
                <Month>03</Month>
                <Day>13</Day>
            </PubMedPubDate>
            <PubMedPubDate PubStatus="entrez">
                <Year>2012</Year>
                <Month>7</Month>
                <Day>21</Day>
                <Hour>6</Hour>
                <Minute>0</Minute>
            </PubMedPubDate>
            <PubMedPubDate PubStatus="pubmed">
                <Year>2012</Year>
                <Month>7</Month>
                <Day>21</Day>
                <Hour>6</Hour>
                <Minute>0</Minute>
            </PubMedPubDate>
            <PubMedPubDate PubStatus="medline">
                <Year>2012</Year>
                <Month>10</Month>
                <Day>25</Day>
                <Hour>6</Hour>
                <Minute>0</Minute>
            </PubMedPubDate>
        </History>
        <PublicationStatus>ppublish</PublicationStatus>
        <ArticleIdList>
            <ArticleId IdType="pubmed">22814041</ArticleId>
            <ArticleId IdType="pii">S0886-3350(12)00610-4</ArticleId>
            <ArticleId IdType="doi">10.1016/j.jcrs.2012.03.025</ArticleId>
        </ArticleIdList>
    </PubmedData>
</PubmedArticle>

</PubmedArticleSet>