<?xml version="1.0" ?>
<!DOCTYPE PubmedArticleSet PUBLIC "-//NLM//DTD PubMedArticle, 1st January 2019//EN" "https://dtd.nlm.nih.gov/ncbi/pubmed/out/pubmed_190101.dtd">
<PubmedArticleSet>
<PubmedArticle>
    <MedlineCitation Status="MEDLINE" Owner="NLM">
        <PMID Version="1">23292045</PMID>
        <DateCompleted>
            <Year>2013</Year>
            <Month>07</Month>
            <Day>02</Day>
        </DateCompleted>
        <DateRevised>
            <Year>2013</Year>
            <Month>01</Month>
            <Day>28</Day>
        </DateRevised>
        <Article PubModel="Print">
            <Journal>
                <ISSN IssnType="Electronic">1538-9235</ISSN>
                <JournalIssue CitedMedium="Internet">
                    <Volume>90</Volume>
                    <Issue>2</Issue>
                    <PubDate>
                        <Year>2013</Year>
                        <Month>Feb</Month>
                    </PubDate>
                </JournalIssue>
                <Title>Optometry and vision science : official publication of the American Academy of Optometry</Title>
                <ISOAbbreviation>Optom Vis Sci</ISOAbbreviation>
            </Journal>
            <ArticleTitle>Preoperative factors associated with IOP reduction after cataract surgery.</ArticleTitle>
            <Pagination>
                <MedlinePgn>179-84</MedlinePgn>
            </Pagination>
            <ELocationID EIdType="doi" ValidYN="Y">10.1097/OPX.0b013e31827ce224</ELocationID>
            <Abstract>
                <AbstractText Label="PURPOSE" NlmCategory="OBJECTIVE">To identify preoperative factors associated with postoperative intraocular pressure (IOP) reduction after phacoemulsification cataract extraction in patients with primary open-angle glaucoma (POAG) treated at a Veterans Affairs Medical Center.</AbstractText>
                <AbstractText Label="METHODS" NlmCategory="METHODS">Examination records of 103 eyes of 75 patients with POAG who underwent uncomplicated phacoemulsification cataract extraction were reviewed. Preoperative data collected for analysis included IOP, number of glaucoma medications, spherical equivalent refractive errors, central corneal thickness, anterior chamber depth, and axial length. The IOPs measured 3 to 6 months after surgery were used to calculate the change in IOP after cataract extraction. Statistical analysis was performed to identify preoperative factors associated with postoperative IOP reduction.</AbstractText>
                <AbstractText Label="RESULTS" NlmCategory="RESULTS">The mean postoperative IOP reduction was 1.8 ± 3.5 mm Hg (p &lt; 0.001). Seventy-four percent of eyes (76 of 103) had decreased IOP after cataract surgery. Eight percent of eyes (8 of 103) had no change in IOP. Eighteen percent of eyes (19 of 103) had increased IOP after cataract surgery. The mean preoperative IOPs for eyes with increased, same, and decreased postoperative IOPs were 12 ± 2.2 mm Hg, 14.0 ± 2.3 mm Hg, and 16.4 ± 3.1 mm Hg, respectively. The mean postoperative IOPs change for eyes with increased and decreased postoperative IOPs were +2.7 ± 2.1 mm Hg and -3.7 ± 2.5 mm Hg, respectively. Preoperative IOP was the only preoperative factor significantly associated with postoperative IOP reduction (p &lt; 0.001).</AbstractText>
                <AbstractText Label="CONCLUSIONS" NlmCategory="CONCLUSIONS">Preoperative IOP was the only factor significantly associated with postoperative IOP reduction after cataract surgery in POAG patients. A higher preoperative IOP was strongly associated with a greater postoperative IOP reduction. Patients with low preoperative IOPs tended to have minimal reduction or even a mild increase in postoperative IOPs. These findings have important implications when considering combined cataract extraction and filtration surgery for POAG patients.</AbstractText>
            </Abstract>
            <AuthorList CompleteYN="Y">
                <Author ValidYN="Y">
                    <LastName>Guan</LastName>
                    <ForeName>Huan</ForeName>
                    <Initials>H</Initials>
                    <AffiliationInfo>
                        <Affiliation>Department of Veteran Affairs Medical Center Miami, Miami, Florida 33125, USA. Huan.Guan@va.gov</Affiliation>
                    </AffiliationInfo>
                </Author>
                <Author ValidYN="Y">
                    <LastName>Mick</LastName>
                    <ForeName>Andrew</ForeName>
                    <Initials>A</Initials>
                </Author>
                <Author ValidYN="Y">
                    <LastName>Porco</LastName>
                    <ForeName>Travis</ForeName>
                    <Initials>T</Initials>
                </Author>
                <Author ValidYN="Y">
                    <LastName>Dolan</LastName>
                    <ForeName>Bernard J</ForeName>
                    <Initials>BJ</Initials>
                </Author>
            </AuthorList>
            <Language>eng</Language>
            <PublicationTypeList>
                <PublicationType UI="D003160">Comparative Study</PublicationType>
                <PublicationType UI="D016428">Journal Article</PublicationType>
            </PublicationTypeList>
        </Article>
        <MedlineJournalInfo>
            <Country>United States</Country>
            <MedlineTA>Optom Vis Sci</MedlineTA>
            <NlmUniqueID>8904931</NlmUniqueID>
            <ISSNLinking>1040-5488</ISSNLinking>
        </MedlineJournalInfo>
        <CitationSubset>IM</CitationSubset>
        <MeshHeadingList>
            <MeshHeading>
                <DescriptorName UI="D000368" MajorTopicYN="N">Aged</DescriptorName>
            </MeshHeading>
            <MeshHeading>
                <DescriptorName UI="D002386" MajorTopicYN="N">Cataract</DescriptorName>
                <QualifierName UI="Q000150" MajorTopicYN="Y">complications</QualifierName>
                <QualifierName UI="Q000503" MajorTopicYN="N">physiopathology</QualifierName>
            </MeshHeading>
            <MeshHeading>
                <DescriptorName UI="D005260" MajorTopicYN="N">Female</DescriptorName>
            </MeshHeading>
            <MeshHeading>
                <DescriptorName UI="D005500" MajorTopicYN="N">Follow-Up Studies</DescriptorName>
            </MeshHeading>
            <MeshHeading>
                <DescriptorName UI="D005902" MajorTopicYN="N">Glaucoma, Open-Angle</DescriptorName>
                <QualifierName UI="Q000150" MajorTopicYN="Y">complications</QualifierName>
                <QualifierName UI="Q000503" MajorTopicYN="N">physiopathology</QualifierName>
            </MeshHeading>
            <MeshHeading>
                <DescriptorName UI="D006801" MajorTopicYN="N">Humans</DescriptorName>
            </MeshHeading>
            <MeshHeading>
                <DescriptorName UI="D007429" MajorTopicYN="N">Intraocular Pressure</DescriptorName>
                <QualifierName UI="Q000502" MajorTopicYN="Y">physiology</QualifierName>
            </MeshHeading>
            <MeshHeading>
                <DescriptorName UI="D008297" MajorTopicYN="N">Male</DescriptorName>
            </MeshHeading>
            <MeshHeading>
                <DescriptorName UI="D018918" MajorTopicYN="Y">Phacoemulsification</DescriptorName>
            </MeshHeading>
            <MeshHeading>
                <DescriptorName UI="D011184" MajorTopicYN="N">Postoperative Period</DescriptorName>
            </MeshHeading>
            <MeshHeading>
                <DescriptorName UI="D057234" MajorTopicYN="N">Preoperative Period</DescriptorName>
            </MeshHeading>
            <MeshHeading>
                <DescriptorName UI="D011379" MajorTopicYN="N">Prognosis</DescriptorName>
            </MeshHeading>
            <MeshHeading>
                <DescriptorName UI="D012189" MajorTopicYN="N">Retrospective Studies</DescriptorName>
            </MeshHeading>
            <MeshHeading>
                <DescriptorName UI="D012307" MajorTopicYN="N">Risk Factors</DescriptorName>
            </MeshHeading>
            <MeshHeading>
                <DescriptorName UI="D014065" MajorTopicYN="N">Tonometry, Ocular</DescriptorName>
            </MeshHeading>
        </MeshHeadingList>
    </MedlineCitation>
    <PubmedData>
        <History>
            <PubMedPubDate PubStatus="entrez">
                <Year>2013</Year>
                <Month>1</Month>
                <Day>8</Day>
                <Hour>6</Hour>
                <Minute>0</Minute>
            </PubMedPubDate>
            <PubMedPubDate PubStatus="pubmed">
                <Year>2013</Year>
                <Month>1</Month>
                <Day>8</Day>
                <Hour>6</Hour>
                <Minute>0</Minute>
            </PubMedPubDate>
            <PubMedPubDate PubStatus="medline">
                <Year>2013</Year>
                <Month>7</Month>
                <Day>3</Day>
                <Hour>6</Hour>
                <Minute>0</Minute>
            </PubMedPubDate>
        </History>
        <PublicationStatus>ppublish</PublicationStatus>
        <ArticleIdList>
            <ArticleId IdType="pubmed">23292045</ArticleId>
            <ArticleId IdType="doi">10.1097/OPX.0b013e31827ce224</ArticleId>
        </ArticleIdList>
    </PubmedData>
</PubmedArticle>

</PubmedArticleSet>