<?xml version="1.0" ?>
<!DOCTYPE PubmedArticleSet PUBLIC "-//NLM//DTD PubMedArticle, 1st January 2019//EN" "https://dtd.nlm.nih.gov/ncbi/pubmed/out/pubmed_190101.dtd">
<PubmedArticleSet>
<PubmedArticle>
    <MedlineCitation Status="MEDLINE" Owner="NLM">
        <PMID Version="1">23377581</PMID>
        <DateCompleted>
            <Year>2014</Year>
            <Month>11</Month>
            <Day>21</Day>
        </DateCompleted>
        <DateRevised>
            <Year>2014</Year>
            <Month>06</Month>
            <Day>03</Day>
        </DateRevised>
        <Article PubModel="Print">
            <Journal>
                <ISSN IssnType="Electronic">1536-481X</ISSN>
                <JournalIssue CitedMedium="Internet">
                    <Volume>23</Volume>
                    <Issue>5</Issue>
                    <PubDate>
                        <MedlineDate>2014 Jun-Jul</MedlineDate>
                    </PubDate>
                </JournalIssue>
                <Title>Journal of glaucoma</Title>
                <ISOAbbreviation>J Glaucoma</ISOAbbreviation>
            </Journal>
            <ArticleTitle>Efficacy, safety, and survival rates of IOP-lowering effect of phacoemulsification alone or combined with canaloplasty in glaucoma patients.</ArticleTitle>
            <Pagination>
                <MedlinePgn>316-20</MedlinePgn>
            </Pagination>
            <ELocationID EIdType="doi" ValidYN="Y">10.1097/IJG.0b013e3182741ca9</ELocationID>
            <Abstract>
                <AbstractText Label="PURPOSE" NlmCategory="OBJECTIVE">To evaluate efficacy and survival rates of intraocular pressure (IOP)-lowering effect obtained with phacoemulsification (phaco) alone or in combination with canaloplasty (PCP) in patients with open-angle glaucoma (OAG).</AbstractText>
                <AbstractText Label="METHODS" NlmCategory="METHODS">Retrospective chart review of consecutive cases at the Department of Ophthalmology, Indiana University. Visual acuity (VA), IOP, number of medications (Meds), failures, and survival rates of IOP-lowering effect were analyzed. Inclusion criteria were: patients older than 18 years with OAG and cataract. Exclusion criteria were: no light perception vision, prior glaucoma surgery, chronic uveitis, angle-closure glaucoma, and advanced-stage or end-stage OAG. Failure criteria were: IOP&gt;21 mm Hg or &lt;20% reduction, IOP&lt;6 mm Hg, further glaucoma surgeries, and loss of light perception vision.</AbstractText>
                <AbstractText Label="RESULTS" NlmCategory="RESULTS">Thirty-seven patients underwent phaco and 32 patients had PCP. Follow-up was 21.8±10.1 versus 18.8±9.6 months for phaco and PCP, respectively (P=0.21). Age (y) (74.7±9.8 vs. 76.1±8.3, P=0.54), sex (P=81), and laser status (P=0.75) were similar between the groups. Preoperatively, mean±SD logMAR VA (0.5±0.7 vs. 0.5±0.5, P=0.77), IOP (16.2±4.6 vs. 18.2±5.1, P=0.13), and Meds (1.4±1.1 vs. 1.3±0.7, P=0.75) were similar for phaco and PCP, respectively. At 24-month phaco (n=17) and PCP (n=11), respectively, mean±SD were: logMAR VA 0.2±0.2 versus 0.4±0.7, P=0.29; IOP 14.1±4.0 versus 12.9±3.8, P=0.43; and Meds 1.5±1.2 versus 0.3±0.5, P=0.005. Rates of successful IOP lowering without medications for phaco versus PCP at 12 months were 34% versus 75%, respectively (P=0.003).</AbstractText>
                <AbstractText Label="CONCLUSIONS" NlmCategory="CONCLUSIONS">A combination of canaloplasty with phaco results in a decreased number of glaucoma medications and increased survival rate of IOP-lowering effect compared with phaco alone.</AbstractText>
            </Abstract>
            <AuthorList CompleteYN="Y">
                <Author ValidYN="Y">
                    <LastName>Arthur</LastName>
                    <ForeName>Stella N</ForeName>
                    <Initials>SN</Initials>
                    <AffiliationInfo>
                        <Affiliation>*Department of Ophthalmology, Glaucoma Service, Eugene and Marilyn Glick Eye Institute, Indiana University School of Medicine, Indianapolis, IN †Department of Ophthalmology, Washington University, St Louis, MO.</Affiliation>
                    </AffiliationInfo>
                </Author>
                <Author ValidYN="Y">
                    <LastName>Cantor</LastName>
                    <ForeName>Louis B</ForeName>
                    <Initials>LB</Initials>
                </Author>
                <Author ValidYN="Y">
                    <LastName>WuDunn</LastName>
                    <ForeName>Darrell</ForeName>
                    <Initials>D</Initials>
                </Author>
                <Author ValidYN="Y">
                    <LastName>Pattar</LastName>
                    <ForeName>Guruprasad R</ForeName>
                    <Initials>GR</Initials>
                </Author>
                <Author ValidYN="Y">
                    <LastName>Catoira-Boyle</LastName>
                    <ForeName>Yara</ForeName>
                    <Initials>Y</Initials>
                </Author>
                <Author ValidYN="Y">
                    <LastName>Morgan</LastName>
                    <ForeName>Linda S</ForeName>
                    <Initials>LS</Initials>
                </Author>
                <Author ValidYN="Y">
                    <LastName>Hoop</LastName>
                    <ForeName>Joni S</ForeName>
                    <Initials>JS</Initials>
                </Author>
            </AuthorList>
            <Language>eng</Language>
            <PublicationTypeList>
                <PublicationType UI="D016428">Journal Article</PublicationType>
                <PublicationType UI="D013485">Research Support, Non-U.S. Gov't</PublicationType>
            </PublicationTypeList>
        </Article>
        <MedlineJournalInfo>
            <Country>United States</Country>
            <MedlineTA>J Glaucoma</MedlineTA>
            <NlmUniqueID>9300903</NlmUniqueID>
            <ISSNLinking>1057-0829</ISSNLinking>
        </MedlineJournalInfo>
        <ChemicalList>
            <Chemical>
                <RegistryNumber>0</RegistryNumber>
                <NameOfSubstance UI="D000959">Antihypertensive Agents</NameOfSubstance>
            </Chemical>
        </ChemicalList>
        <CitationSubset>IM</CitationSubset>
        <MeshHeadingList>
            <MeshHeading>
                <DescriptorName UI="D000368" MajorTopicYN="N">Aged</DescriptorName>
            </MeshHeading>
            <MeshHeading>
                <DescriptorName UI="D000959" MajorTopicYN="N">Antihypertensive Agents</DescriptorName>
                <QualifierName UI="Q000627" MajorTopicYN="N">therapeutic use</QualifierName>
            </MeshHeading>
            <MeshHeading>
                <DescriptorName UI="D005260" MajorTopicYN="N">Female</DescriptorName>
            </MeshHeading>
            <MeshHeading>
                <DescriptorName UI="D018463" MajorTopicYN="N">Filtering Surgery</DescriptorName>
                <QualifierName UI="Q000379" MajorTopicYN="Y">methods</QualifierName>
            </MeshHeading>
            <MeshHeading>
                <DescriptorName UI="D005500" MajorTopicYN="N">Follow-Up Studies</DescriptorName>
            </MeshHeading>
            <MeshHeading>
                <DescriptorName UI="D005902" MajorTopicYN="N">Glaucoma, Open-Angle</DescriptorName>
                <QualifierName UI="Q000401" MajorTopicYN="N">mortality</QualifierName>
                <QualifierName UI="Q000503" MajorTopicYN="N">physiopathology</QualifierName>
                <QualifierName UI="Q000601" MajorTopicYN="Y">surgery</QualifierName>
            </MeshHeading>
            <MeshHeading>
                <DescriptorName UI="D006801" MajorTopicYN="N">Humans</DescriptorName>
            </MeshHeading>
            <MeshHeading>
                <DescriptorName UI="D007429" MajorTopicYN="N">Intraocular Pressure</DescriptorName>
                <QualifierName UI="Q000502" MajorTopicYN="Y">physiology</QualifierName>
            </MeshHeading>
            <MeshHeading>
                <DescriptorName UI="D008297" MajorTopicYN="N">Male</DescriptorName>
            </MeshHeading>
            <MeshHeading>
                <DescriptorName UI="D018918" MajorTopicYN="N">Phacoemulsification</DescriptorName>
                <QualifierName UI="Q000379" MajorTopicYN="Y">methods</QualifierName>
            </MeshHeading>
            <MeshHeading>
                <DescriptorName UI="D012189" MajorTopicYN="N">Retrospective Studies</DescriptorName>
            </MeshHeading>
            <MeshHeading>
                <DescriptorName UI="D015996" MajorTopicYN="N">Survival Rate</DescriptorName>
            </MeshHeading>
            <MeshHeading>
                <DescriptorName UI="D016896" MajorTopicYN="N">Treatment Outcome</DescriptorName>
            </MeshHeading>
            <MeshHeading>
                <DescriptorName UI="D014792" MajorTopicYN="N">Visual Acuity</DescriptorName>
                <QualifierName UI="Q000502" MajorTopicYN="N">physiology</QualifierName>
            </MeshHeading>
        </MeshHeadingList>
    </MedlineCitation>
    <PubmedData>
        <History>
            <PubMedPubDate PubStatus="entrez">
                <Year>2013</Year>
                <Month>2</Month>
                <Day>5</Day>
                <Hour>6</Hour>
                <Minute>0</Minute>
            </PubMedPubDate>
            <PubMedPubDate PubStatus="pubmed">
                <Year>2013</Year>
                <Month>2</Month>
                <Day>5</Day>
                <Hour>6</Hour>
                <Minute>0</Minute>
            </PubMedPubDate>
            <PubMedPubDate PubStatus="medline">
                <Year>2014</Year>
                <Month>12</Month>
                <Day>15</Day>
                <Hour>6</Hour>
                <Minute>0</Minute>
            </PubMedPubDate>
        </History>
        <PublicationStatus>ppublish</PublicationStatus>
        <ArticleIdList>
            <ArticleId IdType="pubmed">23377581</ArticleId>
            <ArticleId IdType="doi">10.1097/IJG.0b013e3182741ca9</ArticleId>
        </ArticleIdList>
    </PubmedData>
</PubmedArticle>

</PubmedArticleSet>