<?xml version="1.0" ?>
<!DOCTYPE PubmedArticleSet PUBLIC "-//NLM//DTD PubMedArticle, 1st January 2019//EN" "https://dtd.nlm.nih.gov/ncbi/pubmed/out/pubmed_190101.dtd">
<PubmedArticleSet>
<PubmedArticle>
    <MedlineCitation Status="MEDLINE" Owner="NLM">
        <PMID Version="1">24440104</PMID>
        <DateCompleted>
            <Year>2014</Year>
            <Month>09</Month>
            <Day>05</Day>
        </DateCompleted>
        <DateRevised>
            <Year>2014</Year>
            <Month>03</Month>
            <Day>31</Day>
        </DateRevised>
        <Article PubModel="Print-Electronic">
            <Journal>
                <ISSN IssnType="Electronic">1873-4502</ISSN>
                <JournalIssue CitedMedium="Internet">
                    <Volume>40</Volume>
                    <Issue>4</Issue>
                    <PubDate>
                        <Year>2014</Year>
                        <Month>Apr</Month>
                    </PubDate>
                </JournalIssue>
                <Title>Journal of cataract and refractive surgery</Title>
                <ISOAbbreviation>J Cataract Refract Surg</ISOAbbreviation>
            </Journal>
            <ArticleTitle>Risk factors for acute postoperative intraocular pressure elevation after phacoemulsification in glaucoma patients.</ArticleTitle>
            <Pagination>
                <MedlinePgn>538-44</MedlinePgn>
            </Pagination>
            <ELocationID EIdType="doi" ValidYN="Y">10.1016/j.jcrs.2013.08.048</ELocationID>
            <ELocationID EIdType="pii" ValidYN="Y">S0886-3350(13)01525-3</ELocationID>
            <Abstract>
                <AbstractText Label="PURPOSE" NlmCategory="OBJECTIVE">To evaluate the risk factors for and frequency of an acute intraocular pressure (IOP) elevation (spike) after phacoemulsification in patients with glaucoma.</AbstractText>
                <AbstractText Label="SETTING" NlmCategory="METHODS">Academic glaucoma clinics and operating rooms.</AbstractText>
                <AbstractText Label="DESIGN" NlmCategory="METHODS">Retrospective case series.</AbstractText>
                <AbstractText Label="METHODS" NlmCategory="METHODS">Charts of consecutive glaucoma patients without previous incisional glaucoma surgery having phacoemulsification by the same surgeon between August 1996 and July 2012 were reviewed to obtain demographic information, preoperative glaucoma medications, severity and treatment measures, intraoperative course, and postoperative outcomes. A postoperative IOP spike was defined as IOP greater than 50% above baseline IOP. Main outcome measures were the number of eyes with a postoperative IOP spike and risk factors associated with an IOP spike after phacoemulsification.</AbstractText>
                <AbstractText Label="RESULTS" NlmCategory="RESULTS">Of 271 eyes (271 patients) included in the study, 45 (17%) had an IOP spike. Risk factors for postoperative IOP spike by multivariate analysis included longer axial length (AL) or associated characteristics (wider angle grade on gonioscopy, deeper anterior chamber, and male sex), higher number of preoperative IOP-lowering medications, previous laser trabeculoplasty, and lack of postoperative oral acetazolamide. One eye (0.4%) required trabeculectomy during the 90-day postoperative period.</AbstractText>
                <AbstractText Label="CONCLUSIONS" NlmCategory="CONCLUSIONS">A significant proportion of glaucoma patients having phacoemulsification had an IOP spike. Patients requiring a higher number of IOP-lowering medications or laser trabeculoplasty for IOP control preoperatively and those with a greater AL should be treated more aggressively with IOP-lowering medication in the immediate postoperative period.</AbstractText>
                <AbstractText Label="FINANCIAL DISCLOSURE" NlmCategory="BACKGROUND">No author has a financial or proprietary interest in any material or method mentioned.</AbstractText>
                <CopyrightInformation>Copyright © 2014 ASCRS and ESCRS. Published by Elsevier Inc. All rights reserved.</CopyrightInformation>
            </Abstract>
            <AuthorList CompleteYN="Y">
                <Author ValidYN="Y">
                    <LastName>Slabaugh</LastName>
                    <ForeName>Mark A</ForeName>
                    <Initials>MA</Initials>
                    <AffiliationInfo>
                        <Affiliation>From the Department of Ophthalmology (Slabaugh, Bojikian, Moore, Chen), University of Washington, Seattle, Washington; the Department of Ophthalmology (Bojikian), Federal University of São Paulo, São Paulo, Brazil. Electronic address: mas12@uw.edu.</Affiliation>
                    </AffiliationInfo>
                </Author>
                <Author ValidYN="Y">
                    <LastName>Bojikian</LastName>
                    <ForeName>Karine D</ForeName>
                    <Initials>KD</Initials>
                    <AffiliationInfo>
                        <Affiliation>From the Department of Ophthalmology (Slabaugh, Bojikian, Moore, Chen), University of Washington, Seattle, Washington; the Department of Ophthalmology (Bojikian), Federal University of São Paulo, São Paulo, Brazil.</Affiliation>
                    </AffiliationInfo>
                </Author>
                <Author ValidYN="Y">
                    <LastName>Moore</LastName>
                    <ForeName>Daniel B</ForeName>
                    <Initials>DB</Initials>
                    <AffiliationInfo>
                        <Affiliation>From the Department of Ophthalmology (Slabaugh, Bojikian, Moore, Chen), University of Washington, Seattle, Washington; the Department of Ophthalmology (Bojikian), Federal University of São Paulo, São Paulo, Brazil.</Affiliation>
                    </AffiliationInfo>
                </Author>
                <Author ValidYN="Y">
                    <LastName>Chen</LastName>
                    <ForeName>Philip P</ForeName>
                    <Initials>PP</Initials>
                    <AffiliationInfo>
                        <Affiliation>From the Department of Ophthalmology (Slabaugh, Bojikian, Moore, Chen), University of Washington, Seattle, Washington; the Department of Ophthalmology (Bojikian), Federal University of São Paulo, São Paulo, Brazil.</Affiliation>
                    </AffiliationInfo>
                </Author>
            </AuthorList>
            <Language>eng</Language>
            <PublicationTypeList>
                <PublicationType UI="D016428">Journal Article</PublicationType>
                <PublicationType UI="D013485">Research Support, Non-U.S. Gov't</PublicationType>
            </PublicationTypeList>
            <ArticleDate DateType="Electronic">
                <Year>2014</Year>
                <Month>01</Month>
                <Day>17</Day>
            </ArticleDate>
        </Article>
        <MedlineJournalInfo>
            <Country>United States</Country>
            <MedlineTA>J Cataract Refract Surg</MedlineTA>
            <NlmUniqueID>8604171</NlmUniqueID>
            <ISSNLinking>0886-3350</ISSNLinking>
        </MedlineJournalInfo>
        <ChemicalList>
            <Chemical>
                <RegistryNumber>0</RegistryNumber>
                <NameOfSubstance UI="D000959">Antihypertensive Agents</NameOfSubstance>
            </Chemical>
        </ChemicalList>
        <CitationSubset>IM</CitationSubset>
        <CommentsCorrectionsList>
            <CommentsCorrections RefType="CommentIn">
                <RefSource>J Cataract Refract Surg. 2014 Jun;40(6):1055-6</RefSource>
                <PMID Version="1">24857452</PMID>
            </CommentsCorrections>
            <CommentsCorrections RefType="CommentIn">
                <RefSource>J Cataract Refract Surg. 2014 Jun;40(6):1055</RefSource>
                <PMID Version="1">24857453</PMID>
            </CommentsCorrections>
        </CommentsCorrectionsList>
        <MeshHeadingList>
            <MeshHeading>
                <DescriptorName UI="D000208" MajorTopicYN="N">Acute Disease</DescriptorName>
            </MeshHeading>
            <MeshHeading>
                <DescriptorName UI="D000328" MajorTopicYN="N">Adult</DescriptorName>
            </MeshHeading>
            <MeshHeading>
                <DescriptorName UI="D000368" MajorTopicYN="N">Aged</DescriptorName>
            </MeshHeading>
            <MeshHeading>
                <DescriptorName UI="D000369" MajorTopicYN="N">Aged, 80 and over</DescriptorName>
            </MeshHeading>
            <MeshHeading>
                <DescriptorName UI="D000959" MajorTopicYN="N">Antihypertensive Agents</DescriptorName>
                <QualifierName UI="Q000627" MajorTopicYN="N">therapeutic use</QualifierName>
            </MeshHeading>
            <MeshHeading>
                <DescriptorName UI="D005260" MajorTopicYN="N">Female</DescriptorName>
            </MeshHeading>
            <MeshHeading>
                <DescriptorName UI="D005901" MajorTopicYN="N">Glaucoma</DescriptorName>
                <QualifierName UI="Q000150" MajorTopicYN="Y">complications</QualifierName>
                <QualifierName UI="Q000188" MajorTopicYN="N">drug therapy</QualifierName>
            </MeshHeading>
            <MeshHeading>
                <DescriptorName UI="D006801" MajorTopicYN="N">Humans</DescriptorName>
            </MeshHeading>
            <MeshHeading>
                <DescriptorName UI="D007429" MajorTopicYN="Y">Intraocular Pressure</DescriptorName>
            </MeshHeading>
            <MeshHeading>
                <DescriptorName UI="D019654" MajorTopicYN="Y">Lens Implantation, Intraocular</DescriptorName>
            </MeshHeading>
            <MeshHeading>
                <DescriptorName UI="D008297" MajorTopicYN="N">Male</DescriptorName>
            </MeshHeading>
            <MeshHeading>
                <DescriptorName UI="D008875" MajorTopicYN="N">Middle Aged</DescriptorName>
            </MeshHeading>
            <MeshHeading>
                <DescriptorName UI="D009798" MajorTopicYN="N">Ocular Hypertension</DescriptorName>
                <QualifierName UI="Q000209" MajorTopicYN="Y">etiology</QualifierName>
            </MeshHeading>
            <MeshHeading>
                <DescriptorName UI="D018918" MajorTopicYN="Y">Phacoemulsification</DescriptorName>
            </MeshHeading>
            <MeshHeading>
                <DescriptorName UI="D011183" MajorTopicYN="Y">Postoperative Complications</DescriptorName>
            </MeshHeading>
            <MeshHeading>
                <DescriptorName UI="D012189" MajorTopicYN="N">Retrospective Studies</DescriptorName>
            </MeshHeading>
            <MeshHeading>
                <DescriptorName UI="D012307" MajorTopicYN="N">Risk Factors</DescriptorName>
            </MeshHeading>
            <MeshHeading>
                <DescriptorName UI="D014065" MajorTopicYN="N">Tonometry, Ocular</DescriptorName>
            </MeshHeading>
            <MeshHeading>
                <DescriptorName UI="D014792" MajorTopicYN="N">Visual Acuity</DescriptorName>
            </MeshHeading>
        </MeshHeadingList>
    </MedlineCitation>
    <PubmedData>
        <History>
            <PubMedPubDate PubStatus="received">
                <Year>2013</Year>
                <Month>07</Month>
                <Day>12</Day>
            </PubMedPubDate>
            <PubMedPubDate PubStatus="revised">
                <Year>2013</Year>
                <Month>08</Month>
                <Day>08</Day>
            </PubMedPubDate>
            <PubMedPubDate PubStatus="accepted">
                <Year>2013</Year>
                <Month>08</Month>
                <Day>15</Day>
            </PubMedPubDate>
            <PubMedPubDate PubStatus="entrez">
                <Year>2014</Year>
                <Month>1</Month>
                <Day>21</Day>
                <Hour>6</Hour>
                <Minute>0</Minute>
            </PubMedPubDate>
            <PubMedPubDate PubStatus="pubmed">
                <Year>2014</Year>
                <Month>1</Month>
                <Day>21</Day>
                <Hour>6</Hour>
                <Minute>0</Minute>
            </PubMedPubDate>
            <PubMedPubDate PubStatus="medline">
                <Year>2014</Year>
                <Month>9</Month>
                <Day>6</Day>
                <Hour>6</Hour>
                <Minute>0</Minute>
            </PubMedPubDate>
        </History>
        <PublicationStatus>ppublish</PublicationStatus>
        <ArticleIdList>
            <ArticleId IdType="pubmed">24440104</ArticleId>
            <ArticleId IdType="pii">S0886-3350(13)01525-3</ArticleId>
            <ArticleId IdType="doi">10.1016/j.jcrs.2013.08.048</ArticleId>
        </ArticleIdList>
    </PubmedData>
</PubmedArticle>

</PubmedArticleSet>