<?xml version="1.0" ?>
<!DOCTYPE PubmedArticleSet PUBLIC "-//NLM//DTD PubMedArticle, 1st January 2019//EN" "https://dtd.nlm.nih.gov/ncbi/pubmed/out/pubmed_190101.dtd">
<PubmedArticleSet>
<PubmedArticle>
    <MedlineCitation Status="MEDLINE" Owner="NLM">
        <PMID Version="1">24654699</PMID>
        <DateCompleted>
            <Year>2014</Year>
            <Month>11</Month>
            <Day>06</Day>
        </DateCompleted>
        <DateRevised>
            <Year>2015</Year>
            <Month>11</Month>
            <Day>19</Day>
        </DateRevised>
        <Article PubModel="Print-Electronic">
            <Journal>
                <ISSN IssnType="Electronic">1744-5205</ISSN>
                <JournalIssue CitedMedium="Internet">
                    <Volume>29</Volume>
                    <Issue>4</Issue>
                    <PubDate>
                        <Year>2014</Year>
                        <Month>Jul</Month>
                    </PubDate>
                </JournalIssue>
                <Title>Seminars in ophthalmology</Title>
                <ISOAbbreviation>Semin Ophthalmol</ISOAbbreviation>
            </Journal>
            <ArticleTitle>Phaco-trabeculectomy in controlled, advanced, open-angle glaucoma and cataract: parallel, randomized clinical study of efficacy and safety.</ArticleTitle>
            <Pagination>
                <MedlinePgn>226-35</MedlinePgn>
            </Pagination>
            <ELocationID EIdType="doi" ValidYN="Y">10.3109/08820538.2014.880491</ELocationID>
            <Abstract>
                <AbstractText Label="BACKGROUND" NlmCategory="BACKGROUND">To examine the efficacy and safety of combined phaco-trabeculectomy in patients with cataract and controlled, open-angle advanced glaucoma and to identify preoperative predictive factors of postoperative glaucoma course.</AbstractText>
                <AbstractText Label="SETTING" NlmCategory="METHODS">Departments of Ophthalmology, University of Athens, and General Hospital of Lamia, Greece.</AbstractText>
                <AbstractText Label="METHODS" NlmCategory="METHODS">Prospective, interventional, parallel, cluster (units=examinations), randomized clinical study. 60 patients with visually significant cataract, visual field Mean Deviation (MD) worse than -15.0 dB, and preoperative intraocular pressure (IOP), controlled (consistently below 22 mmHg) on topical medications and with no previous ocular surgery, were randomly allocated (1:1) to phacoemulsification alone or phaco-trabeculectomy group. Intention-to-treat analysis was performed to compare the postoperative outcome and adjusted multivariate longitudinal linear regression analysis was performed to identify predictive factors of the main outcome measures, with postoperative visual field MD change up to two years postoperatively. Participant recruiters and data collectors were masked to group assignment.</AbstractText>
                <AbstractText Label="RESULTS" NlmCategory="RESULTS">31 and 29 patients were randomized to phacoemulsification alone and phaco-trabeculectomy groups, respectively. Patients assigned to the phaco-trabeculectomy group experienced a 1.7 mmHg [95% CI:-3.1 to -0.23] reduction in IOP, a 1.4 dB [95% CI: -0.17 to 2.96] improvement in visual fields MD, a 0.6 [95% CI: -1.2 to -0.05] reduction in the number of glaucoma medications needed postoperatively, while the visual acuity improvement was similar between the two groups. Best predictors for visual field MD: degree of nuclear sclerosis, relative afferent pupilary defect (RAPD), preoperative MD deviation from -19.0 dB and preoperative cup-disc ratio deviation from 0.9. The phacoemulsification group experienced more IOP spikes (&gt;25 mmHg) with Odds Ratio (OR) of 0.34 [95% CI: 0.11-1.02]. No patient lost light perception.</AbstractText>
                <AbstractText Label="CONCLUSION" NlmCategory="CONCLUSIONS">Phaco-trabeculectomy in advanced, controlled, open-angle glaucoma patients with cataract results in better postoperative visual field MD with no major adverse events.</AbstractText>
            </Abstract>
            <AuthorList CompleteYN="Y">
                <Author ValidYN="Y">
                    <LastName>Liaska</LastName>
                    <ForeName>A</ForeName>
                    <Initials>A</Initials>
                    <AffiliationInfo>
                        <Affiliation>Glaucoma Clinic, Department of Ophthalmology, General Hospital of Lamia , Lamia , Greece .</Affiliation>
                    </AffiliationInfo>
                </Author>
                <Author ValidYN="Y">
                    <LastName>Papaconstantinou</LastName>
                    <ForeName>D</ForeName>
                    <Initials>D</Initials>
                </Author>
                <Author ValidYN="Y">
                    <LastName>Georgalas</LastName>
                    <ForeName>I</ForeName>
                    <Initials>I</Initials>
                </Author>
                <Author ValidYN="Y">
                    <LastName>Koutsandrea</LastName>
                    <ForeName>C</ForeName>
                    <Initials>C</Initials>
                </Author>
                <Author ValidYN="Y">
                    <LastName>Theodosiadis</LastName>
                    <ForeName>P</ForeName>
                    <Initials>P</Initials>
                </Author>
                <Author ValidYN="Y">
                    <LastName>Chatzistefanou</LastName>
                    <ForeName>K</ForeName>
                    <Initials>K</Initials>
                </Author>
            </AuthorList>
            <Language>eng</Language>
            <PublicationTypeList>
                <PublicationType UI="D016428">Journal Article</PublicationType>
                <PublicationType UI="D016449">Randomized Controlled Trial</PublicationType>
            </PublicationTypeList>
            <ArticleDate DateType="Electronic">
                <Year>2014</Year>
                <Month>03</Month>
                <Day>21</Day>
            </ArticleDate>
        </Article>
        <MedlineJournalInfo>
            <Country>England</Country>
            <MedlineTA>Semin Ophthalmol</MedlineTA>
            <NlmUniqueID>8610759</NlmUniqueID>
            <ISSNLinking>0882-0538</ISSNLinking>
        </MedlineJournalInfo>
        <CitationSubset>IM</CitationSubset>
        <MeshHeadingList>
            <MeshHeading>
                <DescriptorName UI="D000368" MajorTopicYN="N">Aged</DescriptorName>
            </MeshHeading>
            <MeshHeading>
                <DescriptorName UI="D000369" MajorTopicYN="N">Aged, 80 and over</DescriptorName>
            </MeshHeading>
            <MeshHeading>
                <DescriptorName UI="D002386" MajorTopicYN="N">Cataract</DescriptorName>
                <QualifierName UI="Q000150" MajorTopicYN="Y">complications</QualifierName>
                <QualifierName UI="Q000503" MajorTopicYN="N">physiopathology</QualifierName>
            </MeshHeading>
            <MeshHeading>
                <DescriptorName UI="D005260" MajorTopicYN="N">Female</DescriptorName>
            </MeshHeading>
            <MeshHeading>
                <DescriptorName UI="D005902" MajorTopicYN="N">Glaucoma, Open-Angle</DescriptorName>
                <QualifierName UI="Q000150" MajorTopicYN="Y">complications</QualifierName>
                <QualifierName UI="Q000503" MajorTopicYN="N">physiopathology</QualifierName>
                <QualifierName UI="Q000601" MajorTopicYN="Y">surgery</QualifierName>
            </MeshHeading>
            <MeshHeading>
                <DescriptorName UI="D006801" MajorTopicYN="N">Humans</DescriptorName>
            </MeshHeading>
            <MeshHeading>
                <DescriptorName UI="D007429" MajorTopicYN="N">Intraocular Pressure</DescriptorName>
                <QualifierName UI="Q000502" MajorTopicYN="N">physiology</QualifierName>
            </MeshHeading>
            <MeshHeading>
                <DescriptorName UI="D007431" MajorTopicYN="N">Intraoperative Complications</DescriptorName>
            </MeshHeading>
            <MeshHeading>
                <DescriptorName UI="D008297" MajorTopicYN="N">Male</DescriptorName>
            </MeshHeading>
            <MeshHeading>
                <DescriptorName UI="D018918" MajorTopicYN="N">Phacoemulsification</DescriptorName>
                <QualifierName UI="Q000009" MajorTopicYN="N">adverse effects</QualifierName>
                <QualifierName UI="Q000379" MajorTopicYN="Y">methods</QualifierName>
            </MeshHeading>
            <MeshHeading>
                <DescriptorName UI="D011183" MajorTopicYN="N">Postoperative Complications</DescriptorName>
            </MeshHeading>
            <MeshHeading>
                <DescriptorName UI="D011446" MajorTopicYN="N">Prospective Studies</DescriptorName>
            </MeshHeading>
            <MeshHeading>
                <DescriptorName UI="D014130" MajorTopicYN="N">Trabeculectomy</DescriptorName>
                <QualifierName UI="Q000009" MajorTopicYN="N">adverse effects</QualifierName>
                <QualifierName UI="Q000379" MajorTopicYN="Y">methods</QualifierName>
            </MeshHeading>
            <MeshHeading>
                <DescriptorName UI="D016896" MajorTopicYN="N">Treatment Outcome</DescriptorName>
            </MeshHeading>
            <MeshHeading>
                <DescriptorName UI="D014792" MajorTopicYN="N">Visual Acuity</DescriptorName>
                <QualifierName UI="Q000502" MajorTopicYN="N">physiology</QualifierName>
            </MeshHeading>
            <MeshHeading>
                <DescriptorName UI="D058609" MajorTopicYN="N">Visual Field Tests</DescriptorName>
            </MeshHeading>
            <MeshHeading>
                <DescriptorName UI="D014794" MajorTopicYN="N">Visual Fields</DescriptorName>
                <QualifierName UI="Q000502" MajorTopicYN="N">physiology</QualifierName>
            </MeshHeading>
        </MeshHeadingList>
        <KeywordList Owner="NOTNLM">
            <Keyword MajorTopicYN="N">Glaucoma</Keyword>
            <Keyword MajorTopicYN="N">phaco-trabeculectomy</Keyword>
            <Keyword MajorTopicYN="N">phacoemulsification</Keyword>
            <Keyword MajorTopicYN="N">trabeculectomy</Keyword>
            <Keyword MajorTopicYN="N">treatment</Keyword>
        </KeywordList>
    </MedlineCitation>
    <PubmedData>
        <History>
            <PubMedPubDate PubStatus="entrez">
                <Year>2014</Year>
                <Month>3</Month>
                <Day>25</Day>
                <Hour>6</Hour>
                <Minute>0</Minute>
            </PubMedPubDate>
            <PubMedPubDate PubStatus="pubmed">
                <Year>2014</Year>
                <Month>3</Month>
                <Day>25</Day>
                <Hour>6</Hour>
                <Minute>0</Minute>
            </PubMedPubDate>
            <PubMedPubDate PubStatus="medline">
                <Year>2014</Year>
                <Month>11</Month>
                <Day>7</Day>
                <Hour>6</Hour>
                <Minute>0</Minute>
            </PubMedPubDate>
        </History>
        <PublicationStatus>ppublish</PublicationStatus>
        <ArticleIdList>
            <ArticleId IdType="pubmed">24654699</ArticleId>
            <ArticleId IdType="doi">10.3109/08820538.2014.880491</ArticleId>
        </ArticleIdList>
    </PubmedData>
</PubmedArticle>

</PubmedArticleSet>