<?xml version="1.0" ?>
<!DOCTYPE PubmedArticleSet PUBLIC "-//NLM//DTD PubMedArticle, 1st January 2019//EN" "https://dtd.nlm.nih.gov/ncbi/pubmed/out/pubmed_190101.dtd">
<PubmedArticleSet>
<PubmedArticle>
    <MedlineCitation Status="MEDLINE" Owner="NLM">
        <PMID Version="1">24653751</PMID>
        <DateCompleted>
            <Year>2014</Year>
            <Month>11</Month>
            <Day>14</Day>
        </DateCompleted>
        <DateRevised>
            <Year>2019</Year>
            <Month>01</Month>
            <Day>08</Day>
        </DateRevised>
        <Article PubModel="Print-Electronic">
            <Journal>
                <ISSN IssnType="Electronic">1844-3117</ISSN>
                <JournalIssue CitedMedium="Internet">
                    <Volume>7</Volume>
                    <Issue>1</Issue>
                    <PubDate>
                        <Year>2014</Year>
                        <Month>Mar</Month>
                        <Day>15</Day>
                    </PubDate>
                </JournalIssue>
                <Title>Journal of medicine and life</Title>
                <ISOAbbreviation>J Med Life</ISOAbbreviation>
            </Journal>
            <ArticleTitle>Intraocular pressure after phacoemulsification in patients with uncontrolled primary open angle glaucoma.</ArticleTitle>
            <Pagination>
                <MedlinePgn>11-6</MedlinePgn>
            </Pagination>
            <Abstract>
                <AbstractText Label="UNLABELLED">RATIONALE (HYPOTHESIS): Although cataract and glaucoma represent an increasingly common situation encountered concomitantly, the management of this association is still debatable. OBJECTIVE (AIM): We aimed to assess intraocular pressure dynamics after phacoemulsification in patients with uncontrolled primary open angle glaucoma (POAG).</AbstractText>
                <AbstractText Label="METHODS AND RESULTS" NlmCategory="RESULTS">The present study was designed as a prospective, non-randomized, cohort study. The study population comprised of 38 patients with medically uncontrolled POAG who underwent cataract surgery by phacoemulsification between 2011 and 2012. Most of the patients (32/38, 84.2%) needed glaucoma surgery after a variable time (mean time between surgeries was 11.6 +/- 4.18 months). Mean preoperative IOP decreased with 2,1 +/- 3,7 mmHg at 6 months (CI 95% 1.96 to 3.56) and with 1,9 +/- 3,9 mmHg at 12 months compared with the baseline IOP. Postoperative IOP was statistically significant lower compared with its preoperative value at 6 months (p=9.11 x 10⁻⁸) and at one year (p=9.2 x 10⁻⁵). The difference between mean IOP at 6 months and 1 year after cataract surgery was not statistically significant (p&gt;0.05). Preoperatively, all the patients received topical antiglaucoma therapy. After phacoemulsification, their number did not change statistically significant, but it showed a slight increase. Average number of topical glaucoma medications used preoperatively was 2.66 + / -0.66, while at 6 months after surgery it was 2.71 + / - 0,75 and at 12 months postoperatively, 2.9 +/- 0.53.</AbstractText>
                <AbstractText Label="DISCUSSION" NlmCategory="CONCLUSIONS">IOP decreased statistically significant after phacoemulsification in patients with uncontrolled POAG, but the decrease was not sufficient for optimal glaucoma management; therefore, many patients needed subsequent glaucoma surgery.</AbstractText>
            </Abstract>
            <AuthorList CompleteYN="Y">
                <Author ValidYN="Y">
                    <LastName>Iancu</LastName>
                    <ForeName>R</ForeName>
                    <Initials>R</Initials>
                    <AffiliationInfo>
                        <Affiliation>Oftaclinic, Bucharest.</Affiliation>
                    </AffiliationInfo>
                </Author>
                <Author ValidYN="Y">
                    <LastName>Corbu</LastName>
                    <ForeName>C</ForeName>
                    <Initials>C</Initials>
                    <AffiliationInfo>
                        <Affiliation>Emergency Eye Hospital, Bucharest.</Affiliation>
                    </AffiliationInfo>
                </Author>
            </AuthorList>
            <Language>eng</Language>
            <PublicationTypeList>
                <PublicationType UI="D016430">Clinical Trial</PublicationType>
                <PublicationType UI="D016428">Journal Article</PublicationType>
            </PublicationTypeList>
            <ArticleDate DateType="Electronic">
                <Year>2014</Year>
                <Month>03</Month>
                <Day>25</Day>
            </ArticleDate>
        </Article>
        <MedlineJournalInfo>
            <Country>Romania</Country>
            <MedlineTA>J Med Life</MedlineTA>
            <NlmUniqueID>101477617</NlmUniqueID>
            <ISSNLinking>1844-122X</ISSNLinking>
        </MedlineJournalInfo>
        <CitationSubset>IM</CitationSubset>
        <MeshHeadingList>
            <MeshHeading>
                <DescriptorName UI="D002386" MajorTopicYN="N">Cataract</DescriptorName>
                <QualifierName UI="Q000150" MajorTopicYN="Y">complications</QualifierName>
            </MeshHeading>
            <MeshHeading>
                <DescriptorName UI="D015331" MajorTopicYN="N">Cohort Studies</DescriptorName>
            </MeshHeading>
            <MeshHeading>
                <DescriptorName UI="D005902" MajorTopicYN="N">Glaucoma, Open-Angle</DescriptorName>
                <QualifierName UI="Q000150" MajorTopicYN="Y">complications</QualifierName>
                <QualifierName UI="Q000188" MajorTopicYN="N">drug therapy</QualifierName>
                <QualifierName UI="Q000503" MajorTopicYN="Y">physiopathology</QualifierName>
                <QualifierName UI="Q000601" MajorTopicYN="N">surgery</QualifierName>
            </MeshHeading>
            <MeshHeading>
                <DescriptorName UI="D006801" MajorTopicYN="N">Humans</DescriptorName>
            </MeshHeading>
            <MeshHeading>
                <DescriptorName UI="D007429" MajorTopicYN="N">Intraocular Pressure</DescriptorName>
                <QualifierName UI="Q000502" MajorTopicYN="Y">physiology</QualifierName>
            </MeshHeading>
            <MeshHeading>
                <DescriptorName UI="D018918" MajorTopicYN="Y">Phacoemulsification</DescriptorName>
            </MeshHeading>
            <MeshHeading>
                <DescriptorName UI="D011446" MajorTopicYN="N">Prospective Studies</DescriptorName>
            </MeshHeading>
            <MeshHeading>
                <DescriptorName UI="D016896" MajorTopicYN="N">Treatment Outcome</DescriptorName>
            </MeshHeading>
        </MeshHeadingList>
        <KeywordList Owner="NOTNLM">
            <Keyword MajorTopicYN="N">intraocular pressure</Keyword>
            <Keyword MajorTopicYN="N">phacoemulsification</Keyword>
            <Keyword MajorTopicYN="N">uncontrolled glaucoma</Keyword>
        </KeywordList>
    </MedlineCitation>
    <PubmedData>
        <History>
            <PubMedPubDate PubStatus="received">
                <Year>2013</Year>
                <Month>04</Month>
                <Day>14</Day>
            </PubMedPubDate>
            <PubMedPubDate PubStatus="accepted">
                <Year>2014</Year>
                <Month>11</Month>
                <Day>27</Day>
            </PubMedPubDate>
            <PubMedPubDate PubStatus="entrez">
                <Year>2014</Year>
                <Month>3</Month>
                <Day>22</Day>
                <Hour>6</Hour>
                <Minute>0</Minute>
            </PubMedPubDate>
            <PubMedPubDate PubStatus="pubmed">
                <Year>2014</Year>
                <Month>3</Month>
                <Day>22</Day>
                <Hour>6</Hour>
                <Minute>0</Minute>
            </PubMedPubDate>
            <PubMedPubDate PubStatus="medline">
                <Year>2014</Year>
                <Month>11</Month>
                <Day>15</Day>
                <Hour>6</Hour>
                <Minute>0</Minute>
            </PubMedPubDate>
        </History>
        <PublicationStatus>ppublish</PublicationStatus>
        <ArticleIdList>
            <ArticleId IdType="pubmed">24653751</ArticleId>
            <ArticleId IdType="pmc">PMC3956089</ArticleId>
        </ArticleIdList>
        <ReferenceList>
            <Reference>
                <Citation>Ophthalmology. 2001 Nov;108(11):1943-53</Citation>
                <ArticleIdList>
                    <ArticleId IdType="pubmed">11713061</ArticleId>
                </ArticleIdList>
            </Reference>
            <Reference>
                <Citation>J Cataract Refract Surg. 2001 Nov;27(11):1779-86</Citation>
                <ArticleIdList>
                    <ArticleId IdType="pubmed">11709251</ArticleId>
                </ArticleIdList>
            </Reference>
            <Reference>
                <Citation>Arch Ophthalmol. 2002 Jun;120(6):701-13; discussion 829-30</Citation>
                <ArticleIdList>
                    <ArticleId IdType="pubmed">12049574</ArticleId>
                </ArticleIdList>
            </Reference>
            <Reference>
                <Citation>Ophthalmology. 2002 Sep;109(9):1597-603</Citation>
                <ArticleIdList>
                    <ArticleId IdType="pubmed">12208704</ArticleId>
                </ArticleIdList>
            </Reference>
            <Reference>
                <Citation>Br J Ophthalmol. 2002 Oct;86(10):1080-4</Citation>
                <ArticleIdList>
                    <ArticleId IdType="pubmed">12234882</ArticleId>
                </ArticleIdList>
            </Reference>
            <Reference>
                <Citation>Ophthalmology. 2002 Oct;109(10):1902-13</Citation>
                <ArticleIdList>
                    <ArticleId IdType="pubmed">12359612</ArticleId>
                </ArticleIdList>
            </Reference>
            <Reference>
                <Citation>Ophthalmologica. 2003 Sep-Oct;217(5):325-8</Citation>
                <ArticleIdList>
                    <ArticleId IdType="pubmed">12913321</ArticleId>
                </ArticleIdList>
            </Reference>
            <Reference>
                <Citation>Ophthalmologica. 1994;208(5):254-8</Citation>
                <ArticleIdList>
                    <ArticleId IdType="pubmed">7816417</ArticleId>
                </ArticleIdList>
            </Reference>
            <Reference>
                <Citation>Ophthalmologica. 1997;211(2):79-83</Citation>
                <ArticleIdList>
                    <ArticleId IdType="pubmed">9097309</ArticleId>
                </ArticleIdList>
            </Reference>
            <Reference>
                <Citation>Acta Ophthalmol Scand. 1997 Jun;75(3):299-300</Citation>
                <ArticleIdList>
                    <ArticleId IdType="pubmed">9253979</ArticleId>
                </ArticleIdList>
            </Reference>
            <Reference>
                <Citation>J Cataract Refract Surg. 1999 Jul;25(7):885-90</Citation>
                <ArticleIdList>
                    <ArticleId IdType="pubmed">10404361</ArticleId>
                </ArticleIdList>
            </Reference>
            <Reference>
                <Citation>J Cataract Refract Surg. 2005 Mar;31(3):479-83</Citation>
                <ArticleIdList>
                    <ArticleId IdType="pubmed">15811734</ArticleId>
                </ArticleIdList>
            </Reference>
            <Reference>
                <Citation>J Glaucoma. 2006 Feb;15(1):47-52</Citation>
                <ArticleIdList>
                    <ArticleId IdType="pubmed">16378018</ArticleId>
                </ArticleIdList>
            </Reference>
            <Reference>
                <Citation>J Cataract Refract Surg. 2008 May;34(5):735-42</Citation>
                <ArticleIdList>
                    <ArticleId IdType="pubmed">18471626</ArticleId>
                </ArticleIdList>
            </Reference>
            <Reference>
                <Citation>Int Ophthalmol Clin. 2011 Summer;51(3):1-18</Citation>
                <ArticleIdList>
                    <ArticleId IdType="pubmed">21633234</ArticleId>
                </ArticleIdList>
            </Reference>
            <Reference>
                <Citation>J Glaucoma. 2012 Oct-Nov;21(8):551-61</Citation>
                <ArticleIdList>
                    <ArticleId IdType="pubmed">21878817</ArticleId>
                </ArticleIdList>
            </Reference>
            <Reference>
                <Citation>Qual Life Res. 2013 Aug;22(6):1405-14</Citation>
                <ArticleIdList>
                    <ArticleId IdType="pubmed">23015266</ArticleId>
                </ArticleIdList>
            </Reference>
            <Reference>
                <Citation>J Cataract Refract Surg. 2001 Mar;27(3):421-5</Citation>
                <ArticleIdList>
                    <ArticleId IdType="pubmed">11255055</ArticleId>
                </ArticleIdList>
            </Reference>
            <Reference>
                <Citation>J Cataract Refract Surg. 2001 Mar;27(3):426-31</Citation>
                <ArticleIdList>
                    <ArticleId IdType="pubmed">11255056</ArticleId>
                </ArticleIdList>
            </Reference>
            <Reference>
                <Citation>Ophthalmology. 2001 Nov;108(11):1954-65</Citation>
                <ArticleIdList>
                    <ArticleId IdType="pubmed">11713062</ArticleId>
                </ArticleIdList>
            </Reference>
        </ReferenceList>
    </PubmedData>
</PubmedArticle>

</PubmedArticleSet>