<?xml version="1.0" ?>
<!DOCTYPE PubmedArticleSet PUBLIC "-//NLM//DTD PubMedArticle, 1st January 2019//EN" "https://dtd.nlm.nih.gov/ncbi/pubmed/out/pubmed_190101.dtd">
<PubmedArticleSet>
<PubmedArticle>
    <MedlineCitation Status="MEDLINE" Owner="NLM">
        <PMID Version="1">25088629</PMID>
        <DateCompleted>
            <Year>2015</Year>
            <Month>02</Month>
            <Day>09</Day>
        </DateCompleted>
        <DateRevised>
            <Year>2015</Year>
            <Month>10</Month>
            <Day>26</Day>
        </DateRevised>
        <Article PubModel="Print">
            <Journal>
                <ISSN IssnType="Electronic">1873-4502</ISSN>
                <JournalIssue CitedMedium="Internet">
                    <Volume>40</Volume>
                    <Issue>8</Issue>
                    <PubDate>
                        <Year>2014</Year>
                        <Month>Aug</Month>
                    </PubDate>
                </JournalIssue>
                <Title>Journal of cataract and refractive surgery</Title>
                <ISOAbbreviation>J Cataract Refract Surg</ISOAbbreviation>
            </Journal>
            <ArticleTitle>Endoscopic cyclophotocoagulation combined with phacoemulsification versus phacoemulsification alone in medically controlled glaucoma.</ArticleTitle>
            <Pagination>
                <MedlinePgn>1313-21</MedlinePgn>
            </Pagination>
            <ELocationID EIdType="doi" ValidYN="Y">10.1016/j.jcrs.2014.06.021</ELocationID>
            <ELocationID EIdType="pii" ValidYN="Y">S0886-3350(14)00818-9</ELocationID>
            <Abstract>
                <AbstractText Label="PURPOSE" NlmCategory="OBJECTIVE">To compare the outcomes of combined endoscopic cyclophotocoagulation (ECP) and phacoemulsification cataract extraction versus cataract extraction alone in eyes with medically controlled open-angle glaucoma (OAG) and visually significant cataract.</AbstractText>
                <AbstractText Label="SETTING" NlmCategory="METHODS">Clinical practices of glaucoma specialists and comprehensive ophthalmologists.</AbstractText>
                <AbstractText Label="DESIGN" NlmCategory="METHODS">Prospective nonrandomized matched-control study.</AbstractText>
                <AbstractText Label="METHODS" NlmCategory="METHODS">Consecutive patients with medically controlled OAG and visually significant cataracts were treated with ECP and cataract extraction (study group) or cataract extraction alone (control group). The groups were matched in age and baseline intraocular pressure (IOP). The main outcome measures were the change in IOP and number of glaucoma medications. Secondary measures included visual acuity and postoperative complications.</AbstractText>
                <AbstractText Label="RESULTS" NlmCategory="RESULTS">In the study group (n = 80) the mean IOP decreased (baseline: 18.1 mm Hg ± 3.0 [SD]; 1 year: 16.0 ± 2.8 mm Hg; 2 years: 16.0 ± 3.3 mm Hg). The number of glaucoma medications decreased from 1.5 ± 0.8 to 0.4 ± 0.7 (1 year and 2 years). In the control group (n = 80), the mean IOP was 18.1 ± 3.0 mm Hg (baseline), 17.5 ± 3.6 mm Hg (1 year), and 17.3 ± 3.2 mm Hg (2 years). The mean number of glaucoma medications was 2.4 ± 1.0, 1.8 ± 1.2, and 2.0 ± 1.0, respectively. The difference in IOP and medication reduction between the 2 groups was statistically significant at all timepoints. Visual acuity outcomes and complication rates were similar between the 2 groups.</AbstractText>
                <AbstractText Label="CONCLUSION" NlmCategory="CONCLUSIONS">Combined ECP and cataract extraction resulted in lower IOP and a greater reduction in glaucoma medications than cataract extraction alone in medically controlled OAG patients with visually significant cataract.</AbstractText>
                <AbstractText Label="FINANCIAL DISCLOSURES" NlmCategory="BACKGROUND">Proprietary or commercial disclosures are listed after the references.</AbstractText>
                <CopyrightInformation>Copyright © 2014 ASCRS and ESCRS. Published by Elsevier Inc. All rights reserved.</CopyrightInformation>
            </Abstract>
            <AuthorList CompleteYN="Y">
                <Author ValidYN="Y">
                    <LastName>Francis</LastName>
                    <ForeName>Brian A</ForeName>
                    <Initials>BA</Initials>
                    <AffiliationInfo>
                        <Affiliation>From Doheny Eye Institute (Francis), Department of Ophthalmology, David Geffen School of Medicine of the University of California Los Angeles, and the Department of Preventative Medicine and Biostatistics (Dustin), Keck School of Medicine of the University of Southern California, Los Angeles, California; Albert Einstein College of Medicine, Bronx and Nassau University Medical Center (Berke), and East Meadow, the Ophthalmic Consultants of Long Island (Berke), Lynbrook, New York; Ophthalmic Consultants of Connecticut (Noecker), Fairfield, Connecticut, USA. Electronic address: francis@jsei.ucla.edu.</Affiliation>
                    </AffiliationInfo>
                </Author>
                <Author ValidYN="Y">
                    <LastName>Berke</LastName>
                    <ForeName>Stanley J</ForeName>
                    <Initials>SJ</Initials>
                    <AffiliationInfo>
                        <Affiliation>From Doheny Eye Institute (Francis), Department of Ophthalmology, David Geffen School of Medicine of the University of California Los Angeles, and the Department of Preventative Medicine and Biostatistics (Dustin), Keck School of Medicine of the University of Southern California, Los Angeles, California; Albert Einstein College of Medicine, Bronx and Nassau University Medical Center (Berke), and East Meadow, the Ophthalmic Consultants of Long Island (Berke), Lynbrook, New York; Ophthalmic Consultants of Connecticut (Noecker), Fairfield, Connecticut, USA.</Affiliation>
                    </AffiliationInfo>
                </Author>
                <Author ValidYN="Y">
                    <LastName>Dustin</LastName>
                    <ForeName>Laurie</ForeName>
                    <Initials>L</Initials>
                    <AffiliationInfo>
                        <Affiliation>From Doheny Eye Institute (Francis), Department of Ophthalmology, David Geffen School of Medicine of the University of California Los Angeles, and the Department of Preventative Medicine and Biostatistics (Dustin), Keck School of Medicine of the University of Southern California, Los Angeles, California; Albert Einstein College of Medicine, Bronx and Nassau University Medical Center (Berke), and East Meadow, the Ophthalmic Consultants of Long Island (Berke), Lynbrook, New York; Ophthalmic Consultants of Connecticut (Noecker), Fairfield, Connecticut, USA.</Affiliation>
                    </AffiliationInfo>
                </Author>
                <Author ValidYN="Y">
                    <LastName>Noecker</LastName>
                    <ForeName>Robert</ForeName>
                    <Initials>R</Initials>
                    <AffiliationInfo>
                        <Affiliation>From Doheny Eye Institute (Francis), Department of Ophthalmology, David Geffen School of Medicine of the University of California Los Angeles, and the Department of Preventative Medicine and Biostatistics (Dustin), Keck School of Medicine of the University of Southern California, Los Angeles, California; Albert Einstein College of Medicine, Bronx and Nassau University Medical Center (Berke), and East Meadow, the Ophthalmic Consultants of Long Island (Berke), Lynbrook, New York; Ophthalmic Consultants of Connecticut (Noecker), Fairfield, Connecticut, USA.</Affiliation>
                    </AffiliationInfo>
                </Author>
            </AuthorList>
            <Language>eng</Language>
            <PublicationTypeList>
                <PublicationType UI="D003160">Comparative Study</PublicationType>
                <PublicationType UI="D018848">Controlled Clinical Trial</PublicationType>
                <PublicationType UI="D016428">Journal Article</PublicationType>
            </PublicationTypeList>
        </Article>
        <MedlineJournalInfo>
            <Country>United States</Country>
            <MedlineTA>J Cataract Refract Surg</MedlineTA>
            <NlmUniqueID>8604171</NlmUniqueID>
            <ISSNLinking>0886-3350</ISSNLinking>
        </MedlineJournalInfo>
        <ChemicalList>
            <Chemical>
                <RegistryNumber>0</RegistryNumber>
                <NameOfSubstance UI="D000959">Antihypertensive Agents</NameOfSubstance>
            </Chemical>
        </ChemicalList>
        <CitationSubset>IM</CitationSubset>
        <MeshHeadingList>
            <MeshHeading>
                <DescriptorName UI="D000368" MajorTopicYN="N">Aged</DescriptorName>
            </MeshHeading>
            <MeshHeading>
                <DescriptorName UI="D000369" MajorTopicYN="N">Aged, 80 and over</DescriptorName>
            </MeshHeading>
            <MeshHeading>
                <DescriptorName UI="D000959" MajorTopicYN="N">Antihypertensive Agents</DescriptorName>
                <QualifierName UI="Q000008" MajorTopicYN="N">administration &amp; dosage</QualifierName>
            </MeshHeading>
            <MeshHeading>
                <DescriptorName UI="D002386" MajorTopicYN="N">Cataract</DescriptorName>
                <QualifierName UI="Q000150" MajorTopicYN="Y">complications</QualifierName>
            </MeshHeading>
            <MeshHeading>
                <DescriptorName UI="D002924" MajorTopicYN="N">Ciliary Body</DescriptorName>
                <QualifierName UI="Q000601" MajorTopicYN="Y">surgery</QualifierName>
            </MeshHeading>
            <MeshHeading>
                <DescriptorName UI="D004724" MajorTopicYN="N">Endoscopy</DescriptorName>
            </MeshHeading>
            <MeshHeading>
                <DescriptorName UI="D005260" MajorTopicYN="N">Female</DescriptorName>
            </MeshHeading>
            <MeshHeading>
                <DescriptorName UI="D005902" MajorTopicYN="N">Glaucoma, Open-Angle</DescriptorName>
                <QualifierName UI="Q000150" MajorTopicYN="Y">complications</QualifierName>
                <QualifierName UI="Q000601" MajorTopicYN="Y">surgery</QualifierName>
            </MeshHeading>
            <MeshHeading>
                <DescriptorName UI="D006801" MajorTopicYN="N">Humans</DescriptorName>
            </MeshHeading>
            <MeshHeading>
                <DescriptorName UI="D007429" MajorTopicYN="N">Intraocular Pressure</DescriptorName>
                <QualifierName UI="Q000502" MajorTopicYN="N">physiology</QualifierName>
            </MeshHeading>
            <MeshHeading>
                <DescriptorName UI="D017075" MajorTopicYN="Y">Laser Coagulation</DescriptorName>
            </MeshHeading>
            <MeshHeading>
                <DescriptorName UI="D054023" MajorTopicYN="N">Lasers, Semiconductor</DescriptorName>
                <QualifierName UI="Q000627" MajorTopicYN="N">therapeutic use</QualifierName>
            </MeshHeading>
            <MeshHeading>
                <DescriptorName UI="D019654" MajorTopicYN="N">Lens Implantation, Intraocular</DescriptorName>
            </MeshHeading>
            <MeshHeading>
                <DescriptorName UI="D008297" MajorTopicYN="N">Male</DescriptorName>
            </MeshHeading>
            <MeshHeading>
                <DescriptorName UI="D008875" MajorTopicYN="N">Middle Aged</DescriptorName>
            </MeshHeading>
            <MeshHeading>
                <DescriptorName UI="D018918" MajorTopicYN="Y">Phacoemulsification</DescriptorName>
            </MeshHeading>
            <MeshHeading>
                <DescriptorName UI="D011183" MajorTopicYN="N">Postoperative Complications</DescriptorName>
            </MeshHeading>
            <MeshHeading>
                <DescriptorName UI="D011446" MajorTopicYN="N">Prospective Studies</DescriptorName>
            </MeshHeading>
            <MeshHeading>
                <DescriptorName UI="D014065" MajorTopicYN="N">Tonometry, Ocular</DescriptorName>
            </MeshHeading>
            <MeshHeading>
                <DescriptorName UI="D014792" MajorTopicYN="N">Visual Acuity</DescriptorName>
                <QualifierName UI="Q000502" MajorTopicYN="N">physiology</QualifierName>
            </MeshHeading>
        </MeshHeadingList>
    </MedlineCitation>
    <PubmedData>
        <History>
            <PubMedPubDate PubStatus="received">
                <Year>2014</Year>
                <Month>01</Month>
                <Day>23</Day>
            </PubMedPubDate>
            <PubMedPubDate PubStatus="revised">
                <Year>2014</Year>
                <Month>06</Month>
                <Day>08</Day>
            </PubMedPubDate>
            <PubMedPubDate PubStatus="accepted">
                <Year>2014</Year>
                <Month>06</Month>
                <Day>08</Day>
            </PubMedPubDate>
            <PubMedPubDate PubStatus="entrez">
                <Year>2014</Year>
                <Month>8</Month>
                <Day>5</Day>
                <Hour>6</Hour>
                <Minute>0</Minute>
            </PubMedPubDate>
            <PubMedPubDate PubStatus="pubmed">
                <Year>2014</Year>
                <Month>8</Month>
                <Day>5</Day>
                <Hour>6</Hour>
                <Minute>0</Minute>
            </PubMedPubDate>
            <PubMedPubDate PubStatus="medline">
                <Year>2015</Year>
                <Month>2</Month>
                <Day>11</Day>
                <Hour>6</Hour>
                <Minute>0</Minute>
            </PubMedPubDate>
        </History>
        <PublicationStatus>ppublish</PublicationStatus>
        <ArticleIdList>
            <ArticleId IdType="pubmed">25088629</ArticleId>
            <ArticleId IdType="pii">S0886-3350(14)00818-9</ArticleId>
            <ArticleId IdType="doi">10.1016/j.jcrs.2014.06.021</ArticleId>
        </ArticleIdList>
    </PubmedData>
</PubmedArticle>

</PubmedArticleSet>