<?xml version="1.0" ?>
<!DOCTYPE PubmedArticleSet PUBLIC "-//NLM//DTD PubMedArticle, 1st January 2019//EN" "https://dtd.nlm.nih.gov/ncbi/pubmed/out/pubmed_190101.dtd">
<PubmedArticleSet>
<PubmedArticle>
    <MedlineCitation Status="PubMed-not-MEDLINE" Owner="NLM">
        <PMID Version="1">25341826</PMID>
        <DateRevised>
            <Year>2019</Year>
            <Month>11</Month>
            <Day>20</Day>
        </DateRevised>
        <Article PubModel="Print">
            <Journal>
                <ISSN IssnType="Print">2072-6805</ISSN>
                <JournalIssue CitedMedium="Print">
                    <Volume>6</Volume>
                    <Issue>11</Issue>
                    <PubDate>
                        <Year>2014</Year>
                        <Month>Jan</Month>
                    </PubDate>
                </JournalIssue>
                <Title>Nepalese journal of ophthalmology : a biannual peer-reviewed academic journal of the Nepal Ophthalmic Society : NEPJOPH</Title>
                <ISOAbbreviation>Nepal J Ophthalmol</ISOAbbreviation>
            </Journal>
            <ArticleTitle>Effect of phacoemulsification surgery on various parameters in patients with glaucoma.</ArticleTitle>
            <Pagination>
                <MedlinePgn>46-55</MedlinePgn>
            </Pagination>
            <ELocationID EIdType="doi" ValidYN="Y">10.3126/nepjoph.v6i1.10772</ELocationID>
            <Abstract>
                <AbstractText Label="BACKGROUND" NlmCategory="BACKGROUND">Cataract and glaucoma are both common conditions and are often present in the same patient. The incidence of these diseases increases with age. Besides vision impairment, these diseases are associated with decrement in quality of life (QOL).</AbstractText>
                <AbstractText Label="OBJECTIVE" NlmCategory="OBJECTIVE">To study the effect of phacoemulsification surgery on various parameters in patients with glaucoma.</AbstractText>
                <AbstractText Label="MATERIALS AND METHODS" NlmCategory="METHODS">We enrolled 50 eyes of 36 patients with glaucoma and concomitant cataract scheduled for phacoemulsification cataract surgery . A record was made which included number of anti-glaucoma medications, visual acuity (VA), intra-ocular pressure (IOP), anterior chamber depth (ACD), cataract category/grade, visual field (VF) analysis (mean deviation (MD) and pattern standard deviation (PSD) and responses to Indian visual function questionnaires (IND-VFQ). The patients were re-evaluated at one month after cataract extraction and the above parameters were again obtained to compare them with the firs values.</AbstractText>
                <AbstractText Label="RESULTS" NlmCategory="RESULTS">The mean age of the patients was 66.34 yrs ± 7.96; 10 eyes (20 %) had angle closure and 40 (80 %) had open angle glaucoma. Following cataract extraction, VA improved, IOP decreased, number of glaucoma medications decreased and AC depth increased. The VF analysis showed that the improvement in MD was significant while changes in PSD were not. The improvements seen in the visual function questionnaires (VFQ) were significant. When these parameters were analyzed based on the types of glaucoma, in the angle closure glaucoma (ACG) group, the decrease of IOP from 15.30 ± 6.18 to 12.70 ± 2.71 was not significant ( p = 0.24). In the open angle glaucoma (OAG) group, the changes in the number of anti-glaucoma medication were not significant. When the parameters were analyzed in subgroups, based on cataract category, nuclear sclerosis and posterior sub-capsular, the VA improved significantly in both and the MD improved in the posterior sub-capsular surgery. Improvement in VFQ's was observed in denser nuclear sclerotic and posterior subcapsular cataracts.</AbstractText>
                <AbstractText Label="CONCLUSION" NlmCategory="CONCLUSIONS">Cataract extraction results in significant improvement in vision, IOP reduction, decrease in the number of medications, deepening of AC and in the quality of life in patients with co-existing glaucoma when the cataract is of significant density.</AbstractText>
                <CopyrightInformation>© NEPjOPH.</CopyrightInformation>
            </Abstract>
            <AuthorList CompleteYN="Y">
                <Author ValidYN="Y">
                    <LastName>Bhandari</LastName>
                    <ForeName>S</ForeName>
                    <Initials>S</Initials>
                    <AffiliationInfo>
                        <Affiliation>Tilganga Institute of Ophthalmology, Gaushala, Kathmandu, Nepal.</Affiliation>
                    </AffiliationInfo>
                </Author>
                <Author ValidYN="Y">
                    <LastName>Pandyal</LastName>
                    <ForeName>I</ForeName>
                    <Initials>I</Initials>
                </Author>
                <Author ValidYN="Y">
                    <LastName>Khanal</LastName>
                    <ForeName>S P</ForeName>
                    <Initials>SP</Initials>
                </Author>
                <Author ValidYN="Y">
                    <LastName>Thapa</LastName>
                    <ForeName>S S</ForeName>
                    <Initials>SS</Initials>
                </Author>
            </AuthorList>
            <Language>eng</Language>
            <PublicationTypeList>
                <PublicationType UI="D016428">Journal Article</PublicationType>
            </PublicationTypeList>
        </Article>
        <MedlineJournalInfo>
            <Country>Nepal</Country>
            <MedlineTA>Nepal J Ophthalmol</MedlineTA>
            <NlmUniqueID>101505288</NlmUniqueID>
            <ISSNLinking>2072-6805</ISSNLinking>
        </MedlineJournalInfo>
        <CitationSubset>IM</CitationSubset>
    </MedlineCitation>
    <PubmedData>
        <History>
            <PubMedPubDate PubStatus="entrez">
                <Year>2014</Year>
                <Month>10</Month>
                <Day>25</Day>
                <Hour>6</Hour>
                <Minute>0</Minute>
            </PubMedPubDate>
            <PubMedPubDate PubStatus="pubmed">
                <Year>2014</Year>
                <Month>10</Month>
                <Day>25</Day>
                <Hour>6</Hour>
                <Minute>0</Minute>
            </PubMedPubDate>
            <PubMedPubDate PubStatus="medline">
                <Year>2014</Year>
                <Month>10</Month>
                <Day>25</Day>
                <Hour>6</Hour>
                <Minute>1</Minute>
            </PubMedPubDate>
        </History>
        <PublicationStatus>ppublish</PublicationStatus>
        <ArticleIdList>
            <ArticleId IdType="pubmed">25341826</ArticleId>
            <ArticleId IdType="doi">10.3126/nepjoph.v6i1.10772</ArticleId>
        </ArticleIdList>
    </PubmedData>
</PubmedArticle>

</PubmedArticleSet>