<?xml version="1.0" ?>
<!DOCTYPE PubmedArticleSet PUBLIC "-//NLM//DTD PubMedArticle, 1st January 2019//EN" "https://dtd.nlm.nih.gov/ncbi/pubmed/out/pubmed_190101.dtd">
<PubmedArticleSet>
<PubmedArticle>
    <MedlineCitation Status="MEDLINE" Owner="NLM">
        <PMID Version="1">25972254</PMID>
        <DateCompleted>
            <Year>2015</Year>
            <Month>09</Month>
            <Day>25</Day>
        </DateCompleted>
        <DateRevised>
            <Year>2015</Year>
            <Month>06</Month>
            <Day>26</Day>
        </DateRevised>
        <Article PubModel="Print-Electronic">
            <Journal>
                <ISSN IssnType="Electronic">1549-4713</ISSN>
                <JournalIssue CitedMedium="Internet">
                    <Volume>122</Volume>
                    <Issue>7</Issue>
                    <PubDate>
                        <Year>2015</Year>
                        <Month>Jul</Month>
                    </PubDate>
                </JournalIssue>
                <Title>Ophthalmology</Title>
                <ISOAbbreviation>Ophthalmology</ISOAbbreviation>
            </Journal>
            <ArticleTitle>A Randomized Trial of a Schlemm's Canal Microstent with Phacoemulsification for Reducing Intraocular Pressure in Open-Angle Glaucoma.</ArticleTitle>
            <Pagination>
                <MedlinePgn>1283-93</MedlinePgn>
            </Pagination>
            <ELocationID EIdType="doi" ValidYN="Y">10.1016/j.ophtha.2015.03.031</ELocationID>
            <ELocationID EIdType="pii" ValidYN="Y">S0161-6420(15)00315-2</ELocationID>
            <Abstract>
                <AbstractText Label="PURPOSE" NlmCategory="OBJECTIVE">To assess the safety and effectiveness of the Hydrus Microstent (Ivantis, Inc, Irvine, CA) with concurrent cataract surgery (CS) for reducing intraocular pressure (IOP) in open-angle glaucoma (OAG).</AbstractText>
                <AbstractText Label="DESIGN" NlmCategory="METHODS">Prospective, multicenter, randomized, single-masked, controlled clinical trial.</AbstractText>
                <AbstractText Label="PARTICIPANTS" NlmCategory="METHODS">One hundred eyes from 100 patients 21 to 80 years of age with OAG and cataract with IOP of 24 mmHg or less with 4 or fewer hypotensive medications and a washed-out diurnal IOP (DIOP) of 21 to 36 mmHg.</AbstractText>
                <AbstractText Label="METHODS" NlmCategory="METHODS">On the day of surgery, patients were randomized 1:1 to undergo CS with the microstent or CS alone. Postoperative follow-up was at 1 day, 1 week, and 1, 3, 6, 12, 18, and 24 months. Washout of hypotensive medications was repeated at 12 and 24 months.</AbstractText>
                <AbstractText Label="MAIN OUTCOME MEASURES" NlmCategory="METHODS">Response to treatment was defined as a 20% or more decrease in washed out DIOP at 12 and 24 months of follow-up compared with baseline. Mean DIOP at 12 and 24 months, the proportion of subjects requiring medications at follow-up, and the mean number of medications were analyzed. Safety measures included change in visual acuity, slit-lamp observations, and adverse events.</AbstractText>
                <AbstractText Label="RESULTS" NlmCategory="RESULTS">The proportion of patients with a 20% reduction in washed out DIOP was significantly higher in the Hydrus plus CS group at 24 months compared with the CS group (80% vs. 46%; P = 0.0008). Washed out mean DIOP in the Hydrus plus CS group was significantly lower at 24 months compared with the CS group (16.9±3.3 mmHg vs. 19.2±4.7 mmHg; P = 0.0093), and the proportion of patients using no hypotensive medications was significantly higher at 24 months in the Hydrus plus CS group (73% vs. 38%; P = 0.0008). There were no differences in follow-up visual acuity between groups. The only notable device-related adverse event was focal peripheral anterior synechiae (1-2 mm in length). Otherwise, adverse event frequency was similar in the 2 groups.</AbstractText>
                <AbstractText Label="CONCLUSIONS" NlmCategory="CONCLUSIONS">Intraocular pressure was clinically and statistically significantly lower at 2 years in the Hydrus plus CS group compared with the CS alone group, with no differences in safety.</AbstractText>
                <CopyrightInformation>Copyright © 2015 American Academy of Ophthalmology. Published by Elsevier Inc. All rights reserved.</CopyrightInformation>
            </Abstract>
            <AuthorList CompleteYN="Y">
                <Author ValidYN="Y">
                    <LastName>Pfeiffer</LastName>
                    <ForeName>Norbert</ForeName>
                    <Initials>N</Initials>
                    <AffiliationInfo>
                        <Affiliation>Department of Ophthalmology, Johannes Gutenberg-University, Mainz, Germany. Electronic address: norbert.pfeiffer@unimedizin-mainz.de.</Affiliation>
                    </AffiliationInfo>
                </Author>
                <Author ValidYN="Y">
                    <LastName>Garcia-Feijoo</LastName>
                    <ForeName>Julian</ForeName>
                    <Initials>J</Initials>
                    <AffiliationInfo>
                        <Affiliation>Servicio de Oftalmología, Hospital Clinico San Carlos, Madrid, Spain.</Affiliation>
                    </AffiliationInfo>
                </Author>
                <Author ValidYN="Y">
                    <LastName>Martinez-de-la-Casa</LastName>
                    <ForeName>Jose M</ForeName>
                    <Initials>JM</Initials>
                    <AffiliationInfo>
                        <Affiliation>Servicio de Oftalmología, Hospital Clinico San Carlos, Madrid, Spain.</Affiliation>
                    </AffiliationInfo>
                </Author>
                <Author ValidYN="Y">
                    <LastName>Larrosa</LastName>
                    <ForeName>Jose M</ForeName>
                    <Initials>JM</Initials>
                    <AffiliationInfo>
                        <Affiliation>Servicio de Oftalmología, University Hospital Miguel Servet, Zaragoza, Spain.</Affiliation>
                    </AffiliationInfo>
                </Author>
                <Author ValidYN="Y">
                    <LastName>Fea</LastName>
                    <ForeName>Antonio</ForeName>
                    <Initials>A</Initials>
                    <AffiliationInfo>
                        <Affiliation>Dipartimento di Scienze Chirugia, Clinica Oculistica, University of Torino, Torino, Italy.</Affiliation>
                    </AffiliationInfo>
                </Author>
                <Author ValidYN="Y">
                    <LastName>Lemij</LastName>
                    <ForeName>Hans</ForeName>
                    <Initials>H</Initials>
                    <AffiliationInfo>
                        <Affiliation>Glaucoma Service, Rotterdam Eye Hospital, Rotterdam, The Netherlands.</Affiliation>
                    </AffiliationInfo>
                </Author>
                <Author ValidYN="Y">
                    <LastName>Gandolfi</LastName>
                    <ForeName>Stefano</ForeName>
                    <Initials>S</Initials>
                    <AffiliationInfo>
                        <Affiliation>Unita di Oftalmologia, Universita Degli Studi die Parma, Dipartimento di Scienze Biomediche, Biotecnologiche e Traslazionali, Clinica Oculistica, University of Parma, Parma, Italy.</Affiliation>
                    </AffiliationInfo>
                </Author>
                <Author ValidYN="Y">
                    <LastName>Schwenn</LastName>
                    <ForeName>Oliver</ForeName>
                    <Initials>O</Initials>
                    <AffiliationInfo>
                        <Affiliation>Bürgerhospital Frankfurt, am Main, Augenklinik, Germany.</Affiliation>
                    </AffiliationInfo>
                </Author>
                <Author ValidYN="Y">
                    <LastName>Lorenz</LastName>
                    <ForeName>Katrin</ForeName>
                    <Initials>K</Initials>
                    <AffiliationInfo>
                        <Affiliation>Department of Ophthalmology, Johannes Gutenberg-University, Mainz, Germany.</Affiliation>
                    </AffiliationInfo>
                </Author>
                <Author ValidYN="Y">
                    <LastName>Samuelson</LastName>
                    <ForeName>Thomas W</ForeName>
                    <Initials>TW</Initials>
                    <AffiliationInfo>
                        <Affiliation>Minnesota Eye Consultants, Minneapolis, Minnesota.</Affiliation>
                    </AffiliationInfo>
                </Author>
            </AuthorList>
            <Language>eng</Language>
            <PublicationTypeList>
                <PublicationType UI="D016428">Journal Article</PublicationType>
                <PublicationType UI="D016448">Multicenter Study</PublicationType>
                <PublicationType UI="D016449">Randomized Controlled Trial</PublicationType>
                <PublicationType UI="D013485">Research Support, Non-U.S. Gov't</PublicationType>
            </PublicationTypeList>
            <ArticleDate DateType="Electronic">
                <Year>2015</Year>
                <Month>05</Month>
                <Day>09</Day>
            </ArticleDate>
        </Article>
        <MedlineJournalInfo>
            <Country>United States</Country>
            <MedlineTA>Ophthalmology</MedlineTA>
            <NlmUniqueID>7802443</NlmUniqueID>
            <ISSNLinking>0161-6420</ISSNLinking>
        </MedlineJournalInfo>
        <ChemicalList>
            <Chemical>
                <RegistryNumber>0</RegistryNumber>
                <NameOfSubstance UI="D000959">Antihypertensive Agents</NameOfSubstance>
            </Chemical>
        </ChemicalList>
        <CitationSubset>IM</CitationSubset>
        <CommentsCorrectionsList>
            <CommentsCorrections RefType="CommentIn">
                <RefSource>Ophthalmology. 2015 Jul;122(7):1277-9</RefSource>
                <PMID Version="1">26111778</PMID>
            </CommentsCorrections>
        </CommentsCorrectionsList>
        <MeshHeadingList>
            <MeshHeading>
                <DescriptorName UI="D000328" MajorTopicYN="N">Adult</DescriptorName>
            </MeshHeading>
            <MeshHeading>
                <DescriptorName UI="D000368" MajorTopicYN="N">Aged</DescriptorName>
            </MeshHeading>
            <MeshHeading>
                <DescriptorName UI="D000369" MajorTopicYN="N">Aged, 80 and over</DescriptorName>
            </MeshHeading>
            <MeshHeading>
                <DescriptorName UI="D000959" MajorTopicYN="N">Antihypertensive Agents</DescriptorName>
                <QualifierName UI="Q000008" MajorTopicYN="N">administration &amp; dosage</QualifierName>
            </MeshHeading>
            <MeshHeading>
                <DescriptorName UI="D005260" MajorTopicYN="N">Female</DescriptorName>
            </MeshHeading>
            <MeshHeading>
                <DescriptorName UI="D005500" MajorTopicYN="N">Follow-Up Studies</DescriptorName>
            </MeshHeading>
            <MeshHeading>
                <DescriptorName UI="D020327" MajorTopicYN="Y">Glaucoma Drainage Implants</DescriptorName>
            </MeshHeading>
            <MeshHeading>
                <DescriptorName UI="D005902" MajorTopicYN="N">Glaucoma, Open-Angle</DescriptorName>
                <QualifierName UI="Q000503" MajorTopicYN="N">physiopathology</QualifierName>
                <QualifierName UI="Q000601" MajorTopicYN="Y">surgery</QualifierName>
            </MeshHeading>
            <MeshHeading>
                <DescriptorName UI="D006801" MajorTopicYN="N">Humans</DescriptorName>
            </MeshHeading>
            <MeshHeading>
                <DescriptorName UI="D007429" MajorTopicYN="N">Intraocular Pressure</DescriptorName>
                <QualifierName UI="Q000502" MajorTopicYN="Y">physiology</QualifierName>
            </MeshHeading>
            <MeshHeading>
                <DescriptorName UI="D019654" MajorTopicYN="N">Lens Implantation, Intraocular</DescriptorName>
            </MeshHeading>
            <MeshHeading>
                <DescriptorName UI="D016850" MajorTopicYN="N">Limbus Corneae</DescriptorName>
                <QualifierName UI="Q000601" MajorTopicYN="Y">surgery</QualifierName>
            </MeshHeading>
            <MeshHeading>
                <DescriptorName UI="D008297" MajorTopicYN="N">Male</DescriptorName>
            </MeshHeading>
            <MeshHeading>
                <DescriptorName UI="D008875" MajorTopicYN="N">Middle Aged</DescriptorName>
            </MeshHeading>
            <MeshHeading>
                <DescriptorName UI="D018918" MajorTopicYN="Y">Phacoemulsification</DescriptorName>
            </MeshHeading>
            <MeshHeading>
                <DescriptorName UI="D011446" MajorTopicYN="N">Prospective Studies</DescriptorName>
            </MeshHeading>
            <MeshHeading>
                <DescriptorName UI="D019919" MajorTopicYN="N">Prosthesis Implantation</DescriptorName>
            </MeshHeading>
            <MeshHeading>
                <DescriptorName UI="D016037" MajorTopicYN="N">Single-Blind Method</DescriptorName>
            </MeshHeading>
            <MeshHeading>
                <DescriptorName UI="D015607" MajorTopicYN="Y">Stents</DescriptorName>
            </MeshHeading>
            <MeshHeading>
                <DescriptorName UI="D014065" MajorTopicYN="N">Tonometry, Ocular</DescriptorName>
            </MeshHeading>
            <MeshHeading>
                <DescriptorName UI="D014792" MajorTopicYN="N">Visual Acuity</DescriptorName>
                <QualifierName UI="Q000502" MajorTopicYN="N">physiology</QualifierName>
            </MeshHeading>
            <MeshHeading>
                <DescriptorName UI="D014794" MajorTopicYN="N">Visual Fields</DescriptorName>
            </MeshHeading>
            <MeshHeading>
                <DescriptorName UI="D055815" MajorTopicYN="N">Young Adult</DescriptorName>
            </MeshHeading>
        </MeshHeadingList>
    </MedlineCitation>
    <PubmedData>
        <History>
            <PubMedPubDate PubStatus="received">
                <Year>2014</Year>
                <Month>08</Month>
                <Day>20</Day>
            </PubMedPubDate>
            <PubMedPubDate PubStatus="revised">
                <Year>2015</Year>
                <Month>03</Month>
                <Day>26</Day>
            </PubMedPubDate>
            <PubMedPubDate PubStatus="accepted">
                <Year>2015</Year>
                <Month>03</Month>
                <Day>27</Day>
            </PubMedPubDate>
            <PubMedPubDate PubStatus="entrez">
                <Year>2015</Year>
                <Month>5</Month>
                <Day>15</Day>
                <Hour>6</Hour>
                <Minute>0</Minute>
            </PubMedPubDate>
            <PubMedPubDate PubStatus="pubmed">
                <Year>2015</Year>
                <Month>5</Month>
                <Day>15</Day>
                <Hour>6</Hour>
                <Minute>0</Minute>
            </PubMedPubDate>
            <PubMedPubDate PubStatus="medline">
                <Year>2015</Year>
                <Month>9</Month>
                <Day>26</Day>
                <Hour>6</Hour>
                <Minute>0</Minute>
            </PubMedPubDate>
        </History>
        <PublicationStatus>ppublish</PublicationStatus>
        <ArticleIdList>
            <ArticleId IdType="pubmed">25972254</ArticleId>
            <ArticleId IdType="pii">S0161-6420(15)00315-2</ArticleId>
            <ArticleId IdType="doi">10.1016/j.ophtha.2015.03.031</ArticleId>
        </ArticleIdList>
    </PubmedData>
</PubmedArticle>

</PubmedArticleSet>