<?xml version="1.0" ?>
<!DOCTYPE PubmedArticleSet PUBLIC "-//NLM//DTD PubMedArticle, 1st January 2019//EN" "https://dtd.nlm.nih.gov/ncbi/pubmed/out/pubmed_190101.dtd">
<PubmedArticleSet>
<PubmedArticle>
    <MedlineCitation Status="MEDLINE" Owner="NLM">
        <PMID Version="1">26040219</PMID>
        <DateCompleted>
            <Year>2016</Year>
            <Month>01</Month>
            <Day>06</Day>
        </DateCompleted>
        <DateRevised>
            <Year>2016</Year>
            <Month>10</Month>
            <Day>13</Day>
        </DateRevised>
        <Article PubModel="Print">
            <Journal>
                <ISSN IssnType="Electronic">1715-3360</ISSN>
                <JournalIssue CitedMedium="Internet">
                    <Volume>50</Volume>
                    <Issue>3</Issue>
                    <PubDate>
                        <Year>2015</Year>
                        <Month>Jun</Month>
                    </PubDate>
                </JournalIssue>
                <Title>Canadian journal of ophthalmology. Journal canadien d'ophtalmologie</Title>
                <ISOAbbreviation>Can J Ophthalmol</ISOAbbreviation>
            </Journal>
            <ArticleTitle>Effect of endoscopic cyclophotocoagulation on refractive outcomes when combined with cataract surgery.</ArticleTitle>
            <Pagination>
                <MedlinePgn>197-201</MedlinePgn>
            </Pagination>
            <ELocationID EIdType="doi" ValidYN="Y">10.1016/j.jcjo.2015.03.006</ELocationID>
            <ELocationID EIdType="pii" ValidYN="Y">S0008-4182(15)00107-6</ELocationID>
            <Abstract>
                <AbstractText Label="OBJECTIVE" NlmCategory="OBJECTIVE">To determine the difference between predicted and actual refractive outcomes after combined endoscopic cyclophotocoagulation and cataract surgery (phaco-ECP) in patients with open-angle glaucoma (OAG).</AbstractText>
                <AbstractText Label="DESIGN" NlmCategory="METHODS">Retrospective case-control study of patients with OAG who underwent phaco-ECP compared with cataract surgery alone.</AbstractText>
                <AbstractText Label="PARTICIPANTS" NlmCategory="METHODS">Eighty-three patients with OAG, aged 55 to 91 years, who underwent a combined phaco-ECP procedure and 58 biometry- and age-matched control patients with OAG who underwent cataract surgery alone.</AbstractText>
                <AbstractText Label="METHODS" NlmCategory="METHODS">Patient records were retrospectively reviewed at the Department of Ophthalmology and Visual Sciences, Washington University School of Medicine in St. Louis (St. Louis, Mo.). The primary outcome was the difference in predicted and actual refractive outcomes in patients undergoing either phaco-ECP or standard cataract surgery.</AbstractText>
                <AbstractText Label="RESULTS" NlmCategory="RESULTS">Compared with phaco alone, the difference in predicted versus actual postoperative results was more myopic in the phaco-ECP group (0.029, -0.110, and -0.095 vs -0.169, -0.325, and -0.312 [p &lt; 0.05] for Sanders, Retzlaff, Kraff/Theoretical, Hoffer Q, and Holladay, respectively). Moreover, the F test for variability showed significantly more variability in refractive outcomes in the phaco-ECP group compared with standard cataract surgery.</AbstractText>
                <AbstractText Label="CONCLUSIONS" NlmCategory="CONCLUSIONS">Patients undergoing phaco-ECP may have postoperative refractive errors that may vary from that predicted preoperatively more so than in cataract surgery alone. Surgeons may consider analyzing their results to determine whether any adjustment should be made to lens power selection when performing phaco-ECP.</AbstractText>
                <CopyrightInformation>Copyright © 2015 Canadian Ophthalmological Society. Published by Elsevier Inc. All rights reserved.</CopyrightInformation>
            </Abstract>
            <AuthorList CompleteYN="Y">
                <Author ValidYN="Y">
                    <LastName>Sheybani</LastName>
                    <ForeName>Arsham</ForeName>
                    <Initials>A</Initials>
                    <AffiliationInfo>
                        <Affiliation>Department of Ophthalmology and Visual Sciences, Washington University in St. Louis School of Medicine, St. Louis, Mo.</Affiliation>
                    </AffiliationInfo>
                </Author>
                <Author ValidYN="Y">
                    <LastName>Saboori</LastName>
                    <ForeName>Mazeyar</ForeName>
                    <Initials>M</Initials>
                    <AffiliationInfo>
                        <Affiliation>Wayne State University School of Medicine, Kresge Eye Institute, Detroit, Mich.. Electronic address: mozzy.saboori@gmail.com.</Affiliation>
                    </AffiliationInfo>
                </Author>
                <Author ValidYN="Y">
                    <LastName>Kim</LastName>
                    <ForeName>Jenna M</ForeName>
                    <Initials>JM</Initials>
                    <AffiliationInfo>
                        <Affiliation>Department of Ophthalmology and Visual Sciences, Washington University in St. Louis School of Medicine, St. Louis, Mo.</Affiliation>
                    </AffiliationInfo>
                </Author>
                <Author ValidYN="Y">
                    <LastName>Gammon</LastName>
                    <ForeName>Harrison</ForeName>
                    <Initials>H</Initials>
                    <AffiliationInfo>
                        <Affiliation>Department of Ophthalmology and Visual Sciences, Washington University in St. Louis School of Medicine, St. Louis, Mo.</Affiliation>
                    </AffiliationInfo>
                </Author>
                <Author ValidYN="Y">
                    <LastName>Lee</LastName>
                    <ForeName>Aaron Y</ForeName>
                    <Initials>AY</Initials>
                    <AffiliationInfo>
                        <Affiliation>Department of Ophthalmology and Visual Sciences, Washington University in St. Louis School of Medicine, St. Louis, Mo.</Affiliation>
                    </AffiliationInfo>
                </Author>
                <Author ValidYN="Y">
                    <LastName>Bhorade</LastName>
                    <ForeName>Anjali M</ForeName>
                    <Initials>AM</Initials>
                    <AffiliationInfo>
                        <Affiliation>Department of Ophthalmology and Visual Sciences, Washington University in St. Louis School of Medicine, St. Louis, Mo.</Affiliation>
                    </AffiliationInfo>
                </Author>
            </AuthorList>
            <Language>eng</Language>
            <PublicationTypeList>
                <PublicationType UI="D016428">Journal Article</PublicationType>
            </PublicationTypeList>
        </Article>
        <MedlineJournalInfo>
            <Country>England</Country>
            <MedlineTA>Can J Ophthalmol</MedlineTA>
            <NlmUniqueID>0045312</NlmUniqueID>
            <ISSNLinking>0008-4182</ISSNLinking>
        </MedlineJournalInfo>
        <CitationSubset>IM</CitationSubset>
        <MeshHeadingList>
            <MeshHeading>
                <DescriptorName UI="D000328" MajorTopicYN="N">Adult</DescriptorName>
            </MeshHeading>
            <MeshHeading>
                <DescriptorName UI="D000368" MajorTopicYN="N">Aged</DescriptorName>
            </MeshHeading>
            <MeshHeading>
                <DescriptorName UI="D000369" MajorTopicYN="N">Aged, 80 and over</DescriptorName>
            </MeshHeading>
            <MeshHeading>
                <DescriptorName UI="D001699" MajorTopicYN="N">Biometry</DescriptorName>
            </MeshHeading>
            <MeshHeading>
                <DescriptorName UI="D016022" MajorTopicYN="N">Case-Control Studies</DescriptorName>
            </MeshHeading>
            <MeshHeading>
                <DescriptorName UI="D002924" MajorTopicYN="N">Ciliary Body</DescriptorName>
                <QualifierName UI="Q000601" MajorTopicYN="Y">surgery</QualifierName>
            </MeshHeading>
            <MeshHeading>
                <DescriptorName UI="D004724" MajorTopicYN="Y">Endoscopy</DescriptorName>
            </MeshHeading>
            <MeshHeading>
                <DescriptorName UI="D005260" MajorTopicYN="N">Female</DescriptorName>
            </MeshHeading>
            <MeshHeading>
                <DescriptorName UI="D005902" MajorTopicYN="N">Glaucoma, Open-Angle</DescriptorName>
                <QualifierName UI="Q000601" MajorTopicYN="Y">surgery</QualifierName>
            </MeshHeading>
            <MeshHeading>
                <DescriptorName UI="D006801" MajorTopicYN="N">Humans</DescriptorName>
            </MeshHeading>
            <MeshHeading>
                <DescriptorName UI="D007429" MajorTopicYN="N">Intraocular Pressure</DescriptorName>
                <QualifierName UI="Q000502" MajorTopicYN="N">physiology</QualifierName>
            </MeshHeading>
            <MeshHeading>
                <DescriptorName UI="D017075" MajorTopicYN="N">Laser Coagulation</DescriptorName>
                <QualifierName UI="Q000379" MajorTopicYN="Y">methods</QualifierName>
            </MeshHeading>
            <MeshHeading>
                <DescriptorName UI="D008297" MajorTopicYN="N">Male</DescriptorName>
            </MeshHeading>
            <MeshHeading>
                <DescriptorName UI="D008875" MajorTopicYN="N">Middle Aged</DescriptorName>
            </MeshHeading>
            <MeshHeading>
                <DescriptorName UI="D018918" MajorTopicYN="Y">Phacoemulsification</DescriptorName>
            </MeshHeading>
            <MeshHeading>
                <DescriptorName UI="D011183" MajorTopicYN="Y">Postoperative Complications</DescriptorName>
            </MeshHeading>
            <MeshHeading>
                <DescriptorName UI="D012029" MajorTopicYN="N">Refraction, Ocular</DescriptorName>
                <QualifierName UI="Q000502" MajorTopicYN="N">physiology</QualifierName>
            </MeshHeading>
            <MeshHeading>
                <DescriptorName UI="D012030" MajorTopicYN="N">Refractive Errors</DescriptorName>
                <QualifierName UI="Q000209" MajorTopicYN="N">etiology</QualifierName>
                <QualifierName UI="Q000503" MajorTopicYN="Y">physiopathology</QualifierName>
            </MeshHeading>
            <MeshHeading>
                <DescriptorName UI="D012189" MajorTopicYN="N">Retrospective Studies</DescriptorName>
            </MeshHeading>
            <MeshHeading>
                <DescriptorName UI="D014065" MajorTopicYN="N">Tonometry, Ocular</DescriptorName>
            </MeshHeading>
        </MeshHeadingList>
    </MedlineCitation>
    <PubmedData>
        <History>
            <PubMedPubDate PubStatus="received">
                <Year>2014</Year>
                <Month>10</Month>
                <Day>11</Day>
            </PubMedPubDate>
            <PubMedPubDate PubStatus="revised">
                <Year>2015</Year>
                <Month>02</Month>
                <Day>16</Day>
            </PubMedPubDate>
            <PubMedPubDate PubStatus="accepted">
                <Year>2015</Year>
                <Month>03</Month>
                <Day>01</Day>
            </PubMedPubDate>
            <PubMedPubDate PubStatus="entrez">
                <Year>2015</Year>
                <Month>6</Month>
                <Day>5</Day>
                <Hour>6</Hour>
                <Minute>0</Minute>
            </PubMedPubDate>
            <PubMedPubDate PubStatus="pubmed">
                <Year>2015</Year>
                <Month>6</Month>
                <Day>5</Day>
                <Hour>6</Hour>
                <Minute>0</Minute>
            </PubMedPubDate>
            <PubMedPubDate PubStatus="medline">
                <Year>2016</Year>
                <Month>1</Month>
                <Day>7</Day>
                <Hour>6</Hour>
                <Minute>0</Minute>
            </PubMedPubDate>
        </History>
        <PublicationStatus>ppublish</PublicationStatus>
        <ArticleIdList>
            <ArticleId IdType="pubmed">26040219</ArticleId>
            <ArticleId IdType="pii">S0008-4182(15)00107-6</ArticleId>
            <ArticleId IdType="doi">10.1016/j.jcjo.2015.03.006</ArticleId>
        </ArticleIdList>
    </PubmedData>
</PubmedArticle>

</PubmedArticleSet>