<?xml version="1.0" ?>
<!DOCTYPE PubmedArticleSet PUBLIC "-//NLM//DTD PubMedArticle, 1st January 2019//EN" "https://dtd.nlm.nih.gov/ncbi/pubmed/out/pubmed_190101.dtd">
<PubmedArticleSet>
<PubmedArticle>
    <MedlineCitation Status="PubMed-not-MEDLINE" Owner="NLM">
        <PMID Version="1">26587282</PMID>
        <DateCompleted>
            <Year>2015</Year>
            <Month>11</Month>
            <Day>20</Day>
        </DateCompleted>
        <DateRevised>
            <Year>2020</Year>
            <Month>09</Month>
            <Day>30</Day>
        </DateRevised>
        <Article PubModel="Print-Electronic">
            <Journal>
                <ISSN IssnType="Print">2090-004X</ISSN>
                <JournalIssue CitedMedium="Print">
                    <Volume>2015</Volume>
                    <PubDate>
                        <Year>2015</Year>
                    </PubDate>
                </JournalIssue>
                <Title>Journal of ophthalmology</Title>
                <ISOAbbreviation>J Ophthalmol</ISOAbbreviation>
            </Journal>
            <ArticleTitle>Micro-Bypass Implantation for Primary Open-Angle Glaucoma Combined with Phacoemulsification: 4-Year Follow-Up.</ArticleTitle>
            <Pagination>
                <MedlinePgn>795357</MedlinePgn>
            </Pagination>
            <ELocationID EIdType="doi" ValidYN="Y">10.1155/2015/795357</ELocationID>
            <Abstract>
                <AbstractText>Purpose. To report the long-term follow-up results in patients with cataract and primary open-angle glaucoma (POAG) randomly assigned to cataract surgery combined with micro-bypass stent implantation or phacoemulsification alone. Methods. 36 subjects with cataract and POAG were randomized in a 1 : 2 ratio to either iStent implantation and cataract surgery (combined group) or cataract surgery alone (control group). 24 subjects agreed to be evaluated again 48 months after surgery. Patients returned one month later for unmedicated washout assessment. Results. At the long-term follow-up visit we reported a mean IOP of 15,9 ± 2,3 mmHg in the iStent group and 17 ± 2,5 mmHg in the control group (p = NS). After washout, a 14,2% between group difference in favour of the combined group was statistically significant (p = 0,02) for mean IOP reduction. A significant reduction in the mean number of medications was observed in both groups compared to baseline values (p = 0,005 in the combined group and p = 0,01 in the control group). Conclusion. Patients in the combined group maintained low IOP levels after long-term follow-up. Cataract surgery alone showed a loss of efficacy in controlling IOP over time. Both treatments reduced the number of ocular hypotensive medications prescribed. This trial is registered with: NCT00847158. </AbstractText>
            </Abstract>
            <AuthorList CompleteYN="Y">
                <Author ValidYN="Y">
                    <LastName>Fea</LastName>
                    <ForeName>Antonio Maria</ForeName>
                    <Initials>AM</Initials>
                    <AffiliationInfo>
                        <Affiliation>Ophthalmic Clinic, Department of Surgical Sciences, University of Turin, 10122 Turin, Italy.</Affiliation>
                    </AffiliationInfo>
                </Author>
                <Author ValidYN="Y">
                    <LastName>Consolandi</LastName>
                    <ForeName>Giulia</ForeName>
                    <Initials>G</Initials>
                    <AffiliationInfo>
                        <Affiliation>Ophthalmic Clinic, Department of Surgical Sciences, University of Turin, 10122 Turin, Italy.</Affiliation>
                    </AffiliationInfo>
                </Author>
                <Author ValidYN="Y">
                    <LastName>Zola</LastName>
                    <ForeName>Marta</ForeName>
                    <Initials>M</Initials>
                    <AffiliationInfo>
                        <Affiliation>Ophthalmic Clinic, Department of Surgical Sciences, University of Turin, 10122 Turin, Italy.</Affiliation>
                    </AffiliationInfo>
                </Author>
                <Author ValidYN="Y">
                    <LastName>Pignata</LastName>
                    <ForeName>Giulia</ForeName>
                    <Initials>G</Initials>
                    <AffiliationInfo>
                        <Affiliation>Ophthalmic Clinic, Department of Surgical Sciences, University of Turin, 10122 Turin, Italy.</Affiliation>
                    </AffiliationInfo>
                </Author>
                <Author ValidYN="Y">
                    <LastName>Cannizzo</LastName>
                    <ForeName>Paola</ForeName>
                    <Initials>P</Initials>
                    <AffiliationInfo>
                        <Affiliation>Ophthalmic Clinic, Department of Surgical Sciences, University of Turin, 10122 Turin, Italy.</Affiliation>
                    </AffiliationInfo>
                </Author>
                <Author ValidYN="Y">
                    <LastName>Lavia</LastName>
                    <ForeName>Carlo</ForeName>
                    <Initials>C</Initials>
                    <AffiliationInfo>
                        <Affiliation>Ophthalmic Clinic, Department of Surgical Sciences, University of Turin, 10122 Turin, Italy.</Affiliation>
                    </AffiliationInfo>
                </Author>
                <Author ValidYN="Y">
                    <LastName>Rolle</LastName>
                    <ForeName>Teresa</ForeName>
                    <Initials>T</Initials>
                    <AffiliationInfo>
                        <Affiliation>Ophthalmic Clinic, Department of Surgical Sciences, University of Turin, 10122 Turin, Italy.</Affiliation>
                    </AffiliationInfo>
                </Author>
                <Author ValidYN="Y">
                    <LastName>Grignolo</LastName>
                    <ForeName>Federico Maria</ForeName>
                    <Initials>FM</Initials>
                    <AffiliationInfo>
                        <Affiliation>Ophthalmic Clinic, Department of Surgical Sciences, University of Turin, 10122 Turin, Italy.</Affiliation>
                    </AffiliationInfo>
                </Author>
            </AuthorList>
            <Language>eng</Language>
            <DataBankList CompleteYN="Y">
                <DataBank>
                    <DataBankName>ClinicalTrials.gov</DataBankName>
                    <AccessionNumberList>
                        <AccessionNumber>NCT00847158</AccessionNumber>
                    </AccessionNumberList>
                </DataBank>
            </DataBankList>
            <PublicationTypeList>
                <PublicationType UI="D016428">Journal Article</PublicationType>
            </PublicationTypeList>
            <ArticleDate DateType="Electronic">
                <Year>2015</Year>
                <Month>10</Month>
                <Day>26</Day>
            </ArticleDate>
        </Article>
        <MedlineJournalInfo>
            <Country>United States</Country>
            <MedlineTA>J Ophthalmol</MedlineTA>
            <NlmUniqueID>101524199</NlmUniqueID>
            <ISSNLinking>2090-004X</ISSNLinking>
        </MedlineJournalInfo>
    </MedlineCitation>
    <PubmedData>
        <History>
            <PubMedPubDate PubStatus="received">
                <Year>2015</Year>
                <Month>09</Month>
                <Day>02</Day>
            </PubMedPubDate>
            <PubMedPubDate PubStatus="accepted">
                <Year>2015</Year>
                <Month>10</Month>
                <Day>07</Day>
            </PubMedPubDate>
            <PubMedPubDate PubStatus="entrez">
                <Year>2015</Year>
                <Month>11</Month>
                <Day>21</Day>
                <Hour>6</Hour>
                <Minute>0</Minute>
            </PubMedPubDate>
            <PubMedPubDate PubStatus="pubmed">
                <Year>2015</Year>
                <Month>11</Month>
                <Day>21</Day>
                <Hour>6</Hour>
                <Minute>0</Minute>
            </PubMedPubDate>
            <PubMedPubDate PubStatus="medline">
                <Year>2015</Year>
                <Month>11</Month>
                <Day>21</Day>
                <Hour>6</Hour>
                <Minute>1</Minute>
            </PubMedPubDate>
        </History>
        <PublicationStatus>ppublish</PublicationStatus>
        <ArticleIdList>
            <ArticleId IdType="pubmed">26587282</ArticleId>
            <ArticleId IdType="doi">10.1155/2015/795357</ArticleId>
            <ArticleId IdType="pmc">PMC4637500</ArticleId>
        </ArticleIdList>
        <ReferenceList>
            <Reference>
                <Citation>Br J Ophthalmol. 2002 Oct;86(10):1080-4</Citation>
                <ArticleIdList>
                    <ArticleId IdType="pubmed">12234882</ArticleId>
                </ArticleIdList>
            </Reference>
            <Reference>
                <Citation>J Cataract Refract Surg. 2010 Mar;36(3):407-12</Citation>
                <ArticleIdList>
                    <ArticleId IdType="pubmed">20202537</ArticleId>
                </ArticleIdList>
            </Reference>
            <Reference>
                <Citation>Cornea. 2004 Jul;23(5):490-6</Citation>
                <ArticleIdList>
                    <ArticleId IdType="pubmed">15220734</ArticleId>
                </ArticleIdList>
            </Reference>
            <Reference>
                <Citation>Arch Ophthalmol. 1994 Nov;112(11):1446-54</Citation>
                <ArticleIdList>
                    <ArticleId IdType="pubmed">7980134</ArticleId>
                </ArticleIdList>
            </Reference>
            <Reference>
                <Citation>Ophthalmology. 2002 Oct;109(10):1902-13</Citation>
                <ArticleIdList>
                    <ArticleId IdType="pubmed">12359612</ArticleId>
                </ArticleIdList>
            </Reference>
            <Reference>
                <Citation>Ophthalmology. 2011 Mar;118(3):459-67</Citation>
                <ArticleIdList>
                    <ArticleId IdType="pubmed">20828829</ArticleId>
                </ArticleIdList>
            </Reference>
            <Reference>
                <Citation>J Cataract Refract Surg. 2009 Nov;35(11):1946-55</Citation>
                <ArticleIdList>
                    <ArticleId IdType="pubmed">19878828</ArticleId>
                </ArticleIdList>
            </Reference>
            <Reference>
                <Citation>Br J Ophthalmol. 2012 May;96(5):645-9</Citation>
                <ArticleIdList>
                    <ArticleId IdType="pubmed">22275344</ArticleId>
                </ArticleIdList>
            </Reference>
            <Reference>
                <Citation>Curr Opin Ophthalmol. 2010 Mar;21(2):118-22</Citation>
                <ArticleIdList>
                    <ArticleId IdType="pubmed">20040874</ArticleId>
                </ArticleIdList>
            </Reference>
            <Reference>
                <Citation>J Glaucoma. 2012 Jan;21(1):1-6</Citation>
                <ArticleIdList>
                    <ArticleId IdType="pubmed">21173704</ArticleId>
                </ArticleIdList>
            </Reference>
        </ReferenceList>
    </PubmedData>
</PubmedArticle>

</PubmedArticleSet>