<?xml version="1.0" ?>
<!DOCTYPE PubmedArticleSet PUBLIC "-//NLM//DTD PubMedArticle, 1st January 2019//EN" "https://dtd.nlm.nih.gov/ncbi/pubmed/out/pubmed_190101.dtd">
<PubmedArticleSet>
<PubmedArticle>
    <MedlineCitation Status="MEDLINE" Owner="NLM">
        <PMID Version="1">8551442</PMID>
        <DateCompleted>
            <Year>1996</Year>
            <Month>02</Month>
            <Day>20</Day>
        </DateCompleted>
        <DateRevised>
            <Year>2019</Year>
            <Month>08</Month>
            <Day>21</Day>
        </DateRevised>
        <Article PubModel="Print">
            <Journal>
                <ISSN IssnType="Print">0886-3350</ISSN>
                <JournalIssue CitedMedium="Print">
                    <Volume>21</Volume>
                    <Issue>6</Issue>
                    <PubDate>
                        <Year>1995</Year>
                        <Month>Nov</Month>
                    </PubDate>
                </JournalIssue>
                <Title>Journal of cataract and refractive surgery</Title>
                <ISOAbbreviation>J Cataract Refract Surg</ISOAbbreviation>
            </Journal>
            <ArticleTitle>Intraocular pressure response to combined phacoemulsification and trabeculotomy ab externo versus phacoemulsification alone in primary open-angle glaucoma.</ArticleTitle>
            <Pagination>
                <MedlinePgn>653-60</MedlinePgn>
            </Pagination>
            <Abstract>
                <AbstractText>We investigated trabeculotomy ab externo as a means of optimizing intraocular pressure (IOP) control in glaucoma patients having phacoemulsification and implantation of an intraocular lens (IOL). A prospective, randomized, controlled study was performed to evaluate the effect on IOP and the incidence of complications associated with combined phacoemulsification and trabeculotomy ab externo. The study group had the combined procedure, while the control group had only phacoemulsification with IOL implantation. A total of 106 patients were randomized, and the IOP for each group was compared at 3, 6, 12, and 24 months. At two years, the mean IOP reduction was 6.1 mm Hg in the study group and 3.8 mm Hg in the control group (P = .001). There were no complications in the control group. Two complications (2/53 or 3.8%) occurred in the study group: a small tear in Descemet's membrane and a postoperative microhyphema. There was no increase in medication in either the study or control group. Combined phacoemulsification and trabeculotomy ab externo represents an option to lower IOP and potentially reduce the need for pressure-lowering medications in patients with primary open-angle glaucoma and visually significant cataracts.</AbstractText>
            </Abstract>
            <AuthorList CompleteYN="Y">
                <Author ValidYN="Y">
                    <LastName>Gimbel</LastName>
                    <ForeName>H V</ForeName>
                    <Initials>HV</Initials>
                    <AffiliationInfo>
                        <Affiliation>Gimbel Eye Centre, Calgary, Alberta, Canada.</Affiliation>
                    </AffiliationInfo>
                </Author>
                <Author ValidYN="Y">
                    <LastName>Meyer</LastName>
                    <ForeName>D</ForeName>
                    <Initials>D</Initials>
                </Author>
                <Author ValidYN="Y">
                    <LastName>DeBroff</LastName>
                    <ForeName>B M</ForeName>
                    <Initials>BM</Initials>
                </Author>
                <Author ValidYN="Y">
                    <LastName>Roux</LastName>
                    <ForeName>C W</ForeName>
                    <Initials>CW</Initials>
                </Author>
                <Author ValidYN="Y">
                    <LastName>Ferensowicz</LastName>
                    <ForeName>M</ForeName>
                    <Initials>M</Initials>
                </Author>
            </AuthorList>
            <Language>eng</Language>
            <PublicationTypeList>
                <PublicationType UI="D016430">Clinical Trial</PublicationType>
                <PublicationType UI="D003160">Comparative Study</PublicationType>
                <PublicationType UI="D016428">Journal Article</PublicationType>
                <PublicationType UI="D016449">Randomized Controlled Trial</PublicationType>
            </PublicationTypeList>
        </Article>
        <MedlineJournalInfo>
            <Country>United States</Country>
            <MedlineTA>J Cataract Refract Surg</MedlineTA>
            <NlmUniqueID>8604171</NlmUniqueID>
            <ISSNLinking>0886-3350</ISSNLinking>
        </MedlineJournalInfo>
        <CitationSubset>IM</CitationSubset>
        <MeshHeadingList>
            <MeshHeading>
                <DescriptorName UI="D000368" MajorTopicYN="N">Aged</DescriptorName>
            </MeshHeading>
            <MeshHeading>
                <DescriptorName UI="D005902" MajorTopicYN="N">Glaucoma, Open-Angle</DescriptorName>
                <QualifierName UI="Q000601" MajorTopicYN="Y">surgery</QualifierName>
            </MeshHeading>
            <MeshHeading>
                <DescriptorName UI="D006801" MajorTopicYN="N">Humans</DescriptorName>
            </MeshHeading>
            <MeshHeading>
                <DescriptorName UI="D015994" MajorTopicYN="N">Incidence</DescriptorName>
            </MeshHeading>
            <MeshHeading>
                <DescriptorName UI="D007429" MajorTopicYN="Y">Intraocular Pressure</DescriptorName>
            </MeshHeading>
            <MeshHeading>
                <DescriptorName UI="D007910" MajorTopicYN="N">Lenses, Intraocular</DescriptorName>
            </MeshHeading>
            <MeshHeading>
                <DescriptorName UI="D009798" MajorTopicYN="N">Ocular Hypertension</DescriptorName>
                <QualifierName UI="Q000601" MajorTopicYN="Y">surgery</QualifierName>
            </MeshHeading>
            <MeshHeading>
                <DescriptorName UI="D018918" MajorTopicYN="Y">Phacoemulsification</DescriptorName>
                <QualifierName UI="Q000379" MajorTopicYN="N">methods</QualifierName>
            </MeshHeading>
            <MeshHeading>
                <DescriptorName UI="D011183" MajorTopicYN="N">Postoperative Complications</DescriptorName>
            </MeshHeading>
            <MeshHeading>
                <DescriptorName UI="D011446" MajorTopicYN="N">Prospective Studies</DescriptorName>
            </MeshHeading>
            <MeshHeading>
                <DescriptorName UI="D014130" MajorTopicYN="Y">Trabeculectomy</DescriptorName>
                <QualifierName UI="Q000379" MajorTopicYN="N">methods</QualifierName>
            </MeshHeading>
        </MeshHeadingList>
    </MedlineCitation>
    <PubmedData>
        <History>
            <PubMedPubDate PubStatus="pubmed">
                <Year>1995</Year>
                <Month>11</Month>
                <Day>1</Day>
            </PubMedPubDate>
            <PubMedPubDate PubStatus="medline">
                <Year>1995</Year>
                <Month>11</Month>
                <Day>1</Day>
                <Hour>0</Hour>
                <Minute>1</Minute>
            </PubMedPubDate>
            <PubMedPubDate PubStatus="entrez">
                <Year>1995</Year>
                <Month>11</Month>
                <Day>1</Day>
                <Hour>0</Hour>
                <Minute>0</Minute>
            </PubMedPubDate>
        </History>
        <PublicationStatus>ppublish</PublicationStatus>
        <ArticleIdList>
            <ArticleId IdType="pubmed">8551442</ArticleId>
            <ArticleId IdType="pii">S0886-3350(13)80561-5</ArticleId>
            <ArticleId IdType="doi">10.1016/s0886-3350(13)80561-5</ArticleId>
        </ArticleIdList>
    </PubmedData>
</PubmedArticle>

</PubmedArticleSet>