<?xml version="1.0" ?>
<!DOCTYPE PubmedArticleSet PUBLIC "-//NLM//DTD PubMedArticle, 1st January 2019//EN" "https://dtd.nlm.nih.gov/ncbi/pubmed/out/pubmed_190101.dtd">
<PubmedArticleSet>
<PubmedArticle>
    <MedlineCitation Status="MEDLINE" Owner="NLM">
        <PMID Version="1">16856103</PMID>
        <DateCompleted>
            <Year>2006</Year>
            <Month>10</Month>
            <Day>16</Day>
        </DateCompleted>
        <DateRevised>
            <Year>2019</Year>
            <Month>12</Month>
            <Day>20</Day>
        </DateRevised>
        <Article PubModel="Electronic">
            <Journal>
                <ISSN IssnType="Electronic">1469-493X</ISSN>
                <JournalIssue CitedMedium="Internet">
                    <Issue>3</Issue>
                    <PubDate>
                        <Year>2006</Year>
                        <Month>Jul</Month>
                        <Day>19</Day>
                    </PubDate>
                </JournalIssue>
                <Title>The Cochrane database of systematic reviews</Title>
                <ISOAbbreviation>Cochrane Database Syst Rev</ISOAbbreviation>
            </Journal>
            <ArticleTitle>Lens extraction for chronic angle-closure glaucoma.</ArticleTitle>
            <Pagination>
                <MedlinePgn>CD005555</MedlinePgn>
            </Pagination>
            <Abstract>
                <AbstractText Label="BACKGROUND" NlmCategory="BACKGROUND">Angle-closure glaucoma is characterized by obstruction to the outflow of aqueous humor and consequent rise in intraocular pressure. The obstruction may result from an anatomical predisposition of the eye or may be due to pathophysiologic processes in any part of the eye. The former is considered the primary form and the latter a secondary form of angle closure. Relative pupillary block obstructing free flow of aqueous from the posterior chamber of the eye to the anterior chamber is considered to be the most common mechanism of angle closure. Crowding of the angle is another mechanism, which often coexists with pupillary block. This can result from an anterior placement of the lens due to an increase in the thickness of the lens (as occurs with aging), anterior displacement by a posterior force (for example choroidal effusion), or laxity of the zonules.</AbstractText>
                <AbstractText Label="OBJECTIVES" NlmCategory="OBJECTIVE">The objective of this review was to assess the effectiveness of lens extraction for chronic primary angle-closure glaucoma compared with other interventions for the condition in people without past history of acute-angle closure attacks.</AbstractText>
                <AbstractText Label="SEARCH STRATEGY" NlmCategory="METHODS">We searched CENTRAL (2005, Issue 3), MEDLINE (1950 to April 2006), EMBASE (1980 to April 2006), and LILACS (to August 2005). We searched the reference lists of included studies and used the Science Citation Index database.</AbstractText>
                <AbstractText Label="SELECTION CRITERIA" NlmCategory="METHODS">In the absence of any randomized trials we included non-randomized studies comparing lens extraction with other treatment modalities for chronic primary angle-closure glaucoma including, but not limited to, laser iridotomy, medications, and laser iridoplasty. We excluded studies with a case-series design.</AbstractText>
                <AbstractText Label="DATA COLLECTION AND ANALYSIS" NlmCategory="METHODS">Two authors independently extracted data on methodological quality of the included studies, outcomes for the review, and study characteristics including participant characteristics, interventions, and sources of funding. Differences were resolved through discussion.</AbstractText>
                <AbstractText Label="MAIN RESULTS" NlmCategory="RESULTS">We found no randomized trials evaluating the effects of lens extraction as a treatment for chronic primary angle-closure glaucoma. Two non-randomized comparative studies included in the review have several methodological flaws including selection bias. While these studies and other non-comparative studies provide information on biological plausibility and treatment effect they do not provide proof of effectiveness. Also, they do not address the question of how primary lens extraction compares with other treatments for chronic primary angle-closure glaucoma.</AbstractText>
                <AbstractText Label="AUTHORS' CONCLUSIONS" NlmCategory="CONCLUSIONS">There is no evidence from good quality randomized trials or non-randomized studies of the effectiveness of lens extraction for chronic primary angle-closure glaucoma.</AbstractText>
            </Abstract>
            <AuthorList CompleteYN="Y">
                <Author ValidYN="Y">
                    <LastName>Friedman</LastName>
                    <ForeName>D S</ForeName>
                    <Initials>DS</Initials>
                    <AffiliationInfo>
                        <Affiliation>Wilmer Eye Institute / Johns Hopkins University, Ophthalmology Department, 600 North Wolfe Street, Wilmer 120, Baltimore, MD 21287, USA. david.friedman@jhu.edu</Affiliation>
                    </AffiliationInfo>
                </Author>
                <Author ValidYN="Y">
                    <LastName>Vedula</LastName>
                    <ForeName>S S</ForeName>
                    <Initials>SS</Initials>
                </Author>
            </AuthorList>
            <Language>eng</Language>
            <GrantList CompleteYN="Y">
                <Grant>
                    <GrantID>N01 EY21003</GrantID>
                    <Acronym>EY</Acronym>
                    <Agency>NEI NIH HHS</Agency>
                    <Country>United States</Country>
                </Grant>
            </GrantList>
            <PublicationTypeList>
                <PublicationType UI="D016428">Journal Article</PublicationType>
                <PublicationType UI="D016454">Review</PublicationType>
                <PublicationType UI="D000078182">Systematic Review</PublicationType>
            </PublicationTypeList>
            <ArticleDate DateType="Electronic">
                <Year>2006</Year>
                <Month>07</Month>
                <Day>19</Day>
            </ArticleDate>
        </Article>
        <MedlineJournalInfo>
            <Country>England</Country>
            <MedlineTA>Cochrane Database Syst Rev</MedlineTA>
            <NlmUniqueID>100909747</NlmUniqueID>
            <ISSNLinking>1361-6137</ISSNLinking>
        </MedlineJournalInfo>
        <CitationSubset>IM</CitationSubset>
        <MeshHeadingList>
            <MeshHeading>
                <DescriptorName UI="D002908" MajorTopicYN="N">Chronic Disease</DescriptorName>
            </MeshHeading>
            <MeshHeading>
                <DescriptorName UI="D015812" MajorTopicYN="N">Glaucoma, Angle-Closure</DescriptorName>
                <QualifierName UI="Q000601" MajorTopicYN="Y">surgery</QualifierName>
            </MeshHeading>
            <MeshHeading>
                <DescriptorName UI="D006801" MajorTopicYN="N">Humans</DescriptorName>
            </MeshHeading>
            <MeshHeading>
                <DescriptorName UI="D007908" MajorTopicYN="N">Lens, Crystalline</DescriptorName>
                <QualifierName UI="Q000601" MajorTopicYN="Y">surgery</QualifierName>
            </MeshHeading>
        </MeshHeadingList>
        <NumberOfReferences>50</NumberOfReferences>
    </MedlineCitation>
    <PubmedData>
        <History>
            <PubMedPubDate PubStatus="pubmed">
                <Year>2006</Year>
                <Month>7</Month>
                <Day>21</Day>
                <Hour>9</Hour>
                <Minute>0</Minute>
            </PubMedPubDate>
            <PubMedPubDate PubStatus="medline">
                <Year>2006</Year>
                <Month>10</Month>
                <Day>17</Day>
                <Hour>9</Hour>
                <Minute>0</Minute>
            </PubMedPubDate>
            <PubMedPubDate PubStatus="entrez">
                <Year>2006</Year>
                <Month>7</Month>
                <Day>21</Day>
                <Hour>9</Hour>
                <Minute>0</Minute>
            </PubMedPubDate>
        </History>
        <PublicationStatus>epublish</PublicationStatus>
        <ArticleIdList>
            <ArticleId IdType="pubmed">16856103</ArticleId>
            <ArticleId IdType="doi">10.1002/14651858.CD005555.pub2</ArticleId>
            <ArticleId IdType="pmc">PMC4438535</ArticleId>
            <ArticleId IdType="mid">NIHMS396415</ArticleId>
        </ArticleIdList>
        <ReferenceList>
            <Reference>
                <Citation>Am J Ophthalmol. 1997 Dec;124(6):775-80</Citation>
                <ArticleIdList>
                    <ArticleId IdType="pubmed">9402823</ArticleId>
                </ArticleIdList>
            </Reference>
            <Reference>
                <Citation>Eye (Lond). 1989;3 ( Pt 6):706-12</Citation>
                <ArticleIdList>
                    <ArticleId IdType="pubmed">2630350</ArticleId>
                </ArticleIdList>
            </Reference>
            <Reference>
                <Citation>Ophthalmic Surg. 1992 Apr;23(4):233-7</Citation>
                <ArticleIdList>
                    <ArticleId IdType="pubmed">1589191</ArticleId>
                </ArticleIdList>
            </Reference>
            <Reference>
                <Citation>Ophthalmology. 2004 Sep;111(9):1636-40</Citation>
                <ArticleIdList>
                    <ArticleId IdType="pubmed">15350315</ArticleId>
                </ArticleIdList>
            </Reference>
            <Reference>
                <Citation>Int Ophthalmol. 1988;12(3):157-62</Citation>
                <ArticleIdList>
                    <ArticleId IdType="pubmed">3229905</ArticleId>
                </ArticleIdList>
            </Reference>
            <Reference>
                <Citation>Stat Med. 2002 Jun 15;21(11):1539-58</Citation>
                <ArticleIdList>
                    <ArticleId IdType="pubmed">12111919</ArticleId>
                </ArticleIdList>
            </Reference>
            <Reference>
                <Citation>Ophthalmology. 2003 Oct;110(10 ):1880-9</Citation>
                <ArticleIdList>
                    <ArticleId IdType="pubmed">14522758</ArticleId>
                </ArticleIdList>
            </Reference>
            <Reference>
                <Citation>Ophthalmology. 2002 Sep;109(9):1597-603</Citation>
                <ArticleIdList>
                    <ArticleId IdType="pubmed">12208704</ArticleId>
                </ArticleIdList>
            </Reference>
            <Reference>
                <Citation>Ophthalmology. 2003 Sep;110(9):1799-806</Citation>
                <ArticleIdList>
                    <ArticleId IdType="pubmed">13129880</ArticleId>
                </ArticleIdList>
            </Reference>
            <Reference>
                <Citation>Hong Kong Med J. 2001 Jun;7(2):118-23</Citation>
                <ArticleIdList>
                    <ArticleId IdType="pubmed">11514744</ArticleId>
                </ArticleIdList>
            </Reference>
            <Reference>
                <Citation>J Glaucoma. 2001 Oct;10(5 Suppl 1):S7-8</Citation>
                <ArticleIdList>
                    <ArticleId IdType="pubmed">11890283</ArticleId>
                </ArticleIdList>
            </Reference>
            <Reference>
                <Citation>Nippon Ganka Gakkai Zasshi. 1991 Mar;95(3):279-87</Citation>
                <ArticleIdList>
                    <ArticleId IdType="pubmed">1872206</ArticleId>
                </ArticleIdList>
            </Reference>
            <Reference>
                <Citation>Yan Ke Xue Bao. 2000 Mar;16(1):22-8</Citation>
                <ArticleIdList>
                    <ArticleId IdType="pubmed">12579724</ArticleId>
                </ArticleIdList>
            </Reference>
            <Reference>
                <Citation>J Cataract Refract Surg. 2001 Aug;27(8):1207-13</Citation>
                <ArticleIdList>
                    <ArticleId IdType="pubmed">11524191</ArticleId>
                </ArticleIdList>
            </Reference>
            <Reference>
                <Citation>Trans Sect Ophthalmol Am Acad Ophthalmol Otolaryngol. 1977 Jan-Feb;83(1):122-30</Citation>
                <ArticleIdList>
                    <ArticleId IdType="pubmed">898466</ArticleId>
                </ArticleIdList>
            </Reference>
            <Reference>
                <Citation>Nippon Ganka Gakkai Zasshi. 1993 Feb;97(2):217-24</Citation>
                <ArticleIdList>
                    <ArticleId IdType="pubmed">8475834</ArticleId>
                </ArticleIdList>
            </Reference>
            <Reference>
                <Citation>Am J Prev Med. 2000 Jan;18(1 Suppl):44-74</Citation>
                <ArticleIdList>
                    <ArticleId IdType="pubmed">10806979</ArticleId>
                </ArticleIdList>
            </Reference>
            <Reference>
                <Citation>Acta Ophthalmol (Copenh). 1958;36(3):419-23</Citation>
                <ArticleIdList>
                    <ArticleId IdType="pubmed">13594342</ArticleId>
                </ArticleIdList>
            </Reference>
            <Reference>
                <Citation>Doc Ophthalmol. 1982 Dec 1;53(4):343-80</Citation>
                <ArticleIdList>
                    <ArticleId IdType="pubmed">7166101</ArticleId>
                </ArticleIdList>
            </Reference>
            <Reference>
                <Citation>Ophthalmology. 2000 Apr;107(4):698-703</Citation>
                <ArticleIdList>
                    <ArticleId IdType="pubmed">10768331</ArticleId>
                </ArticleIdList>
            </Reference>
            <Reference>
                <Citation>Br J Ophthalmol. 1966 Oct;50(10):570-86</Citation>
                <ArticleIdList>
                    <ArticleId IdType="pubmed">5954089</ArticleId>
                </ArticleIdList>
            </Reference>
            <Reference>
                <Citation>Can J Ophthalmol. 1973 Apr;8(2):252-4</Citation>
                <ArticleIdList>
                    <ArticleId IdType="pubmed">4707208</ArticleId>
                </ArticleIdList>
            </Reference>
            <Reference>
                <Citation>J Cataract Refract Surg. 1997 Sep;23(7):1109-13</Citation>
                <ArticleIdList>
                    <ArticleId IdType="pubmed">9379386</ArticleId>
                </ArticleIdList>
            </Reference>
            <Reference>
                <Citation>Ophthalmologica. 2003 Sep-Oct;217(5):325-8</Citation>
                <ArticleIdList>
                    <ArticleId IdType="pubmed">12913321</ArticleId>
                </ArticleIdList>
            </Reference>
            <Reference>
                <Citation>Health Technol Assess. 2003;7(27):iii-x, 1-173</Citation>
                <ArticleIdList>
                    <ArticleId IdType="pubmed">14499048</ArticleId>
                </ArticleIdList>
            </Reference>
            <Reference>
                <Citation>Int Ophthalmol Clin. 2004 Winter;44(1):213-28</Citation>
                <ArticleIdList>
                    <ArticleId IdType="pubmed">14704532</ArticleId>
                </ArticleIdList>
            </Reference>
            <Reference>
                <Citation>Arch Ophthalmol. 1996 Oct;114(10):1235-41</Citation>
                <ArticleIdList>
                    <ArticleId IdType="pubmed">8859083</ArticleId>
                </ArticleIdList>
            </Reference>
            <Reference>
                <Citation>Br J Ophthalmol. 1968 Jan;52(1):19-25</Citation>
                <ArticleIdList>
                    <ArticleId IdType="pubmed">5635898</ArticleId>
                </ArticleIdList>
            </Reference>
            <Reference>
                <Citation>Arch Ophthalmol. 2000 Aug;118(8):1105-11</Citation>
                <ArticleIdList>
                    <ArticleId IdType="pubmed">10922206</ArticleId>
                </ArticleIdList>
            </Reference>
            <Reference>
                <Citation>Jpn J Ophthalmol. 1994;38(1):71-9</Citation>
                <ArticleIdList>
                    <ArticleId IdType="pubmed">7933701</ArticleId>
                </ArticleIdList>
            </Reference>
            <Reference>
                <Citation>Indian J Ophthalmol. 1998 Jun;46(2):81-6</Citation>
                <ArticleIdList>
                    <ArticleId IdType="pubmed">9847479</ArticleId>
                </ArticleIdList>
            </Reference>
            <Reference>
                <Citation>Chin Med J (Engl). 2002 Nov;115(11):1706-15</Citation>
                <ArticleIdList>
                    <ArticleId IdType="pubmed">12609093</ArticleId>
                </ArticleIdList>
            </Reference>
            <Reference>
                <Citation>Zhonghua Yan Ke Za Zhi. 1990 Jan;26(1):47-50</Citation>
                <ArticleIdList>
                    <ArticleId IdType="pubmed">2373037</ArticleId>
                </ArticleIdList>
            </Reference>
            <Reference>
                <Citation>J Cataract Refract Surg. 1997 Jul-Aug;23(6):930-4</Citation>
                <ArticleIdList>
                    <ArticleId IdType="pubmed">9292680</ArticleId>
                </ArticleIdList>
            </Reference>
            <Reference>
                <Citation>S Afr Med J. 1994 Sep;84(9):623-6</Citation>
                <ArticleIdList>
                    <ArticleId IdType="pubmed">7839287</ArticleId>
                </ArticleIdList>
            </Reference>
            <Reference>
                <Citation>Br Med J. 1968 Mar 30;1(5595):791-6</Citation>
                <ArticleIdList>
                    <ArticleId IdType="pubmed">5641484</ArticleId>
                </ArticleIdList>
            </Reference>
            <Reference>
                <Citation>J Cataract Refract Surg. 1998 Oct;24(10):1347-56</Citation>
                <ArticleIdList>
                    <ArticleId IdType="pubmed">9795850</ArticleId>
                </ArticleIdList>
            </Reference>
            <Reference>
                <Citation>Acta Ophthalmol (Copenh). 1971;49(1):47-58</Citation>
                <ArticleIdList>
                    <ArticleId IdType="pubmed">5108817</ArticleId>
                </ArticleIdList>
            </Reference>
            <Reference>
                <Citation>Ophthalmology. 2006 Mar;113(3):437-41</Citation>
                <ArticleIdList>
                    <ArticleId IdType="pubmed">16513457</ArticleId>
                </ArticleIdList>
            </Reference>
            <Reference>
                <Citation>Int Ophthalmol. 1991 Jul;15(4):237-47</Citation>
                <ArticleIdList>
                    <ArticleId IdType="pubmed">1917318</ArticleId>
                </ArticleIdList>
            </Reference>
            <Reference>
                <Citation>J Glaucoma. 2004 Oct;13(5):417-20</Citation>
                <ArticleIdList>
                    <ArticleId IdType="pubmed">15354082</ArticleId>
                </ArticleIdList>
            </Reference>
            <Reference>
                <Citation>J Med Assoc Thai. 2005 Nov;88 Suppl 9:S121-5</Citation>
                <ArticleIdList>
                    <ArticleId IdType="pubmed">16681063</ArticleId>
                </ArticleIdList>
            </Reference>
            <Reference>
                <Citation>J Cataract Refract Surg. 2001 Nov;27(11):1779-86</Citation>
                <ArticleIdList>
                    <ArticleId IdType="pubmed">11709251</ArticleId>
                </ArticleIdList>
            </Reference>
            <Reference>
                <Citation>Int Ophthalmol. 1992 Sep;16(4-5):405-8</Citation>
                <ArticleIdList>
                    <ArticleId IdType="pubmed">1428581</ArticleId>
                </ArticleIdList>
            </Reference>
            <Reference>
                <Citation>Ophthalmology. 2000 Sep;107(9):1710-6</Citation>
                <ArticleIdList>
                    <ArticleId IdType="pubmed">10964834</ArticleId>
                </ArticleIdList>
            </Reference>
        </ReferenceList>
    </PubmedData>
</PubmedArticle>

</PubmedArticleSet>