<?xml version="1.0" ?>
<!DOCTYPE PubmedArticleSet PUBLIC "-//NLM//DTD PubMedArticle, 1st January 2019//EN" "https://dtd.nlm.nih.gov/ncbi/pubmed/out/pubmed_190101.dtd">
<PubmedArticleSet>
<PubmedArticle>
    <MedlineCitation Status="MEDLINE" Owner="NLM">
        <PMID Version="1">28070519</PMID>
        <DateCompleted>
            <Year>2017</Year>
            <Month>02</Month>
            <Day>14</Day>
        </DateCompleted>
        <DateRevised>
            <Year>2018</Year>
            <Month>12</Month>
            <Day>02</Day>
        </DateRevised>
        <Article PubModel="Print-Electronic">
            <Journal>
                <ISSN IssnType="Electronic">2314-6141</ISSN>
                <JournalIssue CitedMedium="Internet">
                    <Volume>2016</Volume>
                    <PubDate>
                        <Year>2016</Year>
                    </PubDate>
                </JournalIssue>
                <Title>BioMed research international</Title>
                <ISOAbbreviation>Biomed Res Int</ISOAbbreviation>
            </Journal>
            <ArticleTitle>Relation between Age-Related Macular Degeneration and Cardiovascular Events and Mortality: A Systematic Review and Meta-Analysis.</ArticleTitle>
            <Pagination>
                <MedlinePgn>8212063</MedlinePgn>
            </Pagination>
            <ELocationID EIdType="doi" ValidYN="Y">10.1155/2016/8212063</ELocationID>
            <Abstract>
                <AbstractText>Data on the association between age-related macular degeneration (AMD) and cardiovascular disease and mortality are conflicting. The purpose of this report is to conduct a systematic review to better understand the role of AMD as a risk factor for CVD events and mortality. We searched Medline (Ovid) and Embase (Ovid) for trials published from 1980 to 2015. We included 20 cohort studies that reported relative risks with 95% confidence intervals for the association of AMD and cardiovascular events and mortality, involving 29,964,334 participants. In a random-effects model, the adjusted RR (95% confidence interval [CI]) associated with AMD was 1.08 (1.00-1.117) for all-cause mortality (8 studies) and 1.18 (0.98-1.43) for cardiovascular disease mortality (5 studies). The pooled RR (95% CI) was 1.17 (0.94-1.45) for coronary heart disease (CHD; 3 studies) and 1.13 (0.93-1.36) for stroke (8 studies). Findings from this systematic review support that AMD is associated with increased risk of all-cause mortality. The evidence that AMD predicts incident CVD events or CVD mortality remains inclusive and warrants further study in the future.</AbstractText>
            </Abstract>
            <AuthorList CompleteYN="Y">
                <Author ValidYN="Y">
                    <LastName>Wang</LastName>
                    <ForeName>Jie</ForeName>
                    <Initials>J</Initials>
                    <AffiliationInfo>
                        <Affiliation>Department of Cardiology, The Second Affiliated Hospital and Yuying Children's Hospital, Wenzhou Medical University, Xueyuanxi Road, No. 109, Wenzhou, Zhejiang 325000, China.</Affiliation>
                    </AffiliationInfo>
                </Author>
                <Author ValidYN="Y">
                    <LastName>Xue</LastName>
                    <ForeName>Yangjing</ForeName>
                    <Initials>Y</Initials>
                    <AffiliationInfo>
                        <Affiliation>Department of Cardiology, The Second Affiliated Hospital and Yuying Children's Hospital, Wenzhou Medical University, Xueyuanxi Road, No. 109, Wenzhou, Zhejiang 325000, China.</Affiliation>
                    </AffiliationInfo>
                </Author>
                <Author ValidYN="Y">
                    <LastName>Thapa</LastName>
                    <ForeName>Saroj</ForeName>
                    <Initials>S</Initials>
                    <AffiliationInfo>
                        <Affiliation>Department of Cardiology, The Second Affiliated Hospital and Yuying Children's Hospital, Wenzhou Medical University, Xueyuanxi Road, No. 109, Wenzhou, Zhejiang 325000, China.</Affiliation>
                    </AffiliationInfo>
                </Author>
                <Author ValidYN="Y">
                    <LastName>Wang</LastName>
                    <ForeName>Luping</ForeName>
                    <Initials>L</Initials>
                    <AffiliationInfo>
                        <Affiliation>Department of Cardiology, The Second Affiliated Hospital and Yuying Children's Hospital, Wenzhou Medical University, Xueyuanxi Road, No. 109, Wenzhou, Zhejiang 325000, China.</Affiliation>
                    </AffiliationInfo>
                </Author>
                <Author ValidYN="Y">
                    <LastName>Tang</LastName>
                    <ForeName>Jifei</ForeName>
                    <Initials>J</Initials>
                    <AffiliationInfo>
                        <Affiliation>Department of Cardiology, The Second Affiliated Hospital and Yuying Children's Hospital, Wenzhou Medical University, Xueyuanxi Road, No. 109, Wenzhou, Zhejiang 325000, China.</Affiliation>
                    </AffiliationInfo>
                </Author>
                <Author ValidYN="Y">
                    <LastName>Ji</LastName>
                    <ForeName>Kangting</ForeName>
                    <Initials>K</Initials>
                    <Identifier Source="ORCID">0000-0003-3891-8741</Identifier>
                    <AffiliationInfo>
                        <Affiliation>Department of Cardiology, The Second Affiliated Hospital and Yuying Children's Hospital, Wenzhou Medical University, Xueyuanxi Road, No. 109, Wenzhou, Zhejiang 325000, China.</Affiliation>
                    </AffiliationInfo>
                </Author>
            </AuthorList>
            <Language>eng</Language>
            <PublicationTypeList>
                <PublicationType UI="D016428">Journal Article</PublicationType>
                <PublicationType UI="D017418">Meta-Analysis</PublicationType>
                <PublicationType UI="D016454">Review</PublicationType>
                <PublicationType UI="D000078182">Systematic Review</PublicationType>
            </PublicationTypeList>
            <ArticleDate DateType="Electronic">
                <Year>2016</Year>
                <Month>12</Month>
                <Day>14</Day>
            </ArticleDate>
        </Article>
        <MedlineJournalInfo>
            <Country>United States</Country>
            <MedlineTA>Biomed Res Int</MedlineTA>
            <NlmUniqueID>101600173</NlmUniqueID>
        </MedlineJournalInfo>
        <CitationSubset>IM</CitationSubset>
        <MeshHeadingList>
            <MeshHeading>
                <DescriptorName UI="D000368" MajorTopicYN="N">Aged</DescriptorName>
            </MeshHeading>
            <MeshHeading>
                <DescriptorName UI="D000369" MajorTopicYN="N">Aged, 80 and over</DescriptorName>
            </MeshHeading>
            <MeshHeading>
                <DescriptorName UI="D002318" MajorTopicYN="N">Cardiovascular Diseases</DescriptorName>
                <QualifierName UI="Q000150" MajorTopicYN="N">complications</QualifierName>
                <QualifierName UI="Q000401" MajorTopicYN="N">mortality</QualifierName>
            </MeshHeading>
            <MeshHeading>
                <DescriptorName UI="D015331" MajorTopicYN="N">Cohort Studies</DescriptorName>
            </MeshHeading>
            <MeshHeading>
                <DescriptorName UI="D015897" MajorTopicYN="N">Comorbidity</DescriptorName>
            </MeshHeading>
            <MeshHeading>
                <DescriptorName UI="D003327" MajorTopicYN="N">Coronary Disease</DescriptorName>
                <QualifierName UI="Q000150" MajorTopicYN="Y">complications</QualifierName>
                <QualifierName UI="Q000401" MajorTopicYN="N">mortality</QualifierName>
            </MeshHeading>
            <MeshHeading>
                <DescriptorName UI="D005260" MajorTopicYN="N">Female</DescriptorName>
            </MeshHeading>
            <MeshHeading>
                <DescriptorName UI="D005500" MajorTopicYN="N">Follow-Up Studies</DescriptorName>
            </MeshHeading>
            <MeshHeading>
                <DescriptorName UI="D006801" MajorTopicYN="N">Humans</DescriptorName>
            </MeshHeading>
            <MeshHeading>
                <DescriptorName UI="D008268" MajorTopicYN="N">Macular Degeneration</DescriptorName>
                <QualifierName UI="Q000150" MajorTopicYN="Y">complications</QualifierName>
                <QualifierName UI="Q000401" MajorTopicYN="N">mortality</QualifierName>
            </MeshHeading>
            <MeshHeading>
                <DescriptorName UI="D008297" MajorTopicYN="N">Male</DescriptorName>
            </MeshHeading>
            <MeshHeading>
                <DescriptorName UI="D008875" MajorTopicYN="N">Middle Aged</DescriptorName>
            </MeshHeading>
            <MeshHeading>
                <DescriptorName UI="D012307" MajorTopicYN="N">Risk Factors</DescriptorName>
            </MeshHeading>
            <MeshHeading>
                <DescriptorName UI="D020521" MajorTopicYN="N">Stroke</DescriptorName>
                <QualifierName UI="Q000150" MajorTopicYN="Y">complications</QualifierName>
                <QualifierName UI="Q000401" MajorTopicYN="N">mortality</QualifierName>
            </MeshHeading>
        </MeshHeadingList>
        <CoiStatement>Authors decalre no competing interests.</CoiStatement>
    </MedlineCitation>
    <PubmedData>
        <History>
            <PubMedPubDate PubStatus="received">
                <Year>2016</Year>
                <Month>05</Month>
                <Day>20</Day>
            </PubMedPubDate>
            <PubMedPubDate PubStatus="revised">
                <Year>2016</Year>
                <Month>09</Month>
                <Day>27</Day>
            </PubMedPubDate>
            <PubMedPubDate PubStatus="accepted">
                <Year>2016</Year>
                <Month>11</Month>
                <Day>14</Day>
            </PubMedPubDate>
            <PubMedPubDate PubStatus="entrez">
                <Year>2017</Year>
                <Month>1</Month>
                <Day>11</Day>
                <Hour>6</Hour>
                <Minute>0</Minute>
            </PubMedPubDate>
            <PubMedPubDate PubStatus="pubmed">
                <Year>2017</Year>
                <Month>1</Month>
                <Day>11</Day>
                <Hour>6</Hour>
                <Minute>0</Minute>
            </PubMedPubDate>
            <PubMedPubDate PubStatus="medline">
                <Year>2017</Year>
                <Month>2</Month>
                <Day>15</Day>
                <Hour>6</Hour>
                <Minute>0</Minute>
            </PubMedPubDate>
        </History>
        <PublicationStatus>ppublish</PublicationStatus>
        <ArticleIdList>
            <ArticleId IdType="pubmed">28070519</ArticleId>
            <ArticleId IdType="doi">10.1155/2016/8212063</ArticleId>
            <ArticleId IdType="pmc">PMC5192308</ArticleId>
        </ArticleIdList>
        <ReferenceList>
            <Reference>
                <Citation>Stroke. 2011 Aug;42(8):2138-42</Citation>
                <ArticleIdList>
                    <ArticleId IdType="pubmed">21680903</ArticleId>
                </ArticleIdList>
            </Reference>
            <Reference>
                <Citation>Stroke. 2010 Apr;41(4):613-7</Citation>
                <ArticleIdList>
                    <ArticleId IdType="pubmed">20150546</ArticleId>
                </ArticleIdList>
            </Reference>
            <Reference>
                <Citation>J Clin Invest. 2014 Apr;124(4):1430-8</Citation>
                <ArticleIdList>
                    <ArticleId IdType="pubmed">24691477</ArticleId>
                </ArticleIdList>
            </Reference>
            <Reference>
                <Citation>Ann Intern Med. 2009 Jul 7;151(1):44-58, W11-20</Citation>
                <ArticleIdList>
                    <ArticleId IdType="pubmed">19581646</ArticleId>
                </ArticleIdList>
            </Reference>
            <Reference>
                <Citation>JAMA. 1998 Nov 18;280(19):1690-1</Citation>
                <ArticleIdList>
                    <ArticleId IdType="pubmed">9832001</ArticleId>
                </ArticleIdList>
            </Reference>
            <Reference>
                <Citation>N Engl J Med. 2008 Jun 12;358(24):2606-17</Citation>
                <ArticleIdList>
                    <ArticleId IdType="pubmed">18550876</ArticleId>
                </ArticleIdList>
            </Reference>
            <Reference>
                <Citation>JAMA. 2015 Apr 28;313(16):1657-65</Citation>
                <ArticleIdList>
                    <ArticleId IdType="pubmed">25919529</ArticleId>
                </ArticleIdList>
            </Reference>
            <Reference>
                <Citation>Arch Ophthalmol. 2006 Feb;124(2):243-9</Citation>
                <ArticleIdList>
                    <ArticleId IdType="pubmed">16476894</ArticleId>
                </ArticleIdList>
            </Reference>
            <Reference>
                <Citation>Ophthalmology. 2005 Feb;112(2):305-12</Citation>
                <ArticleIdList>
                    <ArticleId IdType="pubmed">15691568</ArticleId>
                </ArticleIdList>
            </Reference>
            <Reference>
                <Citation>Ophthalmology. 2007 Jan;114(1):86-91</Citation>
                <ArticleIdList>
                    <ArticleId IdType="pubmed">17198851</ArticleId>
                </ArticleIdList>
            </Reference>
            <Reference>
                <Citation>Arch Ophthalmol. 2004 May;122(5):716-26</Citation>
                <ArticleIdList>
                    <ArticleId IdType="pubmed">15136320</ArticleId>
                </ArticleIdList>
            </Reference>
            <Reference>
                <Citation>Arch Ophthalmol. 2007 Jul;125(7):917-24</Citation>
                <ArticleIdList>
                    <ArticleId IdType="pubmed">17620571</ArticleId>
                </ArticleIdList>
            </Reference>
            <Reference>
                <Citation>PLoS One. 2014 Mar 28;9(3):e89600</Citation>
                <ArticleIdList>
                    <ArticleId IdType="pubmed">24681973</ArticleId>
                </ArticleIdList>
            </Reference>
            <Reference>
                <Citation>Ophthalmology. 2015 Feb;122(2):382-90</Citation>
                <ArticleIdList>
                    <ArticleId IdType="pubmed">25264026</ArticleId>
                </ArticleIdList>
            </Reference>
            <Reference>
                <Citation>Br J Ophthalmol. 2008 Apr;92(4):509-12</Citation>
                <ArticleIdList>
                    <ArticleId IdType="pubmed">18310310</ArticleId>
                </ArticleIdList>
            </Reference>
            <Reference>
                <Citation>Am J Ophthalmol. 2004 Mar;137(3):486-95</Citation>
                <ArticleIdList>
                    <ArticleId IdType="pubmed">15013873</ArticleId>
                </ArticleIdList>
            </Reference>
            <Reference>
                <Citation>Ophthalmology. 2012 Apr;119(4):765-70</Citation>
                <ArticleIdList>
                    <ArticleId IdType="pubmed">22197438</ArticleId>
                </ArticleIdList>
            </Reference>
            <Reference>
                <Citation>Ophthalmology. 2003 Jul;110(7):1292-6</Citation>
                <ArticleIdList>
                    <ArticleId IdType="pubmed">12867381</ArticleId>
                </ArticleIdList>
            </Reference>
            <Reference>
                <Citation>Open Ophthalmol J. 2008 Mar 08;2:37-42</Citation>
                <ArticleIdList>
                    <ArticleId IdType="pubmed">19516892</ArticleId>
                </ArticleIdList>
            </Reference>
            <Reference>
                <Citation>Aging Clin Exp Res. 2008 Feb;20(1):25-30</Citation>
                <ArticleIdList>
                    <ArticleId IdType="pubmed">18283225</ArticleId>
                </ArticleIdList>
            </Reference>
            <Reference>
                <Citation>Ophthalmic Epidemiol. 2004 Apr;11(2):67-115</Citation>
                <ArticleIdList>
                    <ArticleId IdType="pubmed">15255026</ArticleId>
                </ArticleIdList>
            </Reference>
            <Reference>
                <Citation>Arch Ophthalmol. 2008 Sep;126(9):1280-6</Citation>
                <ArticleIdList>
                    <ArticleId IdType="pubmed">18779491</ArticleId>
                </ArticleIdList>
            </Reference>
            <Reference>
                <Citation>Cochrane Database Syst Rev. 2014 Aug 29;(8):CD005139</Citation>
                <ArticleIdList>
                    <ArticleId IdType="pubmed">25170575</ArticleId>
                </ArticleIdList>
            </Reference>
            <Reference>
                <Citation>Contemp Clin Trials. 2015 Nov;45(Pt A):139-45</Citation>
                <ArticleIdList>
                    <ArticleId IdType="pubmed">26343745</ArticleId>
                </ArticleIdList>
            </Reference>
            <Reference>
                <Citation>Graefes Arch Clin Exp Ophthalmol. 2011 Feb;249(2):179-82</Citation>
                <ArticleIdList>
                    <ArticleId IdType="pubmed">21337041</ArticleId>
                </ArticleIdList>
            </Reference>
            <Reference>
                <Citation>Ann Intern Med. 2006 Jul 18;145(2):98-106</Citation>
                <ArticleIdList>
                    <ArticleId IdType="pubmed">16847292</ArticleId>
                </ArticleIdList>
            </Reference>
            <Reference>
                <Citation>Ophthalmology. 2007 Apr;114(4):732-7</Citation>
                <ArticleIdList>
                    <ArticleId IdType="pubmed">17187863</ArticleId>
                </ArticleIdList>
            </Reference>
            <Reference>
                <Citation>Stroke. 2012 Jun;43(6):1681-3</Citation>
                <ArticleIdList>
                    <ArticleId IdType="pubmed">22535267</ArticleId>
                </ArticleIdList>
            </Reference>
            <Reference>
                <Citation>Arch Ophthalmol. 2004 Apr;122(4):477-85</Citation>
                <ArticleIdList>
                    <ArticleId IdType="pubmed">15078664</ArticleId>
                </ArticleIdList>
            </Reference>
            <Reference>
                <Citation>J Am Geriatr Soc. 2015 May;63(5):910-7</Citation>
                <ArticleIdList>
                    <ArticleId IdType="pubmed">25941039</ArticleId>
                </ArticleIdList>
            </Reference>
            <Reference>
                <Citation>Pharmacol Rep. 2006 May-Jun;58(3):353-63</Citation>
                <ArticleIdList>
                    <ArticleId IdType="pubmed">16845209</ArticleId>
                </ArticleIdList>
            </Reference>
            <Reference>
                <Citation>Ophthalmology. 2009 Oct;116(10):1913-9</Citation>
                <ArticleIdList>
                    <ArticleId IdType="pubmed">19592102</ArticleId>
                </ArticleIdList>
            </Reference>
            <Reference>
                <Citation>Ophthalmology. 2007 Dec;114(12):2174-8</Citation>
                <ArticleIdList>
                    <ArticleId IdType="pubmed">18054636</ArticleId>
                </ArticleIdList>
            </Reference>
        </ReferenceList>
    </PubmedData>
</PubmedArticle>

</PubmedArticleSet>