<?xml version="1.0" ?>
<!DOCTYPE pmc-articleset PUBLIC "-//NLM//DTD ARTICLE SET 2.0//EN" "https://dtd.nlm.nih.gov/ncbi/pmc/articleset/nlm-articleset-2.0.dtd">
<pmc-articleset><article xmlns:xlink="http://www.w3.org/1999/xlink" xmlns:mml="http://www.w3.org/1998/Math/MathML" article-type="research-article">
  <?properties open_access?>
  <front>
    <journal-meta>
      <journal-id journal-id-type="nlm-ta">Biomed Res Int</journal-id>
      <journal-id journal-id-type="iso-abbrev">Biomed Res Int</journal-id>
      <journal-id journal-id-type="publisher-id">BMRI</journal-id>
      <journal-title-group>
        <journal-title>BioMed Research International</journal-title>
      </journal-title-group>
      <issn pub-type="ppub">2314-6133</issn>
      <issn pub-type="epub">2314-6141</issn>
      <publisher>
        <publisher-name>Hindawi Publishing Corporation</publisher-name>
      </publisher>
    </journal-meta>
    <article-meta>
      <article-id pub-id-type="pmid">28070519</article-id>
      <article-id pub-id-type="pmc">5192308</article-id>
      <article-id pub-id-type="doi">10.1155/2016/8212063</article-id>
      <article-categories>
        <subj-group subj-group-type="heading">
          <subject>Review Article</subject>
        </subj-group>
      </article-categories>
      <title-group>
        <article-title>Relation between Age-Related Macular Degeneration and Cardiovascular Events and Mortality: A Systematic Review and Meta-Analysis</article-title>
      </title-group>
      <contrib-group>
        <contrib contrib-type="author">
          <name>
            <surname>Wang</surname>
            <given-names>Jie</given-names>
          </name>
          <xref ref-type="aff" rid="I1"/>
        </contrib>
        <contrib contrib-type="author">
          <name>
            <surname>Xue</surname>
            <given-names>Yangjing</given-names>
          </name>
          <xref ref-type="aff" rid="I1"/>
        </contrib>
        <contrib contrib-type="author">
          <name>
            <surname>Thapa</surname>
            <given-names>Saroj</given-names>
          </name>
          <xref ref-type="aff" rid="I1"/>
        </contrib>
        <contrib contrib-type="author">
          <name>
            <surname>Wang</surname>
            <given-names>Luping</given-names>
          </name>
          <xref ref-type="aff" rid="I1"/>
        </contrib>
        <contrib contrib-type="author">
          <name>
            <surname>Tang</surname>
            <given-names>Jifei</given-names>
          </name>
          <xref ref-type="aff" rid="I1"/>
        </contrib>
        <contrib contrib-type="author">
          <contrib-id contrib-id-type="orcid" authenticated="false">http://orcid.org/0000-0003-3891-8741</contrib-id>
          <name>
            <surname>Ji</surname>
            <given-names>Kangting</given-names>
          </name>
          <xref ref-type="aff" rid="I1"/>
          <xref ref-type="corresp" rid="cor1">
<sup>*</sup>
</xref>
        </contrib>
      </contrib-group>
      <aff id="I1">Department of Cardiology, The Second Affiliated Hospital and Yuying Children's Hospital, Wenzhou Medical University, Xueyuanxi Road, No. 109, Wenzhou, Zhejiang 325000, China</aff>
      <author-notes>
        <corresp id="cor1">*Kangting Ji: <email>jikingt@163.com</email></corresp>
        <fn fn-type="other">
          <p>Academic Editor: Gui-shuang Ying</p>
        </fn>
      </author-notes>
      <pub-date pub-type="ppub">
        <year>2016</year>
      </pub-date>
      <pub-date pub-type="epub">
        <day>14</day>
        <month>12</month>
        <year>2016</year>
      </pub-date>
      <volume>2016</volume>
      <elocation-id>8212063</elocation-id>
      <history>
        <date date-type="received">
          <day>20</day>
          <month>5</month>
          <year>2016</year>
        </date>
        <date date-type="rev-recd">
          <day>27</day>
          <month>9</month>
          <year>2016</year>
        </date>
        <date date-type="accepted">
          <day>14</day>
          <month>11</month>
          <year>2016</year>
        </date>
      </history>
      <permissions>
        <copyright-statement>Copyright &#xA9; 2016 Jie Wang et al.</copyright-statement>
        <copyright-year>2016</copyright-year>
        <license xlink:href="https://creativecommons.org/licenses/by/4.0/">
          <license-p>This is an open access article distributed under the Creative Commons Attribution License, which permits unrestricted use, distribution, and reproduction in any medium, provided the original work is properly cited.</license-p>
        </license>
      </permissions>
      <abstract>
        <p>Data on the association between age-related macular degeneration (AMD) and cardiovascular disease and mortality are conflicting. The purpose of this report is to conduct a systematic review to better understand the role of AMD as a risk factor for CVD events and mortality. We searched Medline (Ovid) and Embase (Ovid) for trials published from 1980 to 2015. We included 20 cohort studies that reported relative risks with 95% confidence intervals for the association of AMD and cardiovascular events and mortality, involving 29,964,334 participants. In a random-effects model, the adjusted RR (95% confidence interval [CI]) associated with AMD was 1.08 (1.00&#x2013;1.117) for all-cause mortality (8 studies) and 1.18 (0.98&#x2013;1.43) for cardiovascular disease mortality (5 studies). The pooled RR (95% CI) was 1.17 (0.94&#x2013;1.45) for coronary heart disease (CHD; 3 studies) and 1.13 (0.93&#x2013;1.36) for stroke (8 studies). Findings from this systematic review support that AMD is associated with increased risk of all-cause mortality. The evidence that AMD predicts incident CVD events or CVD mortality remains inclusive and warrants further study in the future.</p>
      </abstract>
      <funding-group>
        <award-group>
          <funding-source xlink:href="http://dx.doi.org/10.13039/100007835">Wenzhou Medical University</funding-source>
        </award-group>
      </funding-group>
    </article-meta>
  </front>
  <body>
    <sec id="sec1">
      <title>1. Introduction</title>
      <p>Age-related macular degeneration (AMD) is a major cause of irreversible vision loss among elderly people in the developed world [<xref rid="B1" ref-type="bibr">1</xref>, <xref rid="B2" ref-type="bibr">2</xref>]. AMD has both early and late stages. It is affected by the dysfunction of a specialized cell layer in the back of the eye called the retinal pigmented epithelium (RPE). The macula has a high density of photoreceptors and provides detailed central vision [<xref rid="B3" ref-type="bibr">3</xref>]. The common features of early AMD include the presence of drusen and pigmentary abnormalities in the RPE; and late AMD is manifested through geographic atrophy or the development of neovascularization [<xref rid="B3" ref-type="bibr">3</xref>, <xref rid="B4" ref-type="bibr">4</xref>].</p>
      <p>Although the precise etiology of AMD remains unknown, the current evidence suggests that there are multiple similarities in the pathogenic mechanisms of both AMD and cardiovascular disease (CVD). AMD and CVD may connote shared underlying pathophysiological factors (e.g., advancing age, smoking, obesity, C-reactive protein, Apo lipoprotein E gene, and complement factor H) [<xref rid="B3" ref-type="bibr">3</xref>, <xref rid="B5" ref-type="bibr">5</xref>]. But epidemiological studies have not found a consistent association of AMD and CVD [<xref rid="B6" ref-type="bibr">6</xref>&#x2013;<xref rid="B9" ref-type="bibr">9</xref>], although a previous systematic review [<xref rid="B10" ref-type="bibr">10</xref>] including 13 population-based studies concluded that there is an association between AMD and CVD risk and suggested that AMD is predictive of a small increase in risk of future CVD. Thirteen cohort studies with a total of 1,593,390 participants with 155,500 CVD events (92,039: stroke and 62,737: CHD) were included in previous systematic review. However, the systematic review omitted several important papers. Furthermore, 5 of the 13 cohort studies included in that review used a retrospective design. In addition, this review did not investigate the link between AMD and risk of mortality. Therefore, we conducted a systematic review to better understand the role of AMD as a risk factor for CVD events and mortality.</p>
    </sec>
    <sec id="sec2">
      <title>2. Methods</title>
      <sec id="sec2.1">
        <title>2.1. Data Sources and Search Strategy</title>
        <p>Preferred Reporting Items for Systematic Review and Meta-Analyses (PRISMA) statement was followed [<xref rid="B11" ref-type="bibr">11</xref>]. We first searched the literature in April 2014 of the Medline (Ovid) and Embase (Ovid) using the following search terms: &#x201C;retina macula degeneration&#x201D;, &#x201C;retinal degeneration&#x201D;, &#x201C;Age-related macular degeneration&#x201D;, &#x201C;Cardiovascular Disease&#x201D;, &#x201C;coronary heart disease&#x201D;, &#x201C;heart failure&#x201D;, and so on. To make sure our study was based on up-to-date results, we further updated the literature search of the Cochrane Library, Medline, and Embase on November 11, 2015. Besides that, additional studies were identified through the reference lists of relevant reports.</p>
      </sec>
      <sec id="sec2.2">
        <title>2.2. Study Selection and Data Extraction</title>
        <p>Two investigators (Y. W and Y. J. X) independently screened the titles or abstracts, or both, of the search results and assessed the remaining full-text articles for eligibility. Any uncertainty regarding eligibility was resolved by discussion. Studies were eligible for our systematic review if (1) the exposure of interest was AMD; (2) the outcome of interest was cardiovascular events (coronary heart disease (CHD), myocardial infarction (MI), heart failure, stroke, or cardiovascular disease mortality) or all-cause mortality; and (3) the study was a population-based cohort study (i.e., not meeting abstracts or review articles). In the case of multiple publications from one study, we chose the articles with the largest sample or the longest follow-up interval.</p>
        <p>Two investigators extracted the following data using standardized data extraction form: name of first author and year of publication; country cohort details and the number of participants; characteristic of the study population; mean follow-up years; assessment of exposure and outcome; type of CVD outcome; and covariate adjustment.</p>
      </sec>
      <sec id="sec2.3">
        <title>2.3. Data Analysis</title>
        <p>We used the relative risk (RR) as the common measure of association across studies, and the hazard ratio (HR) or odds ratio (OR) was considered equivalent to the RR, while the OR was converted into RR by the formula RR = OR/[(1 &#x2212; Po) + (Po &#xD7; OR)], in which Po is the incidence of the outcome of interest in the nonexplosive group. Forest plots were produced to visually assess the RR and corresponding 95% confidence interval (CI) across studies [<xref rid="B12" ref-type="bibr">12</xref>]. The presence of heterogeneity across studies was evaluated by <italic>Q</italic> statistic (significance level of <italic>P</italic> &lt; 0.10) and <italic>I</italic>
<sup>2</sup> statistic (ranges from 0% to 100% with lower values representing less heterogeneity) [<xref rid="B13" ref-type="bibr">13</xref>]. The RRs were pooled using the DerSimonian and Laird inverse-variance-weighted random-effects models. What is more, we investigated the influence of a single study on the overall risk estimates by omitting any of the studies in each turn. We also conducted subgroup analyses stratified by number of participants (&lt;10000 versus &#x2265;10000), length of follow-up (&lt;5 versus &#x2265;5), type, and study design at baseline to assess the impacts of these variables on outcomes.</p>
        <p>Analyses were performed with RevMan (version 5.2 for Windows; the Nordic Cochrane Centre, Copenhagen, Denmark). All statistical tests were 2-sided and <italic>&#x3B1;</italic> &lt; 0.05 was considered statistically significant level.</p>
      </sec>
    </sec>
    <sec id="sec3">
      <title>3. Results</title>
      <sec id="sec3.1">
        <title>3.1. Literature Search</title>
        <p>The search strategy resulted in 4,156 unique citations (<xref ref-type="fig" rid="fig3">Figure 3</xref>). Of these, we included 27 articles after review of the title or abstract. After detailed examination, 7 literatures were excluded (reasons shown in <xref ref-type="fig" rid="fig3">Figure 3</xref>). In total, 20 articles [<xref rid="B6" ref-type="bibr">6</xref>&#x2013;<xref rid="B9" ref-type="bibr">9</xref>, <xref rid="B14" ref-type="bibr">14</xref>&#x2013;<xref rid="B29" ref-type="bibr">29</xref>] were included, and the full list of publications is shown in <xref ref-type="table" rid="tab1">Table 1</xref>.</p>
      </sec>
      <sec id="sec3.2">
        <title>3.2. Study Characteristics</title>
        <p>
<xref ref-type="table" rid="tab1">Table 1</xref> presents study characteristic for included 20 cohort studies. These studies were published between 2002 and 2015. The sizes of cases diagnosed as AMD ranged from 181 to 167,838 (total 367,963). The sizes of participants ranged from 860 to 1,445,677 (total 2,985,316). There were 6 retrospective studies and 14 prospective studies. Three studies were conducted in late AMD only. The mean length of follow-up ranged from 2 to 13.6 years, with a median of 7.7 years. Some studies reported multiple outcomes.</p>
      </sec>
      <sec id="sec3.3">
        <title>3.3. AMD and Risk of Mortality</title>
        <p>Each study and all studies reporting AMD and risk of mortality and cardiovascular disease mortality are shown in <xref ref-type="fig" rid="fig1">Figure 1</xref>.</p>
        <p>For all-cause mortality, we identified 8 studies of AMD and risk of mortality incidence, involving 32,583 participants. Overall, there was a statistically significant increment of 8% among AMD patients (RR = 1.08, 95% CI: 1.00&#x2013;1.17, <xref ref-type="fig" rid="fig1">Figure 1(a)</xref>) compared with those of non-AMD patients, and a low heterogeneity was detected (<italic>I</italic>
<sup>2</sup> = 28%; <italic>P</italic> = 0.21).</p>
        <p>For cardiovascular disease mortality we identified 5 studies of AMD and risk of cardiovascular disease mortality incidence, involving 17,250 participants (<xref ref-type="table" rid="tab1">Table 1</xref>). The pooled RR (95% CI) was 1.18 (0.98&#x2013;1.43; <italic>I</italic>
<sup>2</sup> = 33.0%; <italic>P</italic> for heterogeneity = 0.20; <xref ref-type="fig" rid="fig1">Figure 1(b)</xref>).</p>
      </sec>
      <sec id="sec3.4">
        <title>3.4. AMD and Risk of Cardiovascular Events</title>
        <p>Each study and all studies reporting AMD and cardiovascular events (CHD, MI, and stroke) are shown in <xref ref-type="fig" rid="fig2">Figure 2</xref>.</p>
        <p>For CHD risk, we identified 3 studies of AMD and risk of CHD incidence, involving 18,353 participants (<xref ref-type="table" rid="tab1">Table 1</xref>). Again, the pooled RR (95% CI) was 1.17 (0.94&#x2013;1.45; <italic>I</italic>
<sup>2</sup> = 35%; <italic>P</italic> for heterogeneity = 0.21; <xref ref-type="fig" rid="fig2">Figure 2(a)</xref>). And we identified 4 studies of AMD and risk of MI incidence, and high heterogeneity was detected (<italic>I</italic>
<sup>2</sup> = 95%; <italic>P</italic> &lt; 0.0001). Due to the statistically undetectable heterogeneity, meta-analysis for the MI was cancelled and a descriptive review was conducted instead. One study [<xref rid="B18" ref-type="bibr">18</xref>] reported a positive association (i.e., RR &gt; 1.00), two studies [<xref rid="B6" ref-type="bibr">6</xref>, <xref rid="B21" ref-type="bibr">21</xref>] reported RR &lt; 1.00, which was not statistically significant and one study [<xref rid="B26" ref-type="bibr">26</xref>] reported a negative association (i.e., RR &lt; 1.00).</p>
        <p>For stroke risk, we identified 8 studies of AMD and risk of stroke incidence, involving 1,424,573 participants (<xref ref-type="table" rid="tab1">Table 1</xref>). Four studies reported a positive association (i.e., RR &gt; 1.00), three studies reported RR &lt; 1.00 but this was not statistically significant and one study reported RR &lt; 1.00 and it was statistically significant. High heterogeneity was detected (<italic>I</italic>
<sup>2</sup> = 92%; <italic>P</italic> &lt; 0.00001), and the RR (95% CI) from the random-effects model was 1.13 (0.93&#x2013;1.36; <xref ref-type="fig" rid="fig2">Figure 2(b)</xref>).</p>
      </sec>
      <sec id="sec3.5">
        <title>3.5. Subgroup and Sensitivity Analyses</title>
        <p>Sensitivity analyses were conducted to explore potential sources of heterogeneity in the association between AMD and stroke. Further analyses investigating the influence of a single study on the overall risk estimate by omitting any of the studies in each turn suggested the overall risk estimates were not substantially modified by any single study, with a range from 1.06 (95% CI: 0.87&#x2013;1.29) to 1.15 (95% CI: 0.93&#x2013;1.44). In addition, no single study substantially contributed to the heterogeneity across studies.</p>
        <p>We conducted subgroup analyses by length of follow-up (&lt;5 versus &#x2265;5), number of participants (&lt;10000 versus &#x2265;10000), type, and study design (<xref ref-type="table" rid="tab2">Table 2</xref>). Exploration of the effect by the type of AMD (early AMD/late AMD) suggested significant association between early AMD and risk of stroke (RR: 1.21, [95% CI: 1.03 to 1.42]; <italic>P</italic> = 0.007). The subgroup analysis by study design (i.e., prospective versus retrospective) and number of participants (&lt;10000 versus &#x2265;10000) did not suggest apparent difference.</p>
      </sec>
    </sec>
    <sec id="sec4">
      <title>4. Discussion</title>
      <p>In the meta-analysis of 20 population-based cohort studies, our findings show that AMD is associated with around 8% increased risk of all-cause mortality. From the clinical view point, these values may be considerable. There was no evidence of between-study heterogeneity. We did not find a significant relationship between AMD and incident of cardiovascular events (CHD and stroke) and cardiovascular disease mortality, when data from both prospective and retrospective cohort studies were summarized. But heterogeneity between studies was high.</p>
      <p>AMD is a chronic disorder and the major cause of permanent visual impairment among elderly people [<xref rid="B1" ref-type="bibr">1</xref>, <xref rid="B2" ref-type="bibr">2</xref>]. Our meta-analysis of a significant trend of increased all-cause mortality with AMD suggests that AMD (early or late AMD) may reflect the status of systemic processes associated with biological aging, being a marker of underlying serious somatic factors or diseases, which could be associated with increased biological aging and decreased survival [<xref rid="B4" ref-type="bibr">4</xref>]. However, the precise mechanism of this relationship is unclear. Several plausible mechanisms for the relationship between AMD and mortality were shared common risk factors. It is possible that AMD accelerates the aging process through poorer vision and greater frailty, leading to more accidents, falls, and fractures, all of which have been linked to higher mortality [<xref rid="B30" ref-type="bibr">30</xref>, <xref rid="B31" ref-type="bibr">31</xref>].</p>
      <p>Several pathogenic mechanisms for the observed relationship of AMD with CVD have been proposed [<xref rid="B1" ref-type="bibr">1</xref>, <xref rid="B2" ref-type="bibr">2</xref>]. Chronic inflammation is a plausible biologic mechanism for both AMD and CVD [<xref rid="B4" ref-type="bibr">4</xref>]. However, our meta-analysis is to show no association of AMD with MI incidence, stroke, and CHD events and cardiovascular disease mortality. The nonsignificant association between AMD and cardiovascular events and cardiovascular disease mortality may arise from several sources. Inconsistencies between studies might have arisen from the undocumented use of antiangiogenic therapy for the treatment of neovascularization in late AMD. Since the first antivascular endothelial growth factor (anti-VEGF) medication approved by the US Food and Drug Administration (FDA) for intravitreal use, pegaptanib, in 2006, the safety of anti-VEGF agents has been controversial given the potential for increased risk of atherothrombotic events when these agents are used systemically [<xref rid="B32" ref-type="bibr">32</xref>, <xref rid="B33" ref-type="bibr">33</xref>]. Therefore, more studies confirming that a link exists between AMD and cardiovascular events would be needed before such recommendations can be made. In addition, in some of the studies found in our search, there was a lack of clinical validation to confirm the AMD diagnosis and no information about the confounding effect of smoking on the relationship.</p>
      <p>For stroke, we observed substantial heterogeneity in those studies. This is not surprising given the variation in study designs and characteristics of populations between studies. Moreover, we found a significant association between early AMD and over 5 years of follow-up subgroup and risk of stroke incidence. High heterogeneity is observed within all subgroups. Our results and previous work on the topic highlighted the paucity of data regarding the predictive value of AMD in CHD/CVD events and likely reflect the heterogeneity in the study design, length of follow-up, and accuracy of the definitions of ocular and CVD outcomes used in the few studies addressing this clinical question. These differences may explain the discordance of results across studies. The assessment of differences in the prevalence of AMD among ethnicities likely requires a larger number of patients with sufficient power.</p>
      <p>Several limitations should be acknowledged as well. First, significant heterogeneity was observed across studies for some outcomes, which may arise from differences in participants' characteristics, study designs, mean follow-up years, sample sizes, and analysis strategies. So we performed subgroup analyses on potential confounders. But moderate-to-high heterogeneities still remained in many subgroups. Second, our meta-analysis was limited to published reports. The literature screening and data extraction were conducted independently by two reviewers, and, thus, selection bias was unlikely. Third, the definition of AMD varied across studies. Among some studies, information on CVD was obtained by self-reporting from study participants. In addition, the associations were presented in different forms (OR, HR, RR, etc.), and RR was used as the common measure of association in this meta-analysis. The summary results might be influenced by the conversion of other measures into RR, but such influence, if any, is likely to be small because only a few studies reported ORs. Last, this study includes those inherent in retrospective database studies. The claims data lacks important health-related information such as height, weight, and smoking history. Despite strong associations, residual confounding is still possible given that many studies did not adjust lifestyle factors (e.g., smoking, unhealthy diet, and exercise) in their models.</p>
    </sec>
    <sec id="sec5">
      <title>5. Conclusions</title>
      <p>Findings from this systematic review support that AMD is associated with increased risk of all-cause mortality. The evidence that AMD predicts incident CVD events or CVD mortality remains inclusive and warrants further study in the future.</p>
    </sec>
  </body>
  <back>
    <ack>
      <title>Acknowledgments</title>
      <p>The authors acknowledge the Second Affiliated Hospital, Wenzhou Medical University, for supporting the work of their study.</p>
    </ack>
    <sec>
      <title>Disclosure</title>
      <p>The funders of the project were not involved in study design; in the collection; in the data analysis; or in the writing of the report and publication.</p>
    </sec>
    <sec sec-type="COI-statement">
      <title>Competing Interests</title>
      <p>Authors decalre no competing interests.</p>
    </sec>
    <sec>
      <title>Authors' Contributions</title>
      <p>Jie Wang and Yangjing Xue contributed equally to this work.</p>
    </sec>
    <ref-list>
      <ref id="B1">
        <label>1</label>
        <element-citation publication-type="journal">
          <person-group person-group-type="author">
            <name>
              <surname>Pascolini</surname>
              <given-names>D.</given-names>
            </name>
            <name>
              <surname>Mariotti</surname>
              <given-names>S. P.</given-names>
            </name>
            <name>
              <surname>Pokharel</surname>
              <given-names>G. P.</given-names>
            </name>
            <etal/>
          </person-group>
          <article-title>2002 Global update of available data on visual impairment: a compilation of population-based prevalence studies</article-title>
          <source>
            <italic>Ophthalmic Epidemiology</italic>
          </source>
          <year>2004</year>
          <volume>11</volume>
          <issue>2</issue>
          <fpage>67</fpage>
          <lpage>115</lpage>
          <pub-id pub-id-type="doi">10.1076/opep.11.2.67.28158</pub-id>
          <pub-id pub-id-type="other">2-s2.0-1942500141</pub-id>
          <pub-id pub-id-type="pmid">15255026</pub-id>
        </element-citation>
      </ref>
      <ref id="B2">
        <label>2</label>
        <element-citation publication-type="journal">
          <person-group person-group-type="author">
            <name>
              <surname>Congdon</surname>
              <given-names>N.</given-names>
            </name>
            <name>
              <surname>O'Colmain</surname>
              <given-names>B.</given-names>
            </name>
            <name>
              <surname>Klaver</surname>
              <given-names>C. C.</given-names>
            </name>
            <etal/>
          </person-group>
          <article-title>Causes and prevalence of visual impairment among adults in the United States</article-title>
          <source>
            <italic>Archives of ophthalmology</italic>
          </source>
          <year>2004</year>
          <volume>122</volume>
          <issue>4</issue>
          <fpage>477</fpage>
          <lpage>485</lpage>
          <pub-id pub-id-type="doi">10.1001/archopht.122.4.477</pub-id>
          <pub-id pub-id-type="pmid">15078664</pub-id>
        </element-citation>
      </ref>
      <ref id="B3">
        <label>3</label>
        <element-citation publication-type="journal">
          <person-group person-group-type="author">
            <name>
              <surname>Jager</surname>
              <given-names>R. D.</given-names>
            </name>
            <name>
              <surname>Mieler</surname>
              <given-names>W. F.</given-names>
            </name>
            <name>
              <surname>Miller</surname>
              <given-names>J. W.</given-names>
            </name>
          </person-group>
          <article-title>Age-related macular degeneration</article-title>
          <source>
            <italic>New England Journal of Medicine</italic>
          </source>
          <year>2008</year>
          <volume>358</volume>
          <issue>24</issue>
          <fpage>2606</fpage>
          <lpage>2617</lpage>
          <pub-id pub-id-type="doi">10.1056/nejmra0801537</pub-id>
          <pub-id pub-id-type="pmid">18550876</pub-id>
        </element-citation>
      </ref>
      <ref id="B4">
        <label>4</label>
        <element-citation publication-type="journal">
          <person-group person-group-type="author">
            <name>
              <surname>Nowak</surname>
              <given-names>J. Z.</given-names>
            </name>
          </person-group>
          <article-title>Age-related macular degeneration (AMD): pathogenesis and therapy</article-title>
          <source>
            <italic>Pharmacological Reports</italic>
          </source>
          <year>2006</year>
          <volume>58</volume>
          <issue>3</issue>
          <fpage>353</fpage>
          <lpage>363</lpage>
          <pub-id pub-id-type="other">2-s2.0-33746373850</pub-id>
          <pub-id pub-id-type="pmid">16845209</pub-id>
        </element-citation>
      </ref>
      <ref id="B5">
        <label>5</label>
        <element-citation publication-type="journal">
          <person-group person-group-type="author">
            <name>
              <surname>Klein</surname>
              <given-names>R.</given-names>
            </name>
            <name>
              <surname>Peto</surname>
              <given-names>T.</given-names>
            </name>
            <name>
              <surname>Bird</surname>
              <given-names>A.</given-names>
            </name>
            <name>
              <surname>Vannewkirk</surname>
              <given-names>M. R.</given-names>
            </name>
          </person-group>
          <article-title>The epidemiology of age-related macular degeneration</article-title>
          <source>
            <italic>American Journal of Ophthalmology</italic>
          </source>
          <year>2004</year>
          <volume>137</volume>
          <issue>3</issue>
          <fpage>486</fpage>
          <lpage>495</lpage>
          <pub-id pub-id-type="doi">10.1016/j.ajo.2003.11.069</pub-id>
          <pub-id pub-id-type="other">2-s2.0-1542297335</pub-id>
          <pub-id pub-id-type="pmid">15013873</pub-id>
        </element-citation>
      </ref>
      <ref id="B6">
        <label>6</label>
        <element-citation publication-type="journal">
          <person-group person-group-type="author">
            <name>
              <surname>Alexander</surname>
              <given-names>S. L.</given-names>
            </name>
            <name>
              <surname>Linde-Zwirble</surname>
              <given-names>W. T.</given-names>
            </name>
            <name>
              <surname>Werther</surname>
              <given-names>W.</given-names>
            </name>
            <etal/>
          </person-group>
          <article-title>Annual rates of arterial thromboembolic events in medicare neovascular age-related macular degeneration patients</article-title>
          <source>
            <italic>Ophthalmology</italic>
          </source>
          <year>2007</year>
          <volume>114</volume>
          <issue>12</issue>
          <fpage>2174</fpage>
          <lpage>2178</lpage>
          <pub-id pub-id-type="doi">10.1016/j.ophtha.2007.09.017</pub-id>
          <pub-id pub-id-type="other">2-s2.0-36549033293</pub-id>
          <pub-id pub-id-type="pmid">18054636</pub-id>
        </element-citation>
      </ref>
      <ref id="B7">
        <label>7</label>
        <element-citation publication-type="journal">
          <person-group person-group-type="author">
            <name>
              <surname>Wong</surname>
              <given-names>T. Y.</given-names>
            </name>
            <name>
              <surname>Tikellis</surname>
              <given-names>G.</given-names>
            </name>
            <name>
              <surname>Sun</surname>
              <given-names>C.</given-names>
            </name>
            <name>
              <surname>Klein</surname>
              <given-names>R.</given-names>
            </name>
            <name>
              <surname>Couper</surname>
              <given-names>D. J.</given-names>
            </name>
            <name>
              <surname>Sharrett</surname>
              <given-names>A. R.</given-names>
            </name>
          </person-group>
          <article-title>Age-related macular degeneration and risk of coronary heart disease: the Atherosclerosis Risk in Communities Study</article-title>
          <source>
            <italic>Ophthalmology</italic>
          </source>
          <year>2007</year>
          <volume>114</volume>
          <issue>1</issue>
          <fpage>86</fpage>
          <lpage>91</lpage>
          <pub-id pub-id-type="doi">10.1016/j.ophtha.2006.06.039</pub-id>
          <pub-id pub-id-type="other">2-s2.0-33845764836</pub-id>
          <pub-id pub-id-type="pmid">17198851</pub-id>
        </element-citation>
      </ref>
      <ref id="B8">
        <label>8</label>
        <element-citation publication-type="journal">
          <person-group person-group-type="author">
            <name>
              <surname>Wong</surname>
              <given-names>T. Y.</given-names>
            </name>
            <name>
              <surname>Klein</surname>
              <given-names>R.</given-names>
            </name>
            <name>
              <surname>Sun</surname>
              <given-names>C.</given-names>
            </name>
            <etal/>
          </person-group>
          <article-title>Age-related macular degeneration and risk for stroke</article-title>
          <source>
            <italic>Annals of Internal Medicine</italic>
          </source>
          <year>2006</year>
          <volume>145</volume>
          <issue>2</issue>
          <fpage>98</fpage>
          <lpage>106</lpage>
          <pub-id pub-id-type="doi">10.7326/0003-4819-145-2-200607180-00007</pub-id>
          <pub-id pub-id-type="other">2-s2.0-33746699073</pub-id>
          <pub-id pub-id-type="other">16847292</pub-id>
          <pub-id pub-id-type="pmid">16847292</pub-id>
        </element-citation>
      </ref>
      <ref id="B9">
        <label>9</label>
        <element-citation publication-type="journal">
          <person-group person-group-type="author">
            <name>
              <surname>Wieberdink</surname>
              <given-names>R. G.</given-names>
            </name>
            <name>
              <surname>Ho</surname>
              <given-names>L.</given-names>
            </name>
            <name>
              <surname>Ikram</surname>
              <given-names>M. K.</given-names>
            </name>
            <etal/>
          </person-group>
          <article-title>Age-related macular degeneration and the risk of stroke: The Rotterdam Study</article-title>
          <source>
            <italic>Stroke</italic>
          </source>
          <year>2011</year>
          <volume>42</volume>
          <issue>8</issue>
          <fpage>2138</fpage>
          <lpage>2142</lpage>
          <pub-id pub-id-type="doi">10.1161/strokeaha.111.616359</pub-id>
          <pub-id pub-id-type="other">2-s2.0-79961184828</pub-id>
          <pub-id pub-id-type="pmid">21680903</pub-id>
        </element-citation>
      </ref>
      <ref id="B10">
        <label>10</label>
        <element-citation publication-type="journal">
          <person-group person-group-type="author">
            <name>
              <surname>Wu</surname>
              <given-names>J.</given-names>
            </name>
            <name>
              <surname>Uchino</surname>
              <given-names>M.</given-names>
            </name>
            <name>
              <surname>Sastry</surname>
              <given-names>S. M.</given-names>
            </name>
            <name>
              <surname>Schaumberg</surname>
              <given-names>D. A.</given-names>
            </name>
          </person-group>
          <article-title>Age-related macular degeneration and the incidence of cardiovascular disease: a systematic review and meta-analysis</article-title>
          <source>
            <italic>PLoS ONE</italic>
          </source>
          <year>2014</year>
          <volume>9</volume>
          <issue>3</issue>
          <pub-id pub-id-type="publisher-id">e89600</pub-id>
          <pub-id pub-id-type="doi">10.1371/journal.pone.0089600</pub-id>
          <pub-id pub-id-type="other">2-s2.0-84899826457</pub-id>
        </element-citation>
      </ref>
      <ref id="B11">
        <label>11</label>
        <element-citation publication-type="journal">
          <person-group person-group-type="author">
            <name>
              <surname>Stewart</surname>
              <given-names>L. A.</given-names>
            </name>
            <name>
              <surname>Clarke</surname>
              <given-names>M.</given-names>
            </name>
            <name>
              <surname>Rovers</surname>
              <given-names>M.</given-names>
            </name>
            <etal/>
          </person-group>
          <article-title>Preferred reporting items for systematic review and meta-analyses of individual</article-title>
          <source>
            <italic>The Journal of the American Medical Association</italic>
          </source>
          <year>2015</year>
          <volume>313</volume>
          <issue>16</issue>
          <fpage>1657</fpage>
          <lpage>1665</lpage>
          <pub-id pub-id-type="doi">10.1001/jama.2015.3656</pub-id>
          <pub-id pub-id-type="pmid">25919529</pub-id>
        </element-citation>
      </ref>
      <ref id="B12">
        <label>12</label>
        <element-citation publication-type="journal">
          <person-group person-group-type="author">
            <name>
              <surname>Zhang</surname>
              <given-names>J.</given-names>
            </name>
            <name>
              <surname>Yu</surname>
              <given-names>K. F.</given-names>
            </name>
          </person-group>
          <article-title>What's the relative risk? A method of correcting the odds ratio in cohort studies of common outcomes</article-title>
          <source>
            <italic>The Journal of the American Medical Association</italic>
          </source>
          <year>1998</year>
          <volume>280</volume>
          <issue>19</issue>
          <fpage>1690</fpage>
          <lpage>1691</lpage>
          <pub-id pub-id-type="doi">10.1001/jama.280.19.1690</pub-id>
          <pub-id pub-id-type="other">2-s2.0-0032544993</pub-id>
          <pub-id pub-id-type="pmid">9832001</pub-id>
        </element-citation>
      </ref>
      <ref id="B13">
        <label>13</label>
        <element-citation publication-type="journal">
          <person-group person-group-type="author">
            <name>
              <surname>DerSimonian</surname>
              <given-names>R.</given-names>
            </name>
            <name>
              <surname>Laird</surname>
              <given-names>N.</given-names>
            </name>
          </person-group>
          <article-title>Meta-analysis in clinical trials revisited</article-title>
          <source>
            <italic>Contemporary Clinical Trials</italic>
          </source>
          <year>2015</year>
          <volume>45</volume>
          <fpage>139</fpage>
          <lpage>145</lpage>
          <pub-id pub-id-type="doi">10.1016/j.cct.2015.09.002</pub-id>
          <pub-id pub-id-type="pmid">26343745</pub-id>
        </element-citation>
      </ref>
      <ref id="B14">
        <label>14</label>
        <element-citation publication-type="journal">
          <person-group person-group-type="author">
            <name>
              <surname>Borger</surname>
              <given-names>P. H.</given-names>
            </name>
            <name>
              <surname>van Leeuwen</surname>
              <given-names>R.</given-names>
            </name>
            <name>
              <surname>Hulsman</surname>
              <given-names>C. A. A.</given-names>
            </name>
            <etal/>
          </person-group>
          <article-title>Is there a direct association between age-related eye diseases and mortality? The Rotterdam Study</article-title>
          <source>
            <italic>Ophthalmology</italic>
          </source>
          <year>2003</year>
          <volume>110</volume>
          <issue>7</issue>
          <fpage>1292</fpage>
          <lpage>1296</lpage>
          <pub-id pub-id-type="doi">10.1016/s0161-6420(03)00450-0</pub-id>
          <pub-id pub-id-type="other">2-s2.0-0038300706</pub-id>
          <pub-id pub-id-type="pmid">12867381</pub-id>
        </element-citation>
      </ref>
      <ref id="B15">
        <label>15</label>
        <element-citation publication-type="journal">
          <person-group person-group-type="author">
            <name>
              <surname>Buch</surname>
              <given-names>H.</given-names>
            </name>
            <name>
              <surname>Vinding</surname>
              <given-names>T.</given-names>
            </name>
            <name>
              <surname>La Cour</surname>
              <given-names>M.</given-names>
            </name>
            <name>
              <surname>Jensen</surname>
              <given-names>G. B.</given-names>
            </name>
            <name>
              <surname>Prause</surname>
              <given-names>J. U.</given-names>
            </name>
            <name>
              <surname>Nielsen</surname>
              <given-names>N. V.</given-names>
            </name>
          </person-group>
          <article-title>Age-related maculopathy: a risk indicator for poorer survival in women: The Copenhagen City Eye Study</article-title>
          <source>
            <italic>Ophthalmology</italic>
          </source>
          <year>2005</year>
          <volume>112</volume>
          <issue>2</issue>
          <fpage>305</fpage>
          <lpage>312</lpage>
          <pub-id pub-id-type="doi">10.1016/j.ophtha.2004.08.025</pub-id>
          <pub-id pub-id-type="other">2-s2.0-13444301210</pub-id>
          <pub-id pub-id-type="pmid">15691568</pub-id>
        </element-citation>
      </ref>
      <ref id="B16">
        <label>16</label>
        <element-citation publication-type="journal">
          <person-group person-group-type="author">
            <name>
              <surname>Clemons</surname>
              <given-names>T. E.</given-names>
            </name>
            <name>
              <surname>Kurinij</surname>
              <given-names>N.</given-names>
            </name>
            <name>
              <surname>Sperduto</surname>
              <given-names>R. D.</given-names>
            </name>
            <name>
              <surname>AREDS Research Group</surname>
            </name>
          </person-group>
          <article-title>Associations of mortality with ocular disorders and an intervention of high-dose antioxidants and zinc in the age-related eye disease study: AREDS report No. 13</article-title>
          <source>
            <italic>Archives of Ophthalmology</italic>
          </source>
          <year>2004</year>
          <volume>122</volume>
          <issue>5</issue>
          <fpage>716</fpage>
          <lpage>726</lpage>
          <pub-id pub-id-type="doi">10.1001/archopht.122.5.716</pub-id>
          <pub-id pub-id-type="pmid">15136320</pub-id>
        </element-citation>
      </ref>
      <ref id="B17">
        <label>17</label>
        <element-citation publication-type="journal">
          <person-group person-group-type="author">
            <name>
              <surname>Cugati</surname>
              <given-names>S.</given-names>
            </name>
            <name>
              <surname>Cumming</surname>
              <given-names>R. G.</given-names>
            </name>
            <name>
              <surname>Smith</surname>
              <given-names>W.</given-names>
            </name>
            <name>
              <surname>Burlutsky</surname>
              <given-names>G.</given-names>
            </name>
            <name>
              <surname>Mitchell</surname>
              <given-names>P.</given-names>
            </name>
            <name>
              <surname>Wang</surname>
              <given-names>J. J.</given-names>
            </name>
          </person-group>
          <article-title>Visual impairment, age-related macular degeneration, cataract, and long-term mortality: the blue mountains eye study</article-title>
          <source>
            <italic>Archives of Ophthalmology</italic>
          </source>
          <year>2007</year>
          <volume>125</volume>
          <issue>7</issue>
          <fpage>917</fpage>
          <lpage>924</lpage>
          <pub-id pub-id-type="doi">10.1001/archopht.125.7.917</pub-id>
          <pub-id pub-id-type="other">2-s2.0-34447520625</pub-id>
          <pub-id pub-id-type="pmid">17620571</pub-id>
        </element-citation>
      </ref>
      <ref id="B18">
        <label>18</label>
        <element-citation publication-type="journal">
          <person-group person-group-type="author">
            <name>
              <surname>Duan</surname>
              <given-names>Y.</given-names>
            </name>
            <name>
              <surname>Mo</surname>
              <given-names>J.</given-names>
            </name>
            <name>
              <surname>Klein</surname>
              <given-names>R.</given-names>
            </name>
            <etal/>
          </person-group>
          <article-title>Age-related macular degeneration is associated with incident myocardial infarction among elderly Americans</article-title>
          <source>
            <italic>Ophthalmology</italic>
          </source>
          <year>2007</year>
          <volume>114</volume>
          <issue>4</issue>
          <fpage>732</fpage>
          <lpage>737</lpage>
          <pub-id pub-id-type="doi">10.1016/j.ophtha.2006.07.045</pub-id>
          <pub-id pub-id-type="other">2-s2.0-33947601440</pub-id>
          <pub-id pub-id-type="pmid">17187863</pub-id>
        </element-citation>
      </ref>
      <ref id="B19">
        <label>19</label>
        <element-citation publication-type="journal">
          <person-group person-group-type="author">
            <name>
              <surname>Fernandez</surname>
              <given-names>A. B.</given-names>
            </name>
            <name>
              <surname>Wong</surname>
              <given-names>T. Y.</given-names>
            </name>
            <name>
              <surname>Klein</surname>
              <given-names>R.</given-names>
            </name>
            <etal/>
          </person-group>
          <article-title>Age-related macular degeneration and incident cardiovascular disease: the Multi-Ethnic study of atherosclerosis</article-title>
          <source>
            <italic>Ophthalmology</italic>
          </source>
          <year>2012</year>
          <volume>119</volume>
          <issue>4</issue>
          <fpage>765</fpage>
          <lpage>770</lpage>
          <pub-id pub-id-type="doi">10.1016/j.ophtha.2011.09.044</pub-id>
          <pub-id pub-id-type="other">2-s2.0-84859268957</pub-id>
          <pub-id pub-id-type="pmid">22197438</pub-id>
        </element-citation>
      </ref>
      <ref id="B20">
        <label>20</label>
        <element-citation publication-type="journal">
          <person-group person-group-type="author">
            <name>
              <surname>Fisher</surname>
              <given-names>D. E.</given-names>
            </name>
            <name>
              <surname>Jonasson</surname>
              <given-names>F.</given-names>
            </name>
            <name>
              <surname>Eiriksdottir</surname>
              <given-names>G.</given-names>
            </name>
            <etal/>
          </person-group>
          <article-title>Age-related macular degeneration and mortality in community-dwelling elders: the age, gene/environment susceptibility reykjavik study</article-title>
          <source>
            <italic>Ophthalmology</italic>
          </source>
          <year>2015</year>
          <volume>122</volume>
          <issue>2</issue>
          <fpage>382</fpage>
          <lpage>390</lpage>
          <pub-id pub-id-type="doi">10.1016/j.ophtha.2014.08.006</pub-id>
          <pub-id pub-id-type="other">2-s2.0-84921477132</pub-id>
          <pub-id pub-id-type="pmid">25264026</pub-id>
        </element-citation>
      </ref>
      <ref id="B21">
        <label>21</label>
        <element-citation publication-type="journal">
          <person-group person-group-type="author">
            <name>
              <surname>Golan</surname>
              <given-names>S.</given-names>
            </name>
            <name>
              <surname>Shalev</surname>
              <given-names>V.</given-names>
            </name>
            <name>
              <surname>Goldstein</surname>
              <given-names>M.</given-names>
            </name>
            <name>
              <surname>Treister</surname>
              <given-names>G.</given-names>
            </name>
            <name>
              <surname>Chodick</surname>
              <given-names>G.</given-names>
            </name>
            <name>
              <surname>Loewenstein</surname>
              <given-names>A.</given-names>
            </name>
          </person-group>
          <article-title>The rate of myocardial infarction events among patients with age-related macular degeneration: a population-based study</article-title>
          <source>
            <italic>Graefe's Archive for Clinical and Experimental Ophthalmology</italic>
          </source>
          <year>2011</year>
          <volume>249</volume>
          <issue>2</issue>
          <fpage>179</fpage>
          <lpage>182</lpage>
          <pub-id pub-id-type="doi">10.1007/s00417-010-1489-4</pub-id>
          <pub-id pub-id-type="other">2-s2.0-79952446508</pub-id>
        </element-citation>
      </ref>
      <ref id="B22">
        <label>22</label>
        <element-citation publication-type="journal">
          <person-group person-group-type="author">
            <name>
              <surname>Hu</surname>
              <given-names>C.-C.</given-names>
            </name>
            <name>
              <surname>Ho</surname>
              <given-names>J.-D.</given-names>
            </name>
            <name>
              <surname>Lin</surname>
              <given-names>H.-C.</given-names>
            </name>
          </person-group>
          <article-title>Neovascular age-related macular degeneration and the risk of stroke: a 5-year population-based follow-up study</article-title>
          <source>
            <italic>Stroke</italic>
          </source>
          <year>2010</year>
          <volume>41</volume>
          <issue>4</issue>
          <fpage>613</fpage>
          <lpage>617</lpage>
          <pub-id pub-id-type="doi">10.1161/strokeaha.109.571000</pub-id>
          <pub-id pub-id-type="other">2-s2.0-77950243399</pub-id>
          <pub-id pub-id-type="pmid">20150546</pub-id>
        </element-citation>
      </ref>
      <ref id="B23">
        <label>23</label>
        <element-citation publication-type="journal">
          <person-group person-group-type="author">
            <name>
              <surname>Ikram</surname>
              <given-names>M. K.</given-names>
            </name>
            <name>
              <surname>Mitchell</surname>
              <given-names>P.</given-names>
            </name>
            <name>
              <surname>Klein</surname>
              <given-names>R.</given-names>
            </name>
            <name>
              <surname>Sharrett</surname>
              <given-names>A. R.</given-names>
            </name>
            <name>
              <surname>Couper</surname>
              <given-names>D. J.</given-names>
            </name>
            <name>
              <surname>Wong</surname>
              <given-names>T. Y.</given-names>
            </name>
          </person-group>
          <article-title>Age-related macular degeneration and long-term risk of stroke subtypes</article-title>
          <source>
            <italic>Stroke</italic>
          </source>
          <year>2012</year>
          <volume>43</volume>
          <issue>6</issue>
          <fpage>1681</fpage>
          <lpage>1683</lpage>
          <pub-id pub-id-type="doi">10.1161/STROKEAHA.112.654632</pub-id>
          <pub-id pub-id-type="other">2-s2.0-84861609821</pub-id>
          <pub-id pub-id-type="other">22535267</pub-id>
          <pub-id pub-id-type="pmid">22535267</pub-id>
        </element-citation>
      </ref>
      <ref id="B24">
        <label>24</label>
        <element-citation publication-type="journal">
          <person-group person-group-type="author">
            <name>
              <surname>Knudtson</surname>
              <given-names>M. D.</given-names>
            </name>
            <name>
              <surname>Klein</surname>
              <given-names>B. E. K.</given-names>
            </name>
            <name>
              <surname>Klein</surname>
              <given-names>R.</given-names>
            </name>
          </person-group>
          <article-title>Age-related eye disease, visual impairment, and survival: the beaver dam eye study</article-title>
          <source>
            <italic>Archives of Ophthalmology</italic>
          </source>
          <year>2006</year>
          <volume>124</volume>
          <issue>2</issue>
          <fpage>243</fpage>
          <lpage>249</lpage>
          <pub-id pub-id-type="doi">10.1001/archopht.124.2.243</pub-id>
          <pub-id pub-id-type="other">2-s2.0-32644475717</pub-id>
          <pub-id pub-id-type="pmid">16476894</pub-id>
        </element-citation>
      </ref>
      <ref id="B25">
        <label>25</label>
        <element-citation publication-type="journal">
          <person-group person-group-type="author">
            <name>
              <surname>Liao</surname>
              <given-names>D.</given-names>
            </name>
            <name>
              <surname>Mo</surname>
              <given-names>J.</given-names>
            </name>
            <name>
              <surname>Duan</surname>
              <given-names>Y.</given-names>
            </name>
            <etal/>
          </person-group>
          <article-title>Is age-related macular degeneration associated with stroke among elderly Americans?</article-title>
          <source>
            <italic>The Open Ophthalmology Journal</italic>
          </source>
          <year>2008</year>
          <volume>2</volume>
          <issue>1</issue>
          <fpage>37</fpage>
          <lpage>42</lpage>
          <pub-id pub-id-type="doi">10.2174/1874364100802010037</pub-id>
          <pub-id pub-id-type="pmid">19516892</pub-id>
        </element-citation>
      </ref>
      <ref id="B26">
        <label>26</label>
        <element-citation publication-type="journal">
          <person-group person-group-type="author">
            <name>
              <surname>Nguyen-Khoa</surname>
              <given-names>B.-A.</given-names>
            </name>
            <name>
              <surname>Goehring</surname>
              <given-names>E. L.</given-names>
              <suffix>Jr.</suffix>
            </name>
            <name>
              <surname>Werther</surname>
              <given-names>W.</given-names>
            </name>
            <name>
              <surname>Gower</surname>
              <given-names>E. W.</given-names>
            </name>
            <name>
              <surname>Do</surname>
              <given-names>D. V.</given-names>
            </name>
            <name>
              <surname>Jones</surname>
              <given-names>J. K.</given-names>
            </name>
          </person-group>
          <article-title>Hospitalized cardiovascular diseases in neovascular age-related macular degeneration</article-title>
          <source>
            <italic>Archives of Ophthalmology</italic>
          </source>
          <year>2008</year>
          <volume>126</volume>
          <issue>9</issue>
          <fpage>1280</fpage>
          <lpage>1286</lpage>
          <pub-id pub-id-type="doi">10.1001/archopht.126.9.1280</pub-id>
          <pub-id pub-id-type="other">2-s2.0-51649121379</pub-id>
          <pub-id pub-id-type="pmid">18779491</pub-id>
        </element-citation>
      </ref>
      <ref id="B27">
        <label>27</label>
        <element-citation publication-type="journal">
          <person-group person-group-type="author">
            <name>
              <surname>Pedula</surname>
              <given-names>K. L.</given-names>
            </name>
            <name>
              <surname>Coleman</surname>
              <given-names>A. L.</given-names>
            </name>
            <name>
              <surname>Yu</surname>
              <given-names>F.</given-names>
            </name>
            <etal/>
          </person-group>
          <article-title>Age-related macular degeneration and mortality in older women: the study of osteoporotic fractures</article-title>
          <source>
            <italic>Journal of the American Geriatrics Society</italic>
          </source>
          <year>2015</year>
          <volume>63</volume>
          <issue>5</issue>
          <fpage>910</fpage>
          <lpage>917</lpage>
          <pub-id pub-id-type="doi">10.1111/jgs.13405</pub-id>
          <pub-id pub-id-type="other">2-s2.0-84930009504</pub-id>
          <pub-id pub-id-type="pmid">25941039</pub-id>
        </element-citation>
      </ref>
      <ref id="B28">
        <label>28</label>
        <element-citation publication-type="journal">
          <person-group person-group-type="author">
            <name>
              <surname>Sun</surname>
              <given-names>C.</given-names>
            </name>
            <name>
              <surname>Klein</surname>
              <given-names>R.</given-names>
            </name>
            <name>
              <surname>Wong</surname>
              <given-names>T. Y.</given-names>
            </name>
          </person-group>
          <article-title>Age-related macular degeneration and risk of coronary heart disease and stroke: The Cardiovascular Health Study</article-title>
          <source>
            <italic>Ophthalmology</italic>
          </source>
          <year>2009</year>
          <volume>116</volume>
          <issue>10</issue>
          <fpage>1913</fpage>
          <lpage>1919</lpage>
          <pub-id pub-id-type="doi">10.1016/j.ophtha.2009.03.046</pub-id>
          <pub-id pub-id-type="other">2-s2.0-70349452114</pub-id>
          <pub-id pub-id-type="pmid">19592102</pub-id>
        </element-citation>
      </ref>
      <ref id="B29">
        <label>29</label>
        <element-citation publication-type="journal">
          <person-group person-group-type="author">
            <name>
              <surname>Tan</surname>
              <given-names>J. S. L.</given-names>
            </name>
            <name>
              <surname>Wang</surname>
              <given-names>J. J.</given-names>
            </name>
            <name>
              <surname>Liew</surname>
              <given-names>G.</given-names>
            </name>
            <name>
              <surname>Rochtchina</surname>
              <given-names>E.</given-names>
            </name>
            <name>
              <surname>Mitchell</surname>
              <given-names>P.</given-names>
            </name>
          </person-group>
          <article-title>Age-related macular degeneration and mortality from cardiovascular disease or stroke</article-title>
          <source>
            <italic>The British Journal of Ophthalmology</italic>
          </source>
          <year>2008</year>
          <volume>92</volume>
          <issue>4</issue>
          <fpage>509</fpage>
          <lpage>512</lpage>
          <pub-id pub-id-type="doi">10.1136/bjo.2007.131706</pub-id>
          <pub-id pub-id-type="other">2-s2.0-41849120485</pub-id>
          <pub-id pub-id-type="pmid">18310310</pub-id>
        </element-citation>
      </ref>
      <ref id="B30">
        <label>30</label>
        <element-citation publication-type="journal">
          <person-group person-group-type="author">
            <name>
              <surname>Chou</surname>
              <given-names>R.</given-names>
            </name>
            <name>
              <surname>Dana</surname>
              <given-names>T.</given-names>
            </name>
            <name>
              <surname>Bougatsos</surname>
              <given-names>C.</given-names>
            </name>
          </person-group>
          <article-title>Screening older adults for impaired visual acuity: a review of the evidence for the U.S. Preventive Services Task Force</article-title>
          <source>
            <italic>Annals of Internal Medicine</italic>
          </source>
          <year>2009</year>
          <volume>151</volume>
          <issue>1</issue>
          <fpage>44</fpage>
          <lpage>58</lpage>
          <pub-id pub-id-type="doi">10.7326/0003-4819-151-1-200907070-00008</pub-id>
          <pub-id pub-id-type="other">2-s2.0-67650080804</pub-id>
          <pub-id pub-id-type="pmid">19581646</pub-id>
        </element-citation>
      </ref>
      <ref id="B31">
        <label>31</label>
        <element-citation publication-type="journal">
          <person-group person-group-type="author">
            <name>
              <surname>Kulmala</surname>
              <given-names>J.</given-names>
            </name>
            <name>
              <surname>Era</surname>
              <given-names>P.</given-names>
            </name>
            <name>
              <surname>P&#xE4;rssinen</surname>
              <given-names>O.</given-names>
            </name>
            <etal/>
          </person-group>
          <article-title>Lowered vision as a risk factor for injurious accidents in older people</article-title>
          <source>
            <italic>Aging Clinical and Experimental Research</italic>
          </source>
          <year>2008</year>
          <volume>20</volume>
          <issue>1</issue>
          <fpage>25</fpage>
          <lpage>30</lpage>
          <pub-id pub-id-type="doi">10.1007/BF03324744</pub-id>
          <pub-id pub-id-type="other">2-s2.0-40849111707</pub-id>
          <pub-id pub-id-type="other">18283225</pub-id>
          <pub-id pub-id-type="pmid">18283225</pub-id>
        </element-citation>
      </ref>
      <ref id="B32">
        <label>32</label>
        <element-citation publication-type="journal">
          <person-group person-group-type="author">
            <name>
              <surname>Holz</surname>
              <given-names>F. G.</given-names>
            </name>
            <name>
              <surname>Schmitz-Valckenberg</surname>
              <given-names>S.</given-names>
            </name>
            <name>
              <surname>Fleckenstein</surname>
              <given-names>M.</given-names>
            </name>
          </person-group>
          <article-title>Recent developments in the treatment of age-related macular degeneration</article-title>
          <source>
            <italic>The Journal of Clinical Investigation</italic>
          </source>
          <year>2014</year>
          <volume>124</volume>
          <issue>4</issue>
          <fpage>1430</fpage>
          <lpage>1438</lpage>
          <pub-id pub-id-type="doi">10.1172/jci71029</pub-id>
          <pub-id pub-id-type="other">2-s2.0-84897560418</pub-id>
          <pub-id pub-id-type="pmid">24691477</pub-id>
        </element-citation>
      </ref>
      <ref id="B33">
        <label>33</label>
        <element-citation publication-type="journal">
          <person-group person-group-type="author">
            <name>
              <surname>Solomon</surname>
              <given-names>S. D.</given-names>
            </name>
            <name>
              <surname>Lindsley</surname>
              <given-names>K.</given-names>
            </name>
            <name>
              <surname>Vedula</surname>
              <given-names>S. S.</given-names>
            </name>
            <name>
              <surname>Krzystolik</surname>
              <given-names>M. G.</given-names>
            </name>
            <name>
              <surname>Hawkins</surname>
              <given-names>B. S.</given-names>
            </name>
          </person-group>
          <article-title>Anti-vascular endothelial growth factor for neovascular age-related macular degeneration</article-title>
          <source>
            <italic>The Cochrane Database of Systematic Reviews</italic>
          </source>
          <year>2014</year>
          <volume>8</volume>
          <pub-id pub-id-type="publisher-id">CD005139</pub-id>
          <pub-id pub-id-type="other">2-s2.0-84907190920</pub-id>
        </element-citation>
      </ref>
    </ref-list>
  </back>
  <floats-group>
    <fig id="fig1" orientation="portrait" position="float">
      <label>Figure 1</label>
      <caption>
        <p>(a) Adjusted relative risks of all-cause mortality associated with AMD. (b) RR of cardiovascular disease mortality associated with AMD.</p>
      </caption>
      <graphic xlink:href="BMRI2016-8212063.001"/>
    </fig>
    <fig id="fig2" orientation="portrait" position="float">
      <label>Figure 2</label>
      <caption>
        <p>(a) RR of CHD associated with AMD. (b) RR of stroke associated with AMD.</p>
      </caption>
      <graphic xlink:href="BMRI2016-8212063.002"/>
    </fig>
    <fig id="fig3" orientation="portrait" position="float">
      <label>Figure 3</label>
      <caption>
        <p>Flow chart of the meta-analysis of AMD and CVD.</p>
      </caption>
      <graphic xlink:href="BMRI2016-8212063.003"/>
    </fig>
    <table-wrap id="tab1" orientation="portrait" position="float">
      <label>Table 1</label>
      <caption>
        <p>Characteristics of 20 prospective cohort studies of AMD and risk of cardiovascular disease outcomes included in this meta-analysis.</p>
      </caption>
      <table frame="hsides" rules="groups">
        <thead>
          <tr>
            <th align="left" rowspan="1" colspan="1">Study: first author, year</th>
            <th align="center" rowspan="1" colspan="1">Country cohort details</th>
            <th align="center" rowspan="1" colspan="1">Participants, age (years)</th>
            <th align="center" rowspan="1" colspan="1">Early AMD</th>
            <th align="center" rowspan="1" colspan="1">late AMD</th>
            <th align="center" rowspan="1" colspan="1">Eligibility criteria</th>
            <th align="center" rowspan="1" colspan="1">Mean follow-up, years</th>
            <th align="center" rowspan="1" colspan="1">Outcome</th>
            <th align="left" rowspan="1" colspan="1">Adjustment for covariates</th>
            <th align="center" rowspan="1" colspan="1">Study design</th>
          </tr>
        </thead>
        <tbody>
          <tr>
            <td align="left" rowspan="1" colspan="1">Borger et al. 2003 [<xref rid="B14" ref-type="bibr">14</xref>]</td>
            <td align="center" rowspan="1" colspan="1">The Rotterdam Study<break/>(Netherlands)</td>
            <td align="center" rowspan="1" colspan="1">6339, age &gt;55</td>
            <td align="center" rowspan="1" colspan="1">477</td>
            <td align="center" rowspan="1" colspan="1">104</td>
            <td align="center" rowspan="1" colspan="1">Retinal photograph</td>
            <td align="center" rowspan="1" colspan="1">7</td>
            <td align="center" rowspan="1" colspan="1">Mortality<break/>(medical records)</td>
            <td align="left" rowspan="1" colspan="1">Age, gender, smoking, BMI, cholesterol level, atherosclerosis, hypertension, history of cardiovascular disease</td>
            <td align="center" rowspan="1" colspan="1">prospective</td>
          </tr>
          <tr>
            <td align="left" rowspan="1" colspan="1">Buch et al. 2005 [<xref rid="B15" ref-type="bibr">15</xref>]</td>
            <td align="center" rowspan="1" colspan="1">The Copenhagen City Eye Study (Denmark)</td>
            <td align="center" rowspan="1" colspan="1">866, 60&#x2013;80</td>
            <td align="center" rowspan="1" colspan="1">228</td>
            <td align="center" rowspan="1" colspan="1">31</td>
            <td align="center" rowspan="1" colspan="1">Retinal photograph</td>
            <td align="center" rowspan="1" colspan="1">14</td>
            <td align="center" rowspan="1" colspan="1">Mortality<break/>(ICD8, ICD10)</td>
            <td align="left" rowspan="1" colspan="1">Age, gender, smoking status, alcohol consumption, BMI, total cholesterol level, hypertension, cardiovascular disease, diabetes mellitus, any cataract, visual loss (20/40)</td>
            <td align="center" rowspan="1" colspan="1">prospective</td>
          </tr>
          <tr>
            <td align="left" rowspan="1" colspan="1">Clemons et al. 2004 [<xref rid="B16" ref-type="bibr">16</xref>]</td>
            <td align="center" rowspan="1" colspan="1">AREDS</td>
            <td align="center" rowspan="1" colspan="1">4753, 55&#x2013;81</td>
            <td align="center" rowspan="1" colspan="1">2650</td>
            <td align="center" rowspan="1" colspan="1">957</td>
            <td align="center" rowspan="1" colspan="1">Fundus photograph</td>
            <td align="center" rowspan="1" colspan="1">6.5</td>
            <td align="center" rowspan="1" colspan="1">Mortality<break/>(medical records)</td>
            <td align="left" rowspan="1" colspan="1">Age, sex, race, education, smoking status, BMI, diabetes mellitus, angina, cancer, hypertension</td>
            <td align="center" rowspan="1" colspan="1">prospective</td>
          </tr>
          <tr>
            <td align="left" rowspan="1" colspan="1">Cugati et al. 2007 [<xref rid="B17" ref-type="bibr">17</xref>]</td>
            <td align="center" rowspan="1" colspan="1">BMES (Australian)</td>
            <td align="center" rowspan="1" colspan="1">3532, age &gt; 49</td>
            <td align="center" rowspan="1" colspan="1">177</td>
            <td align="center" rowspan="1" colspan="1">72</td>
            <td align="center" rowspan="1" colspan="1">Retinal photograph</td>
            <td align="center" rowspan="1" colspan="1">10.7</td>
            <td align="center" rowspan="1" colspan="1">Mortality<break/>(ICD9, ICD10)</td>
            <td align="left" rowspan="1" colspan="1">Age, sex, BMI, hypertension diabetes mellitus, current smoking, and baseline history of angina, acute myocardial infarction, triglyceride level, fibrinogen level, educational level, walking disability, stroke</td>
            <td align="center" rowspan="1" colspan="1">prospective</td>
          </tr>
          <tr>
            <td align="left" rowspan="1" colspan="1">Duan et al. 2007 [<xref rid="B18" ref-type="bibr">18</xref>]</td>
            <td align="center" rowspan="1" colspan="1">USA</td>
            <td align="center" rowspan="1" colspan="1">1445677,<break/>mean 76 (7.8)</td>
            <td align="center" rowspan="1" colspan="1">126693</td>
            <td align="center" rowspan="1" colspan="1">30885</td>
            <td align="center" rowspan="1" colspan="1">ICD-9</td>
            <td align="center" rowspan="1" colspan="1">2</td>
            <td align="center" rowspan="1" colspan="1">MI<break/>(ICD-9)</td>
            <td align="left" rowspan="1" colspan="1">Age, gender, race, hypertension, and diabetes</td>
            <td align="center" rowspan="1" colspan="1">retrospective</td>
          </tr>
          <tr>
            <td align="left" rowspan="1" colspan="1">Fernandez et al. 2012 [<xref rid="B19" ref-type="bibr">19</xref>]</td>
            <td align="center" rowspan="1" colspan="1">MESA (USA)</td>
            <td align="center" rowspan="1" colspan="1">6233, 45&#x2013;84</td>
            <td align="center" rowspan="1" colspan="1">893</td>
            <td align="center" rowspan="1" colspan="1">27</td>
            <td align="center" rowspan="1" colspan="1">Retinal photograph</td>
            <td align="center" rowspan="1" colspan="1">5.4</td>
            <td align="center" rowspan="1" colspan="1">CHD and<break/>CVD (medical records)</td>
            <td align="left" rowspan="1" colspan="1">Age, sex, race, hypertension, cigarette smoking, site of enrollment, CRP, level of education and diabetes, BMI, serum total cholesterol, low-density lipoprotein cholesterol</td>
            <td align="center" rowspan="1" colspan="1">prospective</td>
          </tr>
          <tr>
            <td align="left" rowspan="1" colspan="1">Fisher et al. 2015 [<xref rid="B20" ref-type="bibr">20</xref>]</td>
            <td align="center" rowspan="1" colspan="1">AGES (Israel)</td>
            <td align="center" rowspan="1" colspan="1">4910, 67&#x2013;96</td>
            <td align="center" rowspan="1" colspan="1">1064</td>
            <td align="center" rowspan="1" colspan="1">277</td>
            <td align="center" rowspan="1" colspan="1">Retinal photograph</td>
            <td align="center" rowspan="1" colspan="1">8.6</td>
            <td align="center" rowspan="1" colspan="1">Mortality<break/>(ICD-9)</td>
            <td align="left" rowspan="1" colspan="1">Age, gender</td>
            <td align="center" rowspan="1" colspan="1">prospective</td>
          </tr>
          <tr>
            <td align="left" rowspan="1" colspan="1">Golan et al. 2011 [<xref rid="B21" ref-type="bibr">21</xref>]</td>
            <td align="center" rowspan="1" colspan="1">MHS (Israel)</td>
            <td align="center" rowspan="1" colspan="1">68217, age &#x2265;<break/>65</td>
            <td colspan="2" align="center" rowspan="1"> 6546</td>
            <td align="center" rowspan="1" colspan="1">ICD-9</td>
            <td align="center" rowspan="1" colspan="1">4.75</td>
            <td align="center" rowspan="1" colspan="1">MI<break/>(ICD-9)</td>
            <td align="left" rowspan="1" colspan="1">Age, gender</td>
            <td align="center" rowspan="1" colspan="1">retrospective</td>
          </tr>
          <tr>
            <td align="left" rowspan="1" colspan="1">Hu et al. 2010<break/>[<xref rid="B22" ref-type="bibr">22</xref>]</td>
            <td align="center" rowspan="1" colspan="1">LHID (Taiwan)</td>
            <td align="center" rowspan="1" colspan="1">1254,<break/>mean 62.7</td>
            <td align="center" rowspan="1" colspan="1">0</td>
            <td align="center" rowspan="1" colspan="1">209</td>
            <td align="center" rowspan="1" colspan="1">ICD-9</td>
            <td align="center" rowspan="1" colspan="1">5</td>
            <td align="center" rowspan="1" colspan="1">Stroke<break/>(ICD-9)</td>
            <td align="left" rowspan="1" colspan="1">Age, gender, monthly income, level of urbanization, the geographic region of the community</td>
            <td align="center" rowspan="1" colspan="1">retrospective</td>
          </tr>
          <tr>
            <td align="left" rowspan="1" colspan="1">Ikram et al. 2012 [<xref rid="B23" ref-type="bibr">23</xref>]</td>
            <td align="center" rowspan="1" colspan="1">ARICS (USA)</td>
            <td align="center" rowspan="1" colspan="1">12216<break/>45&#x2013;64</td>
            <td align="center" rowspan="1" colspan="1">576</td>
            <td align="center" rowspan="1" colspan="1">15</td>
            <td align="center" rowspan="1" colspan="1">Retinal photograph</td>
            <td align="center" rowspan="1" colspan="1">13</td>
            <td align="center" rowspan="1" colspan="1">Stroke<break/>(medical records)</td>
            <td align="left" rowspan="1" colspan="1">Mean arterial blood pressure, antihypertensive medications, cell count fasting glucose, white blood, total cholesterol, HDL-cholesterol, triglyceride levels, BMI, atrial fibrillation, cigarette smoking, alcohol consumption status.</td>
            <td align="center" rowspan="1" colspan="1">prospective</td>
          </tr>
          <tr>
            <td align="left" rowspan="1" colspan="1">Knudtson et al. 2006 [<xref rid="B24" ref-type="bibr">24</xref>]</td>
            <td align="center" rowspan="1" colspan="1">BDES (Australian)</td>
            <td align="center" rowspan="1" colspan="1">4747,<break/>43&#x2013;84</td>
            <td align="center" rowspan="1" colspan="1">909</td>
            <td align="center" rowspan="1" colspan="1">79</td>
            <td align="center" rowspan="1" colspan="1">Retinal photograph</td>
            <td align="center" rowspan="1" colspan="1">13.2</td>
            <td align="center" rowspan="1" colspan="1">Mortality<break/>(ICD-9, ICD-10)</td>
            <td align="left" rowspan="1" colspan="1">Age, sex, proteinuria, history of cancer, BMI, BMI2, ratio of total to high-density lipoprotein cholesterol level, smoking, pulse rate, education, diabetes status, cardiovascular SBP disease history, sedentary lifestyle</td>
            <td align="center" rowspan="1" colspan="1">prospective</td>
          </tr>
          <tr>
            <td align="left" rowspan="1" colspan="1">Liao et al. 2008<break/>[<xref rid="B25" ref-type="bibr">25</xref>]</td>
            <td align="center" rowspan="1" colspan="1">CMS (USA)</td>
            <td align="center" rowspan="1" colspan="1">1303186, &#x2265;65.0</td>
            <td align="center" rowspan="1" colspan="1">140645</td>
            <td align="center" rowspan="1" colspan="1">27193</td>
            <td align="center" rowspan="1" colspan="1">ICD-9</td>
            <td align="center" rowspan="1" colspan="1">2</td>
            <td align="center" rowspan="1" colspan="1">Stroke<break/>(ICD-9)</td>
            <td align="left" rowspan="1" colspan="1">Age, gender, race, hypertension, diabetes</td>
            <td align="center" rowspan="1" colspan="1">retrospective</td>
          </tr>
          <tr>
            <td align="left" rowspan="1" colspan="1">Nguyen-Khoa et al. 2008<break/>[<xref rid="B26" ref-type="bibr">26</xref>]</td>
            <td align="center" rowspan="1" colspan="1">USA</td>
            <td align="center" rowspan="1" colspan="1">27411,<break/>50&#x2013;95</td>
            <td align="center" rowspan="1" colspan="1">0</td>
            <td align="center" rowspan="1" colspan="1">7203</td>
            <td align="center" rowspan="1" colspan="1">ICD-9</td>
            <td align="center" rowspan="1" colspan="1">3.5</td>
            <td align="center" rowspan="1" colspan="1">MI and CVD<break/>(ICD-9)</td>
            <td align="left" rowspan="1" colspan="1">Presence of angina, cardiac arrhythmia, Charlson score, congestive heart failure, diabetes, heart disease, history of acute MI,<break/>history of CVA, hyperlipidemia, hypertension, other cerebrovascular diseases</td>
            <td align="center" rowspan="1" colspan="1">retrospective</td>
          </tr>
          <tr>
            <td align="left" rowspan="1" colspan="1">Pedula et al. 2015<break/>[<xref rid="B27" ref-type="bibr">27</xref>]</td>
            <td align="center" rowspan="1" colspan="1">SOF (USA)</td>
            <td align="center" rowspan="1" colspan="1">1202,<break/>&#x2265;65</td>
            <td align="center" rowspan="1" colspan="1">441</td>
            <td align="center" rowspan="1" colspan="1">46</td>
            <td align="center" rowspan="1" colspan="1">Retinal photograph</td>
            <td align="center" rowspan="1" colspan="1">9.5</td>
            <td align="center" rowspan="1" colspan="1">Mortality and CVD<break/>(ICD-9)</td>
            <td align="left" rowspan="1" colspan="1">Age, race, self-reported frailty, body mass index, Minimental State Examination score, walking speed, history of congestive heart failure, history of myocardial infarction, history of chronic obstructive pulmonary disease, history of thiazide diuretic use</td>
            <td align="center" rowspan="1" colspan="1">Prospective</td>
          </tr>
          <tr>
            <td align="left" rowspan="1" colspan="1">Sun et al. 2009<break/>[<xref rid="B28" ref-type="bibr">28</xref>]</td>
            <td align="center" rowspan="1" colspan="1">CHS (USA)</td>
            <td align="center" rowspan="1" colspan="1">1715, 69&#x2013;97</td>
            <td align="center" rowspan="1" colspan="1">268</td>
            <td align="center" rowspan="1" colspan="1">24</td>
            <td align="center" rowspan="1" colspan="1">Retinal photograph</td>
            <td align="center" rowspan="1" colspan="1">6</td>
            <td align="center" rowspan="1" colspan="1">CHD and stroke<break/>(medical records)</td>
            <td align="left" rowspan="1" colspan="1">Age, gender, race, systolic and diastolic, blood pressure, hypertension status, fasting glucose, triglyceride, low-density lipoprotein cholesterol, cigarette smoking, pack-years of smoking, CRP</td>
            <td align="center" rowspan="1" colspan="1">prospective</td>
          </tr>
          <tr>
            <td align="left" rowspan="1" colspan="1">Tan et al. 2008<break/>[<xref rid="B29" ref-type="bibr">29</xref>]</td>
            <td align="center" rowspan="1" colspan="1">BMES (Australian)</td>
            <td align="center" rowspan="1" colspan="1">2853, 49&#x2013;97</td>
            <td align="center" rowspan="1" colspan="1">130</td>
            <td align="center" rowspan="1" colspan="1">51</td>
            <td align="center" rowspan="1" colspan="1">Retinal photograph</td>
            <td align="center" rowspan="1" colspan="1">11</td>
            <td align="center" rowspan="1" colspan="1">Mortality (ICD-9, ICD-10)</td>
            <td align="left" rowspan="1" colspan="1">Age, gender, hypertension, diabetes, smoking, BMI, serum lipids, fibrinogen, white cell count</td>
            <td align="center" rowspan="1" colspan="1">prospective</td>
          </tr>
          <tr>
            <td align="left" rowspan="1" colspan="1">Wieberdink et al. 2011 [<xref rid="B9" ref-type="bibr">9</xref>]</td>
            <td align="center" rowspan="1" colspan="1">The Rotterdam Study (Netherlands)</td>
            <td align="center" rowspan="1" colspan="1">6207, 61.7&#x2013;74.8</td>
            <td align="center" rowspan="1" colspan="1">2166</td>
            <td align="center" rowspan="1" colspan="1">93</td>
            <td align="center" rowspan="1" colspan="1">Retinal photograph</td>
            <td align="center" rowspan="1" colspan="1">13.6</td>
            <td align="center" rowspan="1" colspan="1">Stroke<break/>(medical records)</td>
            <td align="left" rowspan="1" colspan="1">Age, sex, diabetes, systolic blood pressure, antihypertensive<break/>medication, current smoking, total cholesterol, high-density lipoprotein cholesterol, carotid artery plaques, body mass index, alcohol intake and CRP, APOE, CFH</td>
            <td align="center" rowspan="1" colspan="1">prospective</td>
          </tr>
          <tr>
            <td align="left" rowspan="1" colspan="1">Wong et al. 2006 [<xref rid="B8" ref-type="bibr">8</xref>]</td>
            <td align="center" rowspan="1" colspan="1">ARICS (USA)</td>
            <td align="center" rowspan="1" colspan="1">10405, 49&#x2013;73</td>
            <td align="center" rowspan="1" colspan="1">498</td>
            <td align="center" rowspan="1" colspan="1">10</td>
            <td align="center" rowspan="1" colspan="1">Retinal photograph</td>
            <td align="center" rowspan="1" colspan="1">8</td>
            <td align="center" rowspan="1" colspan="1">Stroke<break/>(ICD-9, ICD-10)</td>
            <td align="left" rowspan="1" colspan="1">Age, sex, ethnicity, site, systolic blood pressure, diabetes, antihypertensive medication use, cigarette smoking</td>
            <td align="center" rowspan="1" colspan="1">prospective</td>
          </tr>
          <tr>
            <td align="left" rowspan="1" colspan="1">Wong et al. 2007 [<xref rid="B7" ref-type="bibr">7</xref>]</td>
            <td align="center" rowspan="1" colspan="1">ARICS (USA)</td>
            <td align="center" rowspan="1" colspan="1">11414, 49&#x2013;73</td>
            <td align="center" rowspan="1" colspan="1">540</td>
            <td align="center" rowspan="1" colspan="1">15</td>
            <td align="center" rowspan="1" colspan="1">Retinal photograph</td>
            <td align="center" rowspan="1" colspan="1">8</td>
            <td align="center" rowspan="1" colspan="1">Mortality and CHD<break/>(medical records)</td>
            <td align="left" rowspan="1" colspan="1">Age, gender, race, and center, and then further for education, body mass index, systolic and diastolic BPs, diabetes status, total plasma cholesterol and HDL-cholesterol, triglyceride, glucose, pack-years of cigarette smoking, current alcohol consumption</td>
            <td align="center" rowspan="1" colspan="1">prospective</td>
          </tr>
          <tr>
            <td align="left" rowspan="1" colspan="1">Alexander et al. 2007 [<xref rid="B6" ref-type="bibr">6</xref>]</td>
            <td align="center" rowspan="1" colspan="1">USA</td>
            <td align="center" rowspan="1" colspan="1">62179, mean 80.5</td>
            <td align="center" rowspan="1" colspan="1">0</td>
            <td align="center" rowspan="1" colspan="1">15771</td>
            <td align="center" rowspan="1" colspan="1">ICD-9</td>
            <td align="center" rowspan="1" colspan="1">2</td>
            <td align="center" rowspan="1" colspan="1">MI and CVD (ICD-9)</td>
            <td align="left" rowspan="1" colspan="1">Age, race, gender, length of data within the database</td>
            <td align="center" rowspan="1" colspan="1">retrospective</td>
          </tr>
        </tbody>
      </table>
      <table-wrap-foot>
        <fn>
          <p>AREDS: Age-Related Eye Disease Study; BMES: Blue Mountains Eye Study; MESA: Multiethnic Study of Atherosclerosis; AGES: Age, Gene/Environment Susceptibility Reykjavik Study; LHID: Longitudinal Health Insurance Database; ARICS: Atherosclerosis Risk in Communities Study; BDES: Beaver Dam Eye Study; CMS: Medicare and Medicaid Services; SOF: Study of Osteoporotic Fractures; CHS: Cardiovascular Health Study; BMI: body mass index.</p>
        </fn>
      </table-wrap-foot>
    </table-wrap>
    <table-wrap id="tab2" orientation="portrait" position="float">
      <label>Table 2</label>
      <caption>
        <p>Stratified analyses of stroke associated with AMD.</p>
      </caption>
      <table frame="hsides" rules="groups">
        <thead>
          <tr>
            <th align="left" rowspan="1" colspan="1">Group</th>
            <th align="center" rowspan="1" colspan="1">Number of studies</th>
            <th align="center" rowspan="1" colspan="1">RR (95% CI)</th>
            <th align="center" rowspan="1" colspan="1">
<italic>P</italic> (heterogeneity)</th>
            <th align="center" rowspan="1" colspan="1">
<italic>I</italic>
<sup>2</sup> (%)</th>
          </tr>
        </thead>
        <tbody>
          <tr>
            <td align="left" rowspan="1" colspan="1">Total</td>
            <td align="center" rowspan="1" colspan="1">8</td>
            <td align="center" rowspan="1" colspan="1">1.13 [0.93, 1.36]</td>
            <td align="center" rowspan="1" colspan="1">&lt;0.00001</td>
            <td align="center" rowspan="1" colspan="1">92</td>
          </tr>
          <tr>
            <td align="left" rowspan="1" colspan="1">Length of follow-up (years)</td>
            <td align="center" rowspan="1" colspan="1">&#x2009;</td>
            <td align="center" rowspan="1" colspan="1">&#x2009;</td>
            <td align="center" rowspan="1" colspan="1">&#x2009;</td>
            <td align="center" rowspan="1" colspan="1">&#x2009;</td>
          </tr>
          <tr>
            <td align="left" rowspan="1" colspan="1">&#x2003;&lt;5</td>
            <td align="center" rowspan="1" colspan="1">3</td>
            <td align="center" rowspan="1" colspan="1">0.88 [0.64, 1.20]</td>
            <td align="center" rowspan="1" colspan="1">&lt;0.00001</td>
            <td align="center" rowspan="1" colspan="1">97</td>
          </tr>
          <tr>
            <td align="left" rowspan="1" colspan="1">&#x2003;&#x2265;5</td>
            <td align="center" rowspan="1" colspan="1">5</td>
            <td align="center" rowspan="1" colspan="1">1.40 [1.05, 1.87]</td>
            <td align="center" rowspan="1" colspan="1">0.002</td>
            <td align="center" rowspan="1" colspan="1">76</td>
          </tr>
          <tr>
            <td align="left" rowspan="1" colspan="1">Number of participants</td>
            <td align="center" rowspan="1" colspan="1">&#x2009;</td>
            <td align="center" rowspan="1" colspan="1">&#x2009;</td>
            <td align="center" rowspan="1" colspan="1">&#x2009;</td>
            <td align="center" rowspan="1" colspan="1">&#x2009;</td>
          </tr>
          <tr>
            <td align="left" rowspan="1" colspan="1">&#x2003;&lt;10000</td>
            <td align="center" rowspan="1" colspan="1">3</td>
            <td align="center" rowspan="1" colspan="1">1.27 [0.86, 1.87]</td>
            <td align="center" rowspan="1" colspan="1">0.009</td>
            <td align="center" rowspan="1" colspan="1">79</td>
          </tr>
          <tr>
            <td align="left" rowspan="1" colspan="1">&#x2003;&#x2265;10000</td>
            <td align="center" rowspan="1" colspan="1">5</td>
            <td align="center" rowspan="1" colspan="1">1.07 [0.83, 1.38]</td>
            <td align="center" rowspan="1" colspan="1">&lt;0.00001</td>
            <td align="center" rowspan="1" colspan="1">95</td>
          </tr>
          <tr>
            <td align="left" rowspan="1" colspan="1">Type</td>
            <td align="center" rowspan="1" colspan="1">&#x2009;</td>
            <td align="center" rowspan="1" colspan="1">&#x2009;</td>
            <td align="center" rowspan="1" colspan="1">&#x2009;</td>
            <td align="center" rowspan="1" colspan="1">&#x2009;</td>
          </tr>
          <tr>
            <td align="left" rowspan="1" colspan="1">&#x2003;Early AMD</td>
            <td align="center" rowspan="1" colspan="1">5</td>
            <td align="center" rowspan="1" colspan="1">1.21 [1.03, 1.42]</td>
            <td align="center" rowspan="1" colspan="1">0.007</td>
            <td align="center" rowspan="1" colspan="1">71</td>
          </tr>
          <tr>
            <td align="left" rowspan="1" colspan="1">&#x2003;Late AMD</td>
            <td align="center" rowspan="1" colspan="1">6</td>
            <td align="center" rowspan="1" colspan="1">1.14 [0.85, 1.52]</td>
            <td align="center" rowspan="1" colspan="1">&lt;0.00001</td>
            <td align="center" rowspan="1" colspan="1">95</td>
          </tr>
          <tr>
            <td align="left" rowspan="1" colspan="1">Study design</td>
            <td align="center" rowspan="1" colspan="1">&#x2009;</td>
            <td align="center" rowspan="1" colspan="1">&#x2009;</td>
            <td align="center" rowspan="1" colspan="1">&#x2009;</td>
            <td align="center" rowspan="1" colspan="1">&#x2009;</td>
          </tr>
          <tr>
            <td align="left" rowspan="1" colspan="1">&#x2003;Prospective</td>
            <td align="center" rowspan="1" colspan="1">4</td>
            <td align="center" rowspan="1" colspan="1">1.07 [0.90, 1.26]</td>
            <td align="center" rowspan="1" colspan="1">0.03</td>
            <td align="center" rowspan="1" colspan="1">66</td>
          </tr>
          <tr>
            <td align="left" rowspan="1" colspan="1">&#x2003;Retrospective</td>
            <td align="center" rowspan="1" colspan="1">4</td>
            <td align="center" rowspan="1" colspan="1">1.22 [0.75, 1.99]</td>
            <td align="center" rowspan="1" colspan="1">&lt;0.00001</td>
            <td align="center" rowspan="1" colspan="1">95</td>
          </tr>
        </tbody>
      </table>
    </table-wrap>
  </floats-group>
</article>
</pmc-articleset>