<?xml version="1.0" ?>
<!DOCTYPE PubmedArticleSet PUBLIC "-//NLM//DTD PubMedArticle, 1st January 2019//EN" "https://dtd.nlm.nih.gov/ncbi/pubmed/out/pubmed_190101.dtd">
<PubmedArticleSet>
<PubmedArticle>
    <MedlineCitation Status="MEDLINE" Owner="NLM">
        <PMID Version="1">27966830</PMID>
        <DateCompleted>
            <Year>2018</Year>
            <Month>07</Month>
            <Day>17</Day>
        </DateCompleted>
        <DateRevised>
            <Year>2018</Year>
            <Month>12</Month>
            <Day>02</Day>
        </DateRevised>
        <Article PubModel="Print-Electronic">
            <Journal>
                <ISSN IssnType="Electronic">1755-3768</ISSN>
                <JournalIssue CitedMedium="Internet">
                    <Volume>96</Volume>
                    <Issue>3</Issue>
                    <PubDate>
                        <Year>2018</Year>
                        <Month>May</Month>
                    </PubDate>
                </JournalIssue>
                <Title>Acta ophthalmologica</Title>
                <ISOAbbreviation>Acta Ophthalmol</ISOAbbreviation>
            </Journal>
            <ArticleTitle>Homocysteine and risk of age-related macular degeneration: a systematic review and meta-analysis.</ArticleTitle>
            <Pagination>
                <MedlinePgn>e269-e276</MedlinePgn>
            </Pagination>
            <ELocationID EIdType="doi" ValidYN="Y">10.1111/aos.13343</ELocationID>
            <Abstract>
                <AbstractText>There is still no agreement on total plasma homocysteine (tHcy) role in age-related macular degeneration (AMD), the leading cause of new blindness in industrialized countries. We performed a systematic review and meta-analysis of the published data on the correlation between tHcy and AMD. MEDLINE/PubMed and ISI Web of Sciences searches were performed according to MOOSE guidelines. Case-control studies were eligible for inclusion. Participants and controls were AMD patients and subjects without AMD. The main outcome measure was wet AMD. Homocysteine level was the main exposure variable. Data were pooled using a random-effects model. Twelve case-control studies were identified: 10 assessed wet AMD, four dry AMD, one early AMD, one late AMD, and one any AMD. As for wet AMD, there was a total of 453 cases and 514 controls. Mean tHcy was on average 1.1 μmol/l (95% confidence interval [CI] = 0.96-1.25) greater in wet AMD cases, but there was evidence of extreme between-study heterogeneity (p &lt; 0.001, I<sup>2</sup>  = 91.8%). In a model homogenous for age, including six wet AMD studies (214 cases, 274 controls), mean tHcy was on average 0.58 μmol/l (95% CI = 0.35-0.73) greater in the case group, a not statistically significant result (p = 0.144) associated with moderate heterogeneity (I<sup>2</sup>  = 39.2%). Our meta-analysis indicates that there is some weak evidence that increased tHcy might be associated with wet AMD; however, this result should be interpreted cautiously, because of a marked between-study heterogeneity and the possible effect of publication bias. Future studies, preferably of cohort design, are necessary before any firm conclusions on the putative role of increased tHcy on AMD can be drawn.</AbstractText>
                <CopyrightInformation>© 2016 Acta Ophthalmologica Scandinavica Foundation. Published by John Wiley &amp; Sons Ltd.</CopyrightInformation>
            </Abstract>
            <AuthorList CompleteYN="Y">
                <Author ValidYN="Y">
                    <LastName>Pinna</LastName>
                    <ForeName>Antonio</ForeName>
                    <Initials>A</Initials>
                    <AffiliationInfo>
                        <Affiliation>Department of Surgical, Microsurgical, and Medical Sciences, Ophthalmology Unit, University of Sassari, Sassari, Italy.</Affiliation>
                    </AffiliationInfo>
                    <AffiliationInfo>
                        <Affiliation>Azienda Ospedaliero-Universitaria di Sassari, Sassari, Italy.</Affiliation>
                    </AffiliationInfo>
                </Author>
                <Author ValidYN="Y">
                    <LastName>Zaccheddu</LastName>
                    <ForeName>Francesco</ForeName>
                    <Initials>F</Initials>
                    <Identifier Source="ORCID">http://orcid.org/0000-0002-0582-9681</Identifier>
                    <AffiliationInfo>
                        <Affiliation>Department of Surgical, Microsurgical, and Medical Sciences, Ophthalmology Unit, University of Sassari, Sassari, Italy.</Affiliation>
                    </AffiliationInfo>
                </Author>
                <Author ValidYN="Y">
                    <LastName>Boscia</LastName>
                    <ForeName>Francesco</ForeName>
                    <Initials>F</Initials>
                    <AffiliationInfo>
                        <Affiliation>Department of Surgical, Microsurgical, and Medical Sciences, Ophthalmology Unit, University of Sassari, Sassari, Italy.</Affiliation>
                    </AffiliationInfo>
                    <AffiliationInfo>
                        <Affiliation>Azienda Ospedaliero-Universitaria di Sassari, Sassari, Italy.</Affiliation>
                    </AffiliationInfo>
                </Author>
                <Author ValidYN="Y">
                    <LastName>Carru</LastName>
                    <ForeName>Ciriaco</ForeName>
                    <Initials>C</Initials>
                    <AffiliationInfo>
                        <Affiliation>Azienda Ospedaliero-Universitaria di Sassari, Sassari, Italy.</Affiliation>
                    </AffiliationInfo>
                    <AffiliationInfo>
                        <Affiliation>Department of Biomedical Sciences, Section of Clinical Biochemistry, University of Sassari, Sassari, Italy.</Affiliation>
                    </AffiliationInfo>
                </Author>
                <Author ValidYN="Y">
                    <LastName>Solinas</LastName>
                    <ForeName>Giuliana</ForeName>
                    <Initials>G</Initials>
                    <AffiliationInfo>
                        <Affiliation>Department of Biomedical Sciences, Laboratory of Epidemiology and Biostatistics, University of Sassari, Sassari, Italy.</Affiliation>
                    </AffiliationInfo>
                </Author>
            </AuthorList>
            <Language>eng</Language>
            <PublicationTypeList>
                <PublicationType UI="D016428">Journal Article</PublicationType>
                <PublicationType UI="D017418">Meta-Analysis</PublicationType>
                <PublicationType UI="D016454">Review</PublicationType>
                <PublicationType UI="D000078182">Systematic Review</PublicationType>
            </PublicationTypeList>
            <ArticleDate DateType="Electronic">
                <Year>2016</Year>
                <Month>12</Month>
                <Day>14</Day>
            </ArticleDate>
        </Article>
        <MedlineJournalInfo>
            <Country>England</Country>
            <MedlineTA>Acta Ophthalmol</MedlineTA>
            <NlmUniqueID>101468102</NlmUniqueID>
            <ISSNLinking>1755-375X</ISSNLinking>
        </MedlineJournalInfo>
        <ChemicalList>
            <Chemical>
                <RegistryNumber>0</RegistryNumber>
                <NameOfSubstance UI="D015415">Biomarkers</NameOfSubstance>
            </Chemical>
            <Chemical>
                <RegistryNumber>0LVT1QZ0BA</RegistryNumber>
                <NameOfSubstance UI="D006710">Homocysteine</NameOfSubstance>
            </Chemical>
        </ChemicalList>
        <CitationSubset>IM</CitationSubset>
        <MeshHeadingList>
            <MeshHeading>
                <DescriptorName UI="D015415" MajorTopicYN="N">Biomarkers</DescriptorName>
                <QualifierName UI="Q000097" MajorTopicYN="N">blood</QualifierName>
            </MeshHeading>
            <MeshHeading>
                <DescriptorName UI="D014943" MajorTopicYN="N">Global Health</DescriptorName>
            </MeshHeading>
            <MeshHeading>
                <DescriptorName UI="D006710" MajorTopicYN="N">Homocysteine</DescriptorName>
                <QualifierName UI="Q000097" MajorTopicYN="Y">blood</QualifierName>
            </MeshHeading>
            <MeshHeading>
                <DescriptorName UI="D006801" MajorTopicYN="N">Humans</DescriptorName>
            </MeshHeading>
            <MeshHeading>
                <DescriptorName UI="D020138" MajorTopicYN="Y">Hyperhomocysteinemia</DescriptorName>
                <QualifierName UI="Q000097" MajorTopicYN="N">blood</QualifierName>
                <QualifierName UI="Q000150" MajorTopicYN="N">complications</QualifierName>
                <QualifierName UI="Q000453" MajorTopicYN="N">epidemiology</QualifierName>
            </MeshHeading>
            <MeshHeading>
                <DescriptorName UI="D015994" MajorTopicYN="N">Incidence</DescriptorName>
            </MeshHeading>
            <MeshHeading>
                <DescriptorName UI="D012307" MajorTopicYN="N">Risk Factors</DescriptorName>
            </MeshHeading>
            <MeshHeading>
                <DescriptorName UI="D057135" MajorTopicYN="Y">Wet Macular Degeneration</DescriptorName>
                <QualifierName UI="Q000097" MajorTopicYN="N">blood</QualifierName>
                <QualifierName UI="Q000453" MajorTopicYN="N">epidemiology</QualifierName>
                <QualifierName UI="Q000209" MajorTopicYN="N">etiology</QualifierName>
            </MeshHeading>
        </MeshHeadingList>
        <KeywordList Owner="NOTNLM">
            <Keyword MajorTopicYN="N">age-related macular degeneration</Keyword>
            <Keyword MajorTopicYN="N">meta-analysis</Keyword>
            <Keyword MajorTopicYN="N">random-effects model</Keyword>
            <Keyword MajorTopicYN="N">systematic review</Keyword>
            <Keyword MajorTopicYN="N">total plasma homocysteine</Keyword>
        </KeywordList>
    </MedlineCitation>
    <PubmedData>
        <History>
            <PubMedPubDate PubStatus="received">
                <Year>2016</Year>
                <Month>04</Month>
                <Day>05</Day>
            </PubMedPubDate>
            <PubMedPubDate PubStatus="accepted">
                <Year>2016</Year>
                <Month>10</Month>
                <Day>17</Day>
            </PubMedPubDate>
            <PubMedPubDate PubStatus="pubmed">
                <Year>2016</Year>
                <Month>12</Month>
                <Day>15</Day>
                <Hour>6</Hour>
                <Minute>0</Minute>
            </PubMedPubDate>
            <PubMedPubDate PubStatus="medline">
                <Year>2018</Year>
                <Month>7</Month>
                <Day>18</Day>
                <Hour>6</Hour>
                <Minute>0</Minute>
            </PubMedPubDate>
            <PubMedPubDate PubStatus="entrez">
                <Year>2016</Year>
                <Month>12</Month>
                <Day>15</Day>
                <Hour>6</Hour>
                <Minute>0</Minute>
            </PubMedPubDate>
        </History>
        <PublicationStatus>ppublish</PublicationStatus>
        <ArticleIdList>
            <ArticleId IdType="pubmed">27966830</ArticleId>
            <ArticleId IdType="doi">10.1111/aos.13343</ArticleId>
        </ArticleIdList>
    </PubmedData>
</PubmedArticle>

</PubmedArticleSet>