<?xml version="1.0" ?>
<!DOCTYPE PubmedArticleSet PUBLIC "-//NLM//DTD PubMedArticle, 1st January 2019//EN" "https://dtd.nlm.nih.gov/ncbi/pubmed/out/pubmed_190101.dtd">
<PubmedArticleSet>
<PubmedArticle>
    <MedlineCitation Status="MEDLINE" Owner="NLM">
        <PMID Version="1">24460653</PMID>
        <DateCompleted>
            <Year>2015</Year>
            <Month>04</Month>
            <Day>09</Day>
        </DateCompleted>
        <DateRevised>
            <Year>2018</Year>
            <Month>12</Month>
            <Day>02</Day>
        </DateRevised>
        <Article PubModel="Print-Electronic">
            <Journal>
                <ISSN IssnType="Electronic">1755-3768</ISSN>
                <JournalIssue CitedMedium="Internet">
                    <Volume>92</Volume>
                    <Issue>7</Issue>
                    <PubDate>
                        <Year>2014</Year>
                        <Month>Nov</Month>
                    </PubDate>
                </JournalIssue>
                <Title>Acta ophthalmologica</Title>
                <ISOAbbreviation>Acta Ophthalmol</ISOAbbreviation>
            </Journal>
            <ArticleTitle>Cardiovascular risk factors associated with age-related macular degeneration: the Tromsø Study.</ArticleTitle>
            <Pagination>
                <MedlinePgn>662-9</MedlinePgn>
            </Pagination>
            <ELocationID EIdType="doi" ValidYN="Y">10.1111/aos.12346</ELocationID>
            <Abstract>
                <AbstractText Label="PURPOSE" NlmCategory="OBJECTIVE">To examine associations between cardiovascular risk factors and age-related macular degeneration (AMD).</AbstractText>
                <AbstractText Label="METHODS" NlmCategory="METHODS">A population-based, cross-sectional study of Caucasians aged 65-87 years was conducted in Norway in 2007/2008. Retinal photographs were graded for AMD. Multivariable logistic regression analyses were performed based on questionnaires addressing habits of smoking, alcohol consumption, physical activity, health and medication; and physical examination comprising anthropometric measurements, blood pressure and blood sampling. Cardiovascular disease status was obtained from a validated end-point registry.</AbstractText>
                <AbstractText Label="RESULTS" NlmCategory="RESULTS">Gradable photographs were available for 2631 participants, of whom 92 (3.5%) subjects had late AMD. In the multivariable analysis of late AMD, significant interactions were found between sex and the variables age, triglyceride level, use of lipid-lowering drugs and physical exercise. Current daily smoking was significantly related to late AMD in both sexes (odds ratio (OR) 4.06, 95% confidence interval (CI) 1.69-9.76 and OR 3.59, 95% CI 1.17-11.04, women and men, respectively) compared with never smokers. Higher number of pack years was associated with the presence of large drusen (&gt;125 μm) (OR 1.04, 95% CI 1.01-1.09 per 5 years). Higher systolic blood pressure (OR 1.06, 95% CI 1.01-1.12 per 5 mmHg), overweight (OR 2.87, 95% CI 1.13-7.29) and obesity (OR 2.92, 95% CI 1.06-8.03), physical exercise duration (OR 0.41, 95% 0.18-0.96 for 30 min or more compared with less) and frequency (OR 0.46, 95% CI 0.23-0.92 for weekly or more often compared to less) were associated with late AMD in women only.</AbstractText>
                <AbstractText Label="CONCLUSIONS" NlmCategory="CONCLUSIONS">Smoking was strongly associated with AMD, in line with results from other populations. Also, late AMD was related to higher systolic blood pressure, physical inactivity, overweight and obesity in women.</AbstractText>
                <CopyrightInformation>© 2014 Acta Ophthalmologica Scandinavica Foundation. Published by John Wiley &amp; Sons Ltd.</CopyrightInformation>
            </Abstract>
            <AuthorList CompleteYN="Y">
                <Author ValidYN="Y">
                    <LastName>Erke</LastName>
                    <ForeName>Maja G</ForeName>
                    <Initials>MG</Initials>
                    <AffiliationInfo>
                        <Affiliation>Department of Ophthalmology and Neurosurgery, University Hospital of North Norway, Tromsø, Norway; Research Group of Epidemiology of Chronic Diseases, Department of Community Medicine, Faculty of Health Sciences, University of Tromsø, Tromsø, Norway.</Affiliation>
                    </AffiliationInfo>
                </Author>
                <Author ValidYN="Y">
                    <LastName>Bertelsen</LastName>
                    <ForeName>Geir</ForeName>
                    <Initials>G</Initials>
                </Author>
                <Author ValidYN="Y">
                    <LastName>Peto</LastName>
                    <ForeName>Tunde</ForeName>
                    <Initials>T</Initials>
                </Author>
                <Author ValidYN="Y">
                    <LastName>Sjølie</LastName>
                    <ForeName>Anne K</ForeName>
                    <Initials>AK</Initials>
                </Author>
                <Author ValidYN="Y">
                    <LastName>Lindekleiv</LastName>
                    <ForeName>Haakon</ForeName>
                    <Initials>H</Initials>
                </Author>
                <Author ValidYN="Y">
                    <LastName>Njølstad</LastName>
                    <ForeName>Inger</ForeName>
                    <Initials>I</Initials>
                </Author>
            </AuthorList>
            <Language>eng</Language>
            <PublicationTypeList>
                <PublicationType UI="D016428">Journal Article</PublicationType>
                <PublicationType UI="D013485">Research Support, Non-U.S. Gov't</PublicationType>
            </PublicationTypeList>
            <ArticleDate DateType="Electronic">
                <Year>2014</Year>
                <Month>01</Month>
                <Day>25</Day>
            </ArticleDate>
        </Article>
        <MedlineJournalInfo>
            <Country>England</Country>
            <MedlineTA>Acta Ophthalmol</MedlineTA>
            <NlmUniqueID>101468102</NlmUniqueID>
            <ISSNLinking>1755-375X</ISSNLinking>
        </MedlineJournalInfo>
        <CitationSubset>IM</CitationSubset>
        <MeshHeadingList>
            <MeshHeading>
                <DescriptorName UI="D000368" MajorTopicYN="N">Aged</DescriptorName>
            </MeshHeading>
            <MeshHeading>
                <DescriptorName UI="D000369" MajorTopicYN="N">Aged, 80 and over</DescriptorName>
            </MeshHeading>
            <MeshHeading>
                <DescriptorName UI="D000428" MajorTopicYN="N">Alcohol Drinking</DescriptorName>
                <QualifierName UI="Q000009" MajorTopicYN="N">adverse effects</QualifierName>
            </MeshHeading>
            <MeshHeading>
                <DescriptorName UI="D001110" MajorTopicYN="N">Arctic Regions</DescriptorName>
            </MeshHeading>
            <MeshHeading>
                <DescriptorName UI="D002318" MajorTopicYN="N">Cardiovascular Diseases</DescriptorName>
                <QualifierName UI="Q000453" MajorTopicYN="Y">epidemiology</QualifierName>
                <QualifierName UI="Q000209" MajorTopicYN="N">etiology</QualifierName>
            </MeshHeading>
            <MeshHeading>
                <DescriptorName UI="D003430" MajorTopicYN="N">Cross-Sectional Studies</DescriptorName>
            </MeshHeading>
            <MeshHeading>
                <DescriptorName UI="D005260" MajorTopicYN="N">Female</DescriptorName>
            </MeshHeading>
            <MeshHeading>
                <DescriptorName UI="D006801" MajorTopicYN="N">Humans</DescriptorName>
            </MeshHeading>
            <MeshHeading>
                <DescriptorName UI="D006973" MajorTopicYN="N">Hypertension</DescriptorName>
                <QualifierName UI="Q000150" MajorTopicYN="N">complications</QualifierName>
            </MeshHeading>
            <MeshHeading>
                <DescriptorName UI="D008268" MajorTopicYN="N">Macular Degeneration</DescriptorName>
                <QualifierName UI="Q000453" MajorTopicYN="Y">epidemiology</QualifierName>
                <QualifierName UI="Q000209" MajorTopicYN="N">etiology</QualifierName>
            </MeshHeading>
            <MeshHeading>
                <DescriptorName UI="D008297" MajorTopicYN="N">Male</DescriptorName>
            </MeshHeading>
            <MeshHeading>
                <DescriptorName UI="D008875" MajorTopicYN="N">Middle Aged</DescriptorName>
            </MeshHeading>
            <MeshHeading>
                <DescriptorName UI="D009664" MajorTopicYN="N">Norway</DescriptorName>
                <QualifierName UI="Q000453" MajorTopicYN="N">epidemiology</QualifierName>
            </MeshHeading>
            <MeshHeading>
                <DescriptorName UI="D009765" MajorTopicYN="N">Obesity</DescriptorName>
                <QualifierName UI="Q000150" MajorTopicYN="N">complications</QualifierName>
            </MeshHeading>
            <MeshHeading>
                <DescriptorName UI="D050177" MajorTopicYN="N">Overweight</DescriptorName>
                <QualifierName UI="Q000150" MajorTopicYN="N">complications</QualifierName>
            </MeshHeading>
            <MeshHeading>
                <DescriptorName UI="D011446" MajorTopicYN="N">Prospective Studies</DescriptorName>
            </MeshHeading>
            <MeshHeading>
                <DescriptorName UI="D012307" MajorTopicYN="N">Risk Factors</DescriptorName>
            </MeshHeading>
            <MeshHeading>
                <DescriptorName UI="D057185" MajorTopicYN="N">Sedentary Behavior</DescriptorName>
            </MeshHeading>
            <MeshHeading>
                <DescriptorName UI="D012907" MajorTopicYN="N">Smoking</DescriptorName>
                <QualifierName UI="Q000009" MajorTopicYN="N">adverse effects</QualifierName>
            </MeshHeading>
            <MeshHeading>
                <DescriptorName UI="D011795" MajorTopicYN="N">Surveys and Questionnaires</DescriptorName>
            </MeshHeading>
        </MeshHeadingList>
        <KeywordList Owner="NOTNLM">
            <Keyword MajorTopicYN="N">age-related macular degeneration</Keyword>
            <Keyword MajorTopicYN="N">body mass index</Keyword>
            <Keyword MajorTopicYN="N">epidemiology</Keyword>
            <Keyword MajorTopicYN="N">hypertension</Keyword>
            <Keyword MajorTopicYN="N">physical activity</Keyword>
            <Keyword MajorTopicYN="N">risk factors</Keyword>
            <Keyword MajorTopicYN="N">sex difference</Keyword>
            <Keyword MajorTopicYN="N">smoking</Keyword>
        </KeywordList>
    </MedlineCitation>
    <PubmedData>
        <History>
            <PubMedPubDate PubStatus="received">
                <Year>2012</Year>
                <Month>09</Month>
                <Day>20</Day>
            </PubMedPubDate>
            <PubMedPubDate PubStatus="accepted">
                <Year>2013</Year>
                <Month>12</Month>
                <Day>10</Day>
            </PubMedPubDate>
            <PubMedPubDate PubStatus="entrez">
                <Year>2014</Year>
                <Month>1</Month>
                <Day>28</Day>
                <Hour>6</Hour>
                <Minute>0</Minute>
            </PubMedPubDate>
            <PubMedPubDate PubStatus="pubmed">
                <Year>2014</Year>
                <Month>1</Month>
                <Day>28</Day>
                <Hour>6</Hour>
                <Minute>0</Minute>
            </PubMedPubDate>
            <PubMedPubDate PubStatus="medline">
                <Year>2015</Year>
                <Month>4</Month>
                <Day>10</Day>
                <Hour>6</Hour>
                <Minute>0</Minute>
            </PubMedPubDate>
        </History>
        <PublicationStatus>ppublish</PublicationStatus>
        <ArticleIdList>
            <ArticleId IdType="pubmed">24460653</ArticleId>
            <ArticleId IdType="doi">10.1111/aos.12346</ArticleId>
        </ArticleIdList>
    </PubmedData>
</PubmedArticle>

</PubmedArticleSet>