<?xml version="1.0" ?>
<!DOCTYPE PubmedArticleSet PUBLIC "-//NLM//DTD PubMedArticle, 1st January 2019//EN" "https://dtd.nlm.nih.gov/ncbi/pubmed/out/pubmed_190101.dtd">
<PubmedArticleSet>
<PubmedArticle>
    <MedlineCitation Status="MEDLINE" Owner="NLM">
        <PMID Version="1">25301878</PMID>
        <DateCompleted>
            <Year>2015</Year>
            <Month>01</Month>
            <Day>06</Day>
        </DateCompleted>
        <DateRevised>
            <Year>2015</Year>
            <Month>11</Month>
            <Day>19</Day>
        </DateRevised>
        <Article PubModel="Electronic">
            <Journal>
                <ISSN IssnType="Electronic">1552-5783</ISSN>
                <JournalIssue CitedMedium="Internet">
                    <Volume>55</Volume>
                    <Issue>11</Issue>
                    <PubDate>
                        <Year>2014</Year>
                        <Month>Oct</Month>
                        <Day>09</Day>
                    </PubDate>
                </JournalIssue>
                <Title>Investigative ophthalmology &amp; visual science</Title>
                <ISOAbbreviation>Invest Ophthalmol Vis Sci</ISOAbbreviation>
            </Journal>
            <ArticleTitle>Clinical characteristics of familial and sporadic age-related macular degeneration: differences and similarities.</ArticleTitle>
            <Pagination>
                <MedlinePgn>7085-92</MedlinePgn>
            </Pagination>
            <ELocationID EIdType="doi" ValidYN="Y">10.1167/iovs.14-14659</ELocationID>
            <Abstract>
                <AbstractText Label="PURPOSE" NlmCategory="OBJECTIVE">We describe the differences and similarities in clinical characteristics and phenotype of familial and sporadic patients with age-related macular degeneration (AMD).</AbstractText>
                <AbstractText Label="METHODS" NlmCategory="METHODS">We evaluated data of 1828 AMD patients and 1715 controls enrolled in the European Genetic Database. All subjects underwent ophthalmologic examination, including visual acuity testing and fundus photography. Images were graded and fundus photographs were used for automatic drusen quantification by a machine learning algorithm. Data on disease characteristics, family history, medical history, and lifestyle habits were obtained by a questionnaire.</AbstractText>
                <AbstractText Label="RESULTS" NlmCategory="RESULTS">The age at first symptoms was significantly lower in AMD patients with a positive family history (68.5 years) than in those with no family history (71.6 years, P = 1.9 × 10(-5)). Risk factors identified in sporadic and familial subjects were increasing age (odds ratio [OR], 1.08 per year; P = 3.0 × 10(-51), and OR, 1.15; P = 5.3 × 10(-36), respectively) and smoking (OR, 1.01 per pack year; P = 1.1 × 10(-6) and OR, 1.02; P = 0.005). Physical activity and daily red meat consumption were significantly associated with AMD in sporadic subjects only (OR, 0.49; P = 3.7 × 10(-10) and OR, 1.81; P = 0.001). With regard to the phenotype, geographic atrophy and cuticular drusen were significantly more prevalent in familial AMD (17.5% and 21.7%, respectively) compared to sporadic AMD (9.8% and 12.1%).</AbstractText>
                <AbstractText Label="CONCLUSIONS" NlmCategory="CONCLUSIONS">Familial AMD patients become symptomatic at a younger age. The higher prevalence of geographic atrophy and cuticular drusen in the familial AMD cases may be explained by the contribution of additional genetic factors segregating within families.</AbstractText>
                <CopyrightInformation>Copyright 2014 The Association for Research in Vision and Ophthalmology, Inc.</CopyrightInformation>
            </Abstract>
            <AuthorList CompleteYN="Y">
                <Author ValidYN="Y">
                    <LastName>Saksens</LastName>
                    <ForeName>Nicole T M</ForeName>
                    <Initials>NT</Initials>
                    <AffiliationInfo>
                        <Affiliation>Department of Ophthalmology, Radboud University Medical Center, Nijmegen, The Netherlands.</Affiliation>
                    </AffiliationInfo>
                </Author>
                <Author ValidYN="Y">
                    <LastName>Kersten</LastName>
                    <ForeName>Eveline</ForeName>
                    <Initials>E</Initials>
                    <AffiliationInfo>
                        <Affiliation>Department of Ophthalmology, Radboud University Medical Center, Nijmegen, The Netherlands.</Affiliation>
                    </AffiliationInfo>
                </Author>
                <Author ValidYN="Y">
                    <LastName>Groenewoud</LastName>
                    <ForeName>Joannes M M</ForeName>
                    <Initials>JM</Initials>
                    <AffiliationInfo>
                        <Affiliation>Department of Epidemiology, Biostatistics, and Health Technology Assessment, Radboud University Medical Center, Nijmegen, The Netherlands.</Affiliation>
                    </AffiliationInfo>
                </Author>
                <Author ValidYN="Y">
                    <LastName>van Grinsven</LastName>
                    <ForeName>Mark J J P</ForeName>
                    <Initials>MJ</Initials>
                    <AffiliationInfo>
                        <Affiliation>Diagnostic Image Analysis Group, Radboud University Medical Center, Nijmegen, The Netherlands.</Affiliation>
                    </AffiliationInfo>
                </Author>
                <Author ValidYN="Y">
                    <LastName>van de Ven</LastName>
                    <ForeName>Johannes P H</ForeName>
                    <Initials>JP</Initials>
                    <AffiliationInfo>
                        <Affiliation>Department of Ophthalmology, Radboud University Medical Center, Nijmegen, The Netherlands.</Affiliation>
                    </AffiliationInfo>
                </Author>
                <Author ValidYN="Y">
                    <LastName>Sánchez</LastName>
                    <ForeName>Clara I</ForeName>
                    <Initials>CI</Initials>
                    <AffiliationInfo>
                        <Affiliation>Diagnostic Image Analysis Group, Radboud University Medical Center, Nijmegen, The Netherlands.</Affiliation>
                    </AffiliationInfo>
                </Author>
                <Author ValidYN="Y">
                    <LastName>Schick</LastName>
                    <ForeName>Tina</ForeName>
                    <Initials>T</Initials>
                    <AffiliationInfo>
                        <Affiliation>Department of Ophthalmology, University Hospital of Cologne, Cologne, Germany.</Affiliation>
                    </AffiliationInfo>
                </Author>
                <Author ValidYN="Y">
                    <LastName>Fauser</LastName>
                    <ForeName>Sascha</ForeName>
                    <Initials>S</Initials>
                    <AffiliationInfo>
                        <Affiliation>Department of Ophthalmology, University Hospital of Cologne, Cologne, Germany.</Affiliation>
                    </AffiliationInfo>
                </Author>
                <Author ValidYN="Y">
                    <LastName>den Hollander</LastName>
                    <ForeName>Anneke I</ForeName>
                    <Initials>AI</Initials>
                    <AffiliationInfo>
                        <Affiliation>Department of Ophthalmology, Radboud University Medical Center, Nijmegen, The Netherlands.</Affiliation>
                    </AffiliationInfo>
                </Author>
                <Author ValidYN="Y">
                    <LastName>Hoyng</LastName>
                    <ForeName>Carel B</ForeName>
                    <Initials>CB</Initials>
                    <AffiliationInfo>
                        <Affiliation>Department of Ophthalmology, Radboud University Medical Center, Nijmegen, The Netherlands.</Affiliation>
                    </AffiliationInfo>
                </Author>
                <Author ValidYN="Y">
                    <LastName>Boon</LastName>
                    <ForeName>Camiel J F</ForeName>
                    <Initials>CJ</Initials>
                    <AffiliationInfo>
                        <Affiliation>Department of Ophthalmology, Radboud University Medical Center, Nijmegen, The Netherlands Department of Ophthalmology, Leiden University Medical Center, Leiden, The Netherlands.</Affiliation>
                    </AffiliationInfo>
                </Author>
            </AuthorList>
            <Language>eng</Language>
            <PublicationTypeList>
                <PublicationType UI="D016428">Journal Article</PublicationType>
                <PublicationType UI="D016448">Multicenter Study</PublicationType>
                <PublicationType UI="D013485">Research Support, Non-U.S. Gov't</PublicationType>
            </PublicationTypeList>
            <ArticleDate DateType="Electronic">
                <Year>2014</Year>
                <Month>10</Month>
                <Day>09</Day>
            </ArticleDate>
        </Article>
        <MedlineJournalInfo>
            <Country>United States</Country>
            <MedlineTA>Invest Ophthalmol Vis Sci</MedlineTA>
            <NlmUniqueID>7703701</NlmUniqueID>
            <ISSNLinking>0146-0404</ISSNLinking>
        </MedlineJournalInfo>
        <CitationSubset>IM</CitationSubset>
        <MeshHeadingList>
            <MeshHeading>
                <DescriptorName UI="D017677" MajorTopicYN="N">Age Distribution</DescriptorName>
            </MeshHeading>
            <MeshHeading>
                <DescriptorName UI="D000368" MajorTopicYN="N">Aged</DescriptorName>
            </MeshHeading>
            <MeshHeading>
                <DescriptorName UI="D018450" MajorTopicYN="N">Disease Progression</DescriptorName>
            </MeshHeading>
            <MeshHeading>
                <DescriptorName UI="D005260" MajorTopicYN="N">Female</DescriptorName>
            </MeshHeading>
            <MeshHeading>
                <DescriptorName UI="D006801" MajorTopicYN="N">Humans</DescriptorName>
            </MeshHeading>
            <MeshHeading>
                <DescriptorName UI="D008266" MajorTopicYN="N">Macula Lutea</DescriptorName>
                <QualifierName UI="Q000473" MajorTopicYN="Y">pathology</QualifierName>
            </MeshHeading>
            <MeshHeading>
                <DescriptorName UI="D008268" MajorTopicYN="N">Macular Degeneration</DescriptorName>
                <QualifierName UI="Q000175" MajorTopicYN="Y">diagnosis</QualifierName>
                <QualifierName UI="Q000453" MajorTopicYN="N">epidemiology</QualifierName>
            </MeshHeading>
            <MeshHeading>
                <DescriptorName UI="D008297" MajorTopicYN="N">Male</DescriptorName>
            </MeshHeading>
            <MeshHeading>
                <DescriptorName UI="D008875" MajorTopicYN="N">Middle Aged</DescriptorName>
            </MeshHeading>
            <MeshHeading>
                <DescriptorName UI="D009426" MajorTopicYN="N" Type="Geographic">Netherlands</DescriptorName>
                <QualifierName UI="Q000453" MajorTopicYN="N">epidemiology</QualifierName>
            </MeshHeading>
            <MeshHeading>
                <DescriptorName UI="D016017" MajorTopicYN="N">Odds Ratio</DescriptorName>
            </MeshHeading>
            <MeshHeading>
                <DescriptorName UI="D015995" MajorTopicYN="N">Prevalence</DescriptorName>
            </MeshHeading>
            <MeshHeading>
                <DescriptorName UI="D018570" MajorTopicYN="N">Risk Assessment</DescriptorName>
                <QualifierName UI="Q000379" MajorTopicYN="Y">methods</QualifierName>
            </MeshHeading>
            <MeshHeading>
                <DescriptorName UI="D012307" MajorTopicYN="N">Risk Factors</DescriptorName>
            </MeshHeading>
            <MeshHeading>
                <DescriptorName UI="D011795" MajorTopicYN="N">Surveys and Questionnaires</DescriptorName>
            </MeshHeading>
        </MeshHeadingList>
        <KeywordList Owner="NOTNLM">
            <Keyword MajorTopicYN="N">AMD</Keyword>
            <Keyword MajorTopicYN="N">clinical characteristics</Keyword>
            <Keyword MajorTopicYN="N">family history</Keyword>
        </KeywordList>
    </MedlineCitation>
    <PubmedData>
        <History>
            <PubMedPubDate PubStatus="entrez">
                <Year>2014</Year>
                <Month>10</Month>
                <Day>11</Day>
                <Hour>6</Hour>
                <Minute>0</Minute>
            </PubMedPubDate>
            <PubMedPubDate PubStatus="pubmed">
                <Year>2014</Year>
                <Month>10</Month>
                <Day>11</Day>
                <Hour>6</Hour>
                <Minute>0</Minute>
            </PubMedPubDate>
            <PubMedPubDate PubStatus="medline">
                <Year>2015</Year>
                <Month>1</Month>
                <Day>7</Day>
                <Hour>6</Hour>
                <Minute>0</Minute>
            </PubMedPubDate>
        </History>
        <PublicationStatus>epublish</PublicationStatus>
        <ArticleIdList>
            <ArticleId IdType="pubmed">25301878</ArticleId>
            <ArticleId IdType="pii">iovs.14-14659</ArticleId>
            <ArticleId IdType="doi">10.1167/iovs.14-14659</ArticleId>
        </ArticleIdList>
    </PubmedData>
</PubmedArticle>

</PubmedArticleSet>