<?xml version="1.0" ?>
<!DOCTYPE PubmedArticleSet PUBLIC "-//NLM//DTD PubMedArticle, 1st January 2019//EN" "https://dtd.nlm.nih.gov/ncbi/pubmed/out/pubmed_190101.dtd">
<PubmedArticleSet>
<PubmedArticle>
    <MedlineCitation Status="MEDLINE" Owner="NLM">
        <PMID Version="1">25389200</PMID>
        <DateCompleted>
            <Year>2015</Year>
            <Month>01</Month>
            <Day>26</Day>
        </DateCompleted>
        <DateRevised>
            <Year>2014</Year>
            <Month>12</Month>
            <Day>04</Day>
        </DateRevised>
        <Article PubModel="Electronic">
            <Journal>
                <ISSN IssnType="Electronic">1552-5783</ISSN>
                <JournalIssue CitedMedium="Internet">
                    <Volume>55</Volume>
                    <Issue>12</Issue>
                    <PubDate>
                        <Year>2014</Year>
                        <Month>Nov</Month>
                        <Day>11</Day>
                    </PubDate>
                </JournalIssue>
                <Title>Investigative ophthalmology &amp; visual science</Title>
                <ISOAbbreviation>Invest Ophthalmol Vis Sci</ISOAbbreviation>
            </Journal>
            <ArticleTitle>Physical activity and the 15-year incidence of age-related macular degeneration.</ArticleTitle>
            <Pagination>
                <MedlinePgn>7799-803</MedlinePgn>
            </Pagination>
            <ELocationID EIdType="doi" ValidYN="Y">10.1167/iovs.14-15575</ELocationID>
            <Abstract>
                <AbstractText Label="PURPOSE" NlmCategory="OBJECTIVE">There is uncertainty in the published literature as to whether physical activity should be advocated for age-related macular degeneration (AMD) prevention. We aimed to assess prospectively the association between physical activity and the 15-year incidence of AMD in older adults.</AbstractText>
                <AbstractText Label="METHODS" NlmCategory="METHODS">We assessed AMD from retinal photographs. Participants provided details of walking exercise and the performance of moderate or vigorous activities, which were used to calculate metabolic equivalents (METs).</AbstractText>
                <AbstractText Label="RESULTS" NlmCategory="RESULTS">After adjusting for age, adults aged ≥ 75 years in the highest tertile (the most physically active) compared to those in the lowest tertile (least physically active) were 79% less likely to have incident late AMD over the 15 years (odds ratio [OR], 0.21; 95% confidence intervals [CI], 0.05-0.95). However, after further adjusting for sex, body mass index, smoking, fish consumption, and white cell count, this association was no longer statistically significant (OR, 0.26; 95% CI, 0.06-1.28). Significant associations were not found in those aged &lt;75 or with the 15-year cumulative incidence of early AMD.</AbstractText>
                <AbstractText Label="CONCLUSIONS" NlmCategory="CONCLUSIONS">Physical activity did not influence the risk of AMD over 15 years in older adults, independent of diet, smoking, white cell count, and body mass index.</AbstractText>
                <CopyrightInformation>Copyright 2014 The Association for Research in Vision and Ophthalmology, Inc.</CopyrightInformation>
            </Abstract>
            <AuthorList CompleteYN="Y">
                <Author ValidYN="Y">
                    <LastName>Gopinath</LastName>
                    <ForeName>Bamini</ForeName>
                    <Initials>B</Initials>
                    <AffiliationInfo>
                        <Affiliation>Centre for Vision Research, Department of Ophthalmology and Westmead Millennium Institute, University of Sydney, New South Wales, Australia.</Affiliation>
                    </AffiliationInfo>
                </Author>
                <Author ValidYN="Y">
                    <LastName>Liew</LastName>
                    <ForeName>Gerald</ForeName>
                    <Initials>G</Initials>
                    <AffiliationInfo>
                        <Affiliation>Centre for Vision Research, Department of Ophthalmology and Westmead Millennium Institute, University of Sydney, New South Wales, Australia.</Affiliation>
                    </AffiliationInfo>
                </Author>
                <Author ValidYN="Y">
                    <LastName>Burlutsky</LastName>
                    <ForeName>George</ForeName>
                    <Initials>G</Initials>
                    <AffiliationInfo>
                        <Affiliation>Centre for Vision Research, Department of Ophthalmology and Westmead Millennium Institute, University of Sydney, New South Wales, Australia.</Affiliation>
                    </AffiliationInfo>
                </Author>
                <Author ValidYN="Y">
                    <LastName>Mitchell</LastName>
                    <ForeName>Paul</ForeName>
                    <Initials>P</Initials>
                    <AffiliationInfo>
                        <Affiliation>Centre for Vision Research, Department of Ophthalmology and Westmead Millennium Institute, University of Sydney, New South Wales, Australia.</Affiliation>
                    </AffiliationInfo>
                </Author>
            </AuthorList>
            <Language>eng</Language>
            <PublicationTypeList>
                <PublicationType UI="D016428">Journal Article</PublicationType>
                <PublicationType UI="D013485">Research Support, Non-U.S. Gov't</PublicationType>
            </PublicationTypeList>
            <ArticleDate DateType="Electronic">
                <Year>2014</Year>
                <Month>11</Month>
                <Day>11</Day>
            </ArticleDate>
        </Article>
        <MedlineJournalInfo>
            <Country>United States</Country>
            <MedlineTA>Invest Ophthalmol Vis Sci</MedlineTA>
            <NlmUniqueID>7703701</NlmUniqueID>
            <ISSNLinking>0146-0404</ISSNLinking>
        </MedlineJournalInfo>
        <CitationSubset>IM</CitationSubset>
        <MeshHeadingList>
            <MeshHeading>
                <DescriptorName UI="D000368" MajorTopicYN="N">Aged</DescriptorName>
            </MeshHeading>
            <MeshHeading>
                <DescriptorName UI="D000369" MajorTopicYN="N">Aged, 80 and over</DescriptorName>
            </MeshHeading>
            <MeshHeading>
                <DescriptorName UI="D004032" MajorTopicYN="N">Diet</DescriptorName>
            </MeshHeading>
            <MeshHeading>
                <DescriptorName UI="D015444" MajorTopicYN="N">Exercise</DescriptorName>
                <QualifierName UI="Q000502" MajorTopicYN="Y">physiology</QualifierName>
            </MeshHeading>
            <MeshHeading>
                <DescriptorName UI="D005260" MajorTopicYN="N">Female</DescriptorName>
            </MeshHeading>
            <MeshHeading>
                <DescriptorName UI="D006801" MajorTopicYN="N">Humans</DescriptorName>
            </MeshHeading>
            <MeshHeading>
                <DescriptorName UI="D015994" MajorTopicYN="N">Incidence</DescriptorName>
            </MeshHeading>
            <MeshHeading>
                <DescriptorName UI="D008268" MajorTopicYN="N">Macular Degeneration</DescriptorName>
                <QualifierName UI="Q000453" MajorTopicYN="Y">epidemiology</QualifierName>
                <QualifierName UI="Q000517" MajorTopicYN="Y">prevention &amp; control</QualifierName>
            </MeshHeading>
            <MeshHeading>
                <DescriptorName UI="D008297" MajorTopicYN="N">Male</DescriptorName>
            </MeshHeading>
            <MeshHeading>
                <DescriptorName UI="D008875" MajorTopicYN="N">Middle Aged</DescriptorName>
            </MeshHeading>
            <MeshHeading>
                <DescriptorName UI="D009043" MajorTopicYN="Y">Motor Activity</DescriptorName>
            </MeshHeading>
            <MeshHeading>
                <DescriptorName UI="D016017" MajorTopicYN="N">Odds Ratio</DescriptorName>
            </MeshHeading>
            <MeshHeading>
                <DescriptorName UI="D011446" MajorTopicYN="N">Prospective Studies</DescriptorName>
            </MeshHeading>
            <MeshHeading>
                <DescriptorName UI="D012307" MajorTopicYN="N">Risk Factors</DescriptorName>
            </MeshHeading>
            <MeshHeading>
                <DescriptorName UI="D012907" MajorTopicYN="N">Smoking</DescriptorName>
            </MeshHeading>
            <MeshHeading>
                <DescriptorName UI="D016138" MajorTopicYN="N">Walking</DescriptorName>
            </MeshHeading>
            <MeshHeading>
                <DescriptorName UI="D014922" MajorTopicYN="N" Type="Geographic">Wisconsin</DescriptorName>
                <QualifierName UI="Q000453" MajorTopicYN="N">epidemiology</QualifierName>
            </MeshHeading>
        </MeshHeadingList>
        <KeywordList Owner="NOTNLM">
            <Keyword MajorTopicYN="N">Blue Mountains Eye Study</Keyword>
            <Keyword MajorTopicYN="N">age-related macular degeneration</Keyword>
            <Keyword MajorTopicYN="N">incidence</Keyword>
            <Keyword MajorTopicYN="N">physical activity</Keyword>
        </KeywordList>
    </MedlineCitation>
    <PubmedData>
        <History>
            <PubMedPubDate PubStatus="entrez">
                <Year>2014</Year>
                <Month>11</Month>
                <Day>13</Day>
                <Hour>6</Hour>
                <Minute>0</Minute>
            </PubMedPubDate>
            <PubMedPubDate PubStatus="pubmed">
                <Year>2014</Year>
                <Month>11</Month>
                <Day>13</Day>
                <Hour>6</Hour>
                <Minute>0</Minute>
            </PubMedPubDate>
            <PubMedPubDate PubStatus="medline">
                <Year>2015</Year>
                <Month>1</Month>
                <Day>27</Day>
                <Hour>6</Hour>
                <Minute>0</Minute>
            </PubMedPubDate>
        </History>
        <PublicationStatus>epublish</PublicationStatus>
        <ArticleIdList>
            <ArticleId IdType="pubmed">25389200</ArticleId>
            <ArticleId IdType="pii">iovs.14-15575</ArticleId>
            <ArticleId IdType="doi">10.1167/iovs.14-15575</ArticleId>
        </ArticleIdList>
    </PubmedData>
</PubmedArticle>

</PubmedArticleSet>