<?xml version="1.0" ?>
<!DOCTYPE PubmedArticleSet PUBLIC "-//NLM//DTD PubMedArticle, 1st January 2019//EN" "https://dtd.nlm.nih.gov/ncbi/pubmed/out/pubmed_190101.dtd">
<PubmedArticleSet>
<PubmedArticle>
    <MedlineCitation Status="MEDLINE" Owner="NLM">
        <PMID Version="1">26787681</PMID>
        <DateCompleted>
            <Year>2017</Year>
            <Month>05</Month>
            <Day>04</Day>
        </DateCompleted>
        <DateRevised>
            <Year>2017</Year>
            <Month>05</Month>
            <Day>04</Day>
        </DateRevised>
        <Article PubModel="Print-Electronic">
            <Journal>
                <ISSN IssnType="Electronic">1468-2079</ISSN>
                <JournalIssue CitedMedium="Internet">
                    <Volume>100</Volume>
                    <Issue>10</Issue>
                    <PubDate>
                        <Year>2016</Year>
                        <Month>Oct</Month>
                    </PubDate>
                </JournalIssue>
                <Title>The British journal of ophthalmology</Title>
                <ISOAbbreviation>Br J Ophthalmol</ISOAbbreviation>
            </Journal>
            <ArticleTitle>Past physical activity and age-related macular degeneration: the Melbourne Collaborative Cohort Study.</ArticleTitle>
            <Pagination>
                <MedlinePgn>1353-8</MedlinePgn>
            </Pagination>
            <ELocationID EIdType="doi" ValidYN="Y">10.1136/bjophthalmol-2015-307663</ELocationID>
            <Abstract>
                <AbstractText Label="BACKGROUND/AIMS" NlmCategory="OBJECTIVE">To assess the association between past physical activity and early, intermediate and late age-related macular degeneration (AMD) in a community-based cohort study in Melbourne, Australia.</AbstractText>
                <AbstractText Label="METHODS" NlmCategory="METHODS">Diet and lifestyle information was recorded at baseline (1990-1994) and total recreational activity was derived from walking, vigorous and non-vigorous exercise. At follow-up (2003-2007), digital macular photographs were graded for early, intermediate and late AMD. Data were analysed using multinomial logistic regression controlling for age, sex, smoking, region of descent, diet and alcohol. Effect modification by sex was investigated.</AbstractText>
                <AbstractText Label="RESULTS" NlmCategory="RESULTS">Out of 20 816 participants, early, intermediate and late AMD were detected at follow-up in 4244 (21%), 2661 (13%) and 122 (0.6%) participants, respectively. No association was detected between past total recreational physical activity and early, intermediate or late AMD. Frequent (≥3 times/week) and less frequent (1-2 times/week) vigorous exercise were associated with lower odds of intermediate and late AMD in univariable models. After controlling for confounders, there was evidence of effect modification by sex and frequent vigorous exercise was associated with a 22% decrease in the odds of intermediate AMD (95% CI 4% to 36%) in women, but no association was found for men.</AbstractText>
                <AbstractText Label="CONCLUSIONS" NlmCategory="CONCLUSIONS">Past frequent vigorous exercise may be inversely related to the presence of intermediate AMD in women. Further studies are needed to confirm whether physical activity and exercise have a protective effect for AMD.</AbstractText>
                <CopyrightInformation>Published by the BMJ Publishing Group Limited. For permission to use (where not already granted under a licence) please go to http://www.bmj.com/company/products-services/rights-and-licensing/</CopyrightInformation>
            </Abstract>
            <AuthorList CompleteYN="Y">
                <Author ValidYN="Y">
                    <LastName>McGuinness</LastName>
                    <ForeName>Myra B</ForeName>
                    <Initials>MB</Initials>
                    <AffiliationInfo>
                        <Affiliation>Centre for Eye Research Australia, University of Melbourne, Royal Victorian Eye and Ear Hospital, Melbourne, Victoria, Australia Centre for Epidemiology and Biostatistics, Melbourne School of Population and Global Health, University of Melbourne, Melbourne, Victoria, Australia Department of Ophthalmology, University of Melbourne, Melbourne, Victoria, Australia.</Affiliation>
                    </AffiliationInfo>
                </Author>
                <Author ValidYN="Y">
                    <LastName>Karahalios</LastName>
                    <ForeName>Amalia</ForeName>
                    <Initials>A</Initials>
                    <Identifier Source="ORCID">http://orcid.org/0000-0002-7497-1681</Identifier>
                    <AffiliationInfo>
                        <Affiliation>Centre for Epidemiology and Biostatistics, Melbourne School of Population and Global Health, University of Melbourne, Melbourne, Victoria, Australia.</Affiliation>
                    </AffiliationInfo>
                </Author>
                <Author ValidYN="Y">
                    <LastName>Simpson</LastName>
                    <ForeName>Julie A</ForeName>
                    <Initials>JA</Initials>
                    <Identifier Source="ORCID">http://orcid.org/0000-0002-2660-2013</Identifier>
                    <AffiliationInfo>
                        <Affiliation>Centre for Epidemiology and Biostatistics, Melbourne School of Population and Global Health, University of Melbourne, Melbourne, Victoria, Australia.</Affiliation>
                    </AffiliationInfo>
                </Author>
                <Author ValidYN="Y">
                    <LastName>Guymer</LastName>
                    <ForeName>Robyn H</ForeName>
                    <Initials>RH</Initials>
                    <AffiliationInfo>
                        <Affiliation>Centre for Eye Research Australia, University of Melbourne, Royal Victorian Eye and Ear Hospital, Melbourne, Victoria, Australia Department of Ophthalmology, University of Melbourne, Melbourne, Victoria, Australia.</Affiliation>
                    </AffiliationInfo>
                </Author>
                <Author ValidYN="Y">
                    <LastName>Robman</LastName>
                    <ForeName>Luba D</ForeName>
                    <Initials>LD</Initials>
                    <AffiliationInfo>
                        <Affiliation>Centre for Eye Research Australia, University of Melbourne, Royal Victorian Eye and Ear Hospital, Melbourne, Victoria, Australia Department of Ophthalmology, University of Melbourne, Melbourne, Victoria, Australia.</Affiliation>
                    </AffiliationInfo>
                </Author>
                <Author ValidYN="Y">
                    <LastName>Hodge</LastName>
                    <ForeName>Allison M</ForeName>
                    <Initials>AM</Initials>
                    <AffiliationInfo>
                        <Affiliation>Cancer Epidemiology Centre, Cancer Council Victoria, Melbourne, Victoria, Australia.</Affiliation>
                    </AffiliationInfo>
                </Author>
                <Author ValidYN="Y">
                    <LastName>Cerin</LastName>
                    <ForeName>Ester</ForeName>
                    <Initials>E</Initials>
                    <AffiliationInfo>
                        <Affiliation>School of Exercise and Nutrition Sciences, Deakin University, Melbourne, Victoria, Australia.</Affiliation>
                    </AffiliationInfo>
                </Author>
                <Author ValidYN="Y">
                    <LastName>Giles</LastName>
                    <ForeName>Graham G</ForeName>
                    <Initials>GG</Initials>
                    <AffiliationInfo>
                        <Affiliation>Centre for Epidemiology and Biostatistics, Melbourne School of Population and Global Health, University of Melbourne, Melbourne, Victoria, Australia Department of Ophthalmology, University of Melbourne, Melbourne, Victoria, Australia.</Affiliation>
                    </AffiliationInfo>
                </Author>
                <Author ValidYN="Y">
                    <LastName>Finger</LastName>
                    <ForeName>Robert P</ForeName>
                    <Initials>RP</Initials>
                    <AffiliationInfo>
                        <Affiliation>Centre for Eye Research Australia, University of Melbourne, Royal Victorian Eye and Ear Hospital, Melbourne, Victoria, Australia Department of Ophthalmology, University of Melbourne, Melbourne, Victoria, Australia.</Affiliation>
                    </AffiliationInfo>
                </Author>
            </AuthorList>
            <Language>eng</Language>
            <PublicationTypeList>
                <PublicationType UI="D016428">Journal Article</PublicationType>
                <PublicationType UI="D016448">Multicenter Study</PublicationType>
            </PublicationTypeList>
            <ArticleDate DateType="Electronic">
                <Year>2016</Year>
                <Month>01</Month>
                <Day>19</Day>
            </ArticleDate>
        </Article>
        <MedlineJournalInfo>
            <Country>England</Country>
            <MedlineTA>Br J Ophthalmol</MedlineTA>
            <NlmUniqueID>0421041</NlmUniqueID>
            <ISSNLinking>0007-1161</ISSNLinking>
        </MedlineJournalInfo>
        <CitationSubset>IM</CitationSubset>
        <MeshHeadingList>
            <MeshHeading>
                <DescriptorName UI="D000328" MajorTopicYN="N">Adult</DescriptorName>
            </MeshHeading>
            <MeshHeading>
                <DescriptorName UI="D000368" MajorTopicYN="N">Aged</DescriptorName>
            </MeshHeading>
            <MeshHeading>
                <DescriptorName UI="D018450" MajorTopicYN="N">Disease Progression</DescriptorName>
            </MeshHeading>
            <MeshHeading>
                <DescriptorName UI="D005260" MajorTopicYN="N">Female</DescriptorName>
            </MeshHeading>
            <MeshHeading>
                <DescriptorName UI="D005500" MajorTopicYN="N">Follow-Up Studies</DescriptorName>
            </MeshHeading>
            <MeshHeading>
                <DescriptorName UI="D006801" MajorTopicYN="N">Humans</DescriptorName>
            </MeshHeading>
            <MeshHeading>
                <DescriptorName UI="D015994" MajorTopicYN="N">Incidence</DescriptorName>
            </MeshHeading>
            <MeshHeading>
                <DescriptorName UI="D008268" MajorTopicYN="N">Macular Degeneration</DescriptorName>
                <QualifierName UI="Q000453" MajorTopicYN="N">epidemiology</QualifierName>
                <QualifierName UI="Q000503" MajorTopicYN="Y">physiopathology</QualifierName>
                <QualifierName UI="Q000517" MajorTopicYN="N">prevention &amp; control</QualifierName>
            </MeshHeading>
            <MeshHeading>
                <DescriptorName UI="D008297" MajorTopicYN="N">Male</DescriptorName>
            </MeshHeading>
            <MeshHeading>
                <DescriptorName UI="D008875" MajorTopicYN="N">Middle Aged</DescriptorName>
            </MeshHeading>
            <MeshHeading>
                <DescriptorName UI="D009017" MajorTopicYN="N">Morbidity</DescriptorName>
                <QualifierName UI="Q000639" MajorTopicYN="N">trends</QualifierName>
            </MeshHeading>
            <MeshHeading>
                <DescriptorName UI="D009043" MajorTopicYN="N">Motor Activity</DescriptorName>
                <QualifierName UI="Q000502" MajorTopicYN="Y">physiology</QualifierName>
            </MeshHeading>
            <MeshHeading>
                <DescriptorName UI="D011446" MajorTopicYN="N">Prospective Studies</DescriptorName>
            </MeshHeading>
            <MeshHeading>
                <DescriptorName UI="D012307" MajorTopicYN="N">Risk Factors</DescriptorName>
            </MeshHeading>
            <MeshHeading>
                <DescriptorName UI="D013997" MajorTopicYN="N">Time Factors</DescriptorName>
            </MeshHeading>
            <MeshHeading>
                <DescriptorName UI="D014739" MajorTopicYN="N">Victoria</DescriptorName>
                <QualifierName UI="Q000453" MajorTopicYN="N">epidemiology</QualifierName>
            </MeshHeading>
            <MeshHeading>
                <DescriptorName UI="D016138" MajorTopicYN="N">Walking</DescriptorName>
                <QualifierName UI="Q000502" MajorTopicYN="Y">physiology</QualifierName>
            </MeshHeading>
        </MeshHeadingList>
        <KeywordList Owner="NOTNLM">
            <Keyword MajorTopicYN="Y">Epidemiology</Keyword>
            <Keyword MajorTopicYN="Y">Macula</Keyword>
            <Keyword MajorTopicYN="Y">Neovascularisation</Keyword>
            <Keyword MajorTopicYN="Y">Retina</Keyword>
        </KeywordList>
    </MedlineCitation>
    <PubmedData>
        <History>
            <PubMedPubDate PubStatus="received">
                <Year>2015</Year>
                <Month>08</Month>
                <Day>11</Day>
            </PubMedPubDate>
            <PubMedPubDate PubStatus="accepted">
                <Year>2015</Year>
                <Month>12</Month>
                <Day>24</Day>
            </PubMedPubDate>
            <PubMedPubDate PubStatus="entrez">
                <Year>2016</Year>
                <Month>1</Month>
                <Day>21</Day>
                <Hour>6</Hour>
                <Minute>0</Minute>
            </PubMedPubDate>
            <PubMedPubDate PubStatus="pubmed">
                <Year>2016</Year>
                <Month>1</Month>
                <Day>21</Day>
                <Hour>6</Hour>
                <Minute>0</Minute>
            </PubMedPubDate>
            <PubMedPubDate PubStatus="medline">
                <Year>2017</Year>
                <Month>5</Month>
                <Day>5</Day>
                <Hour>6</Hour>
                <Minute>0</Minute>
            </PubMedPubDate>
        </History>
        <PublicationStatus>ppublish</PublicationStatus>
        <ArticleIdList>
            <ArticleId IdType="pubmed">26787681</ArticleId>
            <ArticleId IdType="pii">bjophthalmol-2015-307663</ArticleId>
            <ArticleId IdType="doi">10.1136/bjophthalmol-2015-307663</ArticleId>
        </ArticleIdList>
    </PubmedData>
</PubmedArticle>

</PubmedArticleSet>