<?xml version="1.0" ?>
<!DOCTYPE PubmedArticleSet PUBLIC "-//NLM//DTD PubMedArticle, 1st January 2019//EN" "https://dtd.nlm.nih.gov/ncbi/pubmed/out/pubmed_190101.dtd">
<PubmedArticleSet>
<PubmedArticle>
    <MedlineCitation Status="MEDLINE" Owner="NLM">
        <PMID Version="1">10335964</PMID>
        <DateCompleted>
            <Year>1999</Year>
            <Month>06</Month>
            <Day>03</Day>
        </DateCompleted>
        <DateRevised>
            <Year>2019</Year>
            <Month>10</Month>
            <Day>24</Day>
        </DateRevised>
        <Article PubModel="Print">
            <Journal>
                <ISSN IssnType="Print">0284-1851</ISSN>
                <JournalIssue CitedMedium="Print">
                    <Volume>40</Volume>
                    <Issue>3</Issue>
                    <PubDate>
                        <Year>1999</Year>
                        <Month>May</Month>
                    </PubDate>
                </JournalIssue>
                <Title>Acta radiologica (Stockholm, Sweden : 1987)</Title>
                <ISOAbbreviation>Acta Radiol</ISOAbbreviation>
            </Journal>
            <ArticleTitle>Effect of an internal carotid stenosis on orbital blood velocity.</ArticleTitle>
            <Pagination>
                <MedlinePgn>270-5</MedlinePgn>
            </Pagination>
            <Abstract>
                <AbstractText Label="PURPOSE" NlmCategory="OBJECTIVE">To examine how an internal carotid artery (ICA) stenosis influences the orbital blood velocity and to determine which velocity parameters are most useful.</AbstractText>
                <AbstractText Label="MATERIAL AND METHODS" NlmCategory="METHODS">The study group comprised 94 randomly selected patients examined with orbital US; most of the patients had a carotid artery stenosis. There were 58 men and 36 women, ranging in age from 22 to 88 years with a mean age of 63.1 years. The ICA stenosis grade was determined with carotid US. Peak systolic (Vp) and end-diastolic blood velocities, systolic acceleration, mean velocity, pulsatile index (PI) and resistance index (RI) were measured within the central retinal artery (CRA) and the ophthalmic artery (OA), and peak velocity was measured within the central retinal vein (CRV). The area under the ROC curve was used to compare the outcome of diagnostic tests.</AbstractText>
                <AbstractText Label="RESULTS" NlmCategory="RESULTS">Only a severe (&gt; or =80%) ICA stenosis decreased orbital blood velocity significantly, while milder stenoses did not cause significant flow decrease or side differences. According to ROC curve analysis, the threshold values giving the highest accuracy in detecting a &gt; or =80% ICA stenosis were Vp &lt; or =0.08 cm/s for the CRA and Vp &lt; or =0.14 cm/s for the OA. The sensitivities for detecting a &gt; or =80% ICA stenosis were 45% for Vp CRA and 60% for Vp OA. Systolic acceleration also decreased in severe stenoses, but RI, PI and velocity in the CRV did not correlate with ICA pathology. Reversal of OA flow was seen in 92% of ICA occlusion and in 47% of severe ICA stenosis.</AbstractText>
                <AbstractText Label="CONCLUSION" NlmCategory="CONCLUSIONS">Orbital Doppler combined with carotid Doppler can be helpful in the diagnosis of the ocular ischaemic syndrome and in the evaluation of whether the symptoms are related to occlusion of the ophthalmic or central retinal vessels or are a consequence of carotid artery stenosis.</AbstractText>
            </Abstract>
            <AuthorList CompleteYN="Y">
                <Author ValidYN="Y">
                    <LastName>Päivänsalo</LastName>
                    <ForeName>M</ForeName>
                    <Initials>M</Initials>
                    <AffiliationInfo>
                        <Affiliation>Department of Radiology, Oulu University Hospital, Finland.</Affiliation>
                    </AffiliationInfo>
                </Author>
                <Author ValidYN="Y">
                    <LastName>Riiheläinen</LastName>
                    <ForeName>K</ForeName>
                    <Initials>K</Initials>
                </Author>
                <Author ValidYN="Y">
                    <LastName>Rissanen</LastName>
                    <ForeName>T</ForeName>
                    <Initials>T</Initials>
                </Author>
                <Author ValidYN="Y">
                    <LastName>Suramo</LastName>
                    <ForeName>I</ForeName>
                    <Initials>I</Initials>
                </Author>
                <Author ValidYN="Y">
                    <LastName>Laatikainen</LastName>
                    <ForeName>L</ForeName>
                    <Initials>L</Initials>
                </Author>
            </AuthorList>
            <Language>eng</Language>
            <PublicationTypeList>
                <PublicationType UI="D016428">Journal Article</PublicationType>
            </PublicationTypeList>
        </Article>
        <MedlineJournalInfo>
            <Country>England</Country>
            <MedlineTA>Acta Radiol</MedlineTA>
            <NlmUniqueID>8706123</NlmUniqueID>
            <ISSNLinking>0284-1851</ISSNLinking>
        </MedlineJournalInfo>
        <CitationSubset>IM</CitationSubset>
        <MeshHeadingList>
            <MeshHeading>
                <DescriptorName UI="D000328" MajorTopicYN="N">Adult</DescriptorName>
            </MeshHeading>
            <MeshHeading>
                <DescriptorName UI="D000368" MajorTopicYN="N">Aged</DescriptorName>
            </MeshHeading>
            <MeshHeading>
                <DescriptorName UI="D000369" MajorTopicYN="N">Aged, 80 and over</DescriptorName>
            </MeshHeading>
            <MeshHeading>
                <DescriptorName UI="D001783" MajorTopicYN="Y">Blood Flow Velocity</DescriptorName>
            </MeshHeading>
            <MeshHeading>
                <DescriptorName UI="D002343" MajorTopicYN="N">Carotid Artery, Internal</DescriptorName>
                <QualifierName UI="Q000000981" MajorTopicYN="N">diagnostic imaging</QualifierName>
                <QualifierName UI="Q000503" MajorTopicYN="N">physiopathology</QualifierName>
            </MeshHeading>
            <MeshHeading>
                <DescriptorName UI="D016893" MajorTopicYN="N">Carotid Stenosis</DescriptorName>
                <QualifierName UI="Q000000981" MajorTopicYN="N">diagnostic imaging</QualifierName>
                <QualifierName UI="Q000503" MajorTopicYN="Y">physiopathology</QualifierName>
            </MeshHeading>
            <MeshHeading>
                <DescriptorName UI="D005260" MajorTopicYN="N">Female</DescriptorName>
            </MeshHeading>
            <MeshHeading>
                <DescriptorName UI="D006801" MajorTopicYN="N">Humans</DescriptorName>
            </MeshHeading>
            <MeshHeading>
                <DescriptorName UI="D008297" MajorTopicYN="N">Male</DescriptorName>
            </MeshHeading>
            <MeshHeading>
                <DescriptorName UI="D008875" MajorTopicYN="N">Middle Aged</DescriptorName>
            </MeshHeading>
            <MeshHeading>
                <DescriptorName UI="D009880" MajorTopicYN="N">Ophthalmic Artery</DescriptorName>
                <QualifierName UI="Q000503" MajorTopicYN="N">physiopathology</QualifierName>
            </MeshHeading>
            <MeshHeading>
                <DescriptorName UI="D009915" MajorTopicYN="N">Orbit</DescriptorName>
                <QualifierName UI="Q000098" MajorTopicYN="Y">blood supply</QualifierName>
            </MeshHeading>
            <MeshHeading>
                <DescriptorName UI="D012372" MajorTopicYN="N">ROC Curve</DescriptorName>
            </MeshHeading>
            <MeshHeading>
                <DescriptorName UI="D012161" MajorTopicYN="N">Retinal Artery</DescriptorName>
                <QualifierName UI="Q000503" MajorTopicYN="N">physiopathology</QualifierName>
            </MeshHeading>
            <MeshHeading>
                <DescriptorName UI="D012680" MajorTopicYN="N">Sensitivity and Specificity</DescriptorName>
            </MeshHeading>
            <MeshHeading>
                <DescriptorName UI="D018615" MajorTopicYN="N">Ultrasonography, Doppler, Color</DescriptorName>
            </MeshHeading>
            <MeshHeading>
                <DescriptorName UI="D018617" MajorTopicYN="N">Ultrasonography, Doppler, Pulsed</DescriptorName>
            </MeshHeading>
        </MeshHeadingList>
    </MedlineCitation>
    <PubmedData>
        <History>
            <PubMedPubDate PubStatus="pubmed">
                <Year>1999</Year>
                <Month>5</Month>
                <Day>21</Day>
            </PubMedPubDate>
            <PubMedPubDate PubStatus="medline">
                <Year>1999</Year>
                <Month>5</Month>
                <Day>21</Day>
                <Hour>0</Hour>
                <Minute>1</Minute>
            </PubMedPubDate>
            <PubMedPubDate PubStatus="entrez">
                <Year>1999</Year>
                <Month>5</Month>
                <Day>21</Day>
                <Hour>0</Hour>
                <Minute>0</Minute>
            </PubMedPubDate>
        </History>
        <PublicationStatus>ppublish</PublicationStatus>
        <ArticleIdList>
            <ArticleId IdType="pubmed">10335964</ArticleId>
            <ArticleId IdType="doi">10.3109/02841859909175553</ArticleId>
        </ArticleIdList>
    </PubmedData>
</PubmedArticle>

</PubmedArticleSet>