<?xml version="1.0" ?>
<!DOCTYPE PubmedArticleSet PUBLIC "-//NLM//DTD PubMedArticle, 1st January 2019//EN" "https://dtd.nlm.nih.gov/ncbi/pubmed/out/pubmed_190101.dtd">
<PubmedArticleSet>
<PubmedArticle>
    <MedlineCitation Status="MEDLINE" Owner="NLM">
        <PMID Version="1">10602102</PMID>
        <DateCompleted>
            <Year>2000</Year>
            <Month>02</Month>
            <Day>08</Day>
        </DateCompleted>
        <DateRevised>
            <Year>2019</Year>
            <Month>09</Month>
            <Day>05</Day>
        </DateRevised>
        <Article PubModel="Print">
            <Journal>
                <ISSN IssnType="Print">0091-2751</ISSN>
                <JournalIssue CitedMedium="Print">
                    <Volume>28</Volume>
                    <Issue>1</Issue>
                    <PubDate>
                        <Year>2000</Year>
                        <Month>Jan</Month>
                    </PubDate>
                </JournalIssue>
                <Title>Journal of clinical ultrasound : JCU</Title>
                <ISOAbbreviation>J Clin Ultrasound</ISOAbbreviation>
            </Journal>
            <ArticleTitle>Initial color Doppler findings in retinal vein occlusion.</ArticleTitle>
            <Pagination>
                <MedlinePgn>28-33</MedlinePgn>
            </Pagination>
            <Abstract>
                <AbstractText Label="PURPOSE" NlmCategory="OBJECTIVE">We assessed early hemodynamic characteristics of various types of retinal vein occlusion using color Doppler imaging and spectral analysis.</AbstractText>
                <AbstractText Label="METHODS" NlmCategory="METHODS">We measured the maximum systolic and diastolic blood flow velocities and the resistance index (RI) in the central retinal artery and the maximum and minimum blood flow velocities in the central retinal vein of affected eyes and contralateral unaffected eyes in 102 adults (63 men and 39 women; mean age, 61 +/- 14.6 years) who presented with retinal vein occlusion. Sixty-three control subjects (27 men and 36 women; mean age, 50 +/- 22.1 years) were also investigated.</AbstractText>
                <AbstractText Label="RESULTS" NlmCategory="RESULTS">No significant differences in hemodynamic characteristics were found between the control subjects' eyes and the patients' unaffected eyes. In the 18 cases of ischemic central retinal vein occlusion, the mean diastolic arterial flow velocity (p = 0.005) and venous flow velocity (p &lt; 0.04) were lower and the mean RI was higher (p = 0. 0002) in the affected eyes than in the unaffected contralateral eyes. In the 51 cases of nonischemic central retinal vein occlusion, the mean diastolic arterial flow velocity (p &lt; 0.0001) and venous flow velocity (p &lt; 0.0001) also were lower and the mean RI (p &lt; 0.0001) was higher in the affected eyes than in the unaffected contralateral eyes. These variables were different in the ischemic versus nonischemic types of central retinal vein occlusion. In the 33 cases of branch retinal vein occlusion, no significant differences were observed in arterial or venous blood flow velocities in the affected versus unaffected eyes. The mean RI in the affected eyes was significantly higher (p = 0.009) in patients with central versus branch retinal vein occlusion.</AbstractText>
                <AbstractText Label="CONCLUSIONS" NlmCategory="CONCLUSIONS">These results suggest that previous arterial disorders were not involved in the pathogenesis of central retinal vein occlusion in these patients. The findings also support the value of Doppler imaging and spectral analysis in the diagnosis and evaluation of retinal vein occlusion and confirm the involvement of arterial flow in venous occlusion.</AbstractText>
                <CopyrightInformation>Copyright 2000 John Wiley &amp; Sons, Inc.</CopyrightInformation>
            </Abstract>
            <AuthorList CompleteYN="Y">
                <Author ValidYN="Y">
                    <LastName>Tranquart</LastName>
                    <ForeName>F</ForeName>
                    <Initials>F</Initials>
                    <AffiliationInfo>
                        <Affiliation>Nuclear Medicine and Ultrasound Department, Centre Hospitalier Universitaire Bretonneau, 37044 Tours Cedex 1, France.</Affiliation>
                    </AffiliationInfo>
                </Author>
                <Author ValidYN="Y">
                    <LastName>Arsene</LastName>
                    <ForeName>S</ForeName>
                    <Initials>S</Initials>
                </Author>
                <Author ValidYN="Y">
                    <LastName>Giraudeau</LastName>
                    <ForeName>B</ForeName>
                    <Initials>B</Initials>
                </Author>
                <Author ValidYN="Y">
                    <LastName>Piquemal</LastName>
                    <ForeName>R</ForeName>
                    <Initials>R</Initials>
                </Author>
                <Author ValidYN="Y">
                    <LastName>Eder</LastName>
                    <ForeName>V</ForeName>
                    <Initials>V</Initials>
                </Author>
                <Author ValidYN="Y">
                    <LastName>Le Lez</LastName>
                    <ForeName>M L</ForeName>
                    <Initials>ML</Initials>
                </Author>
                <Author ValidYN="Y">
                    <LastName>Rossazza</LastName>
                    <ForeName>C</ForeName>
                    <Initials>C</Initials>
                </Author>
                <Author ValidYN="Y">
                    <LastName>Pourcelot</LastName>
                    <ForeName>L</ForeName>
                    <Initials>L</Initials>
                </Author>
            </AuthorList>
            <Language>eng</Language>
            <PublicationTypeList>
                <PublicationType UI="D016430">Clinical Trial</PublicationType>
                <PublicationType UI="D003160">Comparative Study</PublicationType>
                <PublicationType UI="D018848">Controlled Clinical Trial</PublicationType>
                <PublicationType UI="D016428">Journal Article</PublicationType>
            </PublicationTypeList>
        </Article>
        <MedlineJournalInfo>
            <Country>United States</Country>
            <MedlineTA>J Clin Ultrasound</MedlineTA>
            <NlmUniqueID>0401663</NlmUniqueID>
            <ISSNLinking>0091-2751</ISSNLinking>
        </MedlineJournalInfo>
        <CitationSubset>IM</CitationSubset>
        <MeshHeadingList>
            <MeshHeading>
                <DescriptorName UI="D000328" MajorTopicYN="N">Adult</DescriptorName>
            </MeshHeading>
            <MeshHeading>
                <DescriptorName UI="D000368" MajorTopicYN="N">Aged</DescriptorName>
            </MeshHeading>
            <MeshHeading>
                <DescriptorName UI="D000704" MajorTopicYN="N">Analysis of Variance</DescriptorName>
            </MeshHeading>
            <MeshHeading>
                <DescriptorName UI="D001783" MajorTopicYN="N">Blood Flow Velocity</DescriptorName>
            </MeshHeading>
            <MeshHeading>
                <DescriptorName UI="D005260" MajorTopicYN="N">Female</DescriptorName>
            </MeshHeading>
            <MeshHeading>
                <DescriptorName UI="D006439" MajorTopicYN="N">Hemodynamics</DescriptorName>
                <QualifierName UI="Q000502" MajorTopicYN="N">physiology</QualifierName>
            </MeshHeading>
            <MeshHeading>
                <DescriptorName UI="D006801" MajorTopicYN="N">Humans</DescriptorName>
            </MeshHeading>
            <MeshHeading>
                <DescriptorName UI="D008297" MajorTopicYN="N">Male</DescriptorName>
            </MeshHeading>
            <MeshHeading>
                <DescriptorName UI="D008875" MajorTopicYN="N">Middle Aged</DescriptorName>
            </MeshHeading>
            <MeshHeading>
                <DescriptorName UI="D015999" MajorTopicYN="N">Multivariate Analysis</DescriptorName>
            </MeshHeading>
            <MeshHeading>
                <DescriptorName UI="D011446" MajorTopicYN="N">Prospective Studies</DescriptorName>
            </MeshHeading>
            <MeshHeading>
                <DescriptorName UI="D012016" MajorTopicYN="N">Reference Values</DescriptorName>
            </MeshHeading>
            <MeshHeading>
                <DescriptorName UI="D012170" MajorTopicYN="N">Retinal Vein Occlusion</DescriptorName>
                <QualifierName UI="Q000000981" MajorTopicYN="Y">diagnostic imaging</QualifierName>
                <QualifierName UI="Q000473" MajorTopicYN="N">pathology</QualifierName>
                <QualifierName UI="Q000503" MajorTopicYN="N">physiopathology</QualifierName>
            </MeshHeading>
            <MeshHeading>
                <DescriptorName UI="D012680" MajorTopicYN="N">Sensitivity and Specificity</DescriptorName>
            </MeshHeading>
            <MeshHeading>
                <DescriptorName UI="D018615" MajorTopicYN="N">Ultrasonography, Doppler, Color</DescriptorName>
                <QualifierName UI="Q000379" MajorTopicYN="Y">methods</QualifierName>
            </MeshHeading>
        </MeshHeadingList>
    </MedlineCitation>
    <PubmedData>
        <History>
            <PubMedPubDate PubStatus="pubmed">
                <Year>1999</Year>
                <Month>12</Month>
                <Day>22</Day>
            </PubMedPubDate>
            <PubMedPubDate PubStatus="medline">
                <Year>1999</Year>
                <Month>12</Month>
                <Day>22</Day>
                <Hour>0</Hour>
                <Minute>1</Minute>
            </PubMedPubDate>
            <PubMedPubDate PubStatus="entrez">
                <Year>1999</Year>
                <Month>12</Month>
                <Day>22</Day>
                <Hour>0</Hour>
                <Minute>0</Minute>
            </PubMedPubDate>
        </History>
        <PublicationStatus>ppublish</PublicationStatus>
        <ArticleIdList>
            <ArticleId IdType="pubmed">10602102</ArticleId>
            <ArticleId IdType="pii">10.1002/(SICI)1097-0096(200001)28:1&lt;28::AID-JCU4&gt;3.0.CO;2-5</ArticleId>
            <ArticleId IdType="doi">10.1002/(sici)1097-0096(200001)28:1&lt;28::aid-jcu4&gt;3.0.co;2-5</ArticleId>
        </ArticleIdList>
    </PubmedData>
</PubmedArticle>

</PubmedArticleSet>