<?xml version="1.0" ?>
<!DOCTYPE PubmedArticleSet PUBLIC "-//NLM//DTD PubMedArticle, 1st January 2019//EN" "https://dtd.nlm.nih.gov/ncbi/pubmed/out/pubmed_190101.dtd">
<PubmedArticleSet>
<PubmedArticle>
    <MedlineCitation Status="MEDLINE" Owner="NLM">
        <PMID Version="1">16396650</PMID>
        <DateCompleted>
            <Year>2006</Year>
            <Month>02</Month>
            <Day>07</Day>
        </DateCompleted>
        <DateRevised>
            <Year>2016</Year>
            <Month>11</Month>
            <Day>24</Day>
        </DateRevised>
        <Article PubModel="Print">
            <Journal>
                <ISSN IssnType="Print">1395-3907</ISSN>
                <JournalIssue CitedMedium="Print">
                    <Volume>83</Volume>
                    <Issue>6</Issue>
                    <PubDate>
                        <Year>2005</Year>
                        <Month>Dec</Month>
                    </PubDate>
                </JournalIssue>
                <Title>Acta ophthalmologica Scandinavica</Title>
                <ISOAbbreviation>Acta Ophthalmol Scand</ISOAbbreviation>
            </Journal>
            <ArticleTitle>Predictive value of colour Doppler imaging in a prospective study of visual field progression in primary open-angle glaucoma.</ArticleTitle>
            <Pagination>
                <MedlinePgn>716-22</MedlinePgn>
            </Pagination>
            <Abstract>
                <AbstractText Label="PURPOSE" NlmCategory="OBJECTIVE">To assess the value of colour Doppler imaging (CDI) of the ophthalmic artery (OA) and short posterior ciliary arteries (SPCAs) in prognosis of disease progression in patients with primary open-angle glaucoma (POAG).</AbstractText>
                <AbstractText Label="METHODS" NlmCategory="METHODS">A total of 49 eyes of 49 patients with POAG were included in a prospective cohort study. At baseline and every 6 months for 36 months, we measured the resistive indices (RIs) of the OA and SPCAs using CDI, visual field examination, intraocular pressure (IOP) and blood pressure measurements. The predictive capacity of the RIs of these vessels was investigated by Cox regression. Receiver operating characteristics curves were plotted for the OA and SPCAs RIs, and predictive values, likelihood ratios and post-test probabilities were calculated.</AbstractText>
                <AbstractText Label="RESULTS" NlmCategory="RESULTS">After 36 months, 23 eyes had progressed. In the eyes that progressed, the mean (SD) RI was 0.82 (0.007) for the OA and 0.73 (0.006) for the SPCAs; in the eyes that did not progress the mean RI was 0.70 (0.007) for the OA and 0.63 (0.006) for the SPCAs. The optimal points for the RIs were 0.72 for the OA and 0.65 for the SPCAs. With these cut-off points, the positive post-test probability was 90.5% in the OA.</AbstractText>
                <AbstractText Label="CONCLUSION" NlmCategory="CONCLUSIONS">In eyes with POAG and elevated IOP, the RIs of the OA or SPCAs may reliably predict visual field progression.</AbstractText>
            </Abstract>
            <AuthorList CompleteYN="Y">
                <Author ValidYN="Y">
                    <LastName>Martínez</LastName>
                    <ForeName>Antonio</ForeName>
                    <Initials>A</Initials>
                    <AffiliationInfo>
                        <Affiliation>Glaucoma Department, Gallego Institute of Ophthalmology, La Coruna, Spain. tontxu_1999@yahoo.com</Affiliation>
                    </AffiliationInfo>
                </Author>
                <Author ValidYN="Y">
                    <LastName>Sánchez</LastName>
                    <ForeName>Manuel</ForeName>
                    <Initials>M</Initials>
                </Author>
            </AuthorList>
            <Language>eng</Language>
            <PublicationTypeList>
                <PublicationType UI="D016428">Journal Article</PublicationType>
                <PublicationType UI="D013485">Research Support, Non-U.S. Gov't</PublicationType>
            </PublicationTypeList>
        </Article>
        <MedlineJournalInfo>
            <Country>Denmark</Country>
            <MedlineTA>Acta Ophthalmol Scand</MedlineTA>
            <NlmUniqueID>9507578</NlmUniqueID>
            <ISSNLinking>1395-3907</ISSNLinking>
        </MedlineJournalInfo>
        <CitationSubset>IM</CitationSubset>
        <MeshHeadingList>
            <MeshHeading>
                <DescriptorName UI="D001783" MajorTopicYN="N">Blood Flow Velocity</DescriptorName>
            </MeshHeading>
            <MeshHeading>
                <DescriptorName UI="D019842" MajorTopicYN="N">Ciliary Arteries</DescriptorName>
                <QualifierName UI="Q000000981" MajorTopicYN="N">diagnostic imaging</QualifierName>
                <QualifierName UI="Q000502" MajorTopicYN="Y">physiology</QualifierName>
            </MeshHeading>
            <MeshHeading>
                <DescriptorName UI="D018450" MajorTopicYN="N">Disease Progression</DescriptorName>
            </MeshHeading>
            <MeshHeading>
                <DescriptorName UI="D005260" MajorTopicYN="N">Female</DescriptorName>
            </MeshHeading>
            <MeshHeading>
                <DescriptorName UI="D005902" MajorTopicYN="N">Glaucoma, Open-Angle</DescriptorName>
                <QualifierName UI="Q000000981" MajorTopicYN="N">diagnostic imaging</QualifierName>
                <QualifierName UI="Q000503" MajorTopicYN="Y">physiopathology</QualifierName>
            </MeshHeading>
            <MeshHeading>
                <DescriptorName UI="D006801" MajorTopicYN="N">Humans</DescriptorName>
            </MeshHeading>
            <MeshHeading>
                <DescriptorName UI="D007429" MajorTopicYN="N">Intraocular Pressure</DescriptorName>
            </MeshHeading>
            <MeshHeading>
                <DescriptorName UI="D016013" MajorTopicYN="N">Likelihood Functions</DescriptorName>
            </MeshHeading>
            <MeshHeading>
                <DescriptorName UI="D008297" MajorTopicYN="N">Male</DescriptorName>
            </MeshHeading>
            <MeshHeading>
                <DescriptorName UI="D008875" MajorTopicYN="N">Middle Aged</DescriptorName>
            </MeshHeading>
            <MeshHeading>
                <DescriptorName UI="D009880" MajorTopicYN="N">Ophthalmic Artery</DescriptorName>
                <QualifierName UI="Q000000981" MajorTopicYN="N">diagnostic imaging</QualifierName>
                <QualifierName UI="Q000502" MajorTopicYN="Y">physiology</QualifierName>
            </MeshHeading>
            <MeshHeading>
                <DescriptorName UI="D011237" MajorTopicYN="N">Predictive Value of Tests</DescriptorName>
            </MeshHeading>
            <MeshHeading>
                <DescriptorName UI="D011446" MajorTopicYN="N">Prospective Studies</DescriptorName>
            </MeshHeading>
            <MeshHeading>
                <DescriptorName UI="D012372" MajorTopicYN="N">ROC Curve</DescriptorName>
            </MeshHeading>
            <MeshHeading>
                <DescriptorName UI="D018615" MajorTopicYN="Y">Ultrasonography, Doppler, Color</DescriptorName>
            </MeshHeading>
            <MeshHeading>
                <DescriptorName UI="D014786" MajorTopicYN="N">Vision Disorders</DescriptorName>
                <QualifierName UI="Q000000981" MajorTopicYN="N">diagnostic imaging</QualifierName>
                <QualifierName UI="Q000503" MajorTopicYN="Y">physiopathology</QualifierName>
            </MeshHeading>
            <MeshHeading>
                <DescriptorName UI="D014794" MajorTopicYN="Y">Visual Fields</DescriptorName>
            </MeshHeading>
        </MeshHeadingList>
    </MedlineCitation>
    <PubmedData>
        <History>
            <PubMedPubDate PubStatus="pubmed">
                <Year>2006</Year>
                <Month>1</Month>
                <Day>7</Day>
                <Hour>9</Hour>
                <Minute>0</Minute>
            </PubMedPubDate>
            <PubMedPubDate PubStatus="medline">
                <Year>2006</Year>
                <Month>2</Month>
                <Day>8</Day>
                <Hour>9</Hour>
                <Minute>0</Minute>
            </PubMedPubDate>
            <PubMedPubDate PubStatus="entrez">
                <Year>2006</Year>
                <Month>1</Month>
                <Day>7</Day>
                <Hour>9</Hour>
                <Minute>0</Minute>
            </PubMedPubDate>
        </History>
        <PublicationStatus>ppublish</PublicationStatus>
        <ArticleIdList>
            <ArticleId IdType="pubmed">16396650</ArticleId>
            <ArticleId IdType="pii">AOS567</ArticleId>
            <ArticleId IdType="doi">10.1111/j.1600-0420.2005.00567.x</ArticleId>
        </ArticleIdList>
    </PubmedData>
</PubmedArticle>

</PubmedArticleSet>