<?xml version="1.0" ?>
<!DOCTYPE PubmedArticleSet PUBLIC "-//NLM//DTD PubMedArticle, 1st January 2019//EN" "https://dtd.nlm.nih.gov/ncbi/pubmed/out/pubmed_190101.dtd">
<PubmedArticleSet>
<PubmedArticle>
    <MedlineCitation Status="MEDLINE" Owner="NLM">
        <PMID Version="1">17693998</PMID>
        <DateCompleted>
            <Year>2009</Year>
            <Month>07</Month>
            <Day>22</Day>
        </DateCompleted>
        <DateRevised>
            <Year>2019</Year>
            <Month>12</Month>
            <Day>10</Day>
        </DateRevised>
        <Article PubModel="Print-Electronic">
            <Journal>
                <ISSN IssnType="Electronic">1476-5454</ISSN>
                <JournalIssue CitedMedium="Internet">
                    <Volume>23</Volume>
                    <Issue>1</Issue>
                    <PubDate>
                        <Year>2009</Year>
                        <Month>Jan</Month>
                    </PubDate>
                </JournalIssue>
                <Title>Eye (London, England)</Title>
                <ISOAbbreviation>Eye (Lond)</ISOAbbreviation>
            </Journal>
            <ArticleTitle>Performance of colour Doppler imaging discriminating normal tension glaucoma from healthy eyes.</ArticleTitle>
            <Pagination>
                <MedlinePgn>164-70</MedlinePgn>
            </Pagination>
            <Abstract>
                <AbstractText Label="PURPOSE" NlmCategory="OBJECTIVE">Previous studies have shown decreased retrobulbar blood flow in normal tension glaucoma (NTG) compared to healthy controls. This study evaluates the ability of colour Doppler imaging (CDI) to identify patients with NTG.</AbstractText>
                <AbstractText Label="METHODS" NlmCategory="METHODS">Sixty-two patients with untreated NTG (mean age 57+/-14 years) and 40 age-matched controls (mean age 58+/-9 years) were included in a prospective cross-sectional institutional study. Peak systolic velocity (PSV), end-diastolic velocity (EDV), and resistive indices (RI=(PSV-EDV)/PSV) of the ophthalmic artery (OA), central retinal artery (CRA), and short posterior ciliary arteries (PCAs) were measured by means of CDI. Using receiver operating characteristic (ROC) curves, sensitivity was determined at 90% specificity.</AbstractText>
                <AbstractText Label="RESULTS" NlmCategory="RESULTS">Patients with NTG showed significantly decreased PSV (P&lt;0.0001) and EDV (P&lt;0.0001) of the CRA, significantly decreased EDV of the nasal (P=0.004) and temporal (P=0.002) PCA, and significantly increased RI of the temporal (P=0.003) PCAs compared to healthy controls. Sensitivity values at 90% specificity were calculated: PSV of the CRA, 30.6%; EDV of the CRA, 48.4%; EDV of the nasal PCA, 43.9%; EDV of the temporal PCA, 45.9%; and RI of the temporal PCA, 39.3%.</AbstractText>
                <AbstractText Label="CONCLUSIONS" NlmCategory="CONCLUSIONS">The power to identify NTG using CDI reaches 48% sensitivity at 90% specificity. Further longitudinal studies are needed to determine the prognostic value of CDI in glaucoma.</AbstractText>
            </Abstract>
            <AuthorList CompleteYN="Y">
                <Author ValidYN="Y">
                    <LastName>Plange</LastName>
                    <ForeName>N</ForeName>
                    <Initials>N</Initials>
                    <AffiliationInfo>
                        <Affiliation>Department of Ophthalmology, RWTH Aachen University, Aachen, Germany. nplange@ukaachen.de</Affiliation>
                    </AffiliationInfo>
                </Author>
                <Author ValidYN="Y">
                    <LastName>Kaup</LastName>
                    <ForeName>M</ForeName>
                    <Initials>M</Initials>
                </Author>
                <Author ValidYN="Y">
                    <LastName>Weber</LastName>
                    <ForeName>A</ForeName>
                    <Initials>A</Initials>
                </Author>
                <Author ValidYN="Y">
                    <LastName>Harris</LastName>
                    <ForeName>A</ForeName>
                    <Initials>A</Initials>
                </Author>
                <Author ValidYN="Y">
                    <LastName>Arend</LastName>
                    <ForeName>K O</ForeName>
                    <Initials>KO</Initials>
                </Author>
                <Author ValidYN="Y">
                    <LastName>Remky</LastName>
                    <ForeName>A</ForeName>
                    <Initials>A</Initials>
                </Author>
            </AuthorList>
            <Language>eng</Language>
            <PublicationTypeList>
                <PublicationType UI="D023362">Evaluation Study</PublicationType>
                <PublicationType UI="D016428">Journal Article</PublicationType>
            </PublicationTypeList>
            <ArticleDate DateType="Electronic">
                <Year>2007</Year>
                <Month>08</Month>
                <Day>10</Day>
            </ArticleDate>
        </Article>
        <MedlineJournalInfo>
            <Country>England</Country>
            <MedlineTA>Eye (Lond)</MedlineTA>
            <NlmUniqueID>8703986</NlmUniqueID>
            <ISSNLinking>0950-222X</ISSNLinking>
        </MedlineJournalInfo>
        <CitationSubset>IM</CitationSubset>
        <MeshHeadingList>
            <MeshHeading>
                <DescriptorName UI="D001783" MajorTopicYN="N">Blood Flow Velocity</DescriptorName>
            </MeshHeading>
            <MeshHeading>
                <DescriptorName UI="D004812" MajorTopicYN="N">Epidemiologic Methods</DescriptorName>
            </MeshHeading>
            <MeshHeading>
                <DescriptorName UI="D005260" MajorTopicYN="N">Female</DescriptorName>
            </MeshHeading>
            <MeshHeading>
                <DescriptorName UI="D005901" MajorTopicYN="N">Glaucoma</DescriptorName>
                <QualifierName UI="Q000000981" MajorTopicYN="Y">diagnostic imaging</QualifierName>
                <QualifierName UI="Q000503" MajorTopicYN="N">physiopathology</QualifierName>
            </MeshHeading>
            <MeshHeading>
                <DescriptorName UI="D006801" MajorTopicYN="N">Humans</DescriptorName>
            </MeshHeading>
            <MeshHeading>
                <DescriptorName UI="D008297" MajorTopicYN="N">Male</DescriptorName>
            </MeshHeading>
            <MeshHeading>
                <DescriptorName UI="D008875" MajorTopicYN="N">Middle Aged</DescriptorName>
            </MeshHeading>
            <MeshHeading>
                <DescriptorName UI="D012680" MajorTopicYN="N">Sensitivity and Specificity</DescriptorName>
            </MeshHeading>
            <MeshHeading>
                <DescriptorName UI="D018615" MajorTopicYN="N">Ultrasonography, Doppler, Color</DescriptorName>
                <QualifierName UI="Q000592" MajorTopicYN="Y">standards</QualifierName>
            </MeshHeading>
        </MeshHeadingList>
    </MedlineCitation>
    <PubmedData>
        <History>
            <PubMedPubDate PubStatus="pubmed">
                <Year>2007</Year>
                <Month>8</Month>
                <Day>19</Day>
                <Hour>9</Hour>
                <Minute>0</Minute>
            </PubMedPubDate>
            <PubMedPubDate PubStatus="medline">
                <Year>2009</Year>
                <Month>7</Month>
                <Day>23</Day>
                <Hour>9</Hour>
                <Minute>0</Minute>
            </PubMedPubDate>
            <PubMedPubDate PubStatus="entrez">
                <Year>2007</Year>
                <Month>8</Month>
                <Day>19</Day>
                <Hour>9</Hour>
                <Minute>0</Minute>
            </PubMedPubDate>
        </History>
        <PublicationStatus>ppublish</PublicationStatus>
        <ArticleIdList>
            <ArticleId IdType="pubmed">17693998</ArticleId>
            <ArticleId IdType="pii">6702943</ArticleId>
            <ArticleId IdType="doi">10.1038/sj.eye.6702943</ArticleId>
        </ArticleIdList>
    </PubmedData>
</PubmedArticle>

</PubmedArticleSet>