<?xml version="1.0" ?>
<!DOCTYPE PubmedArticleSet PUBLIC "-//NLM//DTD PubMedArticle, 1st January 2019//EN" "https://dtd.nlm.nih.gov/ncbi/pubmed/out/pubmed_190101.dtd">
<PubmedArticleSet>
<PubmedArticle>
    <MedlineCitation Status="MEDLINE" Owner="NLM">
        <PMID Version="1">22463802</PMID>
        <DateCompleted>
            <Year>2012</Year>
            <Month>10</Month>
            <Day>24</Day>
        </DateCompleted>
        <DateRevised>
            <Year>2016</Year>
            <Month>11</Month>
            <Day>25</Day>
        </DateRevised>
        <Article PubModel="Print-Electronic">
            <Journal>
                <ISSN IssnType="Electronic">1525-6049</ISSN>
                <JournalIssue CitedMedium="Internet">
                    <Volume>34</Volume>
                    <Issue>6</Issue>
                    <PubDate>
                        <Year>2012</Year>
                    </PubDate>
                </JournalIssue>
                <Title>Renal failure</Title>
                <ISOAbbreviation>Ren Fail</ISOAbbreviation>
            </Journal>
            <ArticleTitle>Evaluation of resistive index by color Doppler imaging of orbital arteries in type II diabetes mellitus patients with microalbuminuria.</ArticleTitle>
            <Pagination>
                <MedlinePgn>708-12</MedlinePgn>
            </Pagination>
            <ELocationID EIdType="doi" ValidYN="Y">10.3109/0886022X.2012.672266</ELocationID>
            <Abstract>
                <AbstractText Label="OBJECTIVE" NlmCategory="OBJECTIVE">Resistive index (RI) is an indirect measurement of blood flow resistance that can be used to evaluate vascular damage in ophthalmologic diseases. The purpose of this study was to evaluate the association between RI values of orbital arteries by using the color Doppler imaging (CDI) in type II diabetes mellitus (DM) patients with microalbuminuria.</AbstractText>
                <AbstractText Label="PATIENTS AND METHODS" NlmCategory="METHODS">We evaluated 91 type II DM patients with microalbuminuria and 27 healthy subjects. The DM patients with microalbuminuria were grouped into two: group 1 consisted of patients with retinopathy (n = 51) and group 2 consisted of patients without retinopathy (n = 40). Healthy subjects constituted group 3 (n = 27). The mean RI values of ophthalmic artery (OA), central retinal artery (CRA), and posterior ciliary artery (PCA) were measured using CDI.</AbstractText>
                <AbstractText Label="RESULTS" NlmCategory="RESULTS">Compared to diabetic group 2, group 1 had significantly higher mean RIs of OA, CRA, PCA, and HbA1c levels (p &lt; 0.001 for all). Besides, there were no statistical differences in mean RIs of OA, CRA, and PCA between the control group and group 2 (p = 1.0; p = 0.44; p = 0.67, respectively). Mean RIs of OA and PCA were significantly correlated with age in group 1 (r = 0.549, p &lt; 0.001; r = 0.407, p = 0.003, respectively). Mean RI of CRA was significantly correlated with the duration of diabetes and age in group 1 (r = 0.296, p = 0.035; r = 0.486, p &lt; 0.001, respectively).</AbstractText>
                <AbstractText Label="CONCLUSION" NlmCategory="CONCLUSIONS">Our study indicates that RI might be a useful marker for early diagnosis and follow-up of diabetic retinopathy, and orbital RI assessment would be beneficial for diabetic patients with retinopathy.</AbstractText>
            </Abstract>
            <AuthorList CompleteYN="Y">
                <Author ValidYN="Y">
                    <LastName>Basturk</LastName>
                    <ForeName>Taner</ForeName>
                    <Initials>T</Initials>
                    <AffiliationInfo>
                        <Affiliation>Department of Nephrology, Bagcılar Training and Research Hospıtal, Istanbul, Turkey. tanerbast@yahoo.com</Affiliation>
                    </AffiliationInfo>
                </Author>
                <Author ValidYN="Y">
                    <LastName>Albayrak</LastName>
                    <ForeName>Ramazan</ForeName>
                    <Initials>R</Initials>
                </Author>
                <Author ValidYN="Y">
                    <LastName>Ulas</LastName>
                    <ForeName>Turgay</ForeName>
                    <Initials>T</Initials>
                </Author>
                <Author ValidYN="Y">
                    <LastName>Akcay</LastName>
                    <ForeName>Mehmet</ForeName>
                    <Initials>M</Initials>
                </Author>
                <Author ValidYN="Y">
                    <LastName>Unsal</LastName>
                    <ForeName>Abdulkadir</ForeName>
                    <Initials>A</Initials>
                </Author>
                <Author ValidYN="Y">
                    <LastName>Toksoy</LastName>
                    <ForeName>Mehmet</ForeName>
                    <Initials>M</Initials>
                </Author>
                <Author ValidYN="Y">
                    <LastName>Koc</LastName>
                    <ForeName>Yener</ForeName>
                    <Initials>Y</Initials>
                </Author>
            </AuthorList>
            <Language>eng</Language>
            <PublicationTypeList>
                <PublicationType UI="D016428">Journal Article</PublicationType>
            </PublicationTypeList>
            <ArticleDate DateType="Electronic">
                <Year>2012</Year>
                <Month>04</Month>
                <Day>02</Day>
            </ArticleDate>
        </Article>
        <MedlineJournalInfo>
            <Country>England</Country>
            <MedlineTA>Ren Fail</MedlineTA>
            <NlmUniqueID>8701128</NlmUniqueID>
            <ISSNLinking>0886-022X</ISSNLinking>
        </MedlineJournalInfo>
        <CitationSubset>IM</CitationSubset>
        <MeshHeadingList>
            <MeshHeading>
                <DescriptorName UI="D000419" MajorTopicYN="N">Albuminuria</DescriptorName>
                <QualifierName UI="Q000503" MajorTopicYN="Y">physiopathology</QualifierName>
            </MeshHeading>
            <MeshHeading>
                <DescriptorName UI="D001783" MajorTopicYN="N">Blood Flow Velocity</DescriptorName>
                <QualifierName UI="Q000502" MajorTopicYN="N">physiology</QualifierName>
            </MeshHeading>
            <MeshHeading>
                <DescriptorName UI="D016022" MajorTopicYN="N">Case-Control Studies</DescriptorName>
            </MeshHeading>
            <MeshHeading>
                <DescriptorName UI="D019842" MajorTopicYN="N">Ciliary Arteries</DescriptorName>
                <QualifierName UI="Q000000981" MajorTopicYN="Y">diagnostic imaging</QualifierName>
                <QualifierName UI="Q000503" MajorTopicYN="Y">physiopathology</QualifierName>
            </MeshHeading>
            <MeshHeading>
                <DescriptorName UI="D003430" MajorTopicYN="N">Cross-Sectional Studies</DescriptorName>
            </MeshHeading>
            <MeshHeading>
                <DescriptorName UI="D003627" MajorTopicYN="N">Data Interpretation, Statistical</DescriptorName>
            </MeshHeading>
            <MeshHeading>
                <DescriptorName UI="D003924" MajorTopicYN="N">Diabetes Mellitus, Type 2</DescriptorName>
                <QualifierName UI="Q000503" MajorTopicYN="Y">physiopathology</QualifierName>
            </MeshHeading>
            <MeshHeading>
                <DescriptorName UI="D003930" MajorTopicYN="N">Diabetic Retinopathy</DescriptorName>
                <QualifierName UI="Q000503" MajorTopicYN="Y">physiopathology</QualifierName>
            </MeshHeading>
            <MeshHeading>
                <DescriptorName UI="D005123" MajorTopicYN="N">Eye</DescriptorName>
                <QualifierName UI="Q000098" MajorTopicYN="Y">blood supply</QualifierName>
            </MeshHeading>
            <MeshHeading>
                <DescriptorName UI="D005260" MajorTopicYN="N">Female</DescriptorName>
            </MeshHeading>
            <MeshHeading>
                <DescriptorName UI="D006801" MajorTopicYN="N">Humans</DescriptorName>
            </MeshHeading>
            <MeshHeading>
                <DescriptorName UI="D008297" MajorTopicYN="N">Male</DescriptorName>
            </MeshHeading>
            <MeshHeading>
                <DescriptorName UI="D008875" MajorTopicYN="N">Middle Aged</DescriptorName>
            </MeshHeading>
            <MeshHeading>
                <DescriptorName UI="D009880" MajorTopicYN="N">Ophthalmic Artery</DescriptorName>
                <QualifierName UI="Q000000981" MajorTopicYN="Y">diagnostic imaging</QualifierName>
                <QualifierName UI="Q000503" MajorTopicYN="Y">physiopathology</QualifierName>
            </MeshHeading>
            <MeshHeading>
                <DescriptorName UI="D012161" MajorTopicYN="N">Retinal Artery</DescriptorName>
                <QualifierName UI="Q000000981" MajorTopicYN="Y">diagnostic imaging</QualifierName>
                <QualifierName UI="Q000503" MajorTopicYN="Y">physiopathology</QualifierName>
            </MeshHeading>
            <MeshHeading>
                <DescriptorName UI="D018615" MajorTopicYN="Y">Ultrasonography, Doppler, Color</DescriptorName>
            </MeshHeading>
            <MeshHeading>
                <DescriptorName UI="D014655" MajorTopicYN="N">Vascular Resistance</DescriptorName>
                <QualifierName UI="Q000502" MajorTopicYN="Y">physiology</QualifierName>
            </MeshHeading>
        </MeshHeadingList>
    </MedlineCitation>
    <PubmedData>
        <History>
            <PubMedPubDate PubStatus="entrez">
                <Year>2012</Year>
                <Month>4</Month>
                <Day>3</Day>
                <Hour>6</Hour>
                <Minute>0</Minute>
            </PubMedPubDate>
            <PubMedPubDate PubStatus="pubmed">
                <Year>2012</Year>
                <Month>4</Month>
                <Day>3</Day>
                <Hour>6</Hour>
                <Minute>0</Minute>
            </PubMedPubDate>
            <PubMedPubDate PubStatus="medline">
                <Year>2012</Year>
                <Month>10</Month>
                <Day>25</Day>
                <Hour>6</Hour>
                <Minute>0</Minute>
            </PubMedPubDate>
        </History>
        <PublicationStatus>ppublish</PublicationStatus>
        <ArticleIdList>
            <ArticleId IdType="pubmed">22463802</ArticleId>
            <ArticleId IdType="doi">10.3109/0886022X.2012.672266</ArticleId>
        </ArticleIdList>
    </PubmedData>
</PubmedArticle>

</PubmedArticleSet>