<?xml version="1.0" ?>
<!DOCTYPE PubmedArticleSet PUBLIC "-//NLM//DTD PubMedArticle, 1st January 2019//EN" "https://dtd.nlm.nih.gov/ncbi/pubmed/out/pubmed_190101.dtd">
<PubmedArticleSet>
<PubmedArticle>
    <MedlineCitation Status="MEDLINE" Owner="NLM">
        <PMID Version="1">24151625</PMID>
        <DateCompleted>
            <Year>2014</Year>
            <Month>06</Month>
            <Day>02</Day>
        </DateCompleted>
        <DateRevised>
            <Year>2018</Year>
            <Month>11</Month>
            <Day>13</Day>
        </DateRevised>
        <Article PubModel="Print-Electronic">
            <Journal>
                <ISSN IssnType="Electronic">2314-6141</ISSN>
                <JournalIssue CitedMedium="Internet">
                    <Volume>2013</Volume>
                    <PubDate>
                        <Year>2013</Year>
                    </PubDate>
                </JournalIssue>
                <Title>BioMed research international</Title>
                <ISOAbbreviation>Biomed Res Int</ISOAbbreviation>
            </Journal>
            <ArticleTitle>Role of color Doppler imaging in early diagnosis and prediction of progression in glaucoma.</ArticleTitle>
            <Pagination>
                <MedlinePgn>871689</MedlinePgn>
            </Pagination>
            <ELocationID EIdType="doi" ValidYN="Y">10.1155/2013/871689</ELocationID>
            <Abstract>
                <AbstractText>This longitudinal and prospective study analyzes the ability of orbital blood flow measured by color Doppler imaging (CDI) to predict glaucoma progression in patients with glaucoma risk factors. Patients with normal perimetry but having glaucoma risk factors and patients in the initial phase of glaucoma were prospectively included in the study and divided, after a five-year follow-up, into two groups: &quot;Progression&quot; and &quot;No Progression&quot; based on the changes in the Moorfields regression analysis (MRA) classification of Heidelberg retina tomograph (HRT). An orbital CDI was performed in all patients and the parameters obtained were correlated with changes in HRT. A logistic discrimination function (LDF) was calculated for ophthalmic artery (OA) and central retinal artery (CRA) parameters. Receiver operating characteristics curves (ROC) were used to assess the usefulness of LDFs to predict glaucomatous progression. A total of 71 eyes were included. End-diastolic velocity, time-averaged velocity, and resistive index in the OA and CRA were significantly different (P &lt; 0.05) between the Progression and No Progression groups. The area under the ROC curves calculated for both LDFs was of 0.695 (OA) and 0.624 (CRA). More studies are needed to evaluate the ability of CDI to perform early diagnosis and to predict progression in glaucoma in eyes. </AbstractText>
            </Abstract>
            <AuthorList CompleteYN="Y">
                <Author ValidYN="Y">
                    <LastName>Jimenez-Aragon</LastName>
                    <ForeName>Fatima</ForeName>
                    <Initials>F</Initials>
                    <AffiliationInfo>
                        <Affiliation>Radiology Department, Ciudad Real General University Hospital, 13005 Ciudad Real, Spain.</Affiliation>
                    </AffiliationInfo>
                </Author>
                <Author ValidYN="Y">
                    <LastName>Garcia-Martin</LastName>
                    <ForeName>Elena</ForeName>
                    <Initials>E</Initials>
                </Author>
                <Author ValidYN="Y">
                    <LastName>Larrosa-Lopez</LastName>
                    <ForeName>Raquel</ForeName>
                    <Initials>R</Initials>
                </Author>
                <Author ValidYN="Y">
                    <LastName>Artigas-Martín</LastName>
                    <ForeName>Jose M</ForeName>
                    <Initials>JM</Initials>
                </Author>
                <Author ValidYN="Y">
                    <LastName>Seral-Moral</LastName>
                    <ForeName>Pilar</ForeName>
                    <Initials>P</Initials>
                </Author>
                <Author ValidYN="Y">
                    <LastName>Pablo</LastName>
                    <ForeName>Luis E</ForeName>
                    <Initials>LE</Initials>
                </Author>
            </AuthorList>
            <Language>eng</Language>
            <PublicationTypeList>
                <PublicationType UI="D016428">Journal Article</PublicationType>
            </PublicationTypeList>
            <ArticleDate DateType="Electronic">
                <Year>2013</Year>
                <Month>09</Month>
                <Day>17</Day>
            </ArticleDate>
        </Article>
        <MedlineJournalInfo>
            <Country>United States</Country>
            <MedlineTA>Biomed Res Int</MedlineTA>
            <NlmUniqueID>101600173</NlmUniqueID>
        </MedlineJournalInfo>
        <CitationSubset>IM</CitationSubset>
        <MeshHeadingList>
            <MeshHeading>
                <DescriptorName UI="D000328" MajorTopicYN="N">Adult</DescriptorName>
            </MeshHeading>
            <MeshHeading>
                <DescriptorName UI="D000368" MajorTopicYN="N">Aged</DescriptorName>
            </MeshHeading>
            <MeshHeading>
                <DescriptorName UI="D001783" MajorTopicYN="Y">Blood Flow Velocity</DescriptorName>
            </MeshHeading>
            <MeshHeading>
                <DescriptorName UI="D018450" MajorTopicYN="N">Disease Progression</DescriptorName>
            </MeshHeading>
            <MeshHeading>
                <DescriptorName UI="D042241" MajorTopicYN="N">Early Diagnosis</DescriptorName>
            </MeshHeading>
            <MeshHeading>
                <DescriptorName UI="D005123" MajorTopicYN="N">Eye</DescriptorName>
                <QualifierName UI="Q000098" MajorTopicYN="Y">blood supply</QualifierName>
                <QualifierName UI="Q000473" MajorTopicYN="N">pathology</QualifierName>
            </MeshHeading>
            <MeshHeading>
                <DescriptorName UI="D005260" MajorTopicYN="N">Female</DescriptorName>
            </MeshHeading>
            <MeshHeading>
                <DescriptorName UI="D005901" MajorTopicYN="N">Glaucoma</DescriptorName>
                <QualifierName UI="Q000175" MajorTopicYN="Y">diagnosis</QualifierName>
                <QualifierName UI="Q000473" MajorTopicYN="N">pathology</QualifierName>
            </MeshHeading>
            <MeshHeading>
                <DescriptorName UI="D006801" MajorTopicYN="N">Humans</DescriptorName>
            </MeshHeading>
            <MeshHeading>
                <DescriptorName UI="D008297" MajorTopicYN="N">Male</DescriptorName>
            </MeshHeading>
            <MeshHeading>
                <DescriptorName UI="D008875" MajorTopicYN="N">Middle Aged</DescriptorName>
            </MeshHeading>
            <MeshHeading>
                <DescriptorName UI="D009880" MajorTopicYN="N">Ophthalmic Artery</DescriptorName>
                <QualifierName UI="Q000473" MajorTopicYN="N">pathology</QualifierName>
            </MeshHeading>
            <MeshHeading>
                <DescriptorName UI="D009898" MajorTopicYN="N">Optic Disk</DescriptorName>
                <QualifierName UI="Q000098" MajorTopicYN="N">blood supply</QualifierName>
                <QualifierName UI="Q000473" MajorTopicYN="N">pathology</QualifierName>
            </MeshHeading>
            <MeshHeading>
                <DescriptorName UI="D011379" MajorTopicYN="Y">Prognosis</DescriptorName>
            </MeshHeading>
            <MeshHeading>
                <DescriptorName UI="D012161" MajorTopicYN="N">Retinal Artery</DescriptorName>
                <QualifierName UI="Q000473" MajorTopicYN="N">pathology</QualifierName>
            </MeshHeading>
        </MeshHeadingList>
    </MedlineCitation>
    <PubmedData>
        <History>
            <PubMedPubDate PubStatus="received">
                <Year>2013</Year>
                <Month>04</Month>
                <Day>22</Day>
            </PubMedPubDate>
            <PubMedPubDate PubStatus="revised">
                <Year>2013</Year>
                <Month>07</Month>
                <Day>11</Day>
            </PubMedPubDate>
            <PubMedPubDate PubStatus="accepted">
                <Year>2013</Year>
                <Month>08</Month>
                <Day>09</Day>
            </PubMedPubDate>
            <PubMedPubDate PubStatus="entrez">
                <Year>2013</Year>
                <Month>10</Month>
                <Day>24</Day>
                <Hour>6</Hour>
                <Minute>0</Minute>
            </PubMedPubDate>
            <PubMedPubDate PubStatus="pubmed">
                <Year>2013</Year>
                <Month>10</Month>
                <Day>24</Day>
                <Hour>6</Hour>
                <Minute>0</Minute>
            </PubMedPubDate>
            <PubMedPubDate PubStatus="medline">
                <Year>2014</Year>
                <Month>6</Month>
                <Day>3</Day>
                <Hour>6</Hour>
                <Minute>0</Minute>
            </PubMedPubDate>
        </History>
        <PublicationStatus>ppublish</PublicationStatus>
        <ArticleIdList>
            <ArticleId IdType="pubmed">24151625</ArticleId>
            <ArticleId IdType="doi">10.1155/2013/871689</ArticleId>
            <ArticleId IdType="pmc">PMC3789324</ArticleId>
        </ArticleIdList>
        <ReferenceList>
            <Reference>
                <Citation>Am J Ophthalmol. 1997 Mar;123(3):320-7</Citation>
                <ArticleIdList>
                    <ArticleId IdType="pubmed">9063241</ArticleId>
                </ArticleIdList>
            </Reference>
            <Reference>
                <Citation>Am J Ophthalmol. 1996 May;121(5):502-10</Citation>
                <ArticleIdList>
                    <ArticleId IdType="pubmed">8610793</ArticleId>
                </ArticleIdList>
            </Reference>
            <Reference>
                <Citation>J Clin Ultrasound. 2002 Jul-Aug;30(6):332-5</Citation>
                <ArticleIdList>
                    <ArticleId IdType="pubmed">12116094</ArticleId>
                </ArticleIdList>
            </Reference>
            <Reference>
                <Citation>Invest Ophthalmol Vis Sci. 2008 Jul;49(7):3018-25</Citation>
                <ArticleIdList>
                    <ArticleId IdType="pubmed">18378581</ArticleId>
                </ArticleIdList>
            </Reference>
            <Reference>
                <Citation>Ophthalmologica. 2002 Nov-Dec;216(6):434-7</Citation>
                <ArticleIdList>
                    <ArticleId IdType="pubmed">12566888</ArticleId>
                </ArticleIdList>
            </Reference>
            <Reference>
                <Citation>Ophthalmology. 1993 May;100(5):587-97; discussion 597-8</Citation>
                <ArticleIdList>
                    <ArticleId IdType="pubmed">8493001</ArticleId>
                </ArticleIdList>
            </Reference>
            <Reference>
                <Citation>Invest Ophthalmol Vis Sci. 2012 Jun;53(7):3875-84</Citation>
                <ArticleIdList>
                    <ArticleId IdType="pubmed">22589447</ArticleId>
                </ArticleIdList>
            </Reference>
            <Reference>
                <Citation>Int Angiol. 2000 Dec;19(4):319-25</Citation>
                <ArticleIdList>
                    <ArticleId IdType="pubmed">11305730</ArticleId>
                </ArticleIdList>
            </Reference>
            <Reference>
                <Citation>Br J Ophthalmol. 1970 Jul;54(7):461-72</Citation>
                <ArticleIdList>
                    <ArticleId IdType="pubmed">4988400</ArticleId>
                </ArticleIdList>
            </Reference>
            <Reference>
                <Citation>Br J Ophthalmol. 2006 Mar;90(3):262-7</Citation>
                <ArticleIdList>
                    <ArticleId IdType="pubmed">16488940</ArticleId>
                </ArticleIdList>
            </Reference>
            <Reference>
                <Citation>Arch Ophthalmol. 2002 Oct;120(10):1268-79</Citation>
                <ArticleIdList>
                    <ArticleId IdType="pubmed">12365904</ArticleId>
                </ArticleIdList>
            </Reference>
            <Reference>
                <Citation>Arch Ophthalmol. 2004 Jun;122(6):827-37</Citation>
                <ArticleIdList>
                    <ArticleId IdType="pubmed">15197057</ArticleId>
                </ArticleIdList>
            </Reference>
            <Reference>
                <Citation>Br J Ophthalmol. 2000 Sep;84(9):993-8</Citation>
                <ArticleIdList>
                    <ArticleId IdType="pubmed">10966952</ArticleId>
                </ArticleIdList>
            </Reference>
            <Reference>
                <Citation>Surv Ophthalmol. 1994 Jul-Aug;39(1):23-42</Citation>
                <ArticleIdList>
                    <ArticleId IdType="pubmed">7974188</ArticleId>
                </ArticleIdList>
            </Reference>
            <Reference>
                <Citation>Prog Retin Eye Res. 1999 Sep;18(5):669-87</Citation>
                <ArticleIdList>
                    <ArticleId IdType="pubmed">10438154</ArticleId>
                </ArticleIdList>
            </Reference>
            <Reference>
                <Citation>Arch Ophthalmol. 1993 Jan;111(1):62-5</Citation>
                <ArticleIdList>
                    <ArticleId IdType="pubmed">8424726</ArticleId>
                </ArticleIdList>
            </Reference>
            <Reference>
                <Citation>AJR Am J Roentgenol. 2006 Oct;187(4):1061-72</Citation>
                <ArticleIdList>
                    <ArticleId IdType="pubmed">16985158</ArticleId>
                </ArticleIdList>
            </Reference>
            <Reference>
                <Citation>Bull World Health Organ. 2004 Nov;82(11):844-51</Citation>
                <ArticleIdList>
                    <ArticleId IdType="pubmed">15640920</ArticleId>
                </ArticleIdList>
            </Reference>
            <Reference>
                <Citation>Invest Ophthalmol Vis Sci. 1999 Sep;40(10):2242-50</Citation>
                <ArticleIdList>
                    <ArticleId IdType="pubmed">10476789</ArticleId>
                </ArticleIdList>
            </Reference>
            <Reference>
                <Citation>J Glaucoma. 1995 Aug;4(4):281-6</Citation>
                <ArticleIdList>
                    <ArticleId IdType="pubmed">19920687</ArticleId>
                </ArticleIdList>
            </Reference>
            <Reference>
                <Citation>Am J Ophthalmol. 2003 Jul;136(1):26-33</Citation>
                <ArticleIdList>
                    <ArticleId IdType="pubmed">12834666</ArticleId>
                </ArticleIdList>
            </Reference>
            <Reference>
                <Citation>Arch Ophthalmol. 2005 Sep;123(9):1188-97</Citation>
                <ArticleIdList>
                    <ArticleId IdType="pubmed">16157798</ArticleId>
                </ArticleIdList>
            </Reference>
            <Reference>
                <Citation>Arch Ophthalmol. 2003 Dec;121(12):1711-5</Citation>
                <ArticleIdList>
                    <ArticleId IdType="pubmed">14662590</ArticleId>
                </ArticleIdList>
            </Reference>
            <Reference>
                <Citation>Am J Ophthalmol. 2003 Feb;135(2):148-54</Citation>
                <ArticleIdList>
                    <ArticleId IdType="pubmed">12566017</ArticleId>
                </ArticleIdList>
            </Reference>
            <Reference>
                <Citation>Ophthalmology. 1998 Aug;105(8):1557-63</Citation>
                <ArticleIdList>
                    <ArticleId IdType="pubmed">9709774</ArticleId>
                </ArticleIdList>
            </Reference>
            <Reference>
                <Citation>Radiology. 1990 Feb;174(2):297-307</Citation>
                <ArticleIdList>
                    <ArticleId IdType="pubmed">2404309</ArticleId>
                </ArticleIdList>
            </Reference>
            <Reference>
                <Citation>Ophthalmology. 2000 Jul;107(7):1287-93</Citation>
                <ArticleIdList>
                    <ArticleId IdType="pubmed">10889099</ArticleId>
                </ArticleIdList>
            </Reference>
            <Reference>
                <Citation>Acta Ophthalmol Scand. 2003 Jun;81(3):253-9</Citation>
                <ArticleIdList>
                    <ArticleId IdType="pubmed">12780404</ArticleId>
                </ArticleIdList>
            </Reference>
            <Reference>
                <Citation>Graefes Arch Clin Exp Ophthalmol. 2006 Aug;244(8):978-83</Citation>
                <ArticleIdList>
                    <ArticleId IdType="pubmed">16411100</ArticleId>
                </ArticleIdList>
            </Reference>
            <Reference>
                <Citation>Eye (Lond). 2009 Jan;23(1):164-70</Citation>
                <ArticleIdList>
                    <ArticleId IdType="pubmed">17693998</ArticleId>
                </ArticleIdList>
            </Reference>
            <Reference>
                <Citation>Radiographics. 2003 Sep-Oct;23(5):1315-27</Citation>
                <ArticleIdList>
                    <ArticleId IdType="pubmed">12975518</ArticleId>
                </ArticleIdList>
            </Reference>
            <Reference>
                <Citation>Am J Ophthalmol. 1995 Jun;119(6):685-93</Citation>
                <ArticleIdList>
                    <ArticleId IdType="pubmed">7785681</ArticleId>
                </ArticleIdList>
            </Reference>
            <Reference>
                <Citation>Prog Retin Eye Res. 2002 Jul;21(4):359-93</Citation>
                <ArticleIdList>
                    <ArticleId IdType="pubmed">12150988</ArticleId>
                </ArticleIdList>
            </Reference>
            <Reference>
                <Citation>Ophthalmology. 2007 Nov;114(11):1981-7</Citation>
                <ArticleIdList>
                    <ArticleId IdType="pubmed">17445899</ArticleId>
                </ArticleIdList>
            </Reference>
            <Reference>
                <Citation>Br J Ophthalmol. 2006 Oct;90(10):1245-8</Citation>
                <ArticleIdList>
                    <ArticleId IdType="pubmed">16825276</ArticleId>
                </ArticleIdList>
            </Reference>
            <Reference>
                <Citation>Br J Ophthalmol. 1994 Dec;78(12):939-45</Citation>
                <ArticleIdList>
                    <ArticleId IdType="pubmed">7819179</ArticleId>
                </ArticleIdList>
            </Reference>
            <Reference>
                <Citation>Arch Ophthalmol. 2001 Oct;119(10):1492-9</Citation>
                <ArticleIdList>
                    <ArticleId IdType="pubmed">11594950</ArticleId>
                </ArticleIdList>
            </Reference>
            <Reference>
                <Citation>Eye (Lond). 2008 Apr;22(4):515-20</Citation>
                <ArticleIdList>
                    <ArticleId IdType="pubmed">17173007</ArticleId>
                </ArticleIdList>
            </Reference>
            <Reference>
                <Citation>Ophthalmology. 2007 Nov;114(11):1965-72</Citation>
                <ArticleIdList>
                    <ArticleId IdType="pubmed">17628686</ArticleId>
                </ArticleIdList>
            </Reference>
            <Reference>
                <Citation>Acta Ophthalmol Scand. 2005 Dec;83(6):716-22</Citation>
                <ArticleIdList>
                    <ArticleId IdType="pubmed">16396650</ArticleId>
                </ArticleIdList>
            </Reference>
            <Reference>
                <Citation>J Clin Ultrasound. 2005 Jul-Aug;33(6):270-6</Citation>
                <ArticleIdList>
                    <ArticleId IdType="pubmed">16134154</ArticleId>
                </ArticleIdList>
            </Reference>
        </ReferenceList>
    </PubmedData>
</PubmedArticle>

</PubmedArticleSet>