<?xml version="1.0" ?>
<!DOCTYPE PubmedArticleSet PUBLIC "-//NLM//DTD PubMedArticle, 1st January 2019//EN" "https://dtd.nlm.nih.gov/ncbi/pubmed/out/pubmed_190101.dtd">
<PubmedArticleSet>
<PubmedArticle>
    <MedlineCitation Status="MEDLINE" Owner="NLM">
        <PMID Version="1">24898117</PMID>
        <DateCompleted>
            <Year>2015</Year>
            <Month>05</Month>
            <Day>26</Day>
        </DateCompleted>
        <DateRevised>
            <Year>2019</Year>
            <Month>02</Month>
            <Day>21</Day>
        </DateRevised>
        <Article PubModel="Print-Electronic">
            <Journal>
                <ISSN IssnType="Electronic">1097-0096</ISSN>
                <JournalIssue CitedMedium="Internet">
                    <Volume>42</Volume>
                    <Issue>8</Issue>
                    <PubDate>
                        <Year>2014</Year>
                        <Month>Oct</Month>
                    </PubDate>
                </JournalIssue>
                <Title>Journal of clinical ultrasound : JCU</Title>
                <ISOAbbreviation>J Clin Ultrasound</ISOAbbreviation>
            </Journal>
            <ArticleTitle>Doppler evaluation of ocular vessels in patients with primary open angle glaucoma.</ArticleTitle>
            <Pagination>
                <MedlinePgn>486-91</MedlinePgn>
            </Pagination>
            <ELocationID EIdType="doi" ValidYN="Y">10.1002/jcu.22175</ELocationID>
            <Abstract>
                <AbstractText Label="PURPOSE" NlmCategory="OBJECTIVE">To assess ocular blood flow in patients with primary open angle glaucoma (POAG) with or without progressive visual field loss in comparison with controls.</AbstractText>
                <AbstractText Label="METHODS" NlmCategory="METHODS">Color Doppler imaging was performed on 78 eyes with established POAG (25 with progressive visual field loss and 53 with stable visual field) and 78 control eyes. Peak systolic velocity, end diastolic velocity (EDV), and resistance index (RI) were measured in the ophthalmic (OA), central-retinal, and medial and lateral posterior ciliary arteries.</AbstractText>
                <AbstractText Label="RESULTS" NlmCategory="RESULTS">Peak systolic velocity and EDV were lower and RI was higher in the ocular vessels of eyes with POAG (p &lt; .01). The OA and medial posterior ciliary arteries RI was higher, and the OA EDV was lower in glaucomatous eyes with progressive than with stable visual field loss. The receiver operating characteristic curve showed the optimal cutoff RI to be 0.847.</AbstractText>
                <AbstractText Label="CONCLUSIONS" NlmCategory="CONCLUSIONS">Ocular blood flow appears compromised in eyes with POAG, particularly in those with progressive visual field loss.</AbstractText>
                <CopyrightInformation>© 2014 Wiley Periodicals, Inc.</CopyrightInformation>
            </Abstract>
            <AuthorList CompleteYN="Y">
                <Author ValidYN="Y">
                    <LastName>Suprasanna</LastName>
                    <ForeName>K</ForeName>
                    <Initials>K</Initials>
                    <AffiliationInfo>
                        <Affiliation>Department of Radio-diagnosis, Kasturba Medical College Mangalore, Manipal University, Attavar, Mangalore, 575001, India.</Affiliation>
                    </AffiliationInfo>
                </Author>
                <Author ValidYN="Y">
                    <LastName>Shetty</LastName>
                    <ForeName>Chandrakant M</ForeName>
                    <Initials>CM</Initials>
                </Author>
                <Author ValidYN="Y">
                    <LastName>Charudutt</LastName>
                    <ForeName>S</ForeName>
                    <Initials>S</Initials>
                </Author>
                <Author ValidYN="Y">
                    <LastName>Kadavigere</LastName>
                    <ForeName>Rajagopal</ForeName>
                    <Initials>R</Initials>
                </Author>
            </AuthorList>
            <Language>eng</Language>
            <PublicationTypeList>
                <PublicationType UI="D016428">Journal Article</PublicationType>
            </PublicationTypeList>
            <ArticleDate DateType="Electronic">
                <Year>2014</Year>
                <Month>06</Month>
                <Day>04</Day>
            </ArticleDate>
        </Article>
        <MedlineJournalInfo>
            <Country>United States</Country>
            <MedlineTA>J Clin Ultrasound</MedlineTA>
            <NlmUniqueID>0401663</NlmUniqueID>
            <ISSNLinking>0091-2751</ISSNLinking>
        </MedlineJournalInfo>
        <CitationSubset>IM</CitationSubset>
        <MeshHeadingList>
            <MeshHeading>
                <DescriptorName UI="D016022" MajorTopicYN="N">Case-Control Studies</DescriptorName>
            </MeshHeading>
            <MeshHeading>
                <DescriptorName UI="D019842" MajorTopicYN="N">Ciliary Arteries</DescriptorName>
                <QualifierName UI="Q000000981" MajorTopicYN="Y">diagnostic imaging</QualifierName>
                <QualifierName UI="Q000503" MajorTopicYN="N">physiopathology</QualifierName>
            </MeshHeading>
            <MeshHeading>
                <DescriptorName UI="D005260" MajorTopicYN="N">Female</DescriptorName>
            </MeshHeading>
            <MeshHeading>
                <DescriptorName UI="D005902" MajorTopicYN="N">Glaucoma, Open-Angle</DescriptorName>
                <QualifierName UI="Q000000981" MajorTopicYN="N">diagnostic imaging</QualifierName>
                <QualifierName UI="Q000503" MajorTopicYN="Y">physiopathology</QualifierName>
            </MeshHeading>
            <MeshHeading>
                <DescriptorName UI="D006801" MajorTopicYN="N">Humans</DescriptorName>
            </MeshHeading>
            <MeshHeading>
                <DescriptorName UI="D007429" MajorTopicYN="N">Intraocular Pressure</DescriptorName>
            </MeshHeading>
            <MeshHeading>
                <DescriptorName UI="D008297" MajorTopicYN="N">Male</DescriptorName>
            </MeshHeading>
            <MeshHeading>
                <DescriptorName UI="D008875" MajorTopicYN="N">Middle Aged</DescriptorName>
            </MeshHeading>
            <MeshHeading>
                <DescriptorName UI="D009880" MajorTopicYN="N">Ophthalmic Artery</DescriptorName>
                <QualifierName UI="Q000000981" MajorTopicYN="Y">diagnostic imaging</QualifierName>
                <QualifierName UI="Q000503" MajorTopicYN="N">physiopathology</QualifierName>
            </MeshHeading>
            <MeshHeading>
                <DescriptorName UI="D009915" MajorTopicYN="N">Orbit</DescriptorName>
                <QualifierName UI="Q000000981" MajorTopicYN="N">diagnostic imaging</QualifierName>
            </MeshHeading>
            <MeshHeading>
                <DescriptorName UI="D011446" MajorTopicYN="N">Prospective Studies</DescriptorName>
            </MeshHeading>
            <MeshHeading>
                <DescriptorName UI="D012039" MajorTopicYN="N">Regional Blood Flow</DescriptorName>
                <QualifierName UI="Q000502" MajorTopicYN="Y">physiology</QualifierName>
            </MeshHeading>
            <MeshHeading>
                <DescriptorName UI="D015203" MajorTopicYN="N">Reproducibility of Results</DescriptorName>
            </MeshHeading>
            <MeshHeading>
                <DescriptorName UI="D012161" MajorTopicYN="N">Retinal Artery</DescriptorName>
                <QualifierName UI="Q000000981" MajorTopicYN="Y">diagnostic imaging</QualifierName>
                <QualifierName UI="Q000503" MajorTopicYN="N">physiopathology</QualifierName>
            </MeshHeading>
            <MeshHeading>
                <DescriptorName UI="D018615" MajorTopicYN="N">Ultrasonography, Doppler, Color</DescriptorName>
                <QualifierName UI="Q000379" MajorTopicYN="Y">methods</QualifierName>
            </MeshHeading>
            <MeshHeading>
                <DescriptorName UI="D014794" MajorTopicYN="N">Visual Fields</DescriptorName>
            </MeshHeading>
        </MeshHeadingList>
        <KeywordList Owner="NOTNLM">
            <Keyword MajorTopicYN="N">color Doppler imaging</Keyword>
            <Keyword MajorTopicYN="N">ophthalmic artery</Keyword>
            <Keyword MajorTopicYN="N">primary open angle glaucoma</Keyword>
            <Keyword MajorTopicYN="N">visual field loss</Keyword>
        </KeywordList>
    </MedlineCitation>
    <PubmedData>
        <History>
            <PubMedPubDate PubStatus="received">
                <Year>2012</Year>
                <Month>12</Month>
                <Day>18</Day>
            </PubMedPubDate>
            <PubMedPubDate PubStatus="revised">
                <Year>2014</Year>
                <Month>01</Month>
                <Day>12</Day>
            </PubMedPubDate>
            <PubMedPubDate PubStatus="accepted">
                <Year>2014</Year>
                <Month>05</Month>
                <Day>06</Day>
            </PubMedPubDate>
            <PubMedPubDate PubStatus="entrez">
                <Year>2014</Year>
                <Month>6</Month>
                <Day>6</Day>
                <Hour>6</Hour>
                <Minute>0</Minute>
            </PubMedPubDate>
            <PubMedPubDate PubStatus="pubmed">
                <Year>2014</Year>
                <Month>6</Month>
                <Day>6</Day>
                <Hour>6</Hour>
                <Minute>0</Minute>
            </PubMedPubDate>
            <PubMedPubDate PubStatus="medline">
                <Year>2015</Year>
                <Month>5</Month>
                <Day>27</Day>
                <Hour>6</Hour>
                <Minute>0</Minute>
            </PubMedPubDate>
        </History>
        <PublicationStatus>ppublish</PublicationStatus>
        <ArticleIdList>
            <ArticleId IdType="pubmed">24898117</ArticleId>
            <ArticleId IdType="doi">10.1002/jcu.22175</ArticleId>
        </ArticleIdList>
    </PubmedData>
</PubmedArticle>

</PubmedArticleSet>