<?xml version="1.0" ?>
<!DOCTYPE PubmedArticleSet PUBLIC "-//NLM//DTD PubMedArticle, 1st January 2019//EN" "https://dtd.nlm.nih.gov/ncbi/pubmed/out/pubmed_190101.dtd">
<PubmedArticleSet>
<PubmedArticle>
    <MedlineCitation Status="MEDLINE" Owner="NLM">
        <PMID Version="1">7520147</PMID>
        <DateCompleted>
            <Year>1994</Year>
            <Month>09</Month>
            <Day>12</Day>
        </DateCompleted>
        <DateRevised>
            <Year>2019</Year>
            <Month>07</Month>
            <Day>26</Day>
        </DateRevised>
        <Article PubModel="Print">
            <Journal>
                <ISSN IssnType="Print">0161-6420</ISSN>
                <JournalIssue CitedMedium="Print">
                    <Volume>101</Volume>
                    <Issue>8</Issue>
                    <PubDate>
                        <Year>1994</Year>
                        <Month>Aug</Month>
                    </PubDate>
                </JournalIssue>
                <Title>Ophthalmology</Title>
                <ISOAbbreviation>Ophthalmology</ISOAbbreviation>
            </Journal>
            <ArticleTitle>Central retinal vein occlusion, an investigation by color Doppler imaging. Blood velocity characteristics and prediction of iris neovascularization.</ArticleTitle>
            <Pagination>
                <MedlinePgn>1362-72</MedlinePgn>
            </Pagination>
            <Abstract>
                <AbstractText Label="PURPOSE" NlmCategory="OBJECTIVE">To determine pulsatile blood velocities in the orbital vasculature in patients with central retinal vein occlusion (CRVO).</AbstractText>
                <AbstractText Label="METHODS" NlmCategory="METHODS">The ophthalmic artery, central retinal artery, and vein of 80 patients with CRVO and 95 control subjects were investigated by color Doppler imaging. The patients were examined by ophthalmoscopy, relative afferent pupillary measurement using cross-polarized filters, fundus fluorescein angiography, and electroretinography to estimate the degree of retinal ischemia.</AbstractText>
                <AbstractText Label="RESULTS" NlmCategory="RESULTS">Blood flow velocities in the central retinal vein and artery of eyes with CRVO were significantly lower than in fellow eyes and controls. The measurements from the vein were most reduced and in some cases absent in those eyes with &quot;ischemic&quot; CRVO. Velocities also were reduced in the central retinal artery of the affected eyes, but no correlation with &quot;ischemia&quot; was detected. The risk of iris neovascularization in patients examined within 3 months of onset of CRVO can be determined from the flow velocities with a high degree of predictability (75% sensitivity and 86% specificity).</AbstractText>
                <AbstractText Label="CONCLUSIONS" NlmCategory="CONCLUSIONS">Blood velocity was reduced in the retinal circulation of patients with CRVO and reduced even further in the &quot;ischemic&quot; variant of CRVO. The results indicate that noninvasive color Doppler imaging could play a major part in the routine assessment of patients with CRVO within 3 months of onset.</AbstractText>
            </Abstract>
            <AuthorList CompleteYN="Y">
                <Author ValidYN="Y">
                    <LastName>Williamson</LastName>
                    <ForeName>T H</ForeName>
                    <Initials>TH</Initials>
                    <AffiliationInfo>
                        <Affiliation>Tennent Institute of Ophthalmology, Western Infirmary, Glasgow, Scotland.</Affiliation>
                    </AffiliationInfo>
                </Author>
                <Author ValidYN="Y">
                    <LastName>Baxter</LastName>
                    <ForeName>G M</ForeName>
                    <Initials>GM</Initials>
                </Author>
            </AuthorList>
            <Language>eng</Language>
            <PublicationTypeList>
                <PublicationType UI="D016428">Journal Article</PublicationType>
                <PublicationType UI="D013485">Research Support, Non-U.S. Gov't</PublicationType>
            </PublicationTypeList>
        </Article>
        <MedlineJournalInfo>
            <Country>United States</Country>
            <MedlineTA>Ophthalmology</MedlineTA>
            <NlmUniqueID>7802443</NlmUniqueID>
            <ISSNLinking>0161-6420</ISSNLinking>
        </MedlineJournalInfo>
        <CitationSubset>IM</CitationSubset>
        <MeshHeadingList>
            <MeshHeading>
                <DescriptorName UI="D000328" MajorTopicYN="N">Adult</DescriptorName>
            </MeshHeading>
            <MeshHeading>
                <DescriptorName UI="D000368" MajorTopicYN="N">Aged</DescriptorName>
            </MeshHeading>
            <MeshHeading>
                <DescriptorName UI="D000369" MajorTopicYN="N">Aged, 80 and over</DescriptorName>
            </MeshHeading>
            <MeshHeading>
                <DescriptorName UI="D001783" MajorTopicYN="N">Blood Flow Velocity</DescriptorName>
            </MeshHeading>
            <MeshHeading>
                <DescriptorName UI="D005260" MajorTopicYN="N">Female</DescriptorName>
            </MeshHeading>
            <MeshHeading>
                <DescriptorName UI="D006801" MajorTopicYN="N">Humans</DescriptorName>
            </MeshHeading>
            <MeshHeading>
                <DescriptorName UI="D007498" MajorTopicYN="N">Iris</DescriptorName>
                <QualifierName UI="Q000098" MajorTopicYN="Y">blood supply</QualifierName>
            </MeshHeading>
            <MeshHeading>
                <DescriptorName UI="D007511" MajorTopicYN="N">Ischemia</DescriptorName>
                <QualifierName UI="Q000503" MajorTopicYN="N">physiopathology</QualifierName>
            </MeshHeading>
            <MeshHeading>
                <DescriptorName UI="D008297" MajorTopicYN="N">Male</DescriptorName>
            </MeshHeading>
            <MeshHeading>
                <DescriptorName UI="D008875" MajorTopicYN="N">Middle Aged</DescriptorName>
            </MeshHeading>
            <MeshHeading>
                <DescriptorName UI="D009389" MajorTopicYN="N">Neovascularization, Pathologic</DescriptorName>
                <QualifierName UI="Q000000981" MajorTopicYN="Y">diagnostic imaging</QualifierName>
            </MeshHeading>
            <MeshHeading>
                <DescriptorName UI="D009880" MajorTopicYN="N">Ophthalmic Artery</DescriptorName>
                <QualifierName UI="Q000000981" MajorTopicYN="N">diagnostic imaging</QualifierName>
                <QualifierName UI="Q000502" MajorTopicYN="N">physiology</QualifierName>
            </MeshHeading>
            <MeshHeading>
                <DescriptorName UI="D011237" MajorTopicYN="N">Predictive Value of Tests</DescriptorName>
            </MeshHeading>
            <MeshHeading>
                <DescriptorName UI="D012170" MajorTopicYN="N">Retinal Vein Occlusion</DescriptorName>
                <QualifierName UI="Q000000981" MajorTopicYN="Y">diagnostic imaging</QualifierName>
                <QualifierName UI="Q000503" MajorTopicYN="Y">physiopathology</QualifierName>
            </MeshHeading>
            <MeshHeading>
                <DescriptorName UI="D012171" MajorTopicYN="N">Retinal Vessels</DescriptorName>
                <QualifierName UI="Q000000981" MajorTopicYN="N">diagnostic imaging</QualifierName>
                <QualifierName UI="Q000502" MajorTopicYN="N">physiology</QualifierName>
            </MeshHeading>
            <MeshHeading>
                <DescriptorName UI="D012307" MajorTopicYN="N">Risk Factors</DescriptorName>
            </MeshHeading>
            <MeshHeading>
                <DescriptorName UI="D012680" MajorTopicYN="N">Sensitivity and Specificity</DescriptorName>
            </MeshHeading>
            <MeshHeading>
                <DescriptorName UI="D014463" MajorTopicYN="N">Ultrasonography</DescriptorName>
                <QualifierName UI="Q000379" MajorTopicYN="N">methods</QualifierName>
            </MeshHeading>
            <MeshHeading>
                <DescriptorName UI="D014792" MajorTopicYN="N">Visual Acuity</DescriptorName>
            </MeshHeading>
        </MeshHeadingList>
    </MedlineCitation>
    <PubmedData>
        <History>
            <PubMedPubDate PubStatus="pubmed">
                <Year>1994</Year>
                <Month>8</Month>
                <Day>1</Day>
            </PubMedPubDate>
            <PubMedPubDate PubStatus="medline">
                <Year>1994</Year>
                <Month>8</Month>
                <Day>1</Day>
                <Hour>0</Hour>
                <Minute>1</Minute>
            </PubMedPubDate>
            <PubMedPubDate PubStatus="entrez">
                <Year>1994</Year>
                <Month>8</Month>
                <Day>1</Day>
                <Hour>0</Hour>
                <Minute>0</Minute>
            </PubMedPubDate>
        </History>
        <PublicationStatus>ppublish</PublicationStatus>
        <ArticleIdList>
            <ArticleId IdType="pubmed">7520147</ArticleId>
            <ArticleId IdType="pii">S0161-6420(94)31173-0</ArticleId>
            <ArticleId IdType="doi">10.1016/s0161-6420(94)31173-0</ArticleId>
        </ArticleIdList>
    </PubmedData>
</PubmedArticle>

</PubmedArticleSet>