<?xml version="1.0" ?>
<!DOCTYPE PubmedArticleSet PUBLIC "-//NLM//DTD PubMedArticle, 1st January 2019//EN" "https://dtd.nlm.nih.gov/ncbi/pubmed/out/pubmed_190101.dtd">
<PubmedArticleSet>
<PubmedArticle>
    <MedlineCitation Status="MEDLINE" Owner="NLM">
        <PMID Version="1">8342197</PMID>
        <DateCompleted>
            <Year>1993</Year>
            <Month>08</Month>
            <Day>31</Day>
        </DateCompleted>
        <DateRevised>
            <Year>2019</Year>
            <Month>07</Month>
            <Day>27</Day>
        </DateRevised>
        <Article PubModel="Print">
            <Journal>
                <ISSN IssnType="Print">0039-2499</ISSN>
                <JournalIssue CitedMedium="Print">
                    <Volume>24</Volume>
                    <Issue>8</Issue>
                    <PubDate>
                        <Year>1993</Year>
                        <Month>Aug</Month>
                    </PubDate>
                </JournalIssue>
                <Title>Stroke</Title>
                <ISOAbbreviation>Stroke</ISOAbbreviation>
            </Journal>
            <ArticleTitle>Color Doppler imaging of orbital arteries for detection of carotid occlusive disease.</ArticleTitle>
            <Pagination>
                <MedlinePgn>1196-203</MedlinePgn>
            </Pagination>
            <Abstract>
                <AbstractText Label="BACKGROUND AND PURPOSE" NlmCategory="OBJECTIVE">Distal to a hemodynamically significant stenosis, the Doppler effect becomes dampened. Thus, measuring the flow profile in the ophthalmic artery and the central retinal artery with color Doppler imaging may provide hemodynamic information about the carotid circulation.</AbstractText>
                <AbstractText Label="METHODS" NlmCategory="METHODS">To validate the flow profile measurement with color Doppler imaging in the ophthalmic and central retinal arteries and to determine the sensitivity and specificity of this examination in the detection of hemodynamically significant carotid stenosis, we compared color Doppler imaging examinations with ocular pneumoplethysmography and ophthalmodynamometry examinations in 66 patients with atherothrombotic ischemic cerebrovascular disease. The degree of carotid stenosis in these patients was determined by a duplex scan with color Doppler imaging, and 57 patients underwent angiography to verify the stenosis.</AbstractText>
                <AbstractText Label="RESULTS" NlmCategory="RESULTS">The flow velocities (systolic peak velocity and end-diastolic velocity) and pulsatility indices (A/B ratio and resistance index) in the ophthalmic and central retinal arteries decreased as the degree of carotid stenosis increased. There is a statistically significant difference in the mean of systolic peak velocity and the mean of end-diastolic velocity of the ophthalmic and central retinal arteries among groups with various degrees of carotid stenosis (P &lt; .02). Using the flow velocities of the ophthalmic and central retinal arteries to diagnose carotid stenosis (&gt; or = 75% stenosis and occlusion), 8 cm/s for systolic peak velocity in the central retinal artery and 29 cm/s for systolic peak velocity plus flow direction reversal in the ophthalmic artery gave the maximum accuracy (sensitivities, 84% and 85.7% and specificities, 89.6% and 81.7%, respectively). The systolic peak velocity in the central retinal artery varied directly with the systolic pressure of the ophthalmic and central retinal arteries.</AbstractText>
                <AbstractText Label="CONCLUSIONS" NlmCategory="CONCLUSIONS">The flow velocity and pulsatility in orbital arteries examined by color Doppler imaging provide further hemodynamic information; this test can be used to complement current sonographic examination of carotid disease.</AbstractText>
            </Abstract>
            <AuthorList CompleteYN="Y">
                <Author ValidYN="Y">
                    <LastName>Hu</LastName>
                    <ForeName>H H</ForeName>
                    <Initials>HH</Initials>
                    <AffiliationInfo>
                        <Affiliation>Department of Neurology, Taipei Veterans General Hospital, Yang-Ming Medical College, Taiwan, Republic of China.</Affiliation>
                    </AffiliationInfo>
                </Author>
                <Author ValidYN="Y">
                    <LastName>Sheng</LastName>
                    <ForeName>W Y</ForeName>
                    <Initials>WY</Initials>
                </Author>
                <Author ValidYN="Y">
                    <LastName>Yen</LastName>
                    <ForeName>M Y</ForeName>
                    <Initials>MY</Initials>
                </Author>
                <Author ValidYN="Y">
                    <LastName>Lai</LastName>
                    <ForeName>S T</ForeName>
                    <Initials>ST</Initials>
                </Author>
                <Author ValidYN="Y">
                    <LastName>Teng</LastName>
                    <ForeName>M M</ForeName>
                    <Initials>MM</Initials>
                </Author>
            </AuthorList>
            <Language>eng</Language>
            <PublicationTypeList>
                <PublicationType UI="D016428">Journal Article</PublicationType>
                <PublicationType UI="D013485">Research Support, Non-U.S. Gov't</PublicationType>
            </PublicationTypeList>
        </Article>
        <MedlineJournalInfo>
            <Country>United States</Country>
            <MedlineTA>Stroke</MedlineTA>
            <NlmUniqueID>0235266</NlmUniqueID>
            <ISSNLinking>0039-2499</ISSNLinking>
        </MedlineJournalInfo>
        <CitationSubset>IM</CitationSubset>
        <MeshHeadingList>
            <MeshHeading>
                <DescriptorName UI="D000368" MajorTopicYN="N">Aged</DescriptorName>
            </MeshHeading>
            <MeshHeading>
                <DescriptorName UI="D001157" MajorTopicYN="N">Arterial Occlusive Diseases</DescriptorName>
                <QualifierName UI="Q000175" MajorTopicYN="N">diagnosis</QualifierName>
                <QualifierName UI="Q000000981" MajorTopicYN="Y">diagnostic imaging</QualifierName>
                <QualifierName UI="Q000503" MajorTopicYN="N">physiopathology</QualifierName>
            </MeshHeading>
            <MeshHeading>
                <DescriptorName UI="D001783" MajorTopicYN="N">Blood Flow Velocity</DescriptorName>
            </MeshHeading>
            <MeshHeading>
                <DescriptorName UI="D001794" MajorTopicYN="N">Blood Pressure</DescriptorName>
            </MeshHeading>
            <MeshHeading>
                <DescriptorName UI="D002340" MajorTopicYN="N">Carotid Artery Diseases</DescriptorName>
                <QualifierName UI="Q000175" MajorTopicYN="N">diagnosis</QualifierName>
                <QualifierName UI="Q000000981" MajorTopicYN="Y">diagnostic imaging</QualifierName>
                <QualifierName UI="Q000503" MajorTopicYN="N">physiopathology</QualifierName>
            </MeshHeading>
            <MeshHeading>
                <DescriptorName UI="D005260" MajorTopicYN="N">Female</DescriptorName>
            </MeshHeading>
            <MeshHeading>
                <DescriptorName UI="D006801" MajorTopicYN="N">Humans</DescriptorName>
            </MeshHeading>
            <MeshHeading>
                <DescriptorName UI="D008297" MajorTopicYN="N">Male</DescriptorName>
            </MeshHeading>
            <MeshHeading>
                <DescriptorName UI="D008875" MajorTopicYN="N">Middle Aged</DescriptorName>
            </MeshHeading>
            <MeshHeading>
                <DescriptorName UI="D009880" MajorTopicYN="N">Ophthalmic Artery</DescriptorName>
                <QualifierName UI="Q000000981" MajorTopicYN="Y">diagnostic imaging</QualifierName>
                <QualifierName UI="Q000503" MajorTopicYN="N">physiopathology</QualifierName>
            </MeshHeading>
            <MeshHeading>
                <DescriptorName UI="D009884" MajorTopicYN="N">Ophthalmodynamometry</DescriptorName>
            </MeshHeading>
            <MeshHeading>
                <DescriptorName UI="D009915" MajorTopicYN="N">Orbit</DescriptorName>
                <QualifierName UI="Q000098" MajorTopicYN="Y">blood supply</QualifierName>
            </MeshHeading>
            <MeshHeading>
                <DescriptorName UI="D010991" MajorTopicYN="N">Plethysmography</DescriptorName>
            </MeshHeading>
            <MeshHeading>
                <DescriptorName UI="D012161" MajorTopicYN="N">Retinal Artery</DescriptorName>
                <QualifierName UI="Q000503" MajorTopicYN="N">physiopathology</QualifierName>
                <QualifierName UI="Q000648" MajorTopicYN="Y">ultrastructure</QualifierName>
            </MeshHeading>
            <MeshHeading>
                <DescriptorName UI="D014463" MajorTopicYN="N">Ultrasonography</DescriptorName>
            </MeshHeading>
        </MeshHeadingList>
    </MedlineCitation>
    <PubmedData>
        <History>
            <PubMedPubDate PubStatus="pubmed">
                <Year>1993</Year>
                <Month>8</Month>
                <Day>1</Day>
            </PubMedPubDate>
            <PubMedPubDate PubStatus="medline">
                <Year>1993</Year>
                <Month>8</Month>
                <Day>1</Day>
                <Hour>0</Hour>
                <Minute>1</Minute>
            </PubMedPubDate>
            <PubMedPubDate PubStatus="entrez">
                <Year>1993</Year>
                <Month>8</Month>
                <Day>1</Day>
                <Hour>0</Hour>
                <Minute>0</Minute>
            </PubMedPubDate>
        </History>
        <PublicationStatus>ppublish</PublicationStatus>
        <ArticleIdList>
            <ArticleId IdType="pubmed">8342197</ArticleId>
            <ArticleId IdType="doi">10.1161/01.str.24.8.1196</ArticleId>
        </ArticleIdList>
    </PubmedData>
</PubmedArticle>

</PubmedArticleSet>