<?xml version="1.0" ?>
<!DOCTYPE PubmedArticleSet PUBLIC "-//NLM//DTD PubMedArticle, 1st January 2019//EN" "https://dtd.nlm.nih.gov/ncbi/pubmed/out/pubmed_190101.dtd">
<PubmedArticleSet>
<PubmedArticle>
    <MedlineCitation Status="MEDLINE" Owner="NLM">
        <PMID Version="1">9805302</PMID>
        <DateCompleted>
            <Year>1999</Year>
            <Month>01</Month>
            <Day>20</Day>
        </DateCompleted>
        <DateRevised>
            <Year>2019</Year>
            <Month>07</Month>
            <Day>25</Day>
        </DateRevised>
        <Article PubModel="Print">
            <Journal>
                <ISSN IssnType="Print">0278-4297</ISSN>
                <JournalIssue CitedMedium="Print">
                    <Volume>17</Volume>
                    <Issue>11</Issue>
                    <PubDate>
                        <Year>1998</Year>
                        <Month>Nov</Month>
                    </PubDate>
                </JournalIssue>
                <Title>Journal of ultrasound in medicine : official journal of the American Institute of Ultrasound in Medicine</Title>
                <ISOAbbreviation>J Ultrasound Med</ISOAbbreviation>
            </Journal>
            <ArticleTitle>Ocular arterial flow hemodynamics in patients with diabetes mellitus.</ArticleTitle>
            <Pagination>
                <MedlinePgn>675-81</MedlinePgn>
            </Pagination>
            <Abstract>
                <AbstractText>The purpose of this study was to investigate ocular blood flow hemodynamics in patients with diabetes mellitus. We used color Doppler sonography, in 22 normal subjects and 52 patients with (n = 25) or without (n = 27) diabetic retinopathy, to determine blood flow velocities and the resistive index of the central retinal artery. The resistive index of the central retinal artery in patients with diabetic retinopathy (0.85 +/- 0.09) was significantly greater (P &lt; 0.01) than that in normal subjects (0.72 +/- 0.08) and in patients without diabetic retinopathy (0.81 +/- 0.09). The resistive index of the central retinal artery in the patients without diabetic retinopathy was also significantly greater than that of normal subjects (P &lt; 0.01). The resistive index of ocular arterial flow was increased in the patients with diabetes mellitus and further increased in the presence of retinopathy. Increased resistance in the peripheral ocular vascular bed contributes to diabetic retinopathy, and this change is present before the appearance of overt diabetic retinopathy.</AbstractText>
            </Abstract>
            <AuthorList CompleteYN="Y">
                <Author ValidYN="Y">
                    <LastName>Arai</LastName>
                    <ForeName>T</ForeName>
                    <Initials>T</Initials>
                    <AffiliationInfo>
                        <Affiliation>Third Department of Internal Medicine, Yokohama City University School of Medicine, Japan.</Affiliation>
                    </AffiliationInfo>
                </Author>
                <Author ValidYN="Y">
                    <LastName>Numata</LastName>
                    <ForeName>K</ForeName>
                    <Initials>K</Initials>
                </Author>
                <Author ValidYN="Y">
                    <LastName>Tanaka</LastName>
                    <ForeName>K</ForeName>
                    <Initials>K</Initials>
                </Author>
                <Author ValidYN="Y">
                    <LastName>Kiba</LastName>
                    <ForeName>T</ForeName>
                    <Initials>T</Initials>
                </Author>
                <Author ValidYN="Y">
                    <LastName>Kawasaki</LastName>
                    <ForeName>S</ForeName>
                    <Initials>S</Initials>
                </Author>
                <Author ValidYN="Y">
                    <LastName>Saito</LastName>
                    <ForeName>T</ForeName>
                    <Initials>T</Initials>
                </Author>
                <Author ValidYN="Y">
                    <LastName>Satoh</LastName>
                    <ForeName>S</ForeName>
                    <Initials>S</Initials>
                </Author>
                <Author ValidYN="Y">
                    <LastName>Sekihara</LastName>
                    <ForeName>H</ForeName>
                    <Initials>H</Initials>
                </Author>
            </AuthorList>
            <Language>eng</Language>
            <PublicationTypeList>
                <PublicationType UI="D003160">Comparative Study</PublicationType>
                <PublicationType UI="D016428">Journal Article</PublicationType>
                <PublicationType UI="D013485">Research Support, Non-U.S. Gov't</PublicationType>
            </PublicationTypeList>
        </Article>
        <MedlineJournalInfo>
            <Country>England</Country>
            <MedlineTA>J Ultrasound Med</MedlineTA>
            <NlmUniqueID>8211547</NlmUniqueID>
            <ISSNLinking>0278-4297</ISSNLinking>
        </MedlineJournalInfo>
        <CitationSubset>IM</CitationSubset>
        <MeshHeadingList>
            <MeshHeading>
                <DescriptorName UI="D001783" MajorTopicYN="N">Blood Flow Velocity</DescriptorName>
            </MeshHeading>
            <MeshHeading>
                <DescriptorName UI="D003924" MajorTopicYN="N">Diabetes Mellitus, Type 2</DescriptorName>
                <QualifierName UI="Q000503" MajorTopicYN="Y">physiopathology</QualifierName>
            </MeshHeading>
            <MeshHeading>
                <DescriptorName UI="D003930" MajorTopicYN="N">Diabetic Retinopathy</DescriptorName>
                <QualifierName UI="Q000000981" MajorTopicYN="N">diagnostic imaging</QualifierName>
                <QualifierName UI="Q000503" MajorTopicYN="Y">physiopathology</QualifierName>
                <QualifierName UI="Q000601" MajorTopicYN="N">surgery</QualifierName>
            </MeshHeading>
            <MeshHeading>
                <DescriptorName UI="D005260" MajorTopicYN="N">Female</DescriptorName>
            </MeshHeading>
            <MeshHeading>
                <DescriptorName UI="D006801" MajorTopicYN="N">Humans</DescriptorName>
            </MeshHeading>
            <MeshHeading>
                <DescriptorName UI="D017075" MajorTopicYN="N">Laser Coagulation</DescriptorName>
            </MeshHeading>
            <MeshHeading>
                <DescriptorName UI="D008297" MajorTopicYN="N">Male</DescriptorName>
            </MeshHeading>
            <MeshHeading>
                <DescriptorName UI="D008875" MajorTopicYN="N">Middle Aged</DescriptorName>
            </MeshHeading>
            <MeshHeading>
                <DescriptorName UI="D009880" MajorTopicYN="N">Ophthalmic Artery</DescriptorName>
                <QualifierName UI="Q000000981" MajorTopicYN="N">diagnostic imaging</QualifierName>
                <QualifierName UI="Q000503" MajorTopicYN="Y">physiopathology</QualifierName>
            </MeshHeading>
            <MeshHeading>
                <DescriptorName UI="D015203" MajorTopicYN="N">Reproducibility of Results</DescriptorName>
            </MeshHeading>
            <MeshHeading>
                <DescriptorName UI="D012161" MajorTopicYN="N">Retinal Artery</DescriptorName>
                <QualifierName UI="Q000000981" MajorTopicYN="N">diagnostic imaging</QualifierName>
                <QualifierName UI="Q000503" MajorTopicYN="Y">physiopathology</QualifierName>
            </MeshHeading>
            <MeshHeading>
                <DescriptorName UI="D012680" MajorTopicYN="N">Sensitivity and Specificity</DescriptorName>
            </MeshHeading>
            <MeshHeading>
                <DescriptorName UI="D018615" MajorTopicYN="N">Ultrasonography, Doppler, Color</DescriptorName>
            </MeshHeading>
        </MeshHeadingList>
    </MedlineCitation>
    <PubmedData>
        <History>
            <PubMedPubDate PubStatus="pubmed">
                <Year>1998</Year>
                <Month>11</Month>
                <Day>7</Day>
            </PubMedPubDate>
            <PubMedPubDate PubStatus="medline">
                <Year>1998</Year>
                <Month>11</Month>
                <Day>7</Day>
                <Hour>0</Hour>
                <Minute>1</Minute>
            </PubMedPubDate>
            <PubMedPubDate PubStatus="entrez">
                <Year>1998</Year>
                <Month>11</Month>
                <Day>7</Day>
                <Hour>0</Hour>
                <Minute>0</Minute>
            </PubMedPubDate>
        </History>
        <PublicationStatus>ppublish</PublicationStatus>
        <ArticleIdList>
            <ArticleId IdType="pubmed">9805302</ArticleId>
            <ArticleId IdType="doi">10.7863/jum.1998.17.11.675</ArticleId>
        </ArticleIdList>
    </PubmedData>
</PubmedArticle>

</PubmedArticleSet>