<?xml version="1.0" ?>
<!DOCTYPE PubmedArticleSet PUBLIC "-//NLM//DTD PubMedArticle, 1st January 2019//EN" "https://dtd.nlm.nih.gov/ncbi/pubmed/out/pubmed_190101.dtd">
<PubmedArticleSet>
<PubmedArticle>
    <MedlineCitation Status="MEDLINE" Owner="NLM">
        <PMID Version="1">9230826</PMID>
        <DateCompleted>
            <Year>1997</Year>
            <Month>08</Month>
            <Day>21</Day>
        </DateCompleted>
        <DateRevised>
            <Year>2019</Year>
            <Month>07</Month>
            <Day>04</Day>
        </DateRevised>
        <Article PubModel="Print">
            <Journal>
                <ISSN IssnType="Print">0003-9950</ISSN>
                <JournalIssue CitedMedium="Print">
                    <Volume>115</Volume>
                    <Issue>7</Issue>
                    <PubDate>
                        <Year>1997</Year>
                        <Month>Jul</Month>
                    </PubDate>
                </JournalIssue>
                <Title>Archives of ophthalmology (Chicago, Ill. : 1960)</Title>
                <ISOAbbreviation>Arch Ophthalmol</ISOAbbreviation>
            </Journal>
            <ArticleTitle>Interferon alfa-2a is ineffective for patients with choroidal neovascularization secondary to age-related macular degeneration. Results of a prospective randomized placebo-controlled clinical trial. Pharmacological Therapy for Macular Degeneration Study Group.</ArticleTitle>
            <Pagination>
                <MedlinePgn>865-72</MedlinePgn>
            </Pagination>
            <Abstract>
                <AbstractText Label="BACKGROUND" NlmCategory="BACKGROUND">Interferon alfa-2a has been shown to be effective as an antiangiogenic agent for several systemic human angiogenic disorders and has shown antiangiogenic activity in the laboratory.</AbstractText>
                <AbstractText Label="OBJECTIVE" NlmCategory="OBJECTIVE">To evaluate the safety and efficacy of interferon alfa-2a for the treatment of choroidal neovascularization secondary to age-related macular degeneration.</AbstractText>
                <AbstractText Label="METHODS" NlmCategory="METHODS">A randomized, placebo-controlled, parallel, multicenter double-blind trial was performed at 45 ophthalmic centers worldwide. Four hundred eighty-one patients were randomly assigned to 4 treatment groups: placebo or interferon alfa-2a (Roferon-A), 1.5, 3.0, or 6.0 million international units (MIU). Visual acuity testing, clinical examination, fluorescein angiography, and indocyanine green angiography were evaluated, with the primary end point being a comparison of the number of patients who experienced a loss of 3 lines or more of vision at 1 year.</AbstractText>
                <AbstractText Label="RESULTS" NlmCategory="RESULTS">At 52 weeks, 40 (38%; 95% confidence interval, 29%-48%) of 105 placebo-treated patients had lost at least 3 lines of vision (with 12% unavailable for follow-up), compared with 142 (50%; 95% confidence interval, 44%-55%) of 286 in the 3 active treatment groups combined. The difference in proportions was not statistically significant. However, a pairwise comparison of these proportions for the placebo group vs the group that received interferon alfa-2a, 6 MIU (with 26% unavailable for follow-up), showed a statistically significant difference in favor of the placebo group (P = .02) and a nearly significant difference for the placebo vs the 1.5-MIU group (P = .05) (with 16% unavailable for follow-up), again favoring the placebo group. The 3-MIU group (with 22% unavailable for follow-up) did not show a statistically significant difference in pairwise comparison (P = .48), suggesting that a dose-response relationship was not evident.</AbstractText>
                <AbstractText Label="CONCLUSION" NlmCategory="CONCLUSIONS">Interferon alfa-2a provides no benefit as a treatment for choroidal neovascularization secondary to age-related macular degeneration and may be associated with a poorer visual outcome when given at a dose of 6 MIU. However, the absence of a clear dose-response relationship raises the possibility that the observed differences result from chance.</AbstractText>
            </Abstract>
            <Language>eng</Language>
            <PublicationTypeList>
                <PublicationType UI="D016430">Clinical Trial</PublicationType>
                <PublicationType UI="D003160">Comparative Study</PublicationType>
                <PublicationType UI="D016428">Journal Article</PublicationType>
                <PublicationType UI="D016448">Multicenter Study</PublicationType>
                <PublicationType UI="D016449">Randomized Controlled Trial</PublicationType>
                <PublicationType UI="D013485">Research Support, Non-U.S. Gov't</PublicationType>
            </PublicationTypeList>
        </Article>
        <MedlineJournalInfo>
            <Country>United States</Country>
            <MedlineTA>Arch Ophthalmol</MedlineTA>
            <NlmUniqueID>7706534</NlmUniqueID>
            <ISSNLinking>0003-9950</ISSNLinking>
        </MedlineJournalInfo>
        <ChemicalList>
            <Chemical>
                <RegistryNumber>0</RegistryNumber>
                <NameOfSubstance UI="D000970">Antineoplastic Agents</NameOfSubstance>
            </Chemical>
            <Chemical>
                <RegistryNumber>0</RegistryNumber>
                <NameOfSubstance UI="D000077190">Interferon alpha-2</NameOfSubstance>
            </Chemical>
            <Chemical>
                <RegistryNumber>0</RegistryNumber>
                <NameOfSubstance UI="D016898">Interferon-alpha</NameOfSubstance>
            </Chemical>
            <Chemical>
                <RegistryNumber>0</RegistryNumber>
                <NameOfSubstance UI="D011994">Recombinant Proteins</NameOfSubstance>
            </Chemical>
        </ChemicalList>
        <CitationSubset>AIM</CitationSubset>
        <CitationSubset>IM</CitationSubset>
        <CommentsCorrectionsList>
            <CommentsCorrections RefType="CommentIn">
                <RefSource>Arch Ophthalmol. 1997 Jul;115(7):915-6</RefSource>
                <PMID Version="1">9230835</PMID>
            </CommentsCorrections>
        </CommentsCorrectionsList>
        <MeshHeadingList>
            <MeshHeading>
                <DescriptorName UI="D000368" MajorTopicYN="N">Aged</DescriptorName>
            </MeshHeading>
            <MeshHeading>
                <DescriptorName UI="D000369" MajorTopicYN="N">Aged, 80 and over</DescriptorName>
            </MeshHeading>
            <MeshHeading>
                <DescriptorName UI="D000970" MajorTopicYN="N">Antineoplastic Agents</DescriptorName>
                <QualifierName UI="Q000627" MajorTopicYN="Y">therapeutic use</QualifierName>
            </MeshHeading>
            <MeshHeading>
                <DescriptorName UI="D002829" MajorTopicYN="N">Choroid</DescriptorName>
                <QualifierName UI="Q000098" MajorTopicYN="Y">blood supply</QualifierName>
            </MeshHeading>
            <MeshHeading>
                <DescriptorName UI="D015862" MajorTopicYN="N">Choroid Diseases</DescriptorName>
                <QualifierName UI="Q000175" MajorTopicYN="N">diagnosis</QualifierName>
                <QualifierName UI="Q000209" MajorTopicYN="N">etiology</QualifierName>
                <QualifierName UI="Q000628" MajorTopicYN="Y">therapy</QualifierName>
            </MeshHeading>
            <MeshHeading>
                <DescriptorName UI="D018450" MajorTopicYN="N">Disease Progression</DescriptorName>
            </MeshHeading>
            <MeshHeading>
                <DescriptorName UI="D004305" MajorTopicYN="N">Dose-Response Relationship, Drug</DescriptorName>
            </MeshHeading>
            <MeshHeading>
                <DescriptorName UI="D004311" MajorTopicYN="N">Double-Blind Method</DescriptorName>
            </MeshHeading>
            <MeshHeading>
                <DescriptorName UI="D005260" MajorTopicYN="N">Female</DescriptorName>
            </MeshHeading>
            <MeshHeading>
                <DescriptorName UI="D005451" MajorTopicYN="N">Fluorescein Angiography</DescriptorName>
            </MeshHeading>
            <MeshHeading>
                <DescriptorName UI="D005500" MajorTopicYN="N">Follow-Up Studies</DescriptorName>
            </MeshHeading>
            <MeshHeading>
                <DescriptorName UI="D005654" MajorTopicYN="N">Fundus Oculi</DescriptorName>
            </MeshHeading>
            <MeshHeading>
                <DescriptorName UI="D006801" MajorTopicYN="N">Humans</DescriptorName>
            </MeshHeading>
            <MeshHeading>
                <DescriptorName UI="D000077190" MajorTopicYN="N">Interferon alpha-2</DescriptorName>
            </MeshHeading>
            <MeshHeading>
                <DescriptorName UI="D016898" MajorTopicYN="N">Interferon-alpha</DescriptorName>
                <QualifierName UI="Q000627" MajorTopicYN="Y">therapeutic use</QualifierName>
            </MeshHeading>
            <MeshHeading>
                <DescriptorName UI="D008268" MajorTopicYN="N">Macular Degeneration</DescriptorName>
                <QualifierName UI="Q000150" MajorTopicYN="Y">complications</QualifierName>
                <QualifierName UI="Q000175" MajorTopicYN="N">diagnosis</QualifierName>
            </MeshHeading>
            <MeshHeading>
                <DescriptorName UI="D008297" MajorTopicYN="N">Male</DescriptorName>
            </MeshHeading>
            <MeshHeading>
                <DescriptorName UI="D008875" MajorTopicYN="N">Middle Aged</DescriptorName>
            </MeshHeading>
            <MeshHeading>
                <DescriptorName UI="D009389" MajorTopicYN="N">Neovascularization, Pathologic</DescriptorName>
                <QualifierName UI="Q000175" MajorTopicYN="N">diagnosis</QualifierName>
                <QualifierName UI="Q000209" MajorTopicYN="N">etiology</QualifierName>
                <QualifierName UI="Q000628" MajorTopicYN="Y">therapy</QualifierName>
            </MeshHeading>
            <MeshHeading>
                <DescriptorName UI="D011994" MajorTopicYN="N">Recombinant Proteins</DescriptorName>
            </MeshHeading>
            <MeshHeading>
                <DescriptorName UI="D012449" MajorTopicYN="N">Safety</DescriptorName>
            </MeshHeading>
            <MeshHeading>
                <DescriptorName UI="D016896" MajorTopicYN="N">Treatment Outcome</DescriptorName>
            </MeshHeading>
            <MeshHeading>
                <DescriptorName UI="D014792" MajorTopicYN="N">Visual Acuity</DescriptorName>
            </MeshHeading>
        </MeshHeadingList>
    </MedlineCitation>
    <PubmedData>
        <History>
            <PubMedPubDate PubStatus="pubmed">
                <Year>1997</Year>
                <Month>7</Month>
                <Day>1</Day>
            </PubMedPubDate>
            <PubMedPubDate PubStatus="medline">
                <Year>1997</Year>
                <Month>7</Month>
                <Day>1</Day>
                <Hour>0</Hour>
                <Minute>1</Minute>
            </PubMedPubDate>
            <PubMedPubDate PubStatus="entrez">
                <Year>1997</Year>
                <Month>7</Month>
                <Day>1</Day>
                <Hour>0</Hour>
                <Minute>0</Minute>
            </PubMedPubDate>
        </History>
        <PublicationStatus>ppublish</PublicationStatus>
        <ArticleIdList>
            <ArticleId IdType="pubmed">9230826</ArticleId>
            <ArticleId IdType="doi">10.1001/archopht.1997.01100160035005</ArticleId>
        </ArticleIdList>
    </PubmedData>
</PubmedArticle>

</PubmedArticleSet>