<?xml version="1.0" ?>
<!DOCTYPE PubmedArticleSet PUBLIC "-//NLM//DTD PubMedArticle, 1st January 2019//EN" "https://dtd.nlm.nih.gov/ncbi/pubmed/out/pubmed_190101.dtd">
<PubmedArticleSet>
<PubmedArticle>
    <MedlineCitation Status="MEDLINE" Owner="NLM">
        <PMID Version="1">11148810</PMID>
        <DateCompleted>
            <Year>2001</Year>
            <Month>02</Month>
            <Day>15</Day>
        </DateCompleted>
        <DateRevised>
            <Year>2019</Year>
            <Month>09</Month>
            <Day>06</Day>
        </DateRevised>
        <Article PubModel="Print">
            <Journal>
                <ISSN IssnType="Print">0721-832X</ISSN>
                <JournalIssue CitedMedium="Print">
                    <Volume>238</Volume>
                    <Issue>11</Issue>
                    <PubDate>
                        <Year>2000</Year>
                        <Month>Nov</Month>
                    </PubDate>
                </JournalIssue>
                <Title>Graefe's archive for clinical and experimental ophthalmology = Albrecht von Graefes Archiv fur klinische und experimentelle Ophthalmologie</Title>
                <ISOAbbreviation>Graefes Arch Clin Exp Ophthalmol</ISOAbbreviation>
            </Journal>
            <ArticleTitle>Long-term effects of timolol therapy in ocular hypertension: a double-masked, randomised trial.</ArticleTitle>
            <Pagination>
                <MedlinePgn>877-83</MedlinePgn>
            </Pagination>
            <Abstract>
                <AbstractText Label="BACKGROUND" NlmCategory="BACKGROUND">Increased intraocular pressure (IOP) has been shown to be one of the most important risk factors for developing glaucoma. Yet it has not been clearly demonstrated that IOP-lowering treatment can reduce the incidence of glaucoma damage in patients with ocular hypertension. The aim of the current paper was to report the results of a long-term study addressing this very problem.</AbstractText>
                <AbstractText Label="METHODS" NlmCategory="METHODS">We conducted a randomised, double-masked study comparing timolol and placebo treatment in 90 patients with ocular hypertension plus some additional risk factor. Patients were followed at 3-month intervals prospectively for 10 years or until glaucomatous field loss could be demonstrated with computerised perimetry. A post-study analysis was performed including all available data, thus extending maximum follow-up to 17 years.</AbstractText>
                <AbstractText Label="RESULTS" NlmCategory="RESULTS">After 5 years of follow-up eight patients in the placebo group and five patients in the timolol group had developed glaucomatous field loss (NS); the corresponding figures after 10 years were 15 patients in the placebo group and seven patients in the timolol group. Survival analysis showed a tendency but no statistically significant difference between treatment groups (P = 0.07). Study attrition was large. Eighteen patients in each group had developed glaucomatous field loss when also post-study data were included. IOP reduction was greater in eyes passing the 10-year visit without field loss (5.7 mmHg), than in those that reached an end-point (2.3 mmHg; P = 0.0002).</AbstractText>
                <AbstractText Label="CONCLUSION" NlmCategory="CONCLUSIONS">In this long-term study we found a tendency but failed to prove a beneficial effect of topical timolol treatment in patients with elevated IOP, normal visual fields and some additional risk factor. The intent-to-treat analysis showed no difference between treatment groups. The high attrition shows the difficulties associated with very long follow-up.</AbstractText>
            </Abstract>
            <AuthorList CompleteYN="Y">
                <Author ValidYN="Y">
                    <LastName>Heijl</LastName>
                    <ForeName>A</ForeName>
                    <Initials>A</Initials>
                    <AffiliationInfo>
                        <Affiliation>Department of Ophthalmology, Malmö University Hospital, 20502 Malmö, Sweden. anders.heijl@oftal.mas.lu.se</Affiliation>
                    </AffiliationInfo>
                </Author>
                <Author ValidYN="Y">
                    <LastName>Bengtsson</LastName>
                    <ForeName>B</ForeName>
                    <Initials>B</Initials>
                </Author>
            </AuthorList>
            <Language>eng</Language>
            <PublicationTypeList>
                <PublicationType UI="D016430">Clinical Trial</PublicationType>
                <PublicationType UI="D003160">Comparative Study</PublicationType>
                <PublicationType UI="D016428">Journal Article</PublicationType>
                <PublicationType UI="D016449">Randomized Controlled Trial</PublicationType>
                <PublicationType UI="D013485">Research Support, Non-U.S. Gov't</PublicationType>
            </PublicationTypeList>
        </Article>
        <MedlineJournalInfo>
            <Country>Germany</Country>
            <MedlineTA>Graefes Arch Clin Exp Ophthalmol</MedlineTA>
            <NlmUniqueID>8205248</NlmUniqueID>
            <ISSNLinking>0721-832X</ISSNLinking>
        </MedlineJournalInfo>
        <ChemicalList>
            <Chemical>
                <RegistryNumber>0</RegistryNumber>
                <NameOfSubstance UI="D000319">Adrenergic beta-Antagonists</NameOfSubstance>
            </Chemical>
            <Chemical>
                <RegistryNumber>817W3C6175</RegistryNumber>
                <NameOfSubstance UI="D013999">Timolol</NameOfSubstance>
            </Chemical>
        </ChemicalList>
        <CitationSubset>IM</CitationSubset>
        <CommentsCorrectionsList>
            <CommentsCorrections RefType="CommentIn">
                <RefSource>Graefes Arch Clin Exp Ophthalmol. 2001 Jul;239(6):462-3</RefSource>
                <PMID Version="1">11561797</PMID>
            </CommentsCorrections>
        </CommentsCorrectionsList>
        <MeshHeadingList>
            <MeshHeading>
                <DescriptorName UI="D000319" MajorTopicYN="N">Adrenergic beta-Antagonists</DescriptorName>
                <QualifierName UI="Q000627" MajorTopicYN="Y">therapeutic use</QualifierName>
            </MeshHeading>
            <MeshHeading>
                <DescriptorName UI="D004311" MajorTopicYN="N">Double-Blind Method</DescriptorName>
            </MeshHeading>
            <MeshHeading>
                <DescriptorName UI="D005260" MajorTopicYN="N">Female</DescriptorName>
            </MeshHeading>
            <MeshHeading>
                <DescriptorName UI="D005500" MajorTopicYN="N">Follow-Up Studies</DescriptorName>
            </MeshHeading>
            <MeshHeading>
                <DescriptorName UI="D006801" MajorTopicYN="N">Humans</DescriptorName>
            </MeshHeading>
            <MeshHeading>
                <DescriptorName UI="D007429" MajorTopicYN="N">Intraocular Pressure</DescriptorName>
                <QualifierName UI="Q000187" MajorTopicYN="N">drug effects</QualifierName>
            </MeshHeading>
            <MeshHeading>
                <DescriptorName UI="D008297" MajorTopicYN="N">Male</DescriptorName>
            </MeshHeading>
            <MeshHeading>
                <DescriptorName UI="D008875" MajorTopicYN="N">Middle Aged</DescriptorName>
            </MeshHeading>
            <MeshHeading>
                <DescriptorName UI="D009798" MajorTopicYN="N">Ocular Hypertension</DescriptorName>
                <QualifierName UI="Q000188" MajorTopicYN="Y">drug therapy</QualifierName>
            </MeshHeading>
            <MeshHeading>
                <DescriptorName UI="D009898" MajorTopicYN="N">Optic Disk</DescriptorName>
                <QualifierName UI="Q000473" MajorTopicYN="N">pathology</QualifierName>
            </MeshHeading>
            <MeshHeading>
                <DescriptorName UI="D011446" MajorTopicYN="N">Prospective Studies</DescriptorName>
            </MeshHeading>
            <MeshHeading>
                <DescriptorName UI="D012307" MajorTopicYN="N">Risk Factors</DescriptorName>
            </MeshHeading>
            <MeshHeading>
                <DescriptorName UI="D013999" MajorTopicYN="N">Timolol</DescriptorName>
                <QualifierName UI="Q000627" MajorTopicYN="Y">therapeutic use</QualifierName>
            </MeshHeading>
            <MeshHeading>
                <DescriptorName UI="D014065" MajorTopicYN="N">Tonometry, Ocular</DescriptorName>
            </MeshHeading>
            <MeshHeading>
                <DescriptorName UI="D016896" MajorTopicYN="N">Treatment Outcome</DescriptorName>
            </MeshHeading>
            <MeshHeading>
                <DescriptorName UI="D014794" MajorTopicYN="N">Visual Fields</DescriptorName>
            </MeshHeading>
        </MeshHeadingList>
    </MedlineCitation>
    <PubmedData>
        <History>
            <PubMedPubDate PubStatus="pubmed">
                <Year>2001</Year>
                <Month>1</Month>
                <Day>10</Day>
                <Hour>11</Hour>
                <Minute>0</Minute>
            </PubMedPubDate>
            <PubMedPubDate PubStatus="medline">
                <Year>2001</Year>
                <Month>3</Month>
                <Day>3</Day>
                <Hour>10</Hour>
                <Minute>1</Minute>
            </PubMedPubDate>
            <PubMedPubDate PubStatus="entrez">
                <Year>2001</Year>
                <Month>1</Month>
                <Day>10</Day>
                <Hour>11</Hour>
                <Minute>0</Minute>
            </PubMedPubDate>
        </History>
        <PublicationStatus>ppublish</PublicationStatus>
        <ArticleIdList>
            <ArticleId IdType="pubmed">11148810</ArticleId>
            <ArticleId IdType="doi">10.1007/s004170000189</ArticleId>
        </ArticleIdList>
    </PubmedData>
</PubmedArticle>

</PubmedArticleSet>