<?xml version="1.0" ?>
<!DOCTYPE PubmedArticleSet PUBLIC "-//NLM//DTD PubMedArticle, 1st January 2019//EN" "https://dtd.nlm.nih.gov/ncbi/pubmed/out/pubmed_190101.dtd">
<PubmedArticleSet>
<PubmedArticle>
    <MedlineCitation Status="MEDLINE" Owner="NLM">
        <PMID Version="1">12049574</PMID>
        <DateCompleted>
            <Year>2002</Year>
            <Month>06</Month>
            <Day>17</Day>
        </DateCompleted>
        <DateRevised>
            <Year>2019</Year>
            <Month>07</Month>
            <Day>04</Day>
        </DateRevised>
        <Article PubModel="Print">
            <Journal>
                <ISSN IssnType="Print">0003-9950</ISSN>
                <JournalIssue CitedMedium="Print">
                    <Volume>120</Volume>
                    <Issue>6</Issue>
                    <PubDate>
                        <Year>2002</Year>
                        <Month>Jun</Month>
                    </PubDate>
                </JournalIssue>
                <Title>Archives of ophthalmology (Chicago, Ill. : 1960)</Title>
                <ISOAbbreviation>Arch Ophthalmol</ISOAbbreviation>
            </Journal>
            <ArticleTitle>The Ocular Hypertension Treatment Study: a randomized trial determines that topical ocular hypotensive medication delays or prevents the onset of primary open-angle glaucoma.</ArticleTitle>
            <Pagination>
                <MedlinePgn>701-13; discussion 829-30</MedlinePgn>
            </Pagination>
            <Abstract>
                <AbstractText Label="BACKGROUND" NlmCategory="BACKGROUND">Primary open-angle glaucoma (POAG) is one of the leading causes of blindness in the United States and worldwide. Three to 6 million people in the United States are at increased risk for developing POAG because of elevated intraocular pressure (IOP), or ocular hypertension. There is no consensus on the efficacy of medical treatment in delaying or preventing the onset of POAG in individuals with elevated IOP. Therefore, we designed a randomized clinical trial, the Ocular Hypertension Treatment Study.</AbstractText>
                <AbstractText Label="OBJECTIVE" NlmCategory="OBJECTIVE">To determine the safety and efficacy of topical ocular hypotensive medication in delaying or preventing the onset of POAG.</AbstractText>
                <AbstractText Label="METHODS" NlmCategory="METHODS">A total of 1636 participants with no evidence of glaucomatous damage, aged 40 to 80 years, and with an IOP between 24 mm Hg and 32 mm Hg in one eye and between 21 mm Hg and 32 mm Hg in the other eye were randomized to either observation or treatment with commercially available topical ocular hypotensive medication. The goal in the medication group was to reduce the IOP by 20% or more and to reach an IOP of 24 mm Hg or less.</AbstractText>
                <AbstractText Label="MAIN OUTCOME MEASURES" NlmCategory="METHODS">The primary outcome was the development of reproducible visual field abnormality or reproducible optic disc deterioration attributed to POAG. Abnormalities were determined by masked certified readers at the reading centers, and attribution to POAG was decided by the masked Endpoint Committee.</AbstractText>
                <AbstractText Label="RESULTS" NlmCategory="RESULTS">During the course of the study, the mean +/- SD reduction in IOP in the medication group was 22.5% +/- 9.9%. The IOP declined by 4.0% +/- 11.6% in the observation group. At 60 months, the cumulative probability of developing POAG was 4.4% in the medication group and 9.5% in the observation group (hazard ratio, 0.40; 95% confidence interval, 0.27-0.59; P&lt;.0001). There was little evidence of increased systemic or ocular risk associated with ocular hypotensive medication.</AbstractText>
                <AbstractText Label="CONCLUSIONS" NlmCategory="CONCLUSIONS">Topical ocular hypotensive medication was effective in delaying or preventing the onset of POAG in individuals with elevated IOP. Although this does not imply that all patients with borderline or elevated IOP should receive medication, clinicians should consider initiating treatment for individuals with ocular hypertension who are at moderate or high risk for developing POAG.</AbstractText>
            </Abstract>
            <AuthorList CompleteYN="Y">
                <Author ValidYN="Y">
                    <LastName>Kass</LastName>
                    <ForeName>Michael A</ForeName>
                    <Initials>MA</Initials>
                    <AffiliationInfo>
                        <Affiliation>Department of Ophthalmology and Visual Sciences, Washington University School of Medicine, St Louis, MO 63110, USA.</Affiliation>
                    </AffiliationInfo>
                </Author>
                <Author ValidYN="Y">
                    <LastName>Heuer</LastName>
                    <ForeName>Dale K</ForeName>
                    <Initials>DK</Initials>
                </Author>
                <Author ValidYN="Y">
                    <LastName>Higginbotham</LastName>
                    <ForeName>Eve J</ForeName>
                    <Initials>EJ</Initials>
                </Author>
                <Author ValidYN="Y">
                    <LastName>Johnson</LastName>
                    <ForeName>Chris A</ForeName>
                    <Initials>CA</Initials>
                </Author>
                <Author ValidYN="Y">
                    <LastName>Keltner</LastName>
                    <ForeName>John L</ForeName>
                    <Initials>JL</Initials>
                </Author>
                <Author ValidYN="Y">
                    <LastName>Miller</LastName>
                    <ForeName>J Philip</ForeName>
                    <Initials>JP</Initials>
                </Author>
                <Author ValidYN="Y">
                    <LastName>Parrish</LastName>
                    <ForeName>Richard K</ForeName>
                    <Initials>RK</Initials>
                    <Suffix>2nd</Suffix>
                </Author>
                <Author ValidYN="Y">
                    <LastName>Wilson</LastName>
                    <ForeName>M Roy</ForeName>
                    <Initials>MR</Initials>
                </Author>
                <Author ValidYN="Y">
                    <LastName>Gordon</LastName>
                    <ForeName>Mae O</ForeName>
                    <Initials>MO</Initials>
                </Author>
            </AuthorList>
            <Language>eng</Language>
            <GrantList CompleteYN="Y">
                <Grant>
                    <GrantID>EY09307</GrantID>
                    <Acronym>EY</Acronym>
                    <Agency>NEI NIH HHS</Agency>
                    <Country>United States</Country>
                </Grant>
                <Grant>
                    <GrantID>EY09341</GrantID>
                    <Acronym>EY</Acronym>
                    <Agency>NEI NIH HHS</Agency>
                    <Country>United States</Country>
                </Grant>
            </GrantList>
            <PublicationTypeList>
                <PublicationType UI="D016430">Clinical Trial</PublicationType>
                <PublicationType UI="D003160">Comparative Study</PublicationType>
                <PublicationType UI="D016428">Journal Article</PublicationType>
                <PublicationType UI="D016448">Multicenter Study</PublicationType>
                <PublicationType UI="D016449">Randomized Controlled Trial</PublicationType>
                <PublicationType UI="D013485">Research Support, Non-U.S. Gov't</PublicationType>
                <PublicationType UI="D013487">Research Support, U.S. Gov't, P.H.S.</PublicationType>
            </PublicationTypeList>
        </Article>
        <MedlineJournalInfo>
            <Country>United States</Country>
            <MedlineTA>Arch Ophthalmol</MedlineTA>
            <NlmUniqueID>7706534</NlmUniqueID>
            <ISSNLinking>0003-9950</ISSNLinking>
        </MedlineJournalInfo>
        <ChemicalList>
            <Chemical>
                <RegistryNumber>0</RegistryNumber>
                <NameOfSubstance UI="D000959">Antihypertensive Agents</NameOfSubstance>
            </Chemical>
            <Chemical>
                <RegistryNumber>0</RegistryNumber>
                <NameOfSubstance UI="D009883">Ophthalmic Solutions</NameOfSubstance>
            </Chemical>
        </ChemicalList>
        <CitationSubset>AIM</CitationSubset>
        <CitationSubset>IM</CitationSubset>
        <CommentsCorrectionsList>
            <CommentsCorrections RefType="CommentIn">
                <RefSource>Arch Ophthalmol. 2003 Jul;121(7):1070; author reply 1070</RefSource>
                <PMID Version="1">12860828</PMID>
            </CommentsCorrections>
            <CommentsCorrections RefType="CommentIn">
                <RefSource>Arch Ophthalmol. 2004 Jul;122(7):1088-9; author reply 1089</RefSource>
                <PMID Version="1">15249390</PMID>
            </CommentsCorrections>
        </CommentsCorrectionsList>
        <MeshHeadingList>
            <MeshHeading>
                <DescriptorName UI="D000287" MajorTopicYN="N">Administration, Topical</DescriptorName>
            </MeshHeading>
            <MeshHeading>
                <DescriptorName UI="D000328" MajorTopicYN="N">Adult</DescriptorName>
            </MeshHeading>
            <MeshHeading>
                <DescriptorName UI="D000368" MajorTopicYN="N">Aged</DescriptorName>
            </MeshHeading>
            <MeshHeading>
                <DescriptorName UI="D000369" MajorTopicYN="N">Aged, 80 and over</DescriptorName>
            </MeshHeading>
            <MeshHeading>
                <DescriptorName UI="D000959" MajorTopicYN="N">Antihypertensive Agents</DescriptorName>
                <QualifierName UI="Q000627" MajorTopicYN="Y">therapeutic use</QualifierName>
            </MeshHeading>
            <MeshHeading>
                <DescriptorName UI="D004311" MajorTopicYN="N">Double-Blind Method</DescriptorName>
            </MeshHeading>
            <MeshHeading>
                <DescriptorName UI="D005260" MajorTopicYN="N">Female</DescriptorName>
            </MeshHeading>
            <MeshHeading>
                <DescriptorName UI="D005500" MajorTopicYN="N">Follow-Up Studies</DescriptorName>
            </MeshHeading>
            <MeshHeading>
                <DescriptorName UI="D005902" MajorTopicYN="N">Glaucoma, Open-Angle</DescriptorName>
                <QualifierName UI="Q000175" MajorTopicYN="N">diagnosis</QualifierName>
                <QualifierName UI="Q000517" MajorTopicYN="Y">prevention &amp; control</QualifierName>
            </MeshHeading>
            <MeshHeading>
                <DescriptorName UI="D006801" MajorTopicYN="N">Humans</DescriptorName>
            </MeshHeading>
            <MeshHeading>
                <DescriptorName UI="D007429" MajorTopicYN="N">Intraocular Pressure</DescriptorName>
                <QualifierName UI="Q000187" MajorTopicYN="Y">drug effects</QualifierName>
            </MeshHeading>
            <MeshHeading>
                <DescriptorName UI="D008297" MajorTopicYN="N">Male</DescriptorName>
            </MeshHeading>
            <MeshHeading>
                <DescriptorName UI="D008875" MajorTopicYN="N">Middle Aged</DescriptorName>
            </MeshHeading>
            <MeshHeading>
                <DescriptorName UI="D009798" MajorTopicYN="N">Ocular Hypertension</DescriptorName>
                <QualifierName UI="Q000175" MajorTopicYN="N">diagnosis</QualifierName>
                <QualifierName UI="Q000517" MajorTopicYN="N">prevention &amp; control</QualifierName>
            </MeshHeading>
            <MeshHeading>
                <DescriptorName UI="D009883" MajorTopicYN="N">Ophthalmic Solutions</DescriptorName>
            </MeshHeading>
            <MeshHeading>
                <DescriptorName UI="D009898" MajorTopicYN="N">Optic Disk</DescriptorName>
                <QualifierName UI="Q000473" MajorTopicYN="N">pathology</QualifierName>
            </MeshHeading>
            <MeshHeading>
                <DescriptorName UI="D010349" MajorTopicYN="N">Patient Compliance</DescriptorName>
            </MeshHeading>
            <MeshHeading>
                <DescriptorName UI="D012449" MajorTopicYN="N">Safety</DescriptorName>
            </MeshHeading>
            <MeshHeading>
                <DescriptorName UI="D016896" MajorTopicYN="N">Treatment Outcome</DescriptorName>
            </MeshHeading>
            <MeshHeading>
                <DescriptorName UI="D014792" MajorTopicYN="N">Visual Acuity</DescriptorName>
            </MeshHeading>
            <MeshHeading>
                <DescriptorName UI="D014794" MajorTopicYN="N">Visual Fields</DescriptorName>
            </MeshHeading>
        </MeshHeadingList>
    </MedlineCitation>
    <PubmedData>
        <History>
            <PubMedPubDate PubStatus="pubmed">
                <Year>2002</Year>
                <Month>6</Month>
                <Day>7</Day>
                <Hour>10</Hour>
                <Minute>0</Minute>
            </PubMedPubDate>
            <PubMedPubDate PubStatus="medline">
                <Year>2002</Year>
                <Month>6</Month>
                <Day>18</Day>
                <Hour>10</Hour>
                <Minute>1</Minute>
            </PubMedPubDate>
            <PubMedPubDate PubStatus="entrez">
                <Year>2002</Year>
                <Month>6</Month>
                <Day>7</Day>
                <Hour>10</Hour>
                <Minute>0</Minute>
            </PubMedPubDate>
        </History>
        <PublicationStatus>ppublish</PublicationStatus>
        <ArticleIdList>
            <ArticleId IdType="pubmed">12049574</ArticleId>
            <ArticleId IdType="pii">ecs20045</ArticleId>
            <ArticleId IdType="doi">10.1001/archopht.120.6.701</ArticleId>
        </ArticleIdList>
    </PubmedData>
</PubmedArticle>

</PubmedArticleSet>