<?xml version="1.0" ?>
<!DOCTYPE PubmedArticleSet PUBLIC "-//NLM//DTD PubMedArticle, 1st January 2019//EN" "https://dtd.nlm.nih.gov/ncbi/pubmed/out/pubmed_190101.dtd">
<PubmedArticleSet>
<PubmedArticle>
    <MedlineCitation Status="MEDLINE" Owner="NLM">
        <PMID Version="1">12644943</PMID>
        <DateCompleted>
            <Year>2003</Year>
            <Month>07</Month>
            <Day>01</Day>
        </DateCompleted>
        <DateRevised>
            <Year>2018</Year>
            <Month>11</Month>
            <Day>13</Day>
        </DateRevised>
        <Article PubModel="Print-Electronic">
            <Journal>
                <ISSN IssnType="Print">0721-832X</ISSN>
                <JournalIssue CitedMedium="Print">
                    <Volume>241</Volume>
                    <Issue>3</Issue>
                    <PubDate>
                        <Year>2003</Year>
                        <Month>Mar</Month>
                    </PubDate>
                </JournalIssue>
                <Title>Graefe's archive for clinical and experimental ophthalmology = Albrecht von Graefes Archiv fur klinische und experimentelle Ophthalmologie</Title>
                <ISOAbbreviation>Graefes Arch Clin Exp Ophthalmol</ISOAbbreviation>
            </Journal>
            <ArticleTitle>Results of the betaxolol versus placebo treatment trial in ocular hypertension.</ArticleTitle>
            <Pagination>
                <MedlinePgn>196-203</MedlinePgn>
            </Pagination>
            <Abstract>
                <AbstractText Label="PURPOSE" NlmCategory="OBJECTIVE">To determine whether treatment with betaxolol can delay or prevent the conversion from ocular hypertension to early glaucoma on the basis of visual field criteria, by means of a prospective, randomised, placebo-controlled trial.</AbstractText>
                <AbstractText Label="METHODS" NlmCategory="METHODS">Three hundred and fifty-six ocular hypertensives were randomized to treatment with either betaxolol drops or placebo drops during the period 1992-1996. Each patient was followed prospectively with 4-monthly visits. Examination at each visit included visual field testing, intra-ocular pressure (IOP) measurement and optic disc imaging. Conversion to early glaucoma was defined on the basis of visual field change by AGIS criteria. An intent-to-treat analysis compared visual field conversion after 3 years in the treatment and placebo arms. Normal visual field survival analysis was also performed. The IOP characteristics of the two treatment groups were compared.</AbstractText>
                <AbstractText Label="RESULTS" NlmCategory="RESULTS">Two hundred and fifty-five patients completed the study, which ended in 1998, with a range of follow-up of 2-6 years. Sixteen (13.2%) of 121 patients in the placebo group converted to glaucoma, compared with 12 (9.0%) of 134 patients in the betaxolol group. The intent-to-treat analysis demonstrated no evidence of any difference in conversion rates between the betaxolol and placebo groups after 3 years. Visual field survival analysis demonstrated no significant difference between the betaxolol and placebo groups. The betaxolol-treated group had significantly lower post-treatment IOP values. Converters had significantly higher pre- and post-treatment IOP values than non-converters.</AbstractText>
                <AbstractText Label="CONCLUSIONS" NlmCategory="CONCLUSIONS">Betaxolol significantly lowered the IOP level compared with placebo. Conversion to glaucoma was found to be related to both the baseline and post-treatment IOP levels. However the intent-to-treat analysis did not demonstrate a statistically significant reduction in the conversion rate in the betaxolol-treated group.</AbstractText>
            </Abstract>
            <AuthorList CompleteYN="Y">
                <Author ValidYN="Y">
                    <LastName>Kamal</LastName>
                    <ForeName>Deborah</ForeName>
                    <Initials>D</Initials>
                    <AffiliationInfo>
                        <Affiliation>Glaucoma Research Unit, Moorfields Eye Hospital, City Road, London, EC1V 2PD UK.</Affiliation>
                    </AffiliationInfo>
                </Author>
                <Author ValidYN="Y">
                    <LastName>Garway-Heath</LastName>
                    <ForeName>David</ForeName>
                    <Initials>D</Initials>
                </Author>
                <Author ValidYN="Y">
                    <LastName>Ruben</LastName>
                    <ForeName>Simon</ForeName>
                    <Initials>S</Initials>
                </Author>
                <Author ValidYN="Y">
                    <LastName>O'Sullivan</LastName>
                    <ForeName>Fiona</ForeName>
                    <Initials>F</Initials>
                </Author>
                <Author ValidYN="Y">
                    <LastName>Bunce</LastName>
                    <ForeName>Catey</ForeName>
                    <Initials>C</Initials>
                </Author>
                <Author ValidYN="Y">
                    <LastName>Viswanathan</LastName>
                    <ForeName>Anath</ForeName>
                    <Initials>A</Initials>
                </Author>
                <Author ValidYN="Y">
                    <LastName>Franks</LastName>
                    <ForeName>Wendy</ForeName>
                    <Initials>W</Initials>
                </Author>
                <Author ValidYN="Y">
                    <LastName>Hitchings</LastName>
                    <ForeName>Roger</ForeName>
                    <Initials>R</Initials>
                </Author>
            </AuthorList>
            <Language>eng</Language>
            <PublicationTypeList>
                <PublicationType UI="D016430">Clinical Trial</PublicationType>
                <PublicationType UI="D003160">Comparative Study</PublicationType>
                <PublicationType UI="D016428">Journal Article</PublicationType>
                <PublicationType UI="D016449">Randomized Controlled Trial</PublicationType>
                <PublicationType UI="D013485">Research Support, Non-U.S. Gov't</PublicationType>
            </PublicationTypeList>
            <ArticleDate DateType="Electronic">
                <Year>2003</Year>
                <Month>02</Month>
                <Day>19</Day>
            </ArticleDate>
        </Article>
        <MedlineJournalInfo>
            <Country>Germany</Country>
            <MedlineTA>Graefes Arch Clin Exp Ophthalmol</MedlineTA>
            <NlmUniqueID>8205248</NlmUniqueID>
            <ISSNLinking>0721-832X</ISSNLinking>
        </MedlineJournalInfo>
        <ChemicalList>
            <Chemical>
                <RegistryNumber>0</RegistryNumber>
                <NameOfSubstance UI="D000319">Adrenergic beta-Antagonists</NameOfSubstance>
            </Chemical>
            <Chemical>
                <RegistryNumber>0</RegistryNumber>
                <NameOfSubstance UI="D009883">Ophthalmic Solutions</NameOfSubstance>
            </Chemical>
            <Chemical>
                <RegistryNumber>O0ZR1R6RZ2</RegistryNumber>
                <NameOfSubstance UI="D015784">Betaxolol</NameOfSubstance>
            </Chemical>
        </ChemicalList>
        <CitationSubset>IM</CitationSubset>
        <MeshHeadingList>
            <MeshHeading>
                <DescriptorName UI="D000319" MajorTopicYN="N">Adrenergic beta-Antagonists</DescriptorName>
                <QualifierName UI="Q000008" MajorTopicYN="N">administration &amp; dosage</QualifierName>
                <QualifierName UI="Q000627" MajorTopicYN="Y">therapeutic use</QualifierName>
            </MeshHeading>
            <MeshHeading>
                <DescriptorName UI="D000368" MajorTopicYN="N">Aged</DescriptorName>
            </MeshHeading>
            <MeshHeading>
                <DescriptorName UI="D015784" MajorTopicYN="N">Betaxolol</DescriptorName>
                <QualifierName UI="Q000008" MajorTopicYN="N">administration &amp; dosage</QualifierName>
                <QualifierName UI="Q000627" MajorTopicYN="Y">therapeutic use</QualifierName>
            </MeshHeading>
            <MeshHeading>
                <DescriptorName UI="D004311" MajorTopicYN="N">Double-Blind Method</DescriptorName>
            </MeshHeading>
            <MeshHeading>
                <DescriptorName UI="D005260" MajorTopicYN="N">Female</DescriptorName>
            </MeshHeading>
            <MeshHeading>
                <DescriptorName UI="D005901" MajorTopicYN="N">Glaucoma</DescriptorName>
                <QualifierName UI="Q000175" MajorTopicYN="N">diagnosis</QualifierName>
                <QualifierName UI="Q000517" MajorTopicYN="N">prevention &amp; control</QualifierName>
            </MeshHeading>
            <MeshHeading>
                <DescriptorName UI="D006801" MajorTopicYN="N">Humans</DescriptorName>
            </MeshHeading>
            <MeshHeading>
                <DescriptorName UI="D007429" MajorTopicYN="N">Intraocular Pressure</DescriptorName>
                <QualifierName UI="Q000187" MajorTopicYN="N">drug effects</QualifierName>
            </MeshHeading>
            <MeshHeading>
                <DescriptorName UI="D008297" MajorTopicYN="N">Male</DescriptorName>
            </MeshHeading>
            <MeshHeading>
                <DescriptorName UI="D009798" MajorTopicYN="N">Ocular Hypertension</DescriptorName>
                <QualifierName UI="Q000175" MajorTopicYN="N">diagnosis</QualifierName>
                <QualifierName UI="Q000188" MajorTopicYN="Y">drug therapy</QualifierName>
            </MeshHeading>
            <MeshHeading>
                <DescriptorName UI="D009883" MajorTopicYN="N">Ophthalmic Solutions</DescriptorName>
            </MeshHeading>
            <MeshHeading>
                <DescriptorName UI="D011446" MajorTopicYN="N">Prospective Studies</DescriptorName>
            </MeshHeading>
            <MeshHeading>
                <DescriptorName UI="D014794" MajorTopicYN="N">Visual Fields</DescriptorName>
                <QualifierName UI="Q000187" MajorTopicYN="N">drug effects</QualifierName>
            </MeshHeading>
        </MeshHeadingList>
    </MedlineCitation>
    <PubmedData>
        <History>
            <PubMedPubDate PubStatus="received">
                <Year>2002</Year>
                <Month>09</Month>
                <Day>17</Day>
            </PubMedPubDate>
            <PubMedPubDate PubStatus="revised">
                <Year>2002</Year>
                <Month>11</Month>
                <Day>26</Day>
            </PubMedPubDate>
            <PubMedPubDate PubStatus="accepted">
                <Year>2002</Year>
                <Month>11</Month>
                <Day>27</Day>
            </PubMedPubDate>
            <PubMedPubDate PubStatus="pubmed">
                <Year>2003</Year>
                <Month>3</Month>
                <Day>20</Day>
                <Hour>4</Hour>
                <Minute>0</Minute>
            </PubMedPubDate>
            <PubMedPubDate PubStatus="medline">
                <Year>2003</Year>
                <Month>7</Month>
                <Day>2</Day>
                <Hour>5</Hour>
                <Minute>0</Minute>
            </PubMedPubDate>
            <PubMedPubDate PubStatus="entrez">
                <Year>2003</Year>
                <Month>3</Month>
                <Day>20</Day>
                <Hour>4</Hour>
                <Minute>0</Minute>
            </PubMedPubDate>
        </History>
        <PublicationStatus>ppublish</PublicationStatus>
        <ArticleIdList>
            <ArticleId IdType="pubmed">12644943</ArticleId>
            <ArticleId IdType="doi">10.1007/s00417-002-0614-4</ArticleId>
        </ArticleIdList>
        <ReferenceList>
            <Reference>
                <Citation>Surv Ophthalmol. 1994 May;38 Suppl:S156-9; discussion S160</Citation>
                <ArticleIdList>
                    <ArticleId IdType="pubmed">7940137</ArticleId>
                </ArticleIdList>
            </Reference>
            <Reference>
                <Citation>Am J Ophthalmol. 1996 Jun;121(6):659-67</Citation>
                <ArticleIdList>
                    <ArticleId IdType="pubmed">8644809</ArticleId>
                </ArticleIdList>
            </Reference>
            <Reference>
                <Citation>Eye (Lond). 1993;7 ( Pt 5):661-3</Citation>
                <ArticleIdList>
                    <ArticleId IdType="pubmed">8287989</ArticleId>
                </ArticleIdList>
            </Reference>
            <Reference>
                <Citation>Arzneimittelforschung. 1999 May;49(5):385-93</Citation>
                <ArticleIdList>
                    <ArticleId IdType="pubmed">10367099</ArticleId>
                </ArticleIdList>
            </Reference>
            <Reference>
                <Citation>Br J Ophthalmol. 1999 Mar;83(3):290-4</Citation>
                <ArticleIdList>
                    <ArticleId IdType="pubmed">10365035</ArticleId>
                </ArticleIdList>
            </Reference>
            <Reference>
                <Citation>Lancet. 1995 Jun 24;345(8965):1604-6</Citation>
                <ArticleIdList>
                    <ArticleId IdType="pubmed">7646670</ArticleId>
                </ArticleIdList>
            </Reference>
            <Reference>
                <Citation>Ophthalmology. 1992 Jan;99(1):19-28</Citation>
                <ArticleIdList>
                    <ArticleId IdType="pubmed">1741133</ArticleId>
                </ArticleIdList>
            </Reference>
            <Reference>
                <Citation>Arch Ophthalmol. 1980 Mar;98(3):490-5</Citation>
                <ArticleIdList>
                    <ArticleId IdType="pubmed">7362506</ArticleId>
                </ArticleIdList>
            </Reference>
            <Reference>
                <Citation>Br J Ophthalmol. 1977 Nov;61(11):668-74</Citation>
                <ArticleIdList>
                    <ArticleId IdType="pubmed">588521</ArticleId>
                </ArticleIdList>
            </Reference>
            <Reference>
                <Citation>Aust N Z J Ophthalmol. 1995 Feb;23(1):17-24</Citation>
                <ArticleIdList>
                    <ArticleId IdType="pubmed">7619450</ArticleId>
                </ArticleIdList>
            </Reference>
            <Reference>
                <Citation>Ophthalmology. 1989 Oct;96(10):1460-7</Citation>
                <ArticleIdList>
                    <ArticleId IdType="pubmed">2685707</ArticleId>
                </ArticleIdList>
            </Reference>
            <Reference>
                <Citation>Br J Ophthalmol. 1993 Jan;77(1):17-21</Citation>
                <ArticleIdList>
                    <ArticleId IdType="pubmed">8435391</ArticleId>
                </ArticleIdList>
            </Reference>
            <Reference>
                <Citation>J Clin Pharmacol. 1994 Aug;34(8):795-803</Citation>
                <ArticleIdList>
                    <ArticleId IdType="pubmed">7962666</ArticleId>
                </ArticleIdList>
            </Reference>
            <Reference>
                <Citation>Acta Ophthalmol Scand. 1995 Jun;73(3):222-5</Citation>
                <ArticleIdList>
                    <ArticleId IdType="pubmed">7493232</ArticleId>
                </ArticleIdList>
            </Reference>
            <Reference>
                <Citation>Arch Ophthalmol. 2002 Jun;120(6):714-20; discussion 829-30</Citation>
                <ArticleIdList>
                    <ArticleId IdType="pubmed">12049575</ArticleId>
                </ArticleIdList>
            </Reference>
            <Reference>
                <Citation>Am J Epidemiol. 1991 Nov 15;134(10):1102-10</Citation>
                <ArticleIdList>
                    <ArticleId IdType="pubmed">1746520</ArticleId>
                </ArticleIdList>
            </Reference>
            <Reference>
                <Citation>Curr Opin Ophthalmol. 1993 Apr;4(2):14-21</Citation>
                <ArticleIdList>
                    <ArticleId IdType="pubmed">10148457</ArticleId>
                </ArticleIdList>
            </Reference>
            <Reference>
                <Citation>Ophthalmology. 1998 Feb;105(2):209-15</Citation>
                <ArticleIdList>
                    <ArticleId IdType="pubmed">9479277</ArticleId>
                </ArticleIdList>
            </Reference>
            <Reference>
                <Citation>Am J Ophthalmol. 1980 Apr;89(4):585-92</Citation>
                <ArticleIdList>
                    <ArticleId IdType="pubmed">7369323</ArticleId>
                </ArticleIdList>
            </Reference>
            <Reference>
                <Citation>J Glaucoma. 1998 Aug;7(4):247-52</Citation>
                <ArticleIdList>
                    <ArticleId IdType="pubmed">9713782</ArticleId>
                </ArticleIdList>
            </Reference>
            <Reference>
                <Citation>Arch Ophthalmol. 2002 Jun;120(6):701-13; discussion 829-30</Citation>
                <ArticleIdList>
                    <ArticleId IdType="pubmed">12049574</ArticleId>
                </ArticleIdList>
            </Reference>
            <Reference>
                <Citation>Br J Ophthalmol. 1992 Jul;76(7):387-94</Citation>
                <ArticleIdList>
                    <ArticleId IdType="pubmed">1627510</ArticleId>
                </ArticleIdList>
            </Reference>
            <Reference>
                <Citation>Surv Ophthalmol. 1994 May;38 Suppl:S149-55</Citation>
                <ArticleIdList>
                    <ArticleId IdType="pubmed">7940136</ArticleId>
                </ArticleIdList>
            </Reference>
            <Reference>
                <Citation>Surv Ophthalmol. 1980 Nov-Dec;25(3):155-62</Citation>
                <ArticleIdList>
                    <ArticleId IdType="pubmed">7008228</ArticleId>
                </ArticleIdList>
            </Reference>
            <Reference>
                <Citation>Surv Ophthalmol. 1980 Nov-Dec;25(3):136-8</Citation>
                <ArticleIdList>
                    <ArticleId IdType="pubmed">7193357</ArticleId>
                </ArticleIdList>
            </Reference>
            <Reference>
                <Citation>Graefes Arch Clin Exp Ophthalmol. 2000 Nov;238(11):877-83</Citation>
                <ArticleIdList>
                    <ArticleId IdType="pubmed">11148810</ArticleId>
                </ArticleIdList>
            </Reference>
            <Reference>
                <Citation>Ophthalmology. 1991 Mar;98(3):301-7</Citation>
                <ArticleIdList>
                    <ArticleId IdType="pubmed">2023749</ArticleId>
                </ArticleIdList>
            </Reference>
            <Reference>
                <Citation>Br J Ophthalmol. 1996 Jan;80(1):85-9</Citation>
                <ArticleIdList>
                    <ArticleId IdType="pubmed">8664241</ArticleId>
                </ArticleIdList>
            </Reference>
            <Reference>
                <Citation>Arch Ophthalmol. 1979 Aug;97(8):1444-8</Citation>
                <ArticleIdList>
                    <ArticleId IdType="pubmed">464866</ArticleId>
                </ArticleIdList>
            </Reference>
            <Reference>
                <Citation>Arch Ophthalmol. 1980 Jan;98(1):105-11</Citation>
                <ArticleIdList>
                    <ArticleId IdType="pubmed">7352856</ArticleId>
                </ArticleIdList>
            </Reference>
            <Reference>
                <Citation>Brain Res. 1997 Mar 14;751(1):113-23</Citation>
                <ArticleIdList>
                    <ArticleId IdType="pubmed">9098574</ArticleId>
                </ArticleIdList>
            </Reference>
            <Reference>
                <Citation>Eye (Lond). 1994;8 ( Pt 6):668-71</Citation>
                <ArticleIdList>
                    <ArticleId IdType="pubmed">7867825</ArticleId>
                </ArticleIdList>
            </Reference>
            <Reference>
                <Citation>Ophthalmology. 1992 Oct;99(10):1499-504</Citation>
                <ArticleIdList>
                    <ArticleId IdType="pubmed">1454314</ArticleId>
                </ArticleIdList>
            </Reference>
            <Reference>
                <Citation>Arch Ophthalmol. 1977 Jul;95(7):1180-4</Citation>
                <ArticleIdList>
                    <ArticleId IdType="pubmed">880076</ArticleId>
                </ArticleIdList>
            </Reference>
            <Reference>
                <Citation>Ophthalmology. 1994 Aug;101(8):1445-55</Citation>
                <ArticleIdList>
                    <ArticleId IdType="pubmed">7741836</ArticleId>
                </ArticleIdList>
            </Reference>
            <Reference>
                <Citation>Arch Ophthalmol. 1994 May;112(5):644-9</Citation>
                <ArticleIdList>
                    <ArticleId IdType="pubmed">8185522</ArticleId>
                </ArticleIdList>
            </Reference>
            <Reference>
                <Citation>Invest Ophthalmol Vis Sci. 2002 Jul;43(7):2213-20</Citation>
                <ArticleIdList>
                    <ArticleId IdType="pubmed">12091419</ArticleId>
                </ArticleIdList>
            </Reference>
            <Reference>
                <Citation>Surv Ophthalmol. 1994 May;38 Suppl:S125-34</Citation>
                <ArticleIdList>
                    <ArticleId IdType="pubmed">7940134</ArticleId>
                </ArticleIdList>
            </Reference>
            <Reference>
                <Citation>Ophthalmology. 1988 Jun;95(6):735-41</Citation>
                <ArticleIdList>
                    <ArticleId IdType="pubmed">3062529</ArticleId>
                </ArticleIdList>
            </Reference>
        </ReferenceList>
    </PubmedData>
</PubmedArticle>

</PubmedArticleSet>