<?xml version="1.0" ?>
<!DOCTYPE PubmedArticleSet PUBLIC "-//NLM//DTD PubMedArticle, 1st January 2019//EN" "https://dtd.nlm.nih.gov/ncbi/pubmed/out/pubmed_190101.dtd">
<PubmedArticleSet>
<PubmedArticle>
    <MedlineCitation Status="MEDLINE" Owner="NLM">
        <PMID Version="1">2685707</PMID>
        <DateCompleted>
            <Year>1990</Year>
            <Month>01</Month>
            <Day>11</Day>
        </DateCompleted>
        <DateRevised>
            <Year>2019</Year>
            <Month>07</Month>
            <Day>26</Day>
        </DateRevised>
        <Article PubModel="Print">
            <Journal>
                <ISSN IssnType="Print">0161-6420</ISSN>
                <JournalIssue CitedMedium="Print">
                    <Volume>96</Volume>
                    <Issue>10</Issue>
                    <PubDate>
                        <Year>1989</Year>
                        <Month>Oct</Month>
                    </PubDate>
                </JournalIssue>
                <Title>Ophthalmology</Title>
                <ISOAbbreviation>Ophthalmology</ISOAbbreviation>
            </Journal>
            <ArticleTitle>A long-term clinical trial of timolol therapy versus no treatment in the management of glaucoma suspects.</ArticleTitle>
            <Pagination>
                <MedlinePgn>1460-7</MedlinePgn>
            </Pagination>
            <Abstract>
                <AbstractText>One hundred seven patients with intraocular pressures (IOPs) between 22 and 28 mmHg with normal visual fields on Goldmann perimetry and without evidence of optic nerve damage were randomly assigned to either a timolol treatment (TT) or a no treatment (NT) arm in a prospective clinical trial. The patients were followed for an average of 56 and 51 months, respectively. Criteria for failure were a confirmed IOP of greater than 32 mmHg, stereophotographically documented optic nerve progression, or development of glaucomatous visual field loss by Goldmann or Octopus perimetry. Nine patients failed in the TT group and 17 in the NT group (P = 0.07). Of the nine TT group failures, six had discontinued timolol before failure (4 for greater than 6 months). In a Cox proportional hazards analysis controlling for confounding variables, timolol was found to be significantly protective with an adjusted risk ratio of 0.38 (95% confidence interval = 0.16-0.89, P = 0.03). When only field and disc failure criteria were considered, timolol treatment was found to be significantly protective in an analysis considering patients who stopped timolol as being lost to follow-up (P = 0.05). A higher tonographic facility of outflow was protective in all analyses. A trend toward a substantial loss of effectiveness of timolol on IOP was not observed. Seasonal fluctuations in IOP were observed (P = 0.0007), with higher IOP occurring in the winter. The results demonstrate a favorable influence of timolol therapy on the clinical course of patients with mildly elevated IOP.(ABSTRACT TRUNCATED AT 250 WORDS)</AbstractText>
            </Abstract>
            <AuthorList CompleteYN="Y">
                <Author ValidYN="Y">
                    <LastName>Epstein</LastName>
                    <ForeName>D L</ForeName>
                    <Initials>DL</Initials>
                    <AffiliationInfo>
                        <Affiliation>Glaucoma Service, Massachusetts Eye &amp; Ear Infirmary, Harvard Medical School, Boston.</Affiliation>
                    </AffiliationInfo>
                </Author>
                <Author ValidYN="Y">
                    <LastName>Krug</LastName>
                    <ForeName>J H</ForeName>
                    <Initials>JH</Initials>
                    <Suffix>Jr</Suffix>
                </Author>
                <Author ValidYN="Y">
                    <LastName>Hertzmark</LastName>
                    <ForeName>E</ForeName>
                    <Initials>E</Initials>
                </Author>
                <Author ValidYN="Y">
                    <LastName>Remis</LastName>
                    <ForeName>L L</ForeName>
                    <Initials>LL</Initials>
                </Author>
                <Author ValidYN="Y">
                    <LastName>Edelstein</LastName>
                    <ForeName>D J</ForeName>
                    <Initials>DJ</Initials>
                </Author>
            </AuthorList>
            <Language>eng</Language>
            <GrantList CompleteYN="Y">
                <Grant>
                    <GrantID>P50EY02518</GrantID>
                    <Acronym>EY</Acronym>
                    <Agency>NEI NIH HHS</Agency>
                    <Country>United States</Country>
                </Grant>
            </GrantList>
            <PublicationTypeList>
                <PublicationType UI="D016430">Clinical Trial</PublicationType>
                <PublicationType UI="D016428">Journal Article</PublicationType>
                <PublicationType UI="D016449">Randomized Controlled Trial</PublicationType>
                <PublicationType UI="D013485">Research Support, Non-U.S. Gov't</PublicationType>
                <PublicationType UI="D013487">Research Support, U.S. Gov't, P.H.S.</PublicationType>
            </PublicationTypeList>
        </Article>
        <MedlineJournalInfo>
            <Country>United States</Country>
            <MedlineTA>Ophthalmology</MedlineTA>
            <NlmUniqueID>7802443</NlmUniqueID>
            <ISSNLinking>0161-6420</ISSNLinking>
        </MedlineJournalInfo>
        <ChemicalList>
            <Chemical>
                <RegistryNumber>817W3C6175</RegistryNumber>
                <NameOfSubstance UI="D013999">Timolol</NameOfSubstance>
            </Chemical>
        </ChemicalList>
        <CitationSubset>IM</CitationSubset>
        <CommentsCorrectionsList>
            <CommentsCorrections RefType="CommentIn">
                <RefSource>Ophthalmology. 1990 Apr;97(4):397</RefSource>
                <PMID Version="1">2326018</PMID>
            </CommentsCorrections>
        </CommentsCorrectionsList>
        <MeshHeadingList>
            <MeshHeading>
                <DescriptorName UI="D002986" MajorTopicYN="N">Clinical Trials as Topic</DescriptorName>
            </MeshHeading>
            <MeshHeading>
                <DescriptorName UI="D005260" MajorTopicYN="N">Female</DescriptorName>
            </MeshHeading>
            <MeshHeading>
                <DescriptorName UI="D005500" MajorTopicYN="N">Follow-Up Studies</DescriptorName>
            </MeshHeading>
            <MeshHeading>
                <DescriptorName UI="D005901" MajorTopicYN="N">Glaucoma</DescriptorName>
                <QualifierName UI="Q000517" MajorTopicYN="N">prevention &amp; control</QualifierName>
            </MeshHeading>
            <MeshHeading>
                <DescriptorName UI="D006801" MajorTopicYN="N">Humans</DescriptorName>
            </MeshHeading>
            <MeshHeading>
                <DescriptorName UI="D008137" MajorTopicYN="N">Longitudinal Studies</DescriptorName>
            </MeshHeading>
            <MeshHeading>
                <DescriptorName UI="D008297" MajorTopicYN="N">Male</DescriptorName>
            </MeshHeading>
            <MeshHeading>
                <DescriptorName UI="D008875" MajorTopicYN="N">Middle Aged</DescriptorName>
            </MeshHeading>
            <MeshHeading>
                <DescriptorName UI="D015999" MajorTopicYN="N">Multivariate Analysis</DescriptorName>
            </MeshHeading>
            <MeshHeading>
                <DescriptorName UI="D009798" MajorTopicYN="N">Ocular Hypertension</DescriptorName>
                <QualifierName UI="Q000188" MajorTopicYN="Y">drug therapy</QualifierName>
            </MeshHeading>
            <MeshHeading>
                <DescriptorName UI="D011446" MajorTopicYN="N">Prospective Studies</DescriptorName>
            </MeshHeading>
            <MeshHeading>
                <DescriptorName UI="D011897" MajorTopicYN="N">Random Allocation</DescriptorName>
            </MeshHeading>
            <MeshHeading>
                <DescriptorName UI="D012621" MajorTopicYN="N">Seasons</DescriptorName>
            </MeshHeading>
            <MeshHeading>
                <DescriptorName UI="D013999" MajorTopicYN="N">Timolol</DescriptorName>
                <QualifierName UI="Q000627" MajorTopicYN="Y">therapeutic use</QualifierName>
            </MeshHeading>
        </MeshHeadingList>
    </MedlineCitation>
    <PubmedData>
        <History>
            <PubMedPubDate PubStatus="pubmed">
                <Year>1989</Year>
                <Month>10</Month>
                <Day>1</Day>
            </PubMedPubDate>
            <PubMedPubDate PubStatus="medline">
                <Year>2001</Year>
                <Month>3</Month>
                <Day>28</Day>
                <Hour>10</Hour>
                <Minute>1</Minute>
            </PubMedPubDate>
            <PubMedPubDate PubStatus="entrez">
                <Year>1989</Year>
                <Month>10</Month>
                <Day>1</Day>
                <Hour>0</Hour>
                <Minute>0</Minute>
            </PubMedPubDate>
        </History>
        <PublicationStatus>ppublish</PublicationStatus>
        <ArticleIdList>
            <ArticleId IdType="pubmed">2685707</ArticleId>
            <ArticleId IdType="pii">S0161-6420(89)32688-1</ArticleId>
            <ArticleId IdType="doi">10.1016/s0161-6420(89)32688-1</ArticleId>
        </ArticleIdList>
    </PubmedData>
</PubmedArticle>

</PubmedArticleSet>