<?xml version="1.0" ?>
<!DOCTYPE PubmedArticleSet PUBLIC "-//NLM//DTD PubMedArticle, 1st January 2019//EN" "https://dtd.nlm.nih.gov/ncbi/pubmed/out/pubmed_190101.dtd">
<PubmedArticleSet>
<PubmedArticle>
    <MedlineCitation Status="MEDLINE" Owner="NLM">
        <PMID Version="1">9780094</PMID>
        <DateCompleted>
            <Year>1998</Year>
            <Month>10</Month>
            <Day>23</Day>
        </DateCompleted>
        <DateRevised>
            <Year>2019</Year>
            <Month>06</Month>
            <Day>27</Day>
        </DateRevised>
        <Article PubModel="Print">
            <Journal>
                <ISSN IssnType="Print">0002-9394</ISSN>
                <JournalIssue CitedMedium="Print">
                    <Volume>126</Volume>
                    <Issue>4</Issue>
                    <PubDate>
                        <Year>1998</Year>
                        <Month>Oct</Month>
                    </PubDate>
                </JournalIssue>
                <Title>American journal of ophthalmology</Title>
                <ISOAbbreviation>Am J Ophthalmol</ISOAbbreviation>
            </Journal>
            <ArticleTitle>The effectiveness of intraocular pressure reduction in the treatment of normal-tension glaucoma. Collaborative Normal-Tension Glaucoma Study Group.</ArticleTitle>
            <Pagination>
                <MedlinePgn>498-505</MedlinePgn>
            </Pagination>
            <Abstract>
                <AbstractText Label="PURPOSE" NlmCategory="OBJECTIVE">In a companion paper, we determined that intraocular pressure is part of the pathogenesis of normal-tension glaucoma by analyzing the effect of a 30% intraocular pressure reduction on the subsequent course of the disease. We report an intent-to-treat analysis of the study data to determine the effectiveness of pressure reduction.</AbstractText>
                <AbstractText Label="METHODS" NlmCategory="METHODS">One eligible eye of 145 subjects with normal-tension glaucoma was randomized either to no treatment (control) or to a 30% intraocular pressure reduction from baseline. To be eligible for randomization, the normal-tension glaucoma eyes had to show documented progression of field defects or a new disk hemorrhage or had to have field defects that threatened fixation when first presented for the study. Survival analysis compared time to progression of all randomly assigned patients during the course of follow-up from the initial baseline at randomization. In a separate analysis, data of patients developing cataracts were censored at the time that cataract produced 2 lines of Snellen visual acuity loss.</AbstractText>
                <AbstractText Label="RESULTS" NlmCategory="RESULTS">Visual field progression occurred at indistinguishable rates in the pressure-lowered (22/66) and the untreated control (31/79) arms of the study (P = .21). In an analysis with data censored when cataract affected visual acuity, visual field progression was significantly more common in the untreated group (21/79) compared with the treated group (8/66). An overall survival analysis showed a survival of 80% in the treated arm and of 60% in the control arm at 3 years, and 80% in the treated arm and 40% in the controls at 5 years. The Kaplan-Meier curves were significantly different (P = .0018). The analyses gave different results because of a higher incidence of cataract in the group that underwent filtration surgery.</AbstractText>
                <AbstractText Label="CONCLUSIONS" NlmCategory="CONCLUSIONS">The favorable effect of intraocular pressure reduction on progression of visual change in normal-tension glaucoma was only found when the impact of cataracts on visual field progression, produced largely by surgery, was removed. Lowering intraocular pressure without producing cataracts is beneficial. Because not all untreated patients progressed, the natural history of normal-tension glaucoma must be considered before embarking on intraocular pressure reduction with therapy apt to exacerbate cataract formation unless normal-tension glaucoma threatens serious visual loss.</AbstractText>
            </Abstract>
            <Language>eng</Language>
            <PublicationTypeList>
                <PublicationType UI="D016430">Clinical Trial</PublicationType>
                <PublicationType UI="D016428">Journal Article</PublicationType>
                <PublicationType UI="D016448">Multicenter Study</PublicationType>
                <PublicationType UI="D016449">Randomized Controlled Trial</PublicationType>
                <PublicationType UI="D013485">Research Support, Non-U.S. Gov't</PublicationType>
            </PublicationTypeList>
        </Article>
        <MedlineJournalInfo>
            <Country>United States</Country>
            <MedlineTA>Am J Ophthalmol</MedlineTA>
            <NlmUniqueID>0370500</NlmUniqueID>
            <ISSNLinking>0002-9394</ISSNLinking>
        </MedlineJournalInfo>
        <ChemicalList>
            <Chemical>
                <RegistryNumber>0</RegistryNumber>
                <NameOfSubstance UI="D002257">Carbonic Anhydrase Inhibitors</NameOfSubstance>
            </Chemical>
        </ChemicalList>
        <CitationSubset>AIM</CitationSubset>
        <CitationSubset>IM</CitationSubset>
        <CommentsCorrectionsList>
            <CommentsCorrections RefType="CommentIn">
                <RefSource>Am J Ophthalmol. 1998 Oct;126(4):578-81</RefSource>
                <PMID Version="1">9780103</PMID>
            </CommentsCorrections>
            <CommentsCorrections RefType="CommentIn">
                <RefSource>Am J Ophthalmol. 1999 May;127(5):623-5</RefSource>
                <PMID Version="1">10334368</PMID>
            </CommentsCorrections>
            <CommentsCorrections RefType="CommentIn">
                <RefSource>Am J Ophthalmol. 1999 May;127(5):625-6</RefSource>
                <PMID Version="1">10334369</PMID>
            </CommentsCorrections>
            <CommentsCorrections RefType="CommentIn">
                <RefSource>Am J Ophthalmol. 1999 Dec;128(6):776-7</RefSource>
                <PMID Version="1">10612525</PMID>
            </CommentsCorrections>
        </CommentsCorrectionsList>
        <MeshHeadingList>
            <MeshHeading>
                <DescriptorName UI="D000368" MajorTopicYN="N">Aged</DescriptorName>
            </MeshHeading>
            <MeshHeading>
                <DescriptorName UI="D002257" MajorTopicYN="N">Carbonic Anhydrase Inhibitors</DescriptorName>
                <QualifierName UI="Q000627" MajorTopicYN="Y">therapeutic use</QualifierName>
            </MeshHeading>
            <MeshHeading>
                <DescriptorName UI="D002386" MajorTopicYN="N">Cataract</DescriptorName>
                <QualifierName UI="Q000150" MajorTopicYN="N">complications</QualifierName>
            </MeshHeading>
            <MeshHeading>
                <DescriptorName UI="D018450" MajorTopicYN="N">Disease Progression</DescriptorName>
            </MeshHeading>
            <MeshHeading>
                <DescriptorName UI="D005260" MajorTopicYN="N">Female</DescriptorName>
            </MeshHeading>
            <MeshHeading>
                <DescriptorName UI="D018463" MajorTopicYN="N">Filtering Surgery</DescriptorName>
            </MeshHeading>
            <MeshHeading>
                <DescriptorName UI="D005901" MajorTopicYN="N">Glaucoma</DescriptorName>
                <QualifierName UI="Q000188" MajorTopicYN="Y">drug therapy</QualifierName>
                <QualifierName UI="Q000503" MajorTopicYN="N">physiopathology</QualifierName>
            </MeshHeading>
            <MeshHeading>
                <DescriptorName UI="D006801" MajorTopicYN="N">Humans</DescriptorName>
            </MeshHeading>
            <MeshHeading>
                <DescriptorName UI="D007429" MajorTopicYN="N">Intraocular Pressure</DescriptorName>
                <QualifierName UI="Q000187" MajorTopicYN="Y">drug effects</QualifierName>
            </MeshHeading>
            <MeshHeading>
                <DescriptorName UI="D008297" MajorTopicYN="N">Male</DescriptorName>
            </MeshHeading>
            <MeshHeading>
                <DescriptorName UI="D016019" MajorTopicYN="N">Survival Analysis</DescriptorName>
            </MeshHeading>
            <MeshHeading>
                <DescriptorName UI="D016896" MajorTopicYN="N">Treatment Outcome</DescriptorName>
            </MeshHeading>
            <MeshHeading>
                <DescriptorName UI="D014792" MajorTopicYN="N">Visual Acuity</DescriptorName>
            </MeshHeading>
            <MeshHeading>
                <DescriptorName UI="D014794" MajorTopicYN="N">Visual Fields</DescriptorName>
            </MeshHeading>
        </MeshHeadingList>
    </MedlineCitation>
    <PubmedData>
        <History>
            <PubMedPubDate PubStatus="pubmed">
                <Year>1998</Year>
                <Month>10</Month>
                <Day>21</Day>
            </PubMedPubDate>
            <PubMedPubDate PubStatus="medline">
                <Year>1998</Year>
                <Month>10</Month>
                <Day>21</Day>
                <Hour>0</Hour>
                <Minute>1</Minute>
            </PubMedPubDate>
            <PubMedPubDate PubStatus="entrez">
                <Year>1998</Year>
                <Month>10</Month>
                <Day>21</Day>
                <Hour>0</Hour>
                <Minute>0</Minute>
            </PubMedPubDate>
        </History>
        <PublicationStatus>ppublish</PublicationStatus>
        <ArticleIdList>
            <ArticleId IdType="pubmed">9780094</ArticleId>
            <ArticleId IdType="pii">S0002939498002724</ArticleId>
            <ArticleId IdType="doi">10.1016/s0002-9394(98)00272-4</ArticleId>
        </ArticleIdList>
    </PubmedData>
</PubmedArticle>

</PubmedArticleSet>