<?xml version="1.0" ?>
<!DOCTYPE PubmedArticleSet PUBLIC "-//NLM//DTD PubMedArticle, 1st January 2019//EN" "https://dtd.nlm.nih.gov/ncbi/pubmed/out/pubmed_190101.dtd">
<PubmedArticleSet>
<PubmedArticle>
    <MedlineCitation Status="MEDLINE" Owner="NLM">
        <PMID Version="1">11777359</PMID>
        <DateCompleted>
            <Year>2002</Year>
            <Month>01</Month>
            <Day>29</Day>
        </DateCompleted>
        <DateRevised>
            <Year>2019</Year>
            <Month>12</Month>
            <Day>10</Day>
        </DateRevised>
        <Article PubModel="Print">
            <Journal>
                <ISSN IssnType="Print">0003-4819</ISSN>
                <JournalIssue CitedMedium="Print">
                    <Volume>136</Volume>
                    <Issue>1</Issue>
                    <PubDate>
                        <Year>2002</Year>
                        <Month>Jan</Month>
                        <Day>01</Day>
                    </PubDate>
                </JournalIssue>
                <Title>Annals of internal medicine</Title>
                <ISOAbbreviation>Ann Intern Med</ISOAbbreviation>
            </Journal>
            <ArticleTitle>Low-dose prednisone therapy for patients with early active rheumatoid arthritis: clinical efficacy, disease-modifying properties, and side effects: a randomized, double-blind, placebo-controlled clinical trial.</ArticleTitle>
            <Pagination>
                <MedlinePgn>1-12</MedlinePgn>
            </Pagination>
            <Abstract>
                <AbstractText Label="BACKGROUND" NlmCategory="BACKGROUND">Oral glucocorticoids combined with disease-modifying antirheumatic drugs are beneficial and retard radiologic joint damage in rheumatoid arthritis.</AbstractText>
                <AbstractText Label="OBJECTIVE" NlmCategory="OBJECTIVE">To investigate the clinical efficacy, disease-modifying properties, and side effects of low-dose glucocorticoids as monotherapy for previously untreated patients with early active rheumatoid arthritis.</AbstractText>
                <AbstractText Label="DESIGN" NlmCategory="METHODS">2-year randomized, double-blind, placebo-controlled clinical trial.</AbstractText>
                <AbstractText Label="SETTING" NlmCategory="METHODS">2 outpatient rheumatology clinics.</AbstractText>
                <AbstractText Label="PATIENTS" NlmCategory="METHODS">81 patients with early active rheumatoid arthritis who had not been treated with disease-modifying antirheumatic drugs.</AbstractText>
                <AbstractText Label="INTERVENTION" NlmCategory="METHODS">41 patients were assigned to 10 mg of oral prednisone per day, and 40 were assigned to placebo. Nonsteroidal anti-inflammatory drugs were allowed in both groups. After 6 months, sulfasalazine (2 g/d) could be prescribed as rescue medication.</AbstractText>
                <AbstractText Label="MEASUREMENTS" NlmCategory="METHODS">Clinical variables were assessed at baseline and every 3 months; radiologic studies were performed every 6 months. Adverse effects were documented every 3 months.</AbstractText>
                <AbstractText Label="RESULTS" NlmCategory="RESULTS">In the first 6 months, the prednisone group showed more clinical improvement than the placebo group. This effect was not seen after 6 months except in grip strength and the 28-joint score for tenderness. Use of additional therapies was significantly less common in the prednisone group, particularly in the first 6 months. More than 65% of those who completed the study were not taking sulfasalazine. After month 6, radiologic scores showed significantly less progression in the prednisone group than in the placebo group. No clinically relevant adverse effects were observed, except for a higher incidence of osteoporotic fractures in the prednisone group.</AbstractText>
                <AbstractText Label="CONCLUSIONS" NlmCategory="CONCLUSIONS">Prednisone, 10 mg/d, provides clinical benefit, particularly in the first 6 months, and substantially inhibits progression of radiologic joint damage in patients with early active rheumatoid arthritis and no previous treatment with disease-modifying antirheumatic drugs. Because of their limited disease-modifying effects, glucocorticoids should be combined with disease-modifying antirheumatic drugs in patients with rheumatoid arthritis.</AbstractText>
            </Abstract>
            <AuthorList CompleteYN="Y">
                <Author ValidYN="Y">
                    <LastName>van Everdingen</LastName>
                    <ForeName>Amalia A</ForeName>
                    <Initials>AA</Initials>
                    <AffiliationInfo>
                        <Affiliation>Department of Rheumatology, Deventer Hospital, Box 5001, 7400 GC Deventer, the Netherlands.</Affiliation>
                    </AffiliationInfo>
                </Author>
                <Author ValidYN="Y">
                    <LastName>Jacobs</LastName>
                    <ForeName>Johannes W G</ForeName>
                    <Initials>JW</Initials>
                </Author>
                <Author ValidYN="Y">
                    <LastName>Siewertsz Van Reesema</LastName>
                    <ForeName>Dirk R</ForeName>
                    <Initials>DR</Initials>
                </Author>
                <Author ValidYN="Y">
                    <LastName>Bijlsma</LastName>
                    <ForeName>Johannes W J</ForeName>
                    <Initials>JW</Initials>
                </Author>
            </AuthorList>
            <Language>eng</Language>
            <PublicationTypeList>
                <PublicationType UI="D016430">Clinical Trial</PublicationType>
                <PublicationType UI="D016428">Journal Article</PublicationType>
                <PublicationType UI="D016448">Multicenter Study</PublicationType>
                <PublicationType UI="D016449">Randomized Controlled Trial</PublicationType>
                <PublicationType UI="D013485">Research Support, Non-U.S. Gov't</PublicationType>
            </PublicationTypeList>
        </Article>
        <MedlineJournalInfo>
            <Country>United States</Country>
            <MedlineTA>Ann Intern Med</MedlineTA>
            <NlmUniqueID>0372351</NlmUniqueID>
            <ISSNLinking>0003-4819</ISSNLinking>
        </MedlineJournalInfo>
        <ChemicalList>
            <Chemical>
                <RegistryNumber>0</RegistryNumber>
                <NameOfSubstance UI="D000893">Anti-Inflammatory Agents</NameOfSubstance>
            </Chemical>
            <Chemical>
                <RegistryNumber>0</RegistryNumber>
                <NameOfSubstance UI="D005938">Glucocorticoids</NameOfSubstance>
            </Chemical>
            <Chemical>
                <RegistryNumber>VB0R961HZT</RegistryNumber>
                <NameOfSubstance UI="D011241">Prednisone</NameOfSubstance>
            </Chemical>
        </ChemicalList>
        <CitationSubset>AIM</CitationSubset>
        <CitationSubset>IM</CitationSubset>
        <CommentsCorrectionsList>
            <CommentsCorrections RefType="CommentIn">
                <RefSource>Ann Intern Med. 2002 Jan 1;136(1):76-8</RefSource>
                <PMID Version="1">11777366</PMID>
            </CommentsCorrections>
            <CommentsCorrections RefType="SummaryForPatientsIn">
                <RefSource>Ann Intern Med. 2002 Jan 1;136(1):I-26</RefSource>
                <PMID Version="1">11777372</PMID>
            </CommentsCorrections>
        </CommentsCorrectionsList>
        <MeshHeadingList>
            <MeshHeading>
                <DescriptorName UI="D000284" MajorTopicYN="N">Administration, Oral</DescriptorName>
            </MeshHeading>
            <MeshHeading>
                <DescriptorName UI="D000328" MajorTopicYN="N">Adult</DescriptorName>
            </MeshHeading>
            <MeshHeading>
                <DescriptorName UI="D000893" MajorTopicYN="N">Anti-Inflammatory Agents</DescriptorName>
                <QualifierName UI="Q000008" MajorTopicYN="Y">administration &amp; dosage</QualifierName>
                <QualifierName UI="Q000009" MajorTopicYN="N">adverse effects</QualifierName>
            </MeshHeading>
            <MeshHeading>
                <DescriptorName UI="D001172" MajorTopicYN="N">Arthritis, Rheumatoid</DescriptorName>
                <QualifierName UI="Q000000981" MajorTopicYN="N">diagnostic imaging</QualifierName>
                <QualifierName UI="Q000188" MajorTopicYN="Y">drug therapy</QualifierName>
                <QualifierName UI="Q000503" MajorTopicYN="N">physiopathology</QualifierName>
            </MeshHeading>
            <MeshHeading>
                <DescriptorName UI="D018450" MajorTopicYN="N">Disease Progression</DescriptorName>
            </MeshHeading>
            <MeshHeading>
                <DescriptorName UI="D005260" MajorTopicYN="N">Female</DescriptorName>
            </MeshHeading>
            <MeshHeading>
                <DescriptorName UI="D050723" MajorTopicYN="N">Fractures, Bone</DescriptorName>
                <QualifierName UI="Q000209" MajorTopicYN="N">etiology</QualifierName>
            </MeshHeading>
            <MeshHeading>
                <DescriptorName UI="D005938" MajorTopicYN="N">Glucocorticoids</DescriptorName>
                <QualifierName UI="Q000008" MajorTopicYN="Y">administration &amp; dosage</QualifierName>
                <QualifierName UI="Q000009" MajorTopicYN="N">adverse effects</QualifierName>
            </MeshHeading>
            <MeshHeading>
                <DescriptorName UI="D006801" MajorTopicYN="N">Humans</DescriptorName>
            </MeshHeading>
            <MeshHeading>
                <DescriptorName UI="D007239" MajorTopicYN="N">Infections</DescriptorName>
                <QualifierName UI="Q000209" MajorTopicYN="N">etiology</QualifierName>
            </MeshHeading>
            <MeshHeading>
                <DescriptorName UI="D008297" MajorTopicYN="N">Male</DescriptorName>
            </MeshHeading>
            <MeshHeading>
                <DescriptorName UI="D008875" MajorTopicYN="N">Middle Aged</DescriptorName>
            </MeshHeading>
            <MeshHeading>
                <DescriptorName UI="D010024" MajorTopicYN="N">Osteoporosis</DescriptorName>
                <QualifierName UI="Q000139" MajorTopicYN="N">chemically induced</QualifierName>
                <QualifierName UI="Q000150" MajorTopicYN="N">complications</QualifierName>
            </MeshHeading>
            <MeshHeading>
                <DescriptorName UI="D011241" MajorTopicYN="N">Prednisone</DescriptorName>
                <QualifierName UI="Q000008" MajorTopicYN="Y">administration &amp; dosage</QualifierName>
                <QualifierName UI="Q000009" MajorTopicYN="N">adverse effects</QualifierName>
            </MeshHeading>
            <MeshHeading>
                <DescriptorName UI="D011859" MajorTopicYN="N">Radiography</DescriptorName>
            </MeshHeading>
            <MeshHeading>
                <DescriptorName UI="D018709" MajorTopicYN="N">Statistics, Nonparametric</DescriptorName>
            </MeshHeading>
        </MeshHeadingList>
    </MedlineCitation>
    <PubmedData>
        <History>
            <PubMedPubDate PubStatus="pubmed">
                <Year>2002</Year>
                <Month>1</Month>
                <Day>5</Day>
                <Hour>10</Hour>
                <Minute>0</Minute>
            </PubMedPubDate>
            <PubMedPubDate PubStatus="medline">
                <Year>2002</Year>
                <Month>1</Month>
                <Day>30</Day>
                <Hour>10</Hour>
                <Minute>1</Minute>
            </PubMedPubDate>
            <PubMedPubDate PubStatus="entrez">
                <Year>2002</Year>
                <Month>1</Month>
                <Day>5</Day>
                <Hour>10</Hour>
                <Minute>0</Minute>
            </PubMedPubDate>
        </History>
        <PublicationStatus>ppublish</PublicationStatus>
        <ArticleIdList>
            <ArticleId IdType="pubmed">11777359</ArticleId>
            <ArticleId IdType="pii">200201010-00006</ArticleId>
            <ArticleId IdType="doi">10.7326/0003-4819-136-1-200201010-00006</ArticleId>
        </ArticleIdList>
    </PubmedData>
</PubmedArticle>

</PubmedArticleSet>