<?xml version="1.0" ?>
<!DOCTYPE PubmedArticleSet PUBLIC "-//NLM//DTD PubMedArticle, 1st January 2019//EN" "https://dtd.nlm.nih.gov/ncbi/pubmed/out/pubmed_190101.dtd">
<PubmedArticleSet>
<PubmedArticle>
    <MedlineCitation Status="MEDLINE" Owner="NLM">
        <PMID Version="1">16255011</PMID>
        <DateCompleted>
            <Year>2005</Year>
            <Month>12</Month>
            <Day>09</Day>
        </DateCompleted>
        <DateRevised>
            <Year>2016</Year>
            <Month>11</Month>
            <Day>24</Day>
        </DateRevised>
        <Article PubModel="Print">
            <Journal>
                <ISSN IssnType="Print">0004-3591</ISSN>
                <JournalIssue CitedMedium="Print">
                    <Volume>52</Volume>
                    <Issue>11</Issue>
                    <PubDate>
                        <Year>2005</Year>
                        <Month>Nov</Month>
                    </PubDate>
                </JournalIssue>
                <Title>Arthritis and rheumatism</Title>
                <ISOAbbreviation>Arthritis Rheum</ISOAbbreviation>
            </Journal>
            <ArticleTitle>Very low-dose prednisolone in early rheumatoid arthritis retards radiographic progression over two years: a multicenter, double-blind, placebo-controlled trial.</ArticleTitle>
            <Pagination>
                <MedlinePgn>3371-80</MedlinePgn>
            </Pagination>
            <Abstract>
                <AbstractText Label="OBJECTIVE" NlmCategory="OBJECTIVE">To assess the effect of 5 mg/day prednisolone on disease progression in patients with early rheumatoid arthritis (RA) receiving standardized disease-modifying antirheumatic drug (DMARD) therapy.</AbstractText>
                <AbstractText Label="METHODS" NlmCategory="METHODS">Patients with active RA of &lt;2 years' duration were randomly assigned in a double-blinded manner to receive prednisolone or placebo while starting concomitant DMARD therapy (gold sodium thiomalate or methotrexate). Hand and foot radiographs were taken at baseline and at 6, 12, and 24 months and were evaluated according to the Ratingen score and the total modified Sharp/van der Heijde score (SHS).</AbstractText>
                <AbstractText Label="RESULTS" NlmCategory="RESULTS">Of 192 included patients, 166 were available for the intent-to-treat analysis (ITT). Seventy-six patients completed the study per protocol (PP). Radiographic progression (increase in the Ratingen score) was significantly less with prednisolone than with placebo. The difference in the progression rate between the groups was greatest in the first 6 months. At 24 months in the ITT population, the least squares (LS) mean difference was 3.14 (95% confidence interval [95% CI] 0.94, 5.34), P = 0.006. The results were confirmed by the total SHS in the ITT population (LS mean difference 7.20 [95% CI 0.93, 13.47], P = 0.022) and with the PP population. Clinical and functional outcomes tended to be better and the rate of remissions was higher in the prednisolone group. Side effects were observed more frequently in the prednisolone group than in the control group: weight gain (4 versus 0 patients), hypertension (6 versus 2 patients), glaucoma (3 versus 0 patients), Cushing's syndrome (5 versus 0 patients), gastric distress (9 versus 4 patients), and gastric ulcers (only with concomitant nonsteroidal antiinflammatory drug therapy; 3 versus 0 patients). No new lumbar fractures were found in either group.</AbstractText>
                <AbstractText Label="CONCLUSION" NlmCategory="CONCLUSIONS">The very low daily dose of 5 mg prednisolone given over 2 years in combination with background DMARD therapy substantially decreased radiographic progression in early RA at low risk.</AbstractText>
            </Abstract>
            <AuthorList CompleteYN="Y">
                <Author ValidYN="Y">
                    <LastName>Wassenberg</LastName>
                    <ForeName>Siegfried</ForeName>
                    <Initials>S</Initials>
                    <AffiliationInfo>
                        <Affiliation>Evangelisches Fachkrankenhaus Ratingen, Ratingen, Germany.</Affiliation>
                    </AffiliationInfo>
                </Author>
                <Author ValidYN="Y">
                    <LastName>Rau</LastName>
                    <ForeName>Rolf</ForeName>
                    <Initials>R</Initials>
                </Author>
                <Author ValidYN="Y">
                    <LastName>Steinfeld</LastName>
                    <ForeName>Paul</ForeName>
                    <Initials>P</Initials>
                </Author>
                <Author ValidYN="Y">
                    <LastName>Zeidler</LastName>
                    <ForeName>Henning</ForeName>
                    <Initials>H</Initials>
                </Author>
            </AuthorList>
            <Language>eng</Language>
            <PublicationTypeList>
                <PublicationType UI="D016428">Journal Article</PublicationType>
                <PublicationType UI="D016448">Multicenter Study</PublicationType>
                <PublicationType UI="D016449">Randomized Controlled Trial</PublicationType>
                <PublicationType UI="D013485">Research Support, Non-U.S. Gov't</PublicationType>
            </PublicationTypeList>
        </Article>
        <MedlineJournalInfo>
            <Country>United States</Country>
            <MedlineTA>Arthritis Rheum</MedlineTA>
            <NlmUniqueID>0370605</NlmUniqueID>
            <ISSNLinking>0004-3591</ISSNLinking>
        </MedlineJournalInfo>
        <ChemicalList>
            <Chemical>
                <RegistryNumber>0</RegistryNumber>
                <NameOfSubstance UI="D018501">Antirheumatic Agents</NameOfSubstance>
            </Chemical>
            <Chemical>
                <RegistryNumber>0</RegistryNumber>
                <NameOfSubstance UI="D005938">Glucocorticoids</NameOfSubstance>
            </Chemical>
            <Chemical>
                <RegistryNumber>9PHQ9Y1OLM</RegistryNumber>
                <NameOfSubstance UI="D011239">Prednisolone</NameOfSubstance>
            </Chemical>
        </ChemicalList>
        <CitationSubset>AIM</CitationSubset>
        <CitationSubset>IM</CitationSubset>
        <CommentsCorrectionsList>
            <CommentsCorrections RefType="CommentIn">
                <RefSource>Arthritis Rheum. 2005 Nov;52(11):3324-5</RefSource>
                <PMID Version="1">16255013</PMID>
            </CommentsCorrections>
        </CommentsCorrectionsList>
        <MeshHeadingList>
            <MeshHeading>
                <DescriptorName UI="D000293" MajorTopicYN="N">Adolescent</DescriptorName>
            </MeshHeading>
            <MeshHeading>
                <DescriptorName UI="D000328" MajorTopicYN="N">Adult</DescriptorName>
            </MeshHeading>
            <MeshHeading>
                <DescriptorName UI="D000368" MajorTopicYN="N">Aged</DescriptorName>
            </MeshHeading>
            <MeshHeading>
                <DescriptorName UI="D018501" MajorTopicYN="N">Antirheumatic Agents</DescriptorName>
                <QualifierName UI="Q000627" MajorTopicYN="N">therapeutic use</QualifierName>
            </MeshHeading>
            <MeshHeading>
                <DescriptorName UI="D001172" MajorTopicYN="N">Arthritis, Rheumatoid</DescriptorName>
                <QualifierName UI="Q000000981" MajorTopicYN="N">diagnostic imaging</QualifierName>
                <QualifierName UI="Q000188" MajorTopicYN="Y">drug therapy</QualifierName>
                <QualifierName UI="Q000503" MajorTopicYN="N">physiopathology</QualifierName>
            </MeshHeading>
            <MeshHeading>
                <DescriptorName UI="D001175" MajorTopicYN="N">Arthrography</DescriptorName>
                <QualifierName UI="Q000379" MajorTopicYN="Y">methods</QualifierName>
            </MeshHeading>
            <MeshHeading>
                <DescriptorName UI="D018450" MajorTopicYN="N">Disease Progression</DescriptorName>
            </MeshHeading>
            <MeshHeading>
                <DescriptorName UI="D004305" MajorTopicYN="N">Dose-Response Relationship, Drug</DescriptorName>
            </MeshHeading>
            <MeshHeading>
                <DescriptorName UI="D004311" MajorTopicYN="N">Double-Blind Method</DescriptorName>
            </MeshHeading>
            <MeshHeading>
                <DescriptorName UI="D004359" MajorTopicYN="N">Drug Therapy, Combination</DescriptorName>
            </MeshHeading>
            <MeshHeading>
                <DescriptorName UI="D042241" MajorTopicYN="N">Early Diagnosis</DescriptorName>
            </MeshHeading>
            <MeshHeading>
                <DescriptorName UI="D005260" MajorTopicYN="N">Female</DescriptorName>
            </MeshHeading>
            <MeshHeading>
                <DescriptorName UI="D005938" MajorTopicYN="N">Glucocorticoids</DescriptorName>
                <QualifierName UI="Q000627" MajorTopicYN="Y">therapeutic use</QualifierName>
            </MeshHeading>
            <MeshHeading>
                <DescriptorName UI="D006304" MajorTopicYN="N">Health Status</DescriptorName>
            </MeshHeading>
            <MeshHeading>
                <DescriptorName UI="D006801" MajorTopicYN="N">Humans</DescriptorName>
            </MeshHeading>
            <MeshHeading>
                <DescriptorName UI="D007391" MajorTopicYN="N">International Cooperation</DescriptorName>
            </MeshHeading>
            <MeshHeading>
                <DescriptorName UI="D008297" MajorTopicYN="N">Male</DescriptorName>
            </MeshHeading>
            <MeshHeading>
                <DescriptorName UI="D008875" MajorTopicYN="N">Middle Aged</DescriptorName>
            </MeshHeading>
            <MeshHeading>
                <DescriptorName UI="D011239" MajorTopicYN="N">Prednisolone</DescriptorName>
                <QualifierName UI="Q000627" MajorTopicYN="Y">therapeutic use</QualifierName>
            </MeshHeading>
            <MeshHeading>
                <DescriptorName UI="D012074" MajorTopicYN="N">Remission Induction</DescriptorName>
            </MeshHeading>
            <MeshHeading>
                <DescriptorName UI="D012720" MajorTopicYN="N">Severity of Illness Index</DescriptorName>
            </MeshHeading>
            <MeshHeading>
                <DescriptorName UI="D011795" MajorTopicYN="N">Surveys and Questionnaires</DescriptorName>
            </MeshHeading>
        </MeshHeadingList>
    </MedlineCitation>
    <PubmedData>
        <History>
            <PubMedPubDate PubStatus="pubmed">
                <Year>2005</Year>
                <Month>10</Month>
                <Day>29</Day>
                <Hour>9</Hour>
                <Minute>0</Minute>
            </PubMedPubDate>
            <PubMedPubDate PubStatus="medline">
                <Year>2005</Year>
                <Month>12</Month>
                <Day>13</Day>
                <Hour>9</Hour>
                <Minute>0</Minute>
            </PubMedPubDate>
            <PubMedPubDate PubStatus="entrez">
                <Year>2005</Year>
                <Month>10</Month>
                <Day>29</Day>
                <Hour>9</Hour>
                <Minute>0</Minute>
            </PubMedPubDate>
        </History>
        <PublicationStatus>ppublish</PublicationStatus>
        <ArticleIdList>
            <ArticleId IdType="pubmed">16255011</ArticleId>
            <ArticleId IdType="doi">10.1002/art.21421</ArticleId>
        </ArticleIdList>
    </PubmedData>
</PubmedArticle>

</PubmedArticleSet>