<?xml version="1.0" ?>
<!DOCTYPE PubmedArticleSet PUBLIC "-//NLM//DTD PubMedArticle, 1st January 2019//EN" "https://dtd.nlm.nih.gov/ncbi/pubmed/out/pubmed_190101.dtd">
<PubmedArticleSet>
<PubmedArticle>
    <MedlineCitation Status="MEDLINE" Owner="NLM">
        <PMID Version="1">22393128</PMID>
        <DateCompleted>
            <Year>2012</Year>
            <Month>04</Month>
            <Day>16</Day>
        </DateCompleted>
        <DateRevised>
            <Year>2016</Year>
            <Month>11</Month>
            <Day>25</Day>
        </DateRevised>
        <Article PubModel="Print">
            <Journal>
                <ISSN IssnType="Electronic">1539-3704</ISSN>
                <JournalIssue CitedMedium="Internet">
                    <Volume>156</Volume>
                    <Issue>5</Issue>
                    <PubDate>
                        <Year>2012</Year>
                        <Month>Mar</Month>
                        <Day>06</Day>
                    </PubDate>
                </JournalIssue>
                <Title>Annals of internal medicine</Title>
                <ISOAbbreviation>Ann Intern Med</ISOAbbreviation>
            </Journal>
            <ArticleTitle>Low-dose prednisone inclusion in a methotrexate-based, tight control strategy for early rheumatoid arthritis: a randomized trial.</ArticleTitle>
            <Pagination>
                <MedlinePgn>329-39</MedlinePgn>
            </Pagination>
            <ELocationID EIdType="doi" ValidYN="Y">10.7326/0003-4819-156-5-201203060-00004</ELocationID>
            <Abstract>
                <AbstractText Label="BACKGROUND" NlmCategory="BACKGROUND">Treatment strategies for tight control of early rheumatoid arthritis (RA) are highly effective but can be improved.</AbstractText>
                <AbstractText Label="OBJECTIVE" NlmCategory="OBJECTIVE">To investigate whether adding prednisone, 10 mg/d, at the start of a methotrexate (MTX)-based treatment strategy for tight control in early RA increases its effectiveness.</AbstractText>
                <AbstractText Label="DESIGN" NlmCategory="METHODS">A 2-year, prospective, randomized, placebo-controlled, double-blind, multicenter trial (CAMERA-II [Computer Assisted Management in Early Rheumatoid Arthritis trial-II]). (International Standard Randomised Controlled Trial Number: ISRCTN 70365169)</AbstractText>
                <AbstractText Label="SETTING" NlmCategory="METHODS">7 hospitals in the Netherlands.</AbstractText>
                <AbstractText Label="PATIENTS" NlmCategory="METHODS">236 patients with early RA (duration &lt;1 year).</AbstractText>
                <AbstractText Label="INTERVENTION" NlmCategory="METHODS">Patients were randomly assigned to an MTX-based, tight control strategy starting with either MTX and prednisone or MTX and placebo. Methotrexate treatment was tailored to the individual patient at monthly visits on the basis of predefined response criteria aiming for remission.</AbstractText>
                <AbstractText Label="MEASUREMENTS" NlmCategory="METHODS">The primary outcome was radiographic erosive joint damage after 2 years. Secondary outcomes included response criteria, remission, and the need to add cyclosporine or a biologic agent to the treatment.</AbstractText>
                <AbstractText Label="RESULTS" NlmCategory="RESULTS">Erosive joint damage after 2 years was limited and less in the group receiving MTX and prednisone (n = 117) than in the group receiving MTX and placebo (n = 119). The MTX and prednisone strategy was also more effective in reducing disease activity and physical disability, achieving sustained remission, and avoiding the addition of cyclosporine or biologic treatment. Adverse events were similar in both groups, but some occurred less in the MTX and prednisone group.</AbstractText>
                <AbstractText Label="LIMITATION" NlmCategory="CONCLUSIONS">A tight control strategy for RA implies monthly visits to an outpatient clinic, which is not always feasible.</AbstractText>
                <AbstractText Label="CONCLUSION" NlmCategory="CONCLUSIONS">Inclusion of low-dose prednisone in an MTX-based treatment strategy for tight control in early RA improves patient outcomes.</AbstractText>
                <AbstractText Label="PRIMARY FUNDING SOURCE" NlmCategory="BACKGROUND">Catharijne Foundation.</AbstractText>
            </Abstract>
            <AuthorList CompleteYN="Y">
                <Author ValidYN="Y">
                    <LastName>Bakker</LastName>
                    <ForeName>Marije F</ForeName>
                    <Initials>MF</Initials>
                    <AffiliationInfo>
                        <Affiliation>Department of Rheumatology and Clinical Immunology and Julius Center for Health Sciences and Primary Care, University Medical Center Utrecht, and Diakonessenhuis, Utrecht, The Netherlands.</Affiliation>
                    </AffiliationInfo>
                </Author>
                <Author ValidYN="Y">
                    <LastName>Jacobs</LastName>
                    <ForeName>Johannes W G</ForeName>
                    <Initials>JW</Initials>
                </Author>
                <Author ValidYN="Y">
                    <LastName>Welsing</LastName>
                    <ForeName>Paco M J</ForeName>
                    <Initials>PM</Initials>
                </Author>
                <Author ValidYN="Y">
                    <LastName>Verstappen</LastName>
                    <ForeName>Suzanne M M</ForeName>
                    <Initials>SM</Initials>
                </Author>
                <Author ValidYN="Y">
                    <LastName>Tekstra</LastName>
                    <ForeName>Janneke</ForeName>
                    <Initials>J</Initials>
                </Author>
                <Author ValidYN="Y">
                    <LastName>Ton</LastName>
                    <ForeName>Evelien</ForeName>
                    <Initials>E</Initials>
                </Author>
                <Author ValidYN="Y">
                    <LastName>Geurts</LastName>
                    <ForeName>Monique A W</ForeName>
                    <Initials>MA</Initials>
                </Author>
                <Author ValidYN="Y">
                    <LastName>van der Werf</LastName>
                    <ForeName>Jacobine H</ForeName>
                    <Initials>JH</Initials>
                </Author>
                <Author ValidYN="Y">
                    <LastName>van Albada-Kuipers</LastName>
                    <ForeName>Grietje A</ForeName>
                    <Initials>GA</Initials>
                </Author>
                <Author ValidYN="Y">
                    <LastName>Jahangier-de Veen</LastName>
                    <ForeName>Zalima N</ForeName>
                    <Initials>ZN</Initials>
                </Author>
                <Author ValidYN="Y">
                    <LastName>van der Veen</LastName>
                    <ForeName>Maaike J</ForeName>
                    <Initials>MJ</Initials>
                </Author>
                <Author ValidYN="Y">
                    <LastName>Verhoef</LastName>
                    <ForeName>Catharina M</ForeName>
                    <Initials>CM</Initials>
                </Author>
                <Author ValidYN="Y">
                    <LastName>Lafeber</LastName>
                    <ForeName>Floris P J G</ForeName>
                    <Initials>FP</Initials>
                </Author>
                <Author ValidYN="Y">
                    <LastName>Bijlsma</LastName>
                    <ForeName>Johannes W J</ForeName>
                    <Initials>JW</Initials>
                </Author>
                <Author ValidYN="Y">
                    <CollectiveName>Utrecht Rheumatoid Arthritis Cohort Study Group</CollectiveName>
                </Author>
            </AuthorList>
            <Language>eng</Language>
            <DataBankList CompleteYN="Y">
                <DataBank>
                    <DataBankName>ISRCTN</DataBankName>
                    <AccessionNumberList>
                        <AccessionNumber>ISRCTN70365169</AccessionNumber>
                    </AccessionNumberList>
                </DataBank>
            </DataBankList>
            <PublicationTypeList>
                <PublicationType UI="D016428">Journal Article</PublicationType>
                <PublicationType UI="D016448">Multicenter Study</PublicationType>
                <PublicationType UI="D016449">Randomized Controlled Trial</PublicationType>
                <PublicationType UI="D013485">Research Support, Non-U.S. Gov't</PublicationType>
            </PublicationTypeList>
        </Article>
        <MedlineJournalInfo>
            <Country>United States</Country>
            <MedlineTA>Ann Intern Med</MedlineTA>
            <NlmUniqueID>0372351</NlmUniqueID>
            <ISSNLinking>0003-4819</ISSNLinking>
        </MedlineJournalInfo>
        <ChemicalList>
            <Chemical>
                <RegistryNumber>0</RegistryNumber>
                <NameOfSubstance UI="D018501">Antirheumatic Agents</NameOfSubstance>
            </Chemical>
            <Chemical>
                <RegistryNumber>0</RegistryNumber>
                <NameOfSubstance UI="D005938">Glucocorticoids</NameOfSubstance>
            </Chemical>
            <Chemical>
                <RegistryNumber>VB0R961HZT</RegistryNumber>
                <NameOfSubstance UI="D011241">Prednisone</NameOfSubstance>
            </Chemical>
            <Chemical>
                <RegistryNumber>YL5FZ2Y5U1</RegistryNumber>
                <NameOfSubstance UI="D008727">Methotrexate</NameOfSubstance>
            </Chemical>
        </ChemicalList>
        <CitationSubset>AIM</CitationSubset>
        <CitationSubset>IM</CitationSubset>
        <CommentsCorrectionsList>
            <CommentsCorrections RefType="CommentIn">
                <RefSource>Ann Intern Med. 2012 Mar 6;156(5):390-1</RefSource>
                <PMID Version="1">22393135</PMID>
            </CommentsCorrections>
            <CommentsCorrections RefType="SummaryForPatientsIn">
                <RefSource>Ann Intern Med. 2012 Mar 6;156(5):I18</RefSource>
                <PMID Version="1">22393145</PMID>
            </CommentsCorrections>
            <CommentsCorrections RefType="CommentIn">
                <RefSource>Ann Intern Med. 2012 Aug 21;157(4):299; author reply 300</RefSource>
                <PMID Version="1">22910946</PMID>
            </CommentsCorrections>
            <CommentsCorrections RefType="CommentIn">
                <RefSource>Ann Intern Med. 2012 Aug 21;157(4):299-300; author reply 300</RefSource>
                <PMID Version="1">22910947</PMID>
            </CommentsCorrections>
        </CommentsCorrectionsList>
        <MeshHeadingList>
            <MeshHeading>
                <DescriptorName UI="D000328" MajorTopicYN="N">Adult</DescriptorName>
            </MeshHeading>
            <MeshHeading>
                <DescriptorName UI="D000368" MajorTopicYN="N">Aged</DescriptorName>
            </MeshHeading>
            <MeshHeading>
                <DescriptorName UI="D018501" MajorTopicYN="N">Antirheumatic Agents</DescriptorName>
                <QualifierName UI="Q000008" MajorTopicYN="Y">administration &amp; dosage</QualifierName>
                <QualifierName UI="Q000009" MajorTopicYN="N">adverse effects</QualifierName>
                <QualifierName UI="Q000627" MajorTopicYN="N">therapeutic use</QualifierName>
            </MeshHeading>
            <MeshHeading>
                <DescriptorName UI="D001172" MajorTopicYN="N">Arthritis, Rheumatoid</DescriptorName>
                <QualifierName UI="Q000000981" MajorTopicYN="Y">diagnostic imaging</QualifierName>
                <QualifierName UI="Q000188" MajorTopicYN="Y">drug therapy</QualifierName>
            </MeshHeading>
            <MeshHeading>
                <DescriptorName UI="D004311" MajorTopicYN="N">Double-Blind Method</DescriptorName>
            </MeshHeading>
            <MeshHeading>
                <DescriptorName UI="D004359" MajorTopicYN="N">Drug Therapy, Combination</DescriptorName>
            </MeshHeading>
            <MeshHeading>
                <DescriptorName UI="D005260" MajorTopicYN="N">Female</DescriptorName>
            </MeshHeading>
            <MeshHeading>
                <DescriptorName UI="D005938" MajorTopicYN="N">Glucocorticoids</DescriptorName>
                <QualifierName UI="Q000008" MajorTopicYN="Y">administration &amp; dosage</QualifierName>
                <QualifierName UI="Q000009" MajorTopicYN="N">adverse effects</QualifierName>
                <QualifierName UI="Q000627" MajorTopicYN="N">therapeutic use</QualifierName>
            </MeshHeading>
            <MeshHeading>
                <DescriptorName UI="D006801" MajorTopicYN="N">Humans</DescriptorName>
            </MeshHeading>
            <MeshHeading>
                <DescriptorName UI="D008297" MajorTopicYN="N">Male</DescriptorName>
            </MeshHeading>
            <MeshHeading>
                <DescriptorName UI="D008727" MajorTopicYN="N">Methotrexate</DescriptorName>
                <QualifierName UI="Q000008" MajorTopicYN="Y">administration &amp; dosage</QualifierName>
                <QualifierName UI="Q000009" MajorTopicYN="N">adverse effects</QualifierName>
                <QualifierName UI="Q000627" MajorTopicYN="N">therapeutic use</QualifierName>
            </MeshHeading>
            <MeshHeading>
                <DescriptorName UI="D008875" MajorTopicYN="N">Middle Aged</DescriptorName>
            </MeshHeading>
            <MeshHeading>
                <DescriptorName UI="D011241" MajorTopicYN="N">Prednisone</DescriptorName>
                <QualifierName UI="Q000008" MajorTopicYN="Y">administration &amp; dosage</QualifierName>
                <QualifierName UI="Q000009" MajorTopicYN="N">adverse effects</QualifierName>
                <QualifierName UI="Q000627" MajorTopicYN="N">therapeutic use</QualifierName>
            </MeshHeading>
            <MeshHeading>
                <DescriptorName UI="D011446" MajorTopicYN="N">Prospective Studies</DescriptorName>
            </MeshHeading>
            <MeshHeading>
                <DescriptorName UI="D011859" MajorTopicYN="N">Radiography</DescriptorName>
            </MeshHeading>
            <MeshHeading>
                <DescriptorName UI="D012074" MajorTopicYN="N">Remission Induction</DescriptorName>
            </MeshHeading>
            <MeshHeading>
                <DescriptorName UI="D016896" MajorTopicYN="N">Treatment Outcome</DescriptorName>
            </MeshHeading>
        </MeshHeadingList>
        <InvestigatorList>
            <Investigator ValidYN="Y">
                <LastName>Kruize</LastName>
                <ForeName>A A</ForeName>
                <Initials>AA</Initials>
            </Investigator>
            <Investigator ValidYN="Y">
                <LastName>van der Laan</LastName>
                <ForeName>W H</ForeName>
                <Initials>WH</Initials>
            </Investigator>
            <Investigator ValidYN="Y">
                <LastName>van Rijthoven</LastName>
                <ForeName>A W A M</ForeName>
                <Initials>AW</Initials>
            </Investigator>
            <Investigator ValidYN="Y">
                <LastName>ter Borg</LastName>
                <ForeName>E J</ForeName>
                <Initials>EJ</Initials>
            </Investigator>
            <Investigator ValidYN="Y">
                <LastName>Vreugdenhil</LastName>
                <ForeName>S A</ForeName>
                <Initials>SA</Initials>
            </Investigator>
            <Investigator ValidYN="Y">
                <LastName>van Booma-Frankfort</LastName>
                <ForeName>C</ForeName>
                <Initials>C</Initials>
            </Investigator>
            <Investigator ValidYN="Y">
                <LastName>Schenk</LastName>
                <ForeName>Y</ForeName>
                <Initials>Y</Initials>
            </Investigator>
            <Investigator ValidYN="Y">
                <LastName>Heurkens</LastName>
                <ForeName>A H M</ForeName>
                <Initials>AH</Initials>
            </Investigator>
            <Investigator ValidYN="Y">
                <LastName>Linn-Rasker</LastName>
                <ForeName>S P</ForeName>
                <Initials>SP</Initials>
            </Investigator>
            <Investigator ValidYN="Y">
                <LastName>Ehrlich</LastName>
                <ForeName>J C</ForeName>
                <Initials>JC</Initials>
            </Investigator>
            <Investigator ValidYN="Y">
                <LastName>Nabibux</LastName>
                <ForeName>M N</ForeName>
                <Initials>MN</Initials>
            </Investigator>
            <Investigator ValidYN="Y">
                <LastName>Blaauw</LastName>
                <ForeName>A A M</ForeName>
                <Initials>AA</Initials>
            </Investigator>
        </InvestigatorList>
    </MedlineCitation>
    <PubmedData>
        <History>
            <PubMedPubDate PubStatus="entrez">
                <Year>2012</Year>
                <Month>3</Month>
                <Day>7</Day>
                <Hour>6</Hour>
                <Minute>0</Minute>
            </PubMedPubDate>
            <PubMedPubDate PubStatus="pubmed">
                <Year>2012</Year>
                <Month>3</Month>
                <Day>7</Day>
                <Hour>6</Hour>
                <Minute>0</Minute>
            </PubMedPubDate>
            <PubMedPubDate PubStatus="medline">
                <Year>2012</Year>
                <Month>4</Month>
                <Day>17</Day>
                <Hour>6</Hour>
                <Minute>0</Minute>
            </PubMedPubDate>
        </History>
        <PublicationStatus>ppublish</PublicationStatus>
        <ArticleIdList>
            <ArticleId IdType="pubmed">22393128</ArticleId>
            <ArticleId IdType="pii">156/5/329</ArticleId>
            <ArticleId IdType="doi">10.7326/0003-4819-156-5-201203060-00004</ArticleId>
        </ArticleIdList>
    </PubmedData>
</PubmedArticle>

</PubmedArticleSet>