<?xml version="1.0" ?>
<!DOCTYPE PubmedArticleSet PUBLIC "-//NLM//DTD PubMedArticle, 1st January 2019//EN" "https://dtd.nlm.nih.gov/ncbi/pubmed/out/pubmed_190101.dtd">
<PubmedArticleSet>
<PubmedArticle>
    <MedlineCitation Status="MEDLINE" Owner="NLM">
        <PMID Version="1">20490533</PMID>
        <DateCompleted>
            <Year>2010</Year>
            <Month>11</Month>
            <Day>10</Day>
        </DateCompleted>
        <DateRevised>
            <Year>2018</Year>
            <Month>11</Month>
            <Day>13</Day>
        </DateRevised>
        <Article PubModel="Print-Electronic">
            <Journal>
                <ISSN IssnType="Electronic">1435-702X</ISSN>
                <JournalIssue CitedMedium="Internet">
                    <Volume>248</Volume>
                    <Issue>10</Issue>
                    <PubDate>
                        <Year>2010</Year>
                        <Month>Oct</Month>
                    </PubDate>
                </JournalIssue>
                <Title>Graefe's archive for clinical and experimental ophthalmology = Albrecht von Graefes Archiv fur klinische und experimentelle Ophthalmologie</Title>
                <ISOAbbreviation>Graefes Arch Clin Exp Ophthalmol</ISOAbbreviation>
            </Journal>
            <ArticleTitle>Vitrectomy does not increase the risk of open-angle glaucoma or ocular hypertension--a 5-year follow-up.</ArticleTitle>
            <Pagination>
                <MedlinePgn>1407-14</MedlinePgn>
            </Pagination>
            <ELocationID EIdType="doi" ValidYN="Y">10.1007/s00417-010-1409-7</ELocationID>
            <Abstract>
                <AbstractText Label="BACKGROUND" NlmCategory="BACKGROUND">The goal of this study was to investigate the development of late onset open-angle glaucoma (OAG) or ocular hypertension after vitrectomy in phakic and pseudophakic eyes.</AbstractText>
                <AbstractText Label="METHODS" NlmCategory="METHODS">In this retrospective case series, the records of 441 patients who had undergone vitrectomy in one eye by a single surgeon were reviewed. The development of OAG or ocular hypertension in the vitrectomized and fellow control eyes was compared. Furthermore, the influence of the lens status (phakic or pseudophakic) on the onset of OAG or ocular hypertension in the vitrectomized and fellow control eyes was analysed. Additionally, the mean intraocular pressure (IOP) and the mean number of antiglaucomatous medications were calculated for both eyes.</AbstractText>
                <AbstractText Label="RESULTS" NlmCategory="RESULTS">A mean follow-up period of 79.5 +/- 25.6 months was achieved. There were 19 vitrectomized eyes (4.31%) with postoperative OAG, and 19 vitrectomized eyes (4.31%) with postoperative ocular hypertension. Eleven control eyes (2.49%) had OAG, and 13 control eyes (2.95%) ocular hypertension. There were no statistically significant differences in the development of OAG or ocular hypertension between the vitrectomized and fellow control eyes. Furthermore, the lens status in vitrectomized eyes did not influence the late development of OAG or ocular hypertension. There were no significant differences in the mean IOP and the mean number of antiglaucomatous medications between the two eyes.</AbstractText>
                <AbstractText Label="CONCLUSIONS" NlmCategory="CONCLUSIONS">Contrary to previous reports, we could not observe an increased incidence of late onset OAG or ocular hypertension after vitrectomy. Similarly, the removal of the lens did not increase the risk of OAG or ocular hypertension in vitrectomized eyes.</AbstractText>
            </Abstract>
            <AuthorList CompleteYN="Y">
                <Author ValidYN="Y">
                    <LastName>Yu</LastName>
                    <ForeName>Alice L</ForeName>
                    <Initials>AL</Initials>
                    <AffiliationInfo>
                        <Affiliation>Department of Ophthalmology, Ludwig-Maximilians-University, Munich, Germany.</Affiliation>
                    </AffiliationInfo>
                </Author>
                <Author ValidYN="Y">
                    <LastName>Brummeisl</LastName>
                    <ForeName>Wolfgang</ForeName>
                    <Initials>W</Initials>
                </Author>
                <Author ValidYN="Y">
                    <LastName>Schaumberger</LastName>
                    <ForeName>Markus</ForeName>
                    <Initials>M</Initials>
                </Author>
                <Author ValidYN="Y">
                    <LastName>Kampik</LastName>
                    <ForeName>Anselm</ForeName>
                    <Initials>A</Initials>
                </Author>
                <Author ValidYN="Y">
                    <LastName>Welge-Lussen</LastName>
                    <ForeName>Ulrich</ForeName>
                    <Initials>U</Initials>
                </Author>
            </AuthorList>
            <Language>eng</Language>
            <PublicationTypeList>
                <PublicationType UI="D016428">Journal Article</PublicationType>
            </PublicationTypeList>
            <ArticleDate DateType="Electronic">
                <Year>2010</Year>
                <Month>05</Month>
                <Day>20</Day>
            </ArticleDate>
        </Article>
        <MedlineJournalInfo>
            <Country>Germany</Country>
            <MedlineTA>Graefes Arch Clin Exp Ophthalmol</MedlineTA>
            <NlmUniqueID>8205248</NlmUniqueID>
            <ISSNLinking>0721-832X</ISSNLinking>
        </MedlineJournalInfo>
        <ChemicalList>
            <Chemical>
                <RegistryNumber>0</RegistryNumber>
                <NameOfSubstance UI="D000959">Antihypertensive Agents</NameOfSubstance>
            </Chemical>
        </ChemicalList>
        <CitationSubset>IM</CitationSubset>
        <CommentsCorrectionsList>
            <CommentsCorrections RefType="CommentIn">
                <RefSource>Graefes Arch Clin Exp Ophthalmol. 2012 Mar;250(3):461-2</RefSource>
                <PMID Version="1">21476066</PMID>
            </CommentsCorrections>
        </CommentsCorrectionsList>
        <MeshHeadingList>
            <MeshHeading>
                <DescriptorName UI="D000293" MajorTopicYN="N">Adolescent</DescriptorName>
            </MeshHeading>
            <MeshHeading>
                <DescriptorName UI="D000328" MajorTopicYN="N">Adult</DescriptorName>
            </MeshHeading>
            <MeshHeading>
                <DescriptorName UI="D000368" MajorTopicYN="N">Aged</DescriptorName>
            </MeshHeading>
            <MeshHeading>
                <DescriptorName UI="D000369" MajorTopicYN="N">Aged, 80 and over</DescriptorName>
            </MeshHeading>
            <MeshHeading>
                <DescriptorName UI="D000959" MajorTopicYN="N">Antihypertensive Agents</DescriptorName>
                <QualifierName UI="Q000008" MajorTopicYN="N">administration &amp; dosage</QualifierName>
            </MeshHeading>
            <MeshHeading>
                <DescriptorName UI="D005260" MajorTopicYN="N">Female</DescriptorName>
            </MeshHeading>
            <MeshHeading>
                <DescriptorName UI="D005500" MajorTopicYN="N">Follow-Up Studies</DescriptorName>
            </MeshHeading>
            <MeshHeading>
                <DescriptorName UI="D005902" MajorTopicYN="N">Glaucoma, Open-Angle</DescriptorName>
                <QualifierName UI="Q000209" MajorTopicYN="Y">etiology</QualifierName>
            </MeshHeading>
            <MeshHeading>
                <DescriptorName UI="D006801" MajorTopicYN="N">Humans</DescriptorName>
            </MeshHeading>
            <MeshHeading>
                <DescriptorName UI="D015994" MajorTopicYN="N">Incidence</DescriptorName>
            </MeshHeading>
            <MeshHeading>
                <DescriptorName UI="D007429" MajorTopicYN="N">Intraocular Pressure</DescriptorName>
            </MeshHeading>
            <MeshHeading>
                <DescriptorName UI="D008297" MajorTopicYN="N">Male</DescriptorName>
            </MeshHeading>
            <MeshHeading>
                <DescriptorName UI="D008875" MajorTopicYN="N">Middle Aged</DescriptorName>
            </MeshHeading>
            <MeshHeading>
                <DescriptorName UI="D009798" MajorTopicYN="N">Ocular Hypertension</DescriptorName>
                <QualifierName UI="Q000209" MajorTopicYN="Y">etiology</QualifierName>
            </MeshHeading>
            <MeshHeading>
                <DescriptorName UI="D011183" MajorTopicYN="Y">Postoperative Complications</DescriptorName>
            </MeshHeading>
            <MeshHeading>
                <DescriptorName UI="D012164" MajorTopicYN="N">Retinal Diseases</DescriptorName>
                <QualifierName UI="Q000601" MajorTopicYN="N">surgery</QualifierName>
            </MeshHeading>
            <MeshHeading>
                <DescriptorName UI="D012189" MajorTopicYN="N">Retrospective Studies</DescriptorName>
            </MeshHeading>
            <MeshHeading>
                <DescriptorName UI="D012307" MajorTopicYN="N">Risk Factors</DescriptorName>
            </MeshHeading>
            <MeshHeading>
                <DescriptorName UI="D014821" MajorTopicYN="Y">Vitrectomy</DescriptorName>
            </MeshHeading>
            <MeshHeading>
                <DescriptorName UI="D055815" MajorTopicYN="N">Young Adult</DescriptorName>
            </MeshHeading>
        </MeshHeadingList>
    </MedlineCitation>
    <PubmedData>
        <History>
            <PubMedPubDate PubStatus="received">
                <Year>2010</Year>
                <Month>03</Month>
                <Day>16</Day>
            </PubMedPubDate>
            <PubMedPubDate PubStatus="accepted">
                <Year>2010</Year>
                <Month>05</Month>
                <Day>02</Day>
            </PubMedPubDate>
            <PubMedPubDate PubStatus="revised">
                <Year>2010</Year>
                <Month>04</Month>
                <Day>27</Day>
            </PubMedPubDate>
            <PubMedPubDate PubStatus="entrez">
                <Year>2010</Year>
                <Month>5</Month>
                <Day>22</Day>
                <Hour>6</Hour>
                <Minute>0</Minute>
            </PubMedPubDate>
            <PubMedPubDate PubStatus="pubmed">
                <Year>2010</Year>
                <Month>5</Month>
                <Day>22</Day>
                <Hour>6</Hour>
                <Minute>0</Minute>
            </PubMedPubDate>
            <PubMedPubDate PubStatus="medline">
                <Year>2010</Year>
                <Month>11</Month>
                <Day>11</Day>
                <Hour>6</Hour>
                <Minute>0</Minute>
            </PubMedPubDate>
        </History>
        <PublicationStatus>ppublish</PublicationStatus>
        <ArticleIdList>
            <ArticleId IdType="pubmed">20490533</ArticleId>
            <ArticleId IdType="doi">10.1007/s00417-010-1409-7</ArticleId>
        </ArticleIdList>
        <ReferenceList>
            <Reference>
                <Citation>Trans Sect Ophthalmol Am Acad Ophthalmol Otolaryngol. 1976 Mar-Apr;81(2):247-52</Citation>
                <ArticleIdList>
                    <ArticleId IdType="pubmed">936397</ArticleId>
                </ArticleIdList>
            </Reference>
            <Reference>
                <Citation>Ophthalmol Clin North Am. 2004 Dec;17(4):507-12, v</Citation>
                <ArticleIdList>
                    <ArticleId IdType="pubmed">15533743</ArticleId>
                </ArticleIdList>
            </Reference>
            <Reference>
                <Citation>Eye (Lond). 2004 Jul;18(7):673-9</Citation>
                <ArticleIdList>
                    <ArticleId IdType="pubmed">15002028</ArticleId>
                </ArticleIdList>
            </Reference>
            <Reference>
                <Citation>Acta Ophthalmol Scand. 2001 Jun;79(3):313-6</Citation>
                <ArticleIdList>
                    <ArticleId IdType="pubmed">11401647</ArticleId>
                </ArticleIdList>
            </Reference>
            <Reference>
                <Citation>Ophthalmology. 1999 Jan;106(1):169-76; discussion 177</Citation>
                <ArticleIdList>
                    <ArticleId IdType="pubmed">9917800</ArticleId>
                </ArticleIdList>
            </Reference>
            <Reference>
                <Citation>Acta Ophthalmol Scand. 1997 Jun;75(3):299-300</Citation>
                <ArticleIdList>
                    <ArticleId IdType="pubmed">9253979</ArticleId>
                </ArticleIdList>
            </Reference>
            <Reference>
                <Citation>Acta Ophthalmol Scand. 2000 Feb;78(1):65-70</Citation>
                <ArticleIdList>
                    <ArticleId IdType="pubmed">10726793</ArticleId>
                </ArticleIdList>
            </Reference>
            <Reference>
                <Citation>Curr Opin Ophthalmol. 2009 May;20(3):195-9</Citation>
                <ArticleIdList>
                    <ArticleId IdType="pubmed">19390437</ArticleId>
                </ArticleIdList>
            </Reference>
            <Reference>
                <Citation>Acta Ophthalmol. 2010 Feb;88(1):75-9</Citation>
                <ArticleIdList>
                    <ArticleId IdType="pubmed">19094173</ArticleId>
                </ArticleIdList>
            </Reference>
            <Reference>
                <Citation>Ophthalmology. 2007 Jun;114(6):1197-200</Citation>
                <ArticleIdList>
                    <ArticleId IdType="pubmed">17544779</ArticleId>
                </ArticleIdList>
            </Reference>
            <Reference>
                <Citation>Ophthalmology. 2002 Oct;109(10):1902-13</Citation>
                <ArticleIdList>
                    <ArticleId IdType="pubmed">12359612</ArticleId>
                </ArticleIdList>
            </Reference>
            <Reference>
                <Citation>J Glaucoma. 2006 Dec;15(6):494-8</Citation>
                <ArticleIdList>
                    <ArticleId IdType="pubmed">17106361</ArticleId>
                </ArticleIdList>
            </Reference>
            <Reference>
                <Citation>Ophthalmology. 2000 Apr;107(4):698-703</Citation>
                <ArticleIdList>
                    <ArticleId IdType="pubmed">10768331</ArticleId>
                </ArticleIdList>
            </Reference>
            <Reference>
                <Citation>Curr Opin Ophthalmol. 2002 Apr;13(2):103-9</Citation>
                <ArticleIdList>
                    <ArticleId IdType="pubmed">11880724</ArticleId>
                </ArticleIdList>
            </Reference>
            <Reference>
                <Citation>Ophthalmology. 1998 Jan;105(1):94-9; discussion 99-100</Citation>
                <ArticleIdList>
                    <ArticleId IdType="pubmed">9442784</ArticleId>
                </ArticleIdList>
            </Reference>
            <Reference>
                <Citation>J Glaucoma. 2007 Mar;16(2):220-4</Citation>
                <ArticleIdList>
                    <ArticleId IdType="pubmed">17473734</ArticleId>
                </ArticleIdList>
            </Reference>
            <Reference>
                <Citation>Am J Ophthalmol. 2006 Jun;141(6):1033-1043</Citation>
                <ArticleIdList>
                    <ArticleId IdType="pubmed">16765671</ArticleId>
                </ArticleIdList>
            </Reference>
            <Reference>
                <Citation>Ophthalmology. 1997 May;104(5):781-6</Citation>
                <ArticleIdList>
                    <ArticleId IdType="pubmed">9160023</ArticleId>
                </ArticleIdList>
            </Reference>
            <Reference>
                <Citation>Retina. 2009 Feb;29(2):218-24</Citation>
                <ArticleIdList>
                    <ArticleId IdType="pubmed">18936722</ArticleId>
                </ArticleIdList>
            </Reference>
            <Reference>
                <Citation>Ophthalmology. 1989 Sep;96(9):1357-62</Citation>
                <ArticleIdList>
                    <ArticleId IdType="pubmed">2780005</ArticleId>
                </ArticleIdList>
            </Reference>
            <Reference>
                <Citation>J Cataract Refract Surg. 2005 Mar;31(3):479-83</Citation>
                <ArticleIdList>
                    <ArticleId IdType="pubmed">15811734</ArticleId>
                </ArticleIdList>
            </Reference>
        </ReferenceList>
    </PubmedData>
</PubmedArticle>

</PubmedArticleSet>