<?xml version="1.0" ?>
<!DOCTYPE PubmedArticleSet PUBLIC "-//NLM//DTD PubMedArticle, 1st January 2019//EN" "https://dtd.nlm.nih.gov/ncbi/pubmed/out/pubmed_190101.dtd">
<PubmedArticleSet>
<PubmedArticle>
    <MedlineCitation Status="MEDLINE" Owner="NLM">
        <PMID Version="1">21178658</PMID>
        <DateCompleted>
            <Year>2011</Year>
            <Month>12</Month>
            <Day>07</Day>
        </DateCompleted>
        <DateRevised>
            <Year>2011</Year>
            <Month>08</Month>
            <Day>15</Day>
        </DateRevised>
        <Article PubModel="Print">
            <Journal>
                <ISSN IssnType="Electronic">1539-2864</ISSN>
                <JournalIssue CitedMedium="Internet">
                    <Volume>31</Volume>
                    <Issue>4</Issue>
                    <PubDate>
                        <Year>2011</Year>
                        <Month>Apr</Month>
                    </PubDate>
                </JournalIssue>
                <Title>Retina (Philadelphia, Pa.)</Title>
                <ISOAbbreviation>Retina</ISOAbbreviation>
            </Journal>
            <ArticleTitle>Long-term trends in intraocular pressure after pars plana vitrectomy.</ArticleTitle>
            <Pagination>
                <MedlinePgn>679-85</MedlinePgn>
            </Pagination>
            <ELocationID EIdType="doi" ValidYN="Y">10.1097/IAE.0b013e3181ff0d5a</ELocationID>
            <Abstract>
                <AbstractText Label="PURPOSE" NlmCategory="OBJECTIVE">To evaluate the effect of vitrectomy on intraocular pressure (IOP).</AbstractText>
                <AbstractText Label="METHODS" NlmCategory="METHODS">Retrospective cohort study. Medical records of 101 eyes of 101 patients undergoing nonemergent vitrectomy were reviewed for rates of open-angle glaucoma, increased IOP of &gt;4 mmHg from baseline, change in IOP from baseline, and cataract formation. Preoperative and last measured IOPs were recorded. Baseline risk characteristics including lens status and diabetes were analyzed. Main outcome measures were 1) incidence of open-angle glaucoma; 2) increase in IOP of &gt;4 mmHg; and 3) change in IOP.</AbstractText>
                <AbstractText Label="RESULTS" NlmCategory="RESULTS">Mean follow-up was 49 months (range, 12-105 months). Mean baseline IOP was 15.3 mmHg, and mean final IOP was 15.8 mmHg (P = 0.3). At the most recent examination, 35 study eyes had a decrease in IOP from baseline, while 14 eyes had no change and 52 eyes had an increase in IOP. Four study eyes were newly diagnosed with ocular hypertension. No study eye developed open-angle glaucoma or required medical, laser, or surgical treatment for glaucoma. Incidence of increased IOP of &gt;4 was 7% at 4 years and 34% at 8 years. Subgroup analysis of 66 patients comparing study eyes with nonvitrectomized fellow eyes demonstrated no significant difference in rates of increased IOP of &gt;4 (P = 0.85). Neither diabetes nor pseudophakia was associated with significantly increased IOP.</AbstractText>
                <AbstractText Label="CONCLUSION" NlmCategory="CONCLUSIONS">In this series, vitrectomy does not appear to increase IOP even after removal of the crystalline lens.</AbstractText>
            </Abstract>
            <AuthorList CompleteYN="Y">
                <Author ValidYN="Y">
                    <LastName>Lalezary</LastName>
                    <ForeName>Maziar</ForeName>
                    <Initials>M</Initials>
                    <AffiliationInfo>
                        <Affiliation>Department of Ophthalmology and Visual Sciences, Vanderbilt University School of Medicine, Nashville, Tennessee 37232, USA.</Affiliation>
                    </AffiliationInfo>
                </Author>
                <Author ValidYN="Y">
                    <LastName>Kim</LastName>
                    <ForeName>Stephen Jae</ForeName>
                    <Initials>SJ</Initials>
                </Author>
                <Author ValidYN="Y">
                    <LastName>Jiramongkolchai</LastName>
                    <ForeName>Kim</ForeName>
                    <Initials>K</Initials>
                </Author>
                <Author ValidYN="Y">
                    <LastName>Recchia</LastName>
                    <ForeName>Franco M</ForeName>
                    <Initials>FM</Initials>
                </Author>
                <Author ValidYN="Y">
                    <LastName>Agarwal</LastName>
                    <ForeName>Anita</ForeName>
                    <Initials>A</Initials>
                </Author>
                <Author ValidYN="Y">
                    <LastName>Sternberg</LastName>
                    <ForeName>Paul</ForeName>
                    <Initials>P</Initials>
                    <Suffix>Jr</Suffix>
                </Author>
            </AuthorList>
            <Language>eng</Language>
            <PublicationTypeList>
                <PublicationType UI="D016428">Journal Article</PublicationType>
                <PublicationType UI="D013485">Research Support, Non-U.S. Gov't</PublicationType>
            </PublicationTypeList>
        </Article>
        <MedlineJournalInfo>
            <Country>United States</Country>
            <MedlineTA>Retina</MedlineTA>
            <NlmUniqueID>8309919</NlmUniqueID>
            <ISSNLinking>0275-004X</ISSNLinking>
        </MedlineJournalInfo>
        <CitationSubset>IM</CitationSubset>
        <CommentsCorrectionsList>
            <CommentsCorrections RefType="CommentIn">
                <RefSource>Retina. 2011 Jun;31(6):1007-8</RefSource>
                <PMID Version="1">21499188</PMID>
            </CommentsCorrections>
        </CommentsCorrectionsList>
        <MeshHeadingList>
            <MeshHeading>
                <DescriptorName UI="D005260" MajorTopicYN="N">Female</DescriptorName>
            </MeshHeading>
            <MeshHeading>
                <DescriptorName UI="D005500" MajorTopicYN="N">Follow-Up Studies</DescriptorName>
            </MeshHeading>
            <MeshHeading>
                <DescriptorName UI="D005902" MajorTopicYN="N">Glaucoma, Open-Angle</DescriptorName>
                <QualifierName UI="Q000453" MajorTopicYN="N">epidemiology</QualifierName>
            </MeshHeading>
            <MeshHeading>
                <DescriptorName UI="D006801" MajorTopicYN="N">Humans</DescriptorName>
            </MeshHeading>
            <MeshHeading>
                <DescriptorName UI="D015994" MajorTopicYN="N">Incidence</DescriptorName>
            </MeshHeading>
            <MeshHeading>
                <DescriptorName UI="D007429" MajorTopicYN="N">Intraocular Pressure</DescriptorName>
                <QualifierName UI="Q000502" MajorTopicYN="Y">physiology</QualifierName>
            </MeshHeading>
            <MeshHeading>
                <DescriptorName UI="D008297" MajorTopicYN="N">Male</DescriptorName>
            </MeshHeading>
            <MeshHeading>
                <DescriptorName UI="D008875" MajorTopicYN="N">Middle Aged</DescriptorName>
            </MeshHeading>
            <MeshHeading>
                <DescriptorName UI="D009798" MajorTopicYN="N">Ocular Hypertension</DescriptorName>
                <QualifierName UI="Q000453" MajorTopicYN="N">epidemiology</QualifierName>
            </MeshHeading>
            <MeshHeading>
                <DescriptorName UI="D011184" MajorTopicYN="N">Postoperative Period</DescriptorName>
            </MeshHeading>
            <MeshHeading>
                <DescriptorName UI="D012164" MajorTopicYN="N">Retinal Diseases</DescriptorName>
                <QualifierName UI="Q000601" MajorTopicYN="N">surgery</QualifierName>
            </MeshHeading>
            <MeshHeading>
                <DescriptorName UI="D012189" MajorTopicYN="N">Retrospective Studies</DescriptorName>
            </MeshHeading>
            <MeshHeading>
                <DescriptorName UI="D012307" MajorTopicYN="N">Risk Factors</DescriptorName>
            </MeshHeading>
            <MeshHeading>
                <DescriptorName UI="D014065" MajorTopicYN="N">Tonometry, Ocular</DescriptorName>
            </MeshHeading>
            <MeshHeading>
                <DescriptorName UI="D014792" MajorTopicYN="N">Visual Acuity</DescriptorName>
                <QualifierName UI="Q000502" MajorTopicYN="N">physiology</QualifierName>
            </MeshHeading>
            <MeshHeading>
                <DescriptorName UI="D014821" MajorTopicYN="Y">Vitrectomy</DescriptorName>
            </MeshHeading>
            <MeshHeading>
                <DescriptorName UI="D014823" MajorTopicYN="N">Vitreous Hemorrhage</DescriptorName>
                <QualifierName UI="Q000601" MajorTopicYN="N">surgery</QualifierName>
            </MeshHeading>
        </MeshHeadingList>
    </MedlineCitation>
    <PubmedData>
        <History>
            <PubMedPubDate PubStatus="entrez">
                <Year>2010</Year>
                <Month>12</Month>
                <Day>24</Day>
                <Hour>6</Hour>
                <Minute>0</Minute>
            </PubMedPubDate>
            <PubMedPubDate PubStatus="pubmed">
                <Year>2010</Year>
                <Month>12</Month>
                <Day>24</Day>
                <Hour>6</Hour>
                <Minute>0</Minute>
            </PubMedPubDate>
            <PubMedPubDate PubStatus="medline">
                <Year>2011</Year>
                <Month>12</Month>
                <Day>13</Day>
                <Hour>0</Hour>
                <Minute>0</Minute>
            </PubMedPubDate>
        </History>
        <PublicationStatus>ppublish</PublicationStatus>
        <ArticleIdList>
            <ArticleId IdType="pubmed">21178658</ArticleId>
            <ArticleId IdType="doi">10.1097/IAE.0b013e3181ff0d5a</ArticleId>
        </ArticleIdList>
    </PubmedData>
</PubmedArticle>

</PubmedArticleSet>