<?xml version="1.0" ?>
<!DOCTYPE PubmedArticleSet PUBLIC "-//NLM//DTD PubMedArticle, 1st January 2019//EN" "https://dtd.nlm.nih.gov/ncbi/pubmed/out/pubmed_190101.dtd">
<PubmedArticleSet>
<PubmedArticle>
    <MedlineCitation Status="MEDLINE" Owner="NLM">
        <PMID Version="1">23104686</PMID>
        <DateCompleted>
            <Year>2013</Year>
            <Month>06</Month>
            <Day>25</Day>
        </DateCompleted>
        <DateRevised>
            <Year>2018</Year>
            <Month>11</Month>
            <Day>13</Day>
        </DateRevised>
        <Article PubModel="Print-Electronic">
            <Journal>
                <ISSN IssnType="Electronic">1613-2246</ISSN>
                <JournalIssue CitedMedium="Internet">
                    <Volume>57</Volume>
                    <Issue>1</Issue>
                    <PubDate>
                        <Year>2013</Year>
                        <Month>Jan</Month>
                    </PubDate>
                </JournalIssue>
                <Title>Japanese journal of ophthalmology</Title>
                <ISOAbbreviation>Jpn J Ophthalmol</ISOAbbreviation>
            </Journal>
            <ArticleTitle>Long-term intraocular pressure changes after combined phacoemulsification, intraocular lens implantation, and vitrectomy.</ArticleTitle>
            <Pagination>
                <MedlinePgn>57-62</MedlinePgn>
            </Pagination>
            <ELocationID EIdType="doi" ValidYN="Y">10.1007/s10384-012-0207-7</ELocationID>
            <Abstract>
                <AbstractText Label="PURPOSE" NlmCategory="OBJECTIVE">To observe long-term changes in intraocular pressure (IOP) after a combined phacoemulsification, intraocular lens implantation, and vitrectomy procedure.</AbstractText>
                <AbstractText Label="METHODS" NlmCategory="METHODS">This was a retrospective case series at a single hospital. Of 105 consecutive cases that received combined phacoemulsification, intraocular lens implantation, and vitrectomy for macular hole or epiretinal membrane, 85 eyes (patients) were followed up for 1 year or longer. The IOP of both eyes in the subjects who had surgery in one eye was measured at baseline and at 1, 3, 6, 12, 24, 36, 48, and 60 months postoperatively. The IOP of the treated eye was compared with the fellow eye and with the baseline value at each follow-up visit.</AbstractText>
                <AbstractText Label="RESULTS" NlmCategory="RESULTS">Intraocular pressure in the operated eyes at 3 months after surgery was significantly lower than that at baseline and than that in the respectively fellow eyes (P &lt; 0.001, paired-t test with Bonferroni correction). The IOP subsequently returned to the baseline value or was the same as that of the fellow eye within 3 months of the observation time point. Only two treated eyes had elevated IOP exceeding 21 mmHg after 6 months postoperatively.</AbstractText>
                <AbstractText Label="CONCLUSIONS" NlmCategory="CONCLUSIONS">The change in the IOP after phacovitrectomy may be limited, and care when using this procedure because some eyes show increased IOP compared to the fellow eye after a long period.</AbstractText>
            </Abstract>
            <AuthorList CompleteYN="Y">
                <Author ValidYN="Y">
                    <LastName>Ki-I</LastName>
                    <ForeName>Yuya</ForeName>
                    <Initials>Y</Initials>
                    <AffiliationInfo>
                        <Affiliation>Department of Ophthalmology, Kagoshima University Graduate School of Medical and Dental Sciences, 8-35-1 Sakuragaoka, Kagoshima 890-8520, Japan.</Affiliation>
                    </AffiliationInfo>
                </Author>
                <Author ValidYN="Y">
                    <LastName>Yamashita</LastName>
                    <ForeName>Takehiro</ForeName>
                    <Initials>T</Initials>
                </Author>
                <Author ValidYN="Y">
                    <LastName>Uemura</LastName>
                    <ForeName>Akinori</ForeName>
                    <Initials>A</Initials>
                </Author>
                <Author ValidYN="Y">
                    <LastName>Sakamoto</LastName>
                    <ForeName>Taiji</ForeName>
                    <Initials>T</Initials>
                </Author>
            </AuthorList>
            <Language>eng</Language>
            <PublicationTypeList>
                <PublicationType UI="D003160">Comparative Study</PublicationType>
                <PublicationType UI="D016428">Journal Article</PublicationType>
                <PublicationType UI="D013485">Research Support, Non-U.S. Gov't</PublicationType>
            </PublicationTypeList>
            <ArticleDate DateType="Electronic">
                <Year>2012</Year>
                <Month>10</Month>
                <Day>27</Day>
            </ArticleDate>
        </Article>
        <MedlineJournalInfo>
            <Country>Japan</Country>
            <MedlineTA>Jpn J Ophthalmol</MedlineTA>
            <NlmUniqueID>0044652</NlmUniqueID>
            <ISSNLinking>0021-5155</ISSNLinking>
        </MedlineJournalInfo>
        <CitationSubset>IM</CitationSubset>
        <CommentsCorrectionsList>
            <CommentsCorrections RefType="ErratumIn">
                <RefSource>Jpn J Ophthalmol. 2013 May;57(3):333</RefSource>
            </CommentsCorrections>
        </CommentsCorrectionsList>
        <MeshHeadingList>
            <MeshHeading>
                <DescriptorName UI="D000328" MajorTopicYN="N">Adult</DescriptorName>
            </MeshHeading>
            <MeshHeading>
                <DescriptorName UI="D000368" MajorTopicYN="N">Aged</DescriptorName>
            </MeshHeading>
            <MeshHeading>
                <DescriptorName UI="D000369" MajorTopicYN="N">Aged, 80 and over</DescriptorName>
            </MeshHeading>
            <MeshHeading>
                <DescriptorName UI="D002386" MajorTopicYN="N">Cataract</DescriptorName>
                <QualifierName UI="Q000150" MajorTopicYN="Y">complications</QualifierName>
                <QualifierName UI="Q000503" MajorTopicYN="N">physiopathology</QualifierName>
            </MeshHeading>
            <MeshHeading>
                <DescriptorName UI="D005260" MajorTopicYN="N">Female</DescriptorName>
            </MeshHeading>
            <MeshHeading>
                <DescriptorName UI="D005500" MajorTopicYN="N">Follow-Up Studies</DescriptorName>
            </MeshHeading>
            <MeshHeading>
                <DescriptorName UI="D005901" MajorTopicYN="N">Glaucoma</DescriptorName>
                <QualifierName UI="Q000150" MajorTopicYN="N">complications</QualifierName>
                <QualifierName UI="Q000503" MajorTopicYN="Y">physiopathology</QualifierName>
                <QualifierName UI="Q000601" MajorTopicYN="N">surgery</QualifierName>
            </MeshHeading>
            <MeshHeading>
                <DescriptorName UI="D006801" MajorTopicYN="N">Humans</DescriptorName>
            </MeshHeading>
            <MeshHeading>
                <DescriptorName UI="D007429" MajorTopicYN="N">Intraocular Pressure</DescriptorName>
                <QualifierName UI="Q000502" MajorTopicYN="Y">physiology</QualifierName>
            </MeshHeading>
            <MeshHeading>
                <DescriptorName UI="D019654" MajorTopicYN="N">Lens Implantation, Intraocular</DescriptorName>
                <QualifierName UI="Q000379" MajorTopicYN="Y">methods</QualifierName>
            </MeshHeading>
            <MeshHeading>
                <DescriptorName UI="D008297" MajorTopicYN="N">Male</DescriptorName>
            </MeshHeading>
            <MeshHeading>
                <DescriptorName UI="D008875" MajorTopicYN="N">Middle Aged</DescriptorName>
            </MeshHeading>
            <MeshHeading>
                <DescriptorName UI="D018918" MajorTopicYN="N">Phacoemulsification</DescriptorName>
                <QualifierName UI="Q000379" MajorTopicYN="Y">methods</QualifierName>
            </MeshHeading>
            <MeshHeading>
                <DescriptorName UI="D011184" MajorTopicYN="N">Postoperative Period</DescriptorName>
            </MeshHeading>
            <MeshHeading>
                <DescriptorName UI="D012189" MajorTopicYN="N">Retrospective Studies</DescriptorName>
            </MeshHeading>
            <MeshHeading>
                <DescriptorName UI="D013997" MajorTopicYN="N">Time Factors</DescriptorName>
            </MeshHeading>
            <MeshHeading>
                <DescriptorName UI="D014065" MajorTopicYN="N">Tonometry, Ocular</DescriptorName>
            </MeshHeading>
            <MeshHeading>
                <DescriptorName UI="D016896" MajorTopicYN="N">Treatment Outcome</DescriptorName>
            </MeshHeading>
            <MeshHeading>
                <DescriptorName UI="D014792" MajorTopicYN="N">Visual Acuity</DescriptorName>
            </MeshHeading>
            <MeshHeading>
                <DescriptorName UI="D014821" MajorTopicYN="N">Vitrectomy</DescriptorName>
                <QualifierName UI="Q000379" MajorTopicYN="Y">methods</QualifierName>
            </MeshHeading>
        </MeshHeadingList>
    </MedlineCitation>
    <PubmedData>
        <History>
            <PubMedPubDate PubStatus="received">
                <Year>2012</Year>
                <Month>06</Month>
                <Day>03</Day>
            </PubMedPubDate>
            <PubMedPubDate PubStatus="accepted">
                <Year>2012</Year>
                <Month>09</Month>
                <Day>21</Day>
            </PubMedPubDate>
            <PubMedPubDate PubStatus="entrez">
                <Year>2012</Year>
                <Month>10</Month>
                <Day>30</Day>
                <Hour>6</Hour>
                <Minute>0</Minute>
            </PubMedPubDate>
            <PubMedPubDate PubStatus="pubmed">
                <Year>2012</Year>
                <Month>10</Month>
                <Day>30</Day>
                <Hour>6</Hour>
                <Minute>0</Minute>
            </PubMedPubDate>
            <PubMedPubDate PubStatus="medline">
                <Year>2013</Year>
                <Month>6</Month>
                <Day>26</Day>
                <Hour>6</Hour>
                <Minute>0</Minute>
            </PubMedPubDate>
        </History>
        <PublicationStatus>ppublish</PublicationStatus>
        <ArticleIdList>
            <ArticleId IdType="pubmed">23104686</ArticleId>
            <ArticleId IdType="doi">10.1007/s10384-012-0207-7</ArticleId>
        </ArticleIdList>
        <ReferenceList>
            <Reference>
                <Citation>Jpn J Ophthalmol. 2004 Jul-Aug;48(4):408-11</Citation>
                <ArticleIdList>
                    <ArticleId IdType="pubmed">15295672</ArticleId>
                </ArticleIdList>
            </Reference>
            <Reference>
                <Citation>Am J Ophthalmol. 1984 Jun;97(6):738-42</Citation>
                <ArticleIdList>
                    <ArticleId IdType="pubmed">6731538</ArticleId>
                </ArticleIdList>
            </Reference>
            <Reference>
                <Citation>Ophthalmology. 2006 Feb;113(2):280-4</Citation>
                <ArticleIdList>
                    <ArticleId IdType="pubmed">16458094</ArticleId>
                </ArticleIdList>
            </Reference>
            <Reference>
                <Citation>Ophthalmic Surg. 1992 Apr;23(4):233-7</Citation>
                <ArticleIdList>
                    <ArticleId IdType="pubmed">1589191</ArticleId>
                </ArticleIdList>
            </Reference>
            <Reference>
                <Citation>Jpn J Ophthalmol. 2010 Sep;54(5):435-40</Citation>
                <ArticleIdList>
                    <ArticleId IdType="pubmed">21052906</ArticleId>
                </ArticleIdList>
            </Reference>
            <Reference>
                <Citation>Br J Ophthalmol. 2004 Mar;88(3):341-3</Citation>
                <ArticleIdList>
                    <ArticleId IdType="pubmed">14977765</ArticleId>
                </ArticleIdList>
            </Reference>
            <Reference>
                <Citation>Ophthalmology. 1992 Oct;99(10):1520-6</Citation>
                <ArticleIdList>
                    <ArticleId IdType="pubmed">1454317</ArticleId>
                </ArticleIdList>
            </Reference>
            <Reference>
                <Citation>J Cataract Refract Surg. 1997 Oct;23(8):1260-4</Citation>
                <ArticleIdList>
                    <ArticleId IdType="pubmed">9368174</ArticleId>
                </ArticleIdList>
            </Reference>
            <Reference>
                <Citation>Jpn J Ophthalmol. 2012 Jan;56(1):46-51</Citation>
                <ArticleIdList>
                    <ArticleId IdType="pubmed">21975829</ArticleId>
                </ArticleIdList>
            </Reference>
            <Reference>
                <Citation>Jpn J Ophthalmol. 1998 Nov-Dec;42(6):476-83</Citation>
                <ArticleIdList>
                    <ArticleId IdType="pubmed">9886739</ArticleId>
                </ArticleIdList>
            </Reference>
            <Reference>
                <Citation>Ophthalmology. 2007 Feb;114(2):289-96</Citation>
                <ArticleIdList>
                    <ArticleId IdType="pubmed">17270679</ArticleId>
                </ArticleIdList>
            </Reference>
            <Reference>
                <Citation>Graefes Arch Clin Exp Ophthalmol. 2010 Oct;248(10):1407-14</Citation>
                <ArticleIdList>
                    <ArticleId IdType="pubmed">20490533</ArticleId>
                </ArticleIdList>
            </Reference>
            <Reference>
                <Citation>Jpn J Ophthalmol. 2010 Sep;54(5):383-6</Citation>
                <ArticleIdList>
                    <ArticleId IdType="pubmed">21052897</ArticleId>
                </ArticleIdList>
            </Reference>
            <Reference>
                <Citation>Am J Ophthalmol. 2003 Mar;135(3):291-6</Citation>
                <ArticleIdList>
                    <ArticleId IdType="pubmed">12614744</ArticleId>
                </ArticleIdList>
            </Reference>
            <Reference>
                <Citation>J Physiol. 2004 Sep 15;559(Pt 3):883-98</Citation>
                <ArticleIdList>
                    <ArticleId IdType="pubmed">15272034</ArticleId>
                </ArticleIdList>
            </Reference>
            <Reference>
                <Citation>J Cataract Refract Surg. 1999 Jul;25(7):885-90</Citation>
                <ArticleIdList>
                    <ArticleId IdType="pubmed">10404361</ArticleId>
                </ArticleIdList>
            </Reference>
            <Reference>
                <Citation>Ophthalmology. 1998 Jan;105(1):94-9; discussion 99-100</Citation>
                <ArticleIdList>
                    <ArticleId IdType="pubmed">9442784</ArticleId>
                </ArticleIdList>
            </Reference>
            <Reference>
                <Citation>Clin Exp Optom. 2010 Mar;93(2):77-82</Citation>
                <ArticleIdList>
                    <ArticleId IdType="pubmed">20406256</ArticleId>
                </ArticleIdList>
            </Reference>
            <Reference>
                <Citation>Klin Monbl Augenheilkd. 2003 Dec;220(12):835-9</Citation>
                <ArticleIdList>
                    <ArticleId IdType="pubmed">14704939</ArticleId>
                </ArticleIdList>
            </Reference>
            <Reference>
                <Citation>Ophthalmology. 1978 Feb;85(2):126-40</Citation>
                <ArticleIdList>
                    <ArticleId IdType="pubmed">643251</ArticleId>
                </ArticleIdList>
            </Reference>
            <Reference>
                <Citation>Ophthalmology. 1997 Aug;104(8):1221-7</Citation>
                <ArticleIdList>
                    <ArticleId IdType="pubmed">9261307</ArticleId>
                </ArticleIdList>
            </Reference>
            <Reference>
                <Citation>Invest Ophthalmol Vis Sci. 2010 Nov;51(11):5731-8</Citation>
                <ArticleIdList>
                    <ArticleId IdType="pubmed">20720218</ArticleId>
                </ArticleIdList>
            </Reference>
            <Reference>
                <Citation>Am J Ophthalmol. 2006 Jun;141(6):1033-1043</Citation>
                <ArticleIdList>
                    <ArticleId IdType="pubmed">16765671</ArticleId>
                </ArticleIdList>
            </Reference>
            <Reference>
                <Citation>Am J Ophthalmol. 1997 Nov;124(5):698-9</Citation>
                <ArticleIdList>
                    <ArticleId IdType="pubmed">9372731</ArticleId>
                </ArticleIdList>
            </Reference>
            <Reference>
                <Citation>Ophthalmology. 1997 May;104(5):781-6</Citation>
                <ArticleIdList>
                    <ArticleId IdType="pubmed">9160023</ArticleId>
                </ArticleIdList>
            </Reference>
            <Reference>
                <Citation>Retina. 2011 Apr;31(4):679-85</Citation>
                <ArticleIdList>
                    <ArticleId IdType="pubmed">21178658</ArticleId>
                </ArticleIdList>
            </Reference>
            <Reference>
                <Citation>Exp Eye Res. 2004 May;78(5):917-24</Citation>
                <ArticleIdList>
                    <ArticleId IdType="pubmed">15051473</ArticleId>
                </ArticleIdList>
            </Reference>
            <Reference>
                <Citation>Invest Ophthalmol Vis Sci. 1983 Sep;24(9):1283-7</Citation>
                <ArticleIdList>
                    <ArticleId IdType="pubmed">6885312</ArticleId>
                </ArticleIdList>
            </Reference>
            <Reference>
                <Citation>Invest Ophthalmol Vis Sci. 1988 Jun;29(6):976-81</Citation>
                <ArticleIdList>
                    <ArticleId IdType="pubmed">3372170</ArticleId>
                </ArticleIdList>
            </Reference>
            <Reference>
                <Citation>Arch Ophthalmol. 1968 Aug;80(2):209-13</Citation>
                <ArticleIdList>
                    <ArticleId IdType="pubmed">5661887</ArticleId>
                </ArticleIdList>
            </Reference>
            <Reference>
                <Citation>Ger J Ophthalmol. 1994 May;3(3):154-8</Citation>
                <ArticleIdList>
                    <ArticleId IdType="pubmed">8038684</ArticleId>
                </ArticleIdList>
            </Reference>
            <Reference>
                <Citation>Am J Ophthalmol. 2005 Feb;139(2):302-10</Citation>
                <ArticleIdList>
                    <ArticleId IdType="pubmed">15733992</ArticleId>
                </ArticleIdList>
            </Reference>
            <Reference>
                <Citation>Albrecht Von Graefes Arch Klin Exp Ophthalmol. 1976 Aug 30;200(2):157-61</Citation>
                <ArticleIdList>
                    <ArticleId IdType="pubmed">1086606</ArticleId>
                </ArticleIdList>
            </Reference>
        </ReferenceList>
    </PubmedData>
</PubmedArticle>

</PubmedArticleSet>