<?xml version="1.0" ?>
<!DOCTYPE PubmedArticleSet PUBLIC "-//NLM//DTD PubMedArticle, 1st January 2019//EN" "https://dtd.nlm.nih.gov/ncbi/pubmed/out/pubmed_190101.dtd">
<PubmedArticleSet>
<PubmedArticle>
    <MedlineCitation Status="MEDLINE" Owner="NLM">
        <PMID Version="1">24736465</PMID>
        <DateCompleted>
            <Year>2015</Year>
            <Month>03</Month>
            <Day>05</Day>
        </DateCompleted>
        <DateRevised>
            <Year>2014</Year>
            <Month>09</Month>
            <Day>25</Day>
        </DateRevised>
        <Article PubModel="Print">
            <Journal>
                <ISSN IssnType="Electronic">1539-2864</ISSN>
                <JournalIssue CitedMedium="Internet">
                    <Volume>34</Volume>
                    <Issue>10</Issue>
                    <PubDate>
                        <Year>2014</Year>
                        <Month>Oct</Month>
                    </PubDate>
                </JournalIssue>
                <Title>Retina (Philadelphia, Pa.)</Title>
                <ISOAbbreviation>Retina</ISOAbbreviation>
            </Journal>
            <ArticleTitle>Intraocular pressure elevation after uncomplicated pars plana vitrectomy: results of the Pan American Collaborative Retina Study Group.</ArticleTitle>
            <Pagination>
                <MedlinePgn>1985-9</MedlinePgn>
            </Pagination>
            <ELocationID EIdType="doi" ValidYN="Y">10.1097/IAE.0000000000000189</ELocationID>
            <Abstract>
                <AbstractText Label="PURPOSE" NlmCategory="OBJECTIVE">To compare the incident rates of sustained elevation of intraocular pressure (IOP) after uncomplicated pars plana vitrectomy for idiopathic epiretinal membrane and the unoperated fellow eye.</AbstractText>
                <AbstractText Label="METHODS" NlmCategory="METHODS">Retrospective multicenter study of 198 patients who underwent pars plana vitrectomy for an idiopathic epiretinal membrane that was followed for at least 12 months. The diagnosis of sustained IOP elevation was defined as an elevation of IOP ≥ 24 mmHg or an increase of ≥ 5 mmHg in the IOP from baseline on 2 separate visits that warranted the initiation of ocular hypotensive therapy. The main outcome measured was the development of sustained IOP elevation as defined above.</AbstractText>
                <AbstractText Label="RESULTS" NlmCategory="RESULTS">Patients were followed for an average of 47.3 ± 24 months (range, 12-106 months). In the vitrectomized eyes, 38 of the 198 (19.2%) patients developed elevated IOP compared with 9 of the 198 (4.5%) unoperated fellow eyes (P &lt; 0.0001, Fisher exact test; odds ratio, 4.988). Possible risk factors include a family history of open-angle glaucoma (P = 0.0004 Fisher exact test; odds ratio, 7.206) and cataract surgery (P = 0.0270 Fisher exact test; odds ratio, 2.506).</AbstractText>
                <AbstractText Label="CONCLUSION" NlmCategory="CONCLUSIONS">Uncomplicated PPV seems to increase the IOP, particularly in those who are pseudophakic and have a family history of open-angle glaucoma. This increase in IOP may lead to glaucomatous damage if not managed appropriately. Patients with a previous PPV need to be followed by an ophthalmologist to monitor the IOP in the vitrectomized eye.</AbstractText>
            </Abstract>
            <AuthorList CompleteYN="Y">
                <Author ValidYN="Y">
                    <LastName>Wu</LastName>
                    <ForeName>Lihteh</ForeName>
                    <Initials>L</Initials>
                    <AffiliationInfo>
                        <Affiliation>*Instituto de Cirugia Ocular, San José, Costa Rica; †Universidad de Puerto Rico, San Juan, Puerto Rico; ‡Fundación Oftalmológica Nacional, Universidad del Rosario, Bogotá, Colombia; §Vitreoretinal Surgery Unit, Brazilian Institute of Fighting Against Blindness, Assis/Presidente Prudente, Sao Paulo, Brazil; ¶Vitreoretinal Surgery, Universidade Federal de Sao Paulo, Sao Paulo, Brazil; **Asociación Para Evitar La Ceguera, Hospital Luis Sanchez Bulnes, Mexico, Mexico; ††Hospital Universitario Ramón y Cajal, Departamento de Retina, and VISSUM Madrid Mirasierra de Oftalmología Integral, Madrid, Spain; ‡‡Clinica Oftalmologica Centro Caracas, Caracas, Venezuela; §§Clínica Ricardo Palma, Lima, Peru; ¶¶The King Khaled Eye Specialist Hospital, Riyadh, Saudi Arabia; and ***Wilmer Eye Institute, The Johns Hopkins University, Baltimore, Maryland.</Affiliation>
                    </AffiliationInfo>
                </Author>
                <Author ValidYN="Y">
                    <LastName>Berrocal</LastName>
                    <ForeName>Maria H</ForeName>
                    <Initials>MH</Initials>
                </Author>
                <Author ValidYN="Y">
                    <LastName>Rodriguez</LastName>
                    <ForeName>Francisco J</ForeName>
                    <Initials>FJ</Initials>
                </Author>
                <Author ValidYN="Y">
                    <LastName>Maia</LastName>
                    <ForeName>Mauricio</ForeName>
                    <Initials>M</Initials>
                </Author>
                <Author ValidYN="Y">
                    <LastName>Morales-Canton</LastName>
                    <ForeName>Virgilio</ForeName>
                    <Initials>V</Initials>
                </Author>
                <Author ValidYN="Y">
                    <LastName>Figueroa</LastName>
                    <ForeName>Marta</ForeName>
                    <Initials>M</Initials>
                </Author>
                <Author ValidYN="Y">
                    <LastName>Serrano</LastName>
                    <ForeName>Martín</ForeName>
                    <Initials>M</Initials>
                </Author>
                <Author ValidYN="Y">
                    <LastName>Roca</LastName>
                    <ForeName>José A</ForeName>
                    <Initials>JA</Initials>
                </Author>
                <Author ValidYN="Y">
                    <LastName>Arévalo</LastName>
                    <ForeName>J Fernando</ForeName>
                    <Initials>JF</Initials>
                </Author>
                <Author ValidYN="Y">
                    <LastName>Navarro</LastName>
                    <ForeName>Rodrigo</ForeName>
                    <Initials>R</Initials>
                </Author>
                <Author ValidYN="Y">
                    <LastName>Hernández</LastName>
                    <ForeName>Hector</ForeName>
                    <Initials>H</Initials>
                </Author>
                <Author ValidYN="Y">
                    <LastName>Salinas</LastName>
                    <ForeName>Samantha</ForeName>
                    <Initials>S</Initials>
                </Author>
                <Author ValidYN="Y">
                    <LastName>Romero</LastName>
                    <ForeName>Rafael</ForeName>
                    <Initials>R</Initials>
                </Author>
                <Author ValidYN="Y">
                    <LastName>Alpizar-Alvarez</LastName>
                    <ForeName>Natalia</ForeName>
                    <Initials>N</Initials>
                </Author>
                <Author ValidYN="Y">
                    <LastName>Chico</LastName>
                    <ForeName>Giovanna</ForeName>
                    <Initials>G</Initials>
                </Author>
            </AuthorList>
            <Language>eng</Language>
            <PublicationTypeList>
                <PublicationType UI="D003160">Comparative Study</PublicationType>
                <PublicationType UI="D016428">Journal Article</PublicationType>
                <PublicationType UI="D016448">Multicenter Study</PublicationType>
            </PublicationTypeList>
        </Article>
        <MedlineJournalInfo>
            <Country>United States</Country>
            <MedlineTA>Retina</MedlineTA>
            <NlmUniqueID>8309919</NlmUniqueID>
            <ISSNLinking>0275-004X</ISSNLinking>
        </MedlineJournalInfo>
        <CitationSubset>IM</CitationSubset>
        <MeshHeadingList>
            <MeshHeading>
                <DescriptorName UI="D000293" MajorTopicYN="N">Adolescent</DescriptorName>
            </MeshHeading>
            <MeshHeading>
                <DescriptorName UI="D000328" MajorTopicYN="N">Adult</DescriptorName>
            </MeshHeading>
            <MeshHeading>
                <DescriptorName UI="D000368" MajorTopicYN="N">Aged</DescriptorName>
            </MeshHeading>
            <MeshHeading>
                <DescriptorName UI="D000369" MajorTopicYN="N">Aged, 80 and over</DescriptorName>
            </MeshHeading>
            <MeshHeading>
                <DescriptorName UI="D019773" MajorTopicYN="N">Epiretinal Membrane</DescriptorName>
                <QualifierName UI="Q000601" MajorTopicYN="Y">surgery</QualifierName>
            </MeshHeading>
            <MeshHeading>
                <DescriptorName UI="D005260" MajorTopicYN="N">Female</DescriptorName>
            </MeshHeading>
            <MeshHeading>
                <DescriptorName UI="D005500" MajorTopicYN="N">Follow-Up Studies</DescriptorName>
            </MeshHeading>
            <MeshHeading>
                <DescriptorName UI="D006801" MajorTopicYN="N">Humans</DescriptorName>
            </MeshHeading>
            <MeshHeading>
                <DescriptorName UI="D015994" MajorTopicYN="N">Incidence</DescriptorName>
            </MeshHeading>
            <MeshHeading>
                <DescriptorName UI="D007429" MajorTopicYN="Y">Intraocular Pressure</DescriptorName>
            </MeshHeading>
            <MeshHeading>
                <DescriptorName UI="D008297" MajorTopicYN="N">Male</DescriptorName>
            </MeshHeading>
            <MeshHeading>
                <DescriptorName UI="D008875" MajorTopicYN="N">Middle Aged</DescriptorName>
            </MeshHeading>
            <MeshHeading>
                <DescriptorName UI="D009798" MajorTopicYN="N">Ocular Hypertension</DescriptorName>
                <QualifierName UI="Q000175" MajorTopicYN="N">diagnosis</QualifierName>
                <QualifierName UI="Q000209" MajorTopicYN="Y">etiology</QualifierName>
            </MeshHeading>
            <MeshHeading>
                <DescriptorName UI="D009885" MajorTopicYN="N">Ophthalmology</DescriptorName>
                <QualifierName UI="Q000458" MajorTopicYN="N">organization &amp; administration</QualifierName>
            </MeshHeading>
            <MeshHeading>
                <DescriptorName UI="D010175" MajorTopicYN="N">Pan American Health Organization</DescriptorName>
                <QualifierName UI="Q000458" MajorTopicYN="N">organization &amp; administration</QualifierName>
            </MeshHeading>
            <MeshHeading>
                <DescriptorName UI="D011183" MajorTopicYN="Y">Postoperative Complications</DescriptorName>
            </MeshHeading>
            <MeshHeading>
                <DescriptorName UI="D012189" MajorTopicYN="N">Retrospective Studies</DescriptorName>
            </MeshHeading>
            <MeshHeading>
                <DescriptorName UI="D012307" MajorTopicYN="N">Risk Factors</DescriptorName>
            </MeshHeading>
            <MeshHeading>
                <DescriptorName UI="D014821" MajorTopicYN="Y">Vitrectomy</DescriptorName>
            </MeshHeading>
            <MeshHeading>
                <DescriptorName UI="D055815" MajorTopicYN="N">Young Adult</DescriptorName>
            </MeshHeading>
        </MeshHeadingList>
    </MedlineCitation>
    <PubmedData>
        <History>
            <PubMedPubDate PubStatus="entrez">
                <Year>2014</Year>
                <Month>4</Month>
                <Day>17</Day>
                <Hour>6</Hour>
                <Minute>0</Minute>
            </PubMedPubDate>
            <PubMedPubDate PubStatus="pubmed">
                <Year>2014</Year>
                <Month>4</Month>
                <Day>17</Day>
                <Hour>6</Hour>
                <Minute>0</Minute>
            </PubMedPubDate>
            <PubMedPubDate PubStatus="medline">
                <Year>2015</Year>
                <Month>3</Month>
                <Day>7</Day>
                <Hour>6</Hour>
                <Minute>0</Minute>
            </PubMedPubDate>
        </History>
        <PublicationStatus>ppublish</PublicationStatus>
        <ArticleIdList>
            <ArticleId IdType="pubmed">24736465</ArticleId>
            <ArticleId IdType="doi">10.1097/IAE.0000000000000189</ArticleId>
        </ArticleIdList>
    </PubmedData>
</PubmedArticle>

</PubmedArticleSet>