<?xml version="1.0" ?>
<!DOCTYPE PubmedArticleSet PUBLIC "-//NLM//DTD PubMedArticle, 1st January 2019//EN" "https://dtd.nlm.nih.gov/ncbi/pubmed/out/pubmed_190101.dtd">
<PubmedArticleSet>
<PubmedArticle>
    <MedlineCitation Status="MEDLINE" Owner="NLM">
        <PMID Version="1">28211200</PMID>
        <DateCompleted>
            <Year>2018</Year>
            <Month>01</Month>
            <Day>02</Day>
        </DateCompleted>
        <DateRevised>
            <Year>2018</Year>
            <Month>01</Month>
            <Day>02</Day>
        </DateRevised>
        <Article PubModel="Print-Electronic">
            <Journal>
                <ISSN IssnType="Electronic">1755-3768</ISSN>
                <JournalIssue CitedMedium="Internet">
                    <Volume>95</Volume>
                    <Issue>8</Issue>
                    <PubDate>
                        <Year>2017</Year>
                        <Month>Dec</Month>
                    </PubDate>
                </JournalIssue>
                <Title>Acta ophthalmologica</Title>
                <ISOAbbreviation>Acta Ophthalmol</ISOAbbreviation>
            </Journal>
            <ArticleTitle>The interrelation between hypothyroidism and glaucoma: a critical review and meta-analyses.</ArticleTitle>
            <Pagination>
                <MedlinePgn>759-767</MedlinePgn>
            </Pagination>
            <ELocationID EIdType="doi" ValidYN="Y">10.1111/aos.13412</ELocationID>
            <Abstract>
                <AbstractText>Data on the association between hypothyroidism and glaucoma are conflicting. We sought to shed light on this by conducting a critical review and meta-analyses. The meta-analyses were conducted in adherence with the widely accepted MOOSE guidelines. Using the Medical Subject Heading (MeSH) terms: hypothyroidism, myxoedema and glaucoma or intraocular pressure, case-control studies, cohort studies and cross-sectional studies were identified (PubMed) and reviewed. Using meta-analysis, the relative risk (RR) of coexistence of glaucoma and hypothyroidism was calculated. Based on the literature search, thirteen studies fulfilled the inclusion criteria and could be categorized into two groups based on the exposure. The designs of the studies varied considerably, and there was heterogeneity related to lack of power, weak phenotype classifications and length of follow-up. Eight studies had glaucoma (5757 patients) as exposure and hypothyroidism as outcome. Among these, we found a non-significantly increased risk of hypothyroidism associated with glaucoma (RR 1.65; 95% confidence interval [CI]: 0.97-2.82). Based on five studies (168 006 patients) with hypothyroidism as exposure and glaucoma as outcome, we found the risk of glaucoma to be significantly increased (RR 1.33; 95% CI: 1.13-1.58). Based on these meta-analyses, there seems to be an association between hypothyroidism and glaucoma, which does not seem to be the case between glaucoma and hypothyroidism. However, larger scale studies with better phenotype classification, longer follow-up and taking comorbidity and other biases into consideration are needed to address a potential causal relationship.</AbstractText>
                <CopyrightInformation>© 2017 Acta Ophthalmologica Scandinavica Foundation. Published by John Wiley &amp; Sons Ltd.</CopyrightInformation>
            </Abstract>
            <AuthorList CompleteYN="Y">
                <Author ValidYN="Y">
                    <LastName>Thvilum</LastName>
                    <ForeName>Marianne</ForeName>
                    <Initials>M</Initials>
                    <AffiliationInfo>
                        <Affiliation>Department of Endocrinology and Metabolism, Odense University Hospital, Odense C, Denmark.</Affiliation>
                    </AffiliationInfo>
                </Author>
                <Author ValidYN="Y">
                    <LastName>Brandt</LastName>
                    <ForeName>Frans</ForeName>
                    <Initials>F</Initials>
                    <AffiliationInfo>
                        <Affiliation>Department of Internal Medicine, Hospital of Southern Denmark, Sonderborg, Denmark.</Affiliation>
                    </AffiliationInfo>
                </Author>
                <Author ValidYN="Y">
                    <LastName>Brix</LastName>
                    <ForeName>Thomas Heiberg</ForeName>
                    <Initials>TH</Initials>
                    <AffiliationInfo>
                        <Affiliation>Department of Endocrinology and Metabolism, Odense University Hospital, Odense C, Denmark.</Affiliation>
                    </AffiliationInfo>
                </Author>
                <Author ValidYN="Y">
                    <LastName>Hegedüs</LastName>
                    <ForeName>Laszlo</ForeName>
                    <Initials>L</Initials>
                    <AffiliationInfo>
                        <Affiliation>Department of Endocrinology and Metabolism, Odense University Hospital, Odense C, Denmark.</Affiliation>
                    </AffiliationInfo>
                </Author>
            </AuthorList>
            <Language>eng</Language>
            <PublicationTypeList>
                <PublicationType UI="D016428">Journal Article</PublicationType>
                <PublicationType UI="D017418">Meta-Analysis</PublicationType>
                <PublicationType UI="D016454">Review</PublicationType>
            </PublicationTypeList>
            <ArticleDate DateType="Electronic">
                <Year>2017</Year>
                <Month>02</Month>
                <Day>16</Day>
            </ArticleDate>
        </Article>
        <MedlineJournalInfo>
            <Country>England</Country>
            <MedlineTA>Acta Ophthalmol</MedlineTA>
            <NlmUniqueID>101468102</NlmUniqueID>
            <ISSNLinking>1755-375X</ISSNLinking>
        </MedlineJournalInfo>
        <CitationSubset>IM</CitationSubset>
        <MeshHeadingList>
            <MeshHeading>
                <DescriptorName UI="D005901" MajorTopicYN="N">Glaucoma</DescriptorName>
                <QualifierName UI="Q000209" MajorTopicYN="Y">etiology</QualifierName>
                <QualifierName UI="Q000503" MajorTopicYN="N">physiopathology</QualifierName>
            </MeshHeading>
            <MeshHeading>
                <DescriptorName UI="D006801" MajorTopicYN="N">Humans</DescriptorName>
            </MeshHeading>
            <MeshHeading>
                <DescriptorName UI="D007037" MajorTopicYN="N">Hypothyroidism</DescriptorName>
                <QualifierName UI="Q000150" MajorTopicYN="Y">complications</QualifierName>
            </MeshHeading>
            <MeshHeading>
                <DescriptorName UI="D007429" MajorTopicYN="Y">Intraocular Pressure</DescriptorName>
            </MeshHeading>
            <MeshHeading>
                <DescriptorName UI="D012307" MajorTopicYN="N">Risk Factors</DescriptorName>
            </MeshHeading>
        </MeshHeadingList>
        <KeywordList Owner="NOTNLM">
            <Keyword MajorTopicYN="N">glaucoma</Keyword>
            <Keyword MajorTopicYN="N">hypothyroidism</Keyword>
            <Keyword MajorTopicYN="N">meta-analysis</Keyword>
            <Keyword MajorTopicYN="N">myxoedema</Keyword>
        </KeywordList>
    </MedlineCitation>
    <PubmedData>
        <History>
            <PubMedPubDate PubStatus="received">
                <Year>2016</Year>
                <Month>10</Month>
                <Day>12</Day>
            </PubMedPubDate>
            <PubMedPubDate PubStatus="accepted">
                <Year>2017</Year>
                <Month>01</Month>
                <Day>07</Day>
            </PubMedPubDate>
            <PubMedPubDate PubStatus="pubmed">
                <Year>2017</Year>
                <Month>2</Month>
                <Day>18</Day>
                <Hour>6</Hour>
                <Minute>0</Minute>
            </PubMedPubDate>
            <PubMedPubDate PubStatus="medline">
                <Year>2018</Year>
                <Month>1</Month>
                <Day>3</Day>
                <Hour>6</Hour>
                <Minute>0</Minute>
            </PubMedPubDate>
            <PubMedPubDate PubStatus="entrez">
                <Year>2017</Year>
                <Month>2</Month>
                <Day>18</Day>
                <Hour>6</Hour>
                <Minute>0</Minute>
            </PubMedPubDate>
        </History>
        <PublicationStatus>ppublish</PublicationStatus>
        <ArticleIdList>
            <ArticleId IdType="pubmed">28211200</ArticleId>
            <ArticleId IdType="doi">10.1111/aos.13412</ArticleId>
        </ArticleIdList>
    </PubmedData>
</PubmedArticle>

</PubmedArticleSet>