<?xml version="1.0" ?>
<!DOCTYPE PubmedArticleSet PUBLIC "-//NLM//DTD PubMedArticle, 1st January 2019//EN" "https://dtd.nlm.nih.gov/ncbi/pubmed/out/pubmed_190101.dtd">
<PubmedArticleSet>
<PubmedArticle>
    <MedlineCitation Status="MEDLINE" Owner="NLM">
        <PMID Version="1">11110501</PMID>
        <DateCompleted>
            <Year>2001</Year>
            <Month>03</Month>
            <Day>22</Day>
        </DateCompleted>
        <DateRevised>
            <Year>2019</Year>
            <Month>08</Month>
            <Day>31</Day>
        </DateRevised>
        <Article PubModel="Print">
            <Journal>
                <ISSN IssnType="Print">0742-3071</ISSN>
                <JournalIssue CitedMedium="Print">
                    <Volume>17</Volume>
                    <Issue>10</Issue>
                    <PubDate>
                        <Year>2000</Year>
                        <Month>Oct</Month>
                    </PubDate>
                </JournalIssue>
                <Title>Diabetic medicine : a journal of the British Diabetic Association</Title>
                <ISOAbbreviation>Diabet. Med.</ISOAbbreviation>
            </Journal>
            <ArticleTitle>Mydriasis and glaucoma: exploding the myth. A systematic review.</ArticleTitle>
            <Pagination>
                <MedlinePgn>693-9</MedlinePgn>
            </Pagination>
            <Abstract>
                <AbstractText Label="AIMS" NlmCategory="OBJECTIVE">To investigate the risk of inducing acute glaucoma following mydriasis.</AbstractText>
                <AbstractText Label="METHODS" NlmCategory="METHODS">Systematic review of published research 1933-1999.</AbstractText>
                <AbstractText Label="RESULTS" NlmCategory="RESULTS">The risk of inducing acute glaucoma following mydriasis with tropicamide alone is close to zero, no case being identified. The risk with long-acting or combined agents is between 1 in 3,380 and 1 in 20,000. The presence of chronic glaucoma constitutes no additional risk.</AbstractText>
                <AbstractText Label="CONCLUSIONS" NlmCategory="CONCLUSIONS">Mydriasis with tropicamide alone is safe even in people with chronic glaucoma. It should be advised in all patients when thorough retinal examination is indicated.</AbstractText>
            </Abstract>
            <AuthorList CompleteYN="Y">
                <Author ValidYN="Y">
                    <LastName>Pandit</LastName>
                    <ForeName>R J</ForeName>
                    <Initials>RJ</Initials>
                    <AffiliationInfo>
                        <Affiliation>Department of Ophthalmology, Royal Victoria Infirmary, Newcastle upon Tyne, UK.</Affiliation>
                    </AffiliationInfo>
                </Author>
                <Author ValidYN="Y">
                    <LastName>Taylor</LastName>
                    <ForeName>R</ForeName>
                    <Initials>R</Initials>
                </Author>
            </AuthorList>
            <Language>eng</Language>
            <PublicationTypeList>
                <PublicationType UI="D016428">Journal Article</PublicationType>
                <PublicationType UI="D016454">Review</PublicationType>
                <PublicationType UI="D000078182">Systematic Review</PublicationType>
            </PublicationTypeList>
        </Article>
        <MedlineJournalInfo>
            <Country>England</Country>
            <MedlineTA>Diabet Med</MedlineTA>
            <NlmUniqueID>8500858</NlmUniqueID>
            <ISSNLinking>0742-3071</ISSNLinking>
        </MedlineJournalInfo>
        <ChemicalList>
            <Chemical>
                <RegistryNumber>0</RegistryNumber>
                <NameOfSubstance UI="D009184">Mydriatics</NameOfSubstance>
            </Chemical>
            <Chemical>
                <RegistryNumber>N0A3Z5XTC6</RegistryNumber>
                <NameOfSubstance UI="D014331">Tropicamide</NameOfSubstance>
            </Chemical>
        </ChemicalList>
        <CitationSubset>IM</CitationSubset>
        <MeshHeadingList>
            <MeshHeading>
                <DescriptorName UI="D005901" MajorTopicYN="N">Glaucoma</DescriptorName>
                <QualifierName UI="Q000209" MajorTopicYN="Y">etiology</QualifierName>
            </MeshHeading>
            <MeshHeading>
                <DescriptorName UI="D006801" MajorTopicYN="N">Humans</DescriptorName>
            </MeshHeading>
            <MeshHeading>
                <DescriptorName UI="D015878" MajorTopicYN="N">Mydriasis</DescriptorName>
                <QualifierName UI="Q000150" MajorTopicYN="Y">complications</QualifierName>
            </MeshHeading>
            <MeshHeading>
                <DescriptorName UI="D009184" MajorTopicYN="N">Mydriatics</DescriptorName>
                <QualifierName UI="Q000009" MajorTopicYN="Y">adverse effects</QualifierName>
            </MeshHeading>
            <MeshHeading>
                <DescriptorName UI="D012307" MajorTopicYN="N">Risk Factors</DescriptorName>
            </MeshHeading>
            <MeshHeading>
                <DescriptorName UI="D012449" MajorTopicYN="N">Safety</DescriptorName>
            </MeshHeading>
            <MeshHeading>
                <DescriptorName UI="D014331" MajorTopicYN="N">Tropicamide</DescriptorName>
                <QualifierName UI="Q000009" MajorTopicYN="Y">adverse effects</QualifierName>
            </MeshHeading>
        </MeshHeadingList>
        <NumberOfReferences>66</NumberOfReferences>
    </MedlineCitation>
    <PubmedData>
        <History>
            <PubMedPubDate PubStatus="pubmed">
                <Year>2000</Year>
                <Month>12</Month>
                <Day>8</Day>
                <Hour>11</Hour>
                <Minute>0</Minute>
            </PubMedPubDate>
            <PubMedPubDate PubStatus="medline">
                <Year>2001</Year>
                <Month>3</Month>
                <Day>27</Day>
                <Hour>10</Hour>
                <Minute>1</Minute>
            </PubMedPubDate>
            <PubMedPubDate PubStatus="entrez">
                <Year>2000</Year>
                <Month>12</Month>
                <Day>8</Day>
                <Hour>11</Hour>
                <Minute>0</Minute>
            </PubMedPubDate>
        </History>
        <PublicationStatus>ppublish</PublicationStatus>
        <ArticleIdList>
            <ArticleId IdType="pubmed">11110501</ArticleId>
            <ArticleId IdType="doi">10.1046/j.1464-5491.2000.00368.x</ArticleId>
        </ArticleIdList>
    </PubmedData>
</PubmedArticle>

</PubmedArticleSet>