<?xml version="1.0" ?>
<!DOCTYPE PubmedArticleSet PUBLIC "-//NLM//DTD PubMedArticle, 1st January 2019//EN" "https://dtd.nlm.nih.gov/ncbi/pubmed/out/pubmed_190101.dtd">
<PubmedArticleSet>
<PubmedArticle>
    <MedlineCitation Status="MEDLINE" Owner="NLM">
        <PMID Version="1">14700648</PMID>
        <DateCompleted>
            <Year>2004</Year>
            <Month>01</Month>
            <Day>12</Day>
        </DateCompleted>
        <DateRevised>
            <Year>2019</Year>
            <Month>06</Month>
            <Day>27</Day>
        </DateRevised>
        <Article PubModel="Print">
            <Journal>
                <ISSN IssnType="Print">0002-9394</ISSN>
                <JournalIssue CitedMedium="Print">
                    <Volume>137</Volume>
                    <Issue>1</Issue>
                    <PubDate>
                        <Year>2004</Year>
                        <Month>Jan</Month>
                    </PubDate>
                </JournalIssue>
                <Title>American journal of ophthalmology</Title>
                <ISOAbbreviation>Am J Ophthalmol</ISOAbbreviation>
            </Journal>
            <ArticleTitle>Association of neovascular age-related macular degeneration and hyperhomocysteinemia.</ArticleTitle>
            <Pagination>
                <MedlinePgn>84-9</MedlinePgn>
            </Pagination>
            <Abstract>
                <AbstractText Label="PURPOSE" NlmCategory="OBJECTIVE">To assess the relationship between plasma homocysteine levels and exudative neovascular age-related macular degeneration (AMD).</AbstractText>
                <AbstractText Label="DESIGN" NlmCategory="METHODS">Cross-sectional study.</AbstractText>
                <AbstractText Label="METHODS" NlmCategory="METHODS">A prospective comparative cross-sectional study was conducted in outpatient ophthalmology clinics in a university-affiliated medical institution. The cohort consisted of 59 patients (25 male, 34 female) with a mean age of 78 years (standard deviation [SD] = 8.4) with neovascular AMD who were candidates for photodynamic treatment. Patients were compared for plasma homocysteine levels with 58 patients who had dry AMD (24 male, 34 female) with a mean age of 76.3 years (SD = 8.4) and with a control group of 56 age-matched subjects (27 male, 29 female), with a mean age of 77.3 years (SD = 8.2). A 3-ml venous blood sample was obtained from each participant after an 8-hour fast. Levels of plasma homocysteine were measured by high performance liquid chromatography. The main outcome measure was hyperhomocysteinemia, defined as a plasma homocysteine level above 15 micromol/l.</AbstractText>
                <AbstractText Label="RESULTS" NlmCategory="RESULTS">Homocysteine levels were higher by 27.9% in the neovascular AMD than in the dry AMD group, and by 21.9% than in the control group (P &lt;.02). Hyperhomocysteinemia was found in 44.1% of the study group, in 22.4% of the dry AMD group, and in 21.4% of the control group (P =.011).</AbstractText>
                <AbstractText Label="CONCLUSIONS" NlmCategory="CONCLUSIONS">This study suggests an association between an elevated plasma level of homocysteine and exudative neovascular AMD but not dry AMD.</AbstractText>
            </Abstract>
            <AuthorList CompleteYN="Y">
                <Author ValidYN="Y">
                    <LastName>Axer-Siegel</LastName>
                    <ForeName>Ruth</ForeName>
                    <Initials>R</Initials>
                    <AffiliationInfo>
                        <Affiliation>Department of Ophthalmology, Rabin Medical Center, Petah Tiqva, Israel. seegs@netvision.net.il</Affiliation>
                    </AffiliationInfo>
                </Author>
                <Author ValidYN="Y">
                    <LastName>Bourla</LastName>
                    <ForeName>Dan</ForeName>
                    <Initials>D</Initials>
                </Author>
                <Author ValidYN="Y">
                    <LastName>Ehrlich</LastName>
                    <ForeName>Rita</ForeName>
                    <Initials>R</Initials>
                </Author>
                <Author ValidYN="Y">
                    <LastName>Dotan</LastName>
                    <ForeName>Gad</ForeName>
                    <Initials>G</Initials>
                </Author>
                <Author ValidYN="Y">
                    <LastName>Benjamini</LastName>
                    <ForeName>Yoav</ForeName>
                    <Initials>Y</Initials>
                </Author>
                <Author ValidYN="Y">
                    <LastName>Gavendo</LastName>
                    <ForeName>Slava</ForeName>
                    <Initials>S</Initials>
                </Author>
                <Author ValidYN="Y">
                    <LastName>Weinberger</LastName>
                    <ForeName>Dov</ForeName>
                    <Initials>D</Initials>
                </Author>
                <Author ValidYN="Y">
                    <LastName>Sela</LastName>
                    <ForeName>Ben-Ami</ForeName>
                    <Initials>BA</Initials>
                </Author>
            </AuthorList>
            <Language>eng</Language>
            <PublicationTypeList>
                <PublicationType UI="D003160">Comparative Study</PublicationType>
                <PublicationType UI="D016428">Journal Article</PublicationType>
            </PublicationTypeList>
        </Article>
        <MedlineJournalInfo>
            <Country>United States</Country>
            <MedlineTA>Am J Ophthalmol</MedlineTA>
            <NlmUniqueID>0370500</NlmUniqueID>
            <ISSNLinking>0002-9394</ISSNLinking>
        </MedlineJournalInfo>
        <ChemicalList>
            <Chemical>
                <RegistryNumber>0LVT1QZ0BA</RegistryNumber>
                <NameOfSubstance UI="D006710">Homocysteine</NameOfSubstance>
            </Chemical>
        </ChemicalList>
        <CitationSubset>AIM</CitationSubset>
        <CitationSubset>IM</CitationSubset>
        <MeshHeadingList>
            <MeshHeading>
                <DescriptorName UI="D000368" MajorTopicYN="N">Aged</DescriptorName>
            </MeshHeading>
            <MeshHeading>
                <DescriptorName UI="D002851" MajorTopicYN="N">Chromatography, High Pressure Liquid</DescriptorName>
            </MeshHeading>
            <MeshHeading>
                <DescriptorName UI="D003430" MajorTopicYN="N">Cross-Sectional Studies</DescriptorName>
            </MeshHeading>
            <MeshHeading>
                <DescriptorName UI="D005260" MajorTopicYN="N">Female</DescriptorName>
            </MeshHeading>
            <MeshHeading>
                <DescriptorName UI="D006710" MajorTopicYN="N">Homocysteine</DescriptorName>
                <QualifierName UI="Q000097" MajorTopicYN="N">blood</QualifierName>
            </MeshHeading>
            <MeshHeading>
                <DescriptorName UI="D006801" MajorTopicYN="N">Humans</DescriptorName>
            </MeshHeading>
            <MeshHeading>
                <DescriptorName UI="D020138" MajorTopicYN="N">Hyperhomocysteinemia</DescriptorName>
                <QualifierName UI="Q000097" MajorTopicYN="N">blood</QualifierName>
                <QualifierName UI="Q000150" MajorTopicYN="Y">complications</QualifierName>
            </MeshHeading>
            <MeshHeading>
                <DescriptorName UI="D008268" MajorTopicYN="N">Macular Degeneration</DescriptorName>
                <QualifierName UI="Q000097" MajorTopicYN="N">blood</QualifierName>
                <QualifierName UI="Q000150" MajorTopicYN="Y">complications</QualifierName>
            </MeshHeading>
            <MeshHeading>
                <DescriptorName UI="D008297" MajorTopicYN="N">Male</DescriptorName>
            </MeshHeading>
            <MeshHeading>
                <DescriptorName UI="D011446" MajorTopicYN="N">Prospective Studies</DescriptorName>
            </MeshHeading>
            <MeshHeading>
                <DescriptorName UI="D015861" MajorTopicYN="N">Retinal Neovascularization</DescriptorName>
                <QualifierName UI="Q000097" MajorTopicYN="N">blood</QualifierName>
                <QualifierName UI="Q000150" MajorTopicYN="Y">complications</QualifierName>
            </MeshHeading>
        </MeshHeadingList>
    </MedlineCitation>
    <PubmedData>
        <History>
            <PubMedPubDate PubStatus="pubmed">
                <Year>2004</Year>
                <Month>1</Month>
                <Day>1</Day>
                <Hour>5</Hour>
                <Minute>0</Minute>
            </PubMedPubDate>
            <PubMedPubDate PubStatus="medline">
                <Year>2004</Year>
                <Month>1</Month>
                <Day>13</Day>
                <Hour>5</Hour>
                <Minute>0</Minute>
            </PubMedPubDate>
            <PubMedPubDate PubStatus="entrez">
                <Year>2004</Year>
                <Month>1</Month>
                <Day>1</Day>
                <Hour>5</Hour>
                <Minute>0</Minute>
            </PubMedPubDate>
        </History>
        <PublicationStatus>ppublish</PublicationStatus>
        <ArticleIdList>
            <ArticleId IdType="pubmed">14700648</ArticleId>
            <ArticleId IdType="pii">S000293940300864X</ArticleId>
            <ArticleId IdType="doi">10.1016/s0002-9394(03)00864-x</ArticleId>
        </ArticleIdList>
    </PubmedData>
</PubmedArticle>

</PubmedArticleSet>