<?xml version="1.0" ?>
<!DOCTYPE PubmedArticleSet PUBLIC "-//NLM//DTD PubMedArticle, 1st January 2019//EN" "https://dtd.nlm.nih.gov/ncbi/pubmed/out/pubmed_190101.dtd">
<PubmedArticleSet>
<PubmedArticle>
    <MedlineCitation Status="MEDLINE" Owner="NLM">
        <PMID Version="1">15803172</PMID>
        <DateCompleted>
            <Year>2006</Year>
            <Month>08</Month>
            <Day>24</Day>
        </DateCompleted>
        <DateRevised>
            <Year>2015</Year>
            <Month>11</Month>
            <Day>19</Day>
        </DateRevised>
        <Article PubModel="Print">
            <Journal>
                <ISSN IssnType="Print">0950-222X</ISSN>
                <JournalIssue CitedMedium="Print">
                    <Volume>20</Volume>
                    <Issue>2</Issue>
                    <PubDate>
                        <Year>2006</Year>
                        <Month>Feb</Month>
                    </PubDate>
                </JournalIssue>
                <Title>Eye (London, England)</Title>
                <ISOAbbreviation>Eye (Lond)</ISOAbbreviation>
            </Journal>
            <ArticleTitle>Plasma homocysteine and total thiol content in patients with exudative age-related macular degeneration.</ArticleTitle>
            <Pagination>
                <MedlinePgn>203-7</MedlinePgn>
            </Pagination>
            <Abstract>
                <AbstractText Label="PURPOSE" NlmCategory="OBJECTIVE">Exudative age-related macular degeneration (ARMD) is one of the debilitating ocular complications, which results in permanent blindness. Elevated homocysteine (Hcys) levels have been associated in the development of several vascular diseases. Vascular and oxidative stress theories have been implicated for the development of choroidal neovascularization in exudative ARMD. The aim of the present study was to investigate the possible role of plasma Hcys and thiol content (tSH) as a risk factor for the development of exudative ARMD.</AbstractText>
                <AbstractText Label="METHOD" NlmCategory="METHODS">A total of 16 patients with exudative ARMD and 20 age-matched controls were recruited for the study. Plasma Hcys levels were analysed using Reverse Phase High Performance Liquid Chromatography. Plasma glutathione (GSH) content was determined using o-phthalaldehyde (OPA) derivatization and subsequent detection by fluorimeter. Plasma tSH levels were determined by using thiol-specific reagent dithionitrobenzoic acid (DTNB) spectrophotometrically.</AbstractText>
                <AbstractText Label="RESULTS" NlmCategory="RESULTS">Plasma Hcys levels in exudative ARMD were elevated three-fold (18+/-5.0 microM) when compared to healthy controls (6.7+/-1.8 microM). There was a two-fold decrease in the GSH and tSH in exudative ARMD when compared with controls. Negative correlation was observed between diminished tSH and Hcys levels (r=-0.4837, P=0.05). Similarly plasma Hcys levels negatively correlated with GSH content (r=-0.6620, P&lt;0.05).</AbstractText>
                <AbstractText Label="CONCLUSION" NlmCategory="CONCLUSIONS">Results from our present study revealed that there is an elevated Hcys level and diminished thiol pool content in exudative ARMD that are significant.</AbstractText>
            </Abstract>
            <AuthorList CompleteYN="Y">
                <Author ValidYN="Y">
                    <LastName>Coral</LastName>
                    <ForeName>K</ForeName>
                    <Initials>K</Initials>
                    <AffiliationInfo>
                        <Affiliation>Biochemistry Research Department, Vision Research Foundation, Sankara Nethralaya, Chennai, India.</Affiliation>
                    </AffiliationInfo>
                </Author>
                <Author ValidYN="Y">
                    <LastName>Raman</LastName>
                    <ForeName>R</ForeName>
                    <Initials>R</Initials>
                </Author>
                <Author ValidYN="Y">
                    <LastName>Rathi</LastName>
                    <ForeName>S</ForeName>
                    <Initials>S</Initials>
                </Author>
                <Author ValidYN="Y">
                    <LastName>Rajesh</LastName>
                    <ForeName>M</ForeName>
                    <Initials>M</Initials>
                </Author>
                <Author ValidYN="Y">
                    <LastName>Sulochana</LastName>
                    <ForeName>K N</ForeName>
                    <Initials>KN</Initials>
                </Author>
                <Author ValidYN="Y">
                    <LastName>Angayarkanni</LastName>
                    <ForeName>N</ForeName>
                    <Initials>N</Initials>
                </Author>
                <Author ValidYN="Y">
                    <LastName>Paul</LastName>
                    <ForeName>P G</ForeName>
                    <Initials>PG</Initials>
                </Author>
                <Author ValidYN="Y">
                    <LastName>Ramakrishnan</LastName>
                    <ForeName>S</ForeName>
                    <Initials>S</Initials>
                </Author>
            </AuthorList>
            <Language>eng</Language>
            <PublicationTypeList>
                <PublicationType UI="D016428">Journal Article</PublicationType>
            </PublicationTypeList>
        </Article>
        <MedlineJournalInfo>
            <Country>England</Country>
            <MedlineTA>Eye (Lond)</MedlineTA>
            <NlmUniqueID>8703986</NlmUniqueID>
            <ISSNLinking>0950-222X</ISSNLinking>
        </MedlineJournalInfo>
        <ChemicalList>
            <Chemical>
                <RegistryNumber>0</RegistryNumber>
                <NameOfSubstance UI="D015415">Biomarkers</NameOfSubstance>
            </Chemical>
            <Chemical>
                <RegistryNumber>0</RegistryNumber>
                <NameOfSubstance UI="D013438">Sulfhydryl Compounds</NameOfSubstance>
            </Chemical>
            <Chemical>
                <RegistryNumber>0LVT1QZ0BA</RegistryNumber>
                <NameOfSubstance UI="D006710">Homocysteine</NameOfSubstance>
            </Chemical>
            <Chemical>
                <RegistryNumber>GAN16C9B8O</RegistryNumber>
                <NameOfSubstance UI="D005978">Glutathione</NameOfSubstance>
            </Chemical>
        </ChemicalList>
        <CitationSubset>IM</CitationSubset>
        <MeshHeadingList>
            <MeshHeading>
                <DescriptorName UI="D000368" MajorTopicYN="N">Aged</DescriptorName>
            </MeshHeading>
            <MeshHeading>
                <DescriptorName UI="D000369" MajorTopicYN="N">Aged, 80 and over</DescriptorName>
            </MeshHeading>
            <MeshHeading>
                <DescriptorName UI="D015415" MajorTopicYN="N">Biomarkers</DescriptorName>
                <QualifierName UI="Q000097" MajorTopicYN="N">blood</QualifierName>
            </MeshHeading>
            <MeshHeading>
                <DescriptorName UI="D002851" MajorTopicYN="N">Chromatography, High Pressure Liquid</DescriptorName>
                <QualifierName UI="Q000379" MajorTopicYN="N">methods</QualifierName>
            </MeshHeading>
            <MeshHeading>
                <DescriptorName UI="D005260" MajorTopicYN="N">Female</DescriptorName>
            </MeshHeading>
            <MeshHeading>
                <DescriptorName UI="D005978" MajorTopicYN="N">Glutathione</DescriptorName>
                <QualifierName UI="Q000097" MajorTopicYN="N">blood</QualifierName>
            </MeshHeading>
            <MeshHeading>
                <DescriptorName UI="D006710" MajorTopicYN="N">Homocysteine</DescriptorName>
                <QualifierName UI="Q000097" MajorTopicYN="Y">blood</QualifierName>
            </MeshHeading>
            <MeshHeading>
                <DescriptorName UI="D006801" MajorTopicYN="N">Humans</DescriptorName>
            </MeshHeading>
            <MeshHeading>
                <DescriptorName UI="D008268" MajorTopicYN="N">Macular Degeneration</DescriptorName>
                <QualifierName UI="Q000097" MajorTopicYN="Y">blood</QualifierName>
            </MeshHeading>
            <MeshHeading>
                <DescriptorName UI="D008297" MajorTopicYN="N">Male</DescriptorName>
            </MeshHeading>
            <MeshHeading>
                <DescriptorName UI="D008875" MajorTopicYN="N">Middle Aged</DescriptorName>
            </MeshHeading>
            <MeshHeading>
                <DescriptorName UI="D018384" MajorTopicYN="N">Oxidative Stress</DescriptorName>
            </MeshHeading>
            <MeshHeading>
                <DescriptorName UI="D012307" MajorTopicYN="N">Risk Factors</DescriptorName>
            </MeshHeading>
            <MeshHeading>
                <DescriptorName UI="D013438" MajorTopicYN="N">Sulfhydryl Compounds</DescriptorName>
                <QualifierName UI="Q000097" MajorTopicYN="Y">blood</QualifierName>
            </MeshHeading>
        </MeshHeadingList>
    </MedlineCitation>
    <PubmedData>
        <History>
            <PubMedPubDate PubStatus="pubmed">
                <Year>2005</Year>
                <Month>4</Month>
                <Day>2</Day>
                <Hour>9</Hour>
                <Minute>0</Minute>
            </PubMedPubDate>
            <PubMedPubDate PubStatus="medline">
                <Year>2006</Year>
                <Month>8</Month>
                <Day>25</Day>
                <Hour>9</Hour>
                <Minute>0</Minute>
            </PubMedPubDate>
            <PubMedPubDate PubStatus="entrez">
                <Year>2005</Year>
                <Month>4</Month>
                <Day>2</Day>
                <Hour>9</Hour>
                <Minute>0</Minute>
            </PubMedPubDate>
        </History>
        <PublicationStatus>ppublish</PublicationStatus>
        <ArticleIdList>
            <ArticleId IdType="pubmed">15803172</ArticleId>
            <ArticleId IdType="pii">6701853</ArticleId>
            <ArticleId IdType="doi">10.1038/sj.eye.6701853</ArticleId>
        </ArticleIdList>
    </PubmedData>
</PubmedArticle>

</PubmedArticleSet>