<?xml version="1.0" ?>
<!DOCTYPE PubmedArticleSet PUBLIC "-//NLM//DTD PubMedArticle, 1st January 2019//EN" "https://dtd.nlm.nih.gov/ncbi/pubmed/out/pubmed_190101.dtd">
<PubmedArticleSet>
<PubmedArticle>
    <MedlineCitation Status="MEDLINE" Owner="NLM">
        <PMID Version="1">16329063</PMID>
        <DateCompleted>
            <Year>2006</Year>
            <Month>01</Month>
            <Day>31</Day>
        </DateCompleted>
        <DateRevised>
            <Year>2017</Year>
            <Month>12</Month>
            <Day>06</Day>
        </DateRevised>
        <Article PubModel="Print">
            <Journal>
                <ISSN IssnType="Print">1120-6721</ISSN>
                <JournalIssue CitedMedium="Print">
                    <Volume>15</Volume>
                    <Issue>6</Issue>
                    <PubDate>
                        <MedlineDate>2005 Nov-Dec</MedlineDate>
                    </PubDate>
                </JournalIssue>
                <Title>European journal of ophthalmology</Title>
                <ISOAbbreviation>Eur J Ophthalmol</ISOAbbreviation>
            </Journal>
            <ArticleTitle>Homocysteine, vitamin B12, and folic acid in age-related macular degeneration.</ArticleTitle>
            <Pagination>
                <MedlinePgn>764-7</MedlinePgn>
            </Pagination>
            <Abstract>
                <AbstractText Label="PURPOSE" NlmCategory="OBJECTIVE">Hyperhomocysteinemia is considered an independent risk factor for atherosclerosis and thrombosis. The purpose of this study was to evaluate plasma homocysteine, red blood cell folate, plasma folate, and plasma vitamin B12 concentration in patients with exudative age-related macular degeneration (ARMD).</AbstractText>
                <AbstractText Label="METHODS" NlmCategory="METHODS">The participants of this study included 30 patients aged 60 to 71 years (mean age 66.2+/-3.6) with exudative ARMD. Plasma homocysteine levels were determined by high performance liquid chromatography (HPLC). Red blood cell folate, plasma folate, and plasma vitamin B12 concentration were determined using a standard kit (Dualcount Solid Phase No Boill radioassay kit for B12/folic acid, DPC Diagnostic, USA) by radioassay method.</AbstractText>
                <AbstractText Label="RESULTS" NlmCategory="RESULTS">The plasma concentration of Hcy (14.88+/-6.23 micromol/L) in ARMD patients was significantly increased (p&lt;0.0001) compared with the control group (8.72+/-3.34 micromol/L). We found not a significant decrease of the plasma vitamin B12 concentration in the ARMD group (476.88+/-220.91 pg/mL) compared with the control group (527.08+/-208.97 pg/mL). Red blood cell folate (158.44+/-56.30 ng/mL) and plasma folate (6.5+/-3.4 ng/mL) in ARMD patients were also not significantly decreased when compared with the control group (183.86+/-59.33 ng/mL and 7.93+/-5.05 ng/mL).</AbstractText>
                <AbstractText Label="CONCLUSIONS" NlmCategory="CONCLUSIONS">Hyperhomocysteinemia might be one of the risk factors for the exudative form of ARMD.</AbstractText>
            </Abstract>
            <AuthorList CompleteYN="Y">
                <Author ValidYN="Y">
                    <LastName>Nowak</LastName>
                    <ForeName>M</ForeName>
                    <Initials>M</Initials>
                    <AffiliationInfo>
                        <Affiliation>Pathophysiology Division, Department of Pathophysiology and Endocrinology, Medical University of Silesia, Zabrze, Poland. nowak-mar@wp.pl</Affiliation>
                    </AffiliationInfo>
                </Author>
                <Author ValidYN="Y">
                    <LastName>Swietochowska</LastName>
                    <ForeName>E</ForeName>
                    <Initials>E</Initials>
                </Author>
                <Author ValidYN="Y">
                    <LastName>Wielkoszyński</LastName>
                    <ForeName>T</ForeName>
                    <Initials>T</Initials>
                </Author>
                <Author ValidYN="Y">
                    <LastName>Marek</LastName>
                    <ForeName>B</ForeName>
                    <Initials>B</Initials>
                </Author>
                <Author ValidYN="Y">
                    <LastName>Kos-Kudła</LastName>
                    <ForeName>B</ForeName>
                    <Initials>B</Initials>
                </Author>
                <Author ValidYN="Y">
                    <LastName>Szapska</LastName>
                    <ForeName>B</ForeName>
                    <Initials>B</Initials>
                </Author>
                <Author ValidYN="Y">
                    <LastName>Kajdaniuk</LastName>
                    <ForeName>D</ForeName>
                    <Initials>D</Initials>
                </Author>
                <Author ValidYN="Y">
                    <LastName>Głogowska-Szelág</LastName>
                    <ForeName>J</ForeName>
                    <Initials>J</Initials>
                </Author>
                <Author ValidYN="Y">
                    <LastName>Siemińska</LastName>
                    <ForeName>L</ForeName>
                    <Initials>L</Initials>
                </Author>
                <Author ValidYN="Y">
                    <LastName>Ostrowska</LastName>
                    <ForeName>Z</ForeName>
                    <Initials>Z</Initials>
                </Author>
                <Author ValidYN="Y">
                    <LastName>Kozioł</LastName>
                    <ForeName>H</ForeName>
                    <Initials>H</Initials>
                </Author>
                <Author ValidYN="Y">
                    <LastName>Klimek</LastName>
                    <ForeName>J</ForeName>
                    <Initials>J</Initials>
                </Author>
            </AuthorList>
            <Language>eng</Language>
            <PublicationTypeList>
                <PublicationType UI="D016428">Journal Article</PublicationType>
            </PublicationTypeList>
        </Article>
        <MedlineJournalInfo>
            <Country>United States</Country>
            <MedlineTA>Eur J Ophthalmol</MedlineTA>
            <NlmUniqueID>9110772</NlmUniqueID>
            <ISSNLinking>1120-6721</ISSNLinking>
        </MedlineJournalInfo>
        <ChemicalList>
            <Chemical>
                <RegistryNumber>0LVT1QZ0BA</RegistryNumber>
                <NameOfSubstance UI="D006710">Homocysteine</NameOfSubstance>
            </Chemical>
            <Chemical>
                <RegistryNumber>935E97BOY8</RegistryNumber>
                <NameOfSubstance UI="D005492">Folic Acid</NameOfSubstance>
            </Chemical>
            <Chemical>
                <RegistryNumber>P6YC3EG204</RegistryNumber>
                <NameOfSubstance UI="D014805">Vitamin B 12</NameOfSubstance>
            </Chemical>
        </ChemicalList>
        <CitationSubset>IM</CitationSubset>
        <MeshHeadingList>
            <MeshHeading>
                <DescriptorName UI="D000368" MajorTopicYN="N">Aged</DescriptorName>
            </MeshHeading>
            <MeshHeading>
                <DescriptorName UI="D002851" MajorTopicYN="N">Chromatography, High Pressure Liquid</DescriptorName>
            </MeshHeading>
            <MeshHeading>
                <DescriptorName UI="D004912" MajorTopicYN="N">Erythrocytes</DescriptorName>
                <QualifierName UI="Q000378" MajorTopicYN="N">metabolism</QualifierName>
            </MeshHeading>
            <MeshHeading>
                <DescriptorName UI="D005260" MajorTopicYN="N">Female</DescriptorName>
            </MeshHeading>
            <MeshHeading>
                <DescriptorName UI="D005492" MajorTopicYN="N">Folic Acid</DescriptorName>
                <QualifierName UI="Q000097" MajorTopicYN="Y">blood</QualifierName>
            </MeshHeading>
            <MeshHeading>
                <DescriptorName UI="D006710" MajorTopicYN="N">Homocysteine</DescriptorName>
                <QualifierName UI="Q000097" MajorTopicYN="Y">blood</QualifierName>
            </MeshHeading>
            <MeshHeading>
                <DescriptorName UI="D006801" MajorTopicYN="N">Humans</DescriptorName>
            </MeshHeading>
            <MeshHeading>
                <DescriptorName UI="D020138" MajorTopicYN="N">Hyperhomocysteinemia</DescriptorName>
                <QualifierName UI="Q000097" MajorTopicYN="Y">blood</QualifierName>
            </MeshHeading>
            <MeshHeading>
                <DescriptorName UI="D008268" MajorTopicYN="N">Macular Degeneration</DescriptorName>
                <QualifierName UI="Q000097" MajorTopicYN="Y">blood</QualifierName>
            </MeshHeading>
            <MeshHeading>
                <DescriptorName UI="D008297" MajorTopicYN="N">Male</DescriptorName>
            </MeshHeading>
            <MeshHeading>
                <DescriptorName UI="D008875" MajorTopicYN="N">Middle Aged</DescriptorName>
            </MeshHeading>
            <MeshHeading>
                <DescriptorName UI="D012307" MajorTopicYN="N">Risk Factors</DescriptorName>
            </MeshHeading>
            <MeshHeading>
                <DescriptorName UI="D014805" MajorTopicYN="N">Vitamin B 12</DescriptorName>
                <QualifierName UI="Q000097" MajorTopicYN="Y">blood</QualifierName>
            </MeshHeading>
        </MeshHeadingList>
    </MedlineCitation>
    <PubmedData>
        <History>
            <PubMedPubDate PubStatus="pubmed">
                <Year>2005</Year>
                <Month>12</Month>
                <Day>6</Day>
                <Hour>9</Hour>
                <Minute>0</Minute>
            </PubMedPubDate>
            <PubMedPubDate PubStatus="medline">
                <Year>2006</Year>
                <Month>2</Month>
                <Day>1</Day>
                <Hour>9</Hour>
                <Minute>0</Minute>
            </PubMedPubDate>
            <PubMedPubDate PubStatus="entrez">
                <Year>2005</Year>
                <Month>12</Month>
                <Day>6</Day>
                <Hour>9</Hour>
                <Minute>0</Minute>
            </PubMedPubDate>
        </History>
        <PublicationStatus>ppublish</PublicationStatus>
        <ArticleIdList>
            <ArticleId IdType="pubmed">16329063</ArticleId>
        </ArticleIdList>
    </PubmedData>
</PubmedArticle>

</PubmedArticleSet>