<?xml version="1.0" ?>
<!DOCTYPE PubmedArticleSet PUBLIC "-//NLM//DTD PubMedArticle, 1st January 2019//EN" "https://dtd.nlm.nih.gov/ncbi/pubmed/out/pubmed_190101.dtd">
<PubmedArticleSet>
<PubmedArticle>
    <MedlineCitation Status="MEDLINE" Owner="NLM">
        <PMID Version="1">16387004</PMID>
        <DateCompleted>
            <Year>2006</Year>
            <Month>01</Month>
            <Day>31</Day>
        </DateCompleted>
        <DateRevised>
            <Year>2013</Year>
            <Month>11</Month>
            <Day>21</Day>
        </DateRevised>
        <Article PubModel="Print">
            <Journal>
                <ISSN IssnType="Print">0002-9394</ISSN>
                <JournalIssue CitedMedium="Print">
                    <Volume>141</Volume>
                    <Issue>1</Issue>
                    <PubDate>
                        <Year>2006</Year>
                        <Month>Jan</Month>
                    </PubDate>
                </JournalIssue>
                <Title>American journal of ophthalmology</Title>
                <ISOAbbreviation>Am J Ophthalmol</ISOAbbreviation>
            </Journal>
            <ArticleTitle>Evaluation of plasma homocysteine and risk of age-related macular degeneration.</ArticleTitle>
            <Pagination>
                <MedlinePgn>201-3</MedlinePgn>
            </Pagination>
            <Abstract>
                <AbstractText Label="PURPOSE" NlmCategory="OBJECTIVE">To assess the relationship between plasma levels of homocysteine and age-related macular degeneration (AMD).</AbstractText>
                <AbstractText Label="DESIGN" NlmCategory="METHODS">Cross-sectional, case-control study.</AbstractText>
                <AbstractText Label="METHODS" NlmCategory="METHODS">Fasting plasma homocysteine levels were measured at two centers in 934 individuals who were participating in an ancillary study of the Age-Related Eye Disease Study. There were 547 cases and 387 control subjects, who were determined by fundus photography. Conditional logistic regression analyses were conducted to assess the association of homocysteine with AMD.</AbstractText>
                <AbstractText Label="RESULTS" NlmCategory="RESULTS">Median values of homocysteine were higher among advanced AMD cases (9.51 mmol/l) compared with persons with no AMD (8.81 mmol/l; P = .01). Values of &gt;12 mmol/l vs &lt; or =12 mmol/l were also associated with an increased risk of AMD (P = .023), when controlled for other covariates.</AbstractText>
                <AbstractText Label="CONCLUSION" NlmCategory="CONCLUSIONS">Results are consistent with a possible small, independent association between higher homocysteine levels and AMD. Homocysteine may be a modifiable risk factor for AMD.</AbstractText>
            </Abstract>
            <AuthorList CompleteYN="Y">
                <Author ValidYN="Y">
                    <LastName>Seddon</LastName>
                    <ForeName>Johanna M</ForeName>
                    <Initials>JM</Initials>
                    <AffiliationInfo>
                        <Affiliation>Epidemiology Unit, Massachusetts Eye and Ear Infirmary, 243 Charles Street, Boston, MA 02114, USA. Johanna_Seddon@meei.harvard.edu</Affiliation>
                    </AffiliationInfo>
                </Author>
                <Author ValidYN="Y">
                    <LastName>Gensler</LastName>
                    <ForeName>Gary</ForeName>
                    <Initials>G</Initials>
                </Author>
                <Author ValidYN="Y">
                    <LastName>Klein</LastName>
                    <ForeName>Michael L</ForeName>
                    <Initials>ML</Initials>
                </Author>
                <Author ValidYN="Y">
                    <LastName>Milton</LastName>
                    <ForeName>Roy C</ForeName>
                    <Initials>RC</Initials>
                </Author>
            </AuthorList>
            <Language>eng</Language>
            <GrantList CompleteYN="Y">
                <Grant>
                    <GrantID>N01 EY 02117</GrantID>
                    <Acronym>EY</Acronym>
                    <Agency>NEI NIH HHS</Agency>
                    <Country>United States</Country>
                </Grant>
                <Grant>
                    <GrantID>N01 EY 02126</GrantID>
                    <Acronym>EY</Acronym>
                    <Agency>NEI NIH HHS</Agency>
                    <Country>United States</Country>
                </Grant>
                <Grant>
                    <GrantID>R01 EY 13982</GrantID>
                    <Acronym>EY</Acronym>
                    <Agency>NEI NIH HHS</Agency>
                    <Country>United States</Country>
                </Grant>
            </GrantList>
            <PublicationTypeList>
                <PublicationType UI="D016428">Journal Article</PublicationType>
                <PublicationType UI="D052061">Research Support, N.I.H., Extramural</PublicationType>
                <PublicationType UI="D013485">Research Support, Non-U.S. Gov't</PublicationType>
            </PublicationTypeList>
        </Article>
        <MedlineJournalInfo>
            <Country>United States</Country>
            <MedlineTA>Am J Ophthalmol</MedlineTA>
            <NlmUniqueID>0370500</NlmUniqueID>
            <ISSNLinking>0002-9394</ISSNLinking>
        </MedlineJournalInfo>
        <ChemicalList>
            <Chemical>
                <RegistryNumber>0LVT1QZ0BA</RegistryNumber>
                <NameOfSubstance UI="D006710">Homocysteine</NameOfSubstance>
            </Chemical>
        </ChemicalList>
        <CitationSubset>AIM</CitationSubset>
        <CitationSubset>IM</CitationSubset>
        <MeshHeadingList>
            <MeshHeading>
                <DescriptorName UI="D000368" MajorTopicYN="N">Aged</DescriptorName>
            </MeshHeading>
            <MeshHeading>
                <DescriptorName UI="D000369" MajorTopicYN="N">Aged, 80 and over</DescriptorName>
            </MeshHeading>
            <MeshHeading>
                <DescriptorName UI="D016022" MajorTopicYN="N">Case-Control Studies</DescriptorName>
            </MeshHeading>
            <MeshHeading>
                <DescriptorName UI="D003430" MajorTopicYN="N">Cross-Sectional Studies</DescriptorName>
            </MeshHeading>
            <MeshHeading>
                <DescriptorName UI="D005260" MajorTopicYN="N">Female</DescriptorName>
            </MeshHeading>
            <MeshHeading>
                <DescriptorName UI="D006710" MajorTopicYN="N">Homocysteine</DescriptorName>
                <QualifierName UI="Q000097" MajorTopicYN="Y">blood</QualifierName>
            </MeshHeading>
            <MeshHeading>
                <DescriptorName UI="D006801" MajorTopicYN="N">Humans</DescriptorName>
            </MeshHeading>
            <MeshHeading>
                <DescriptorName UI="D008268" MajorTopicYN="N">Macular Degeneration</DescriptorName>
                <QualifierName UI="Q000097" MajorTopicYN="Y">blood</QualifierName>
                <QualifierName UI="Q000453" MajorTopicYN="Y">epidemiology</QualifierName>
            </MeshHeading>
            <MeshHeading>
                <DescriptorName UI="D008297" MajorTopicYN="N">Male</DescriptorName>
            </MeshHeading>
            <MeshHeading>
                <DescriptorName UI="D008875" MajorTopicYN="N">Middle Aged</DescriptorName>
            </MeshHeading>
            <MeshHeading>
                <DescriptorName UI="D012307" MajorTopicYN="N">Risk Factors</DescriptorName>
            </MeshHeading>
        </MeshHeadingList>
    </MedlineCitation>
    <PubmedData>
        <History>
            <PubMedPubDate PubStatus="received">
                <Year>2005</Year>
                <Month>04</Month>
                <Day>22</Day>
            </PubMedPubDate>
            <PubMedPubDate PubStatus="revised">
                <Year>2005</Year>
                <Month>07</Month>
                <Day>23</Day>
            </PubMedPubDate>
            <PubMedPubDate PubStatus="accepted">
                <Year>2005</Year>
                <Month>07</Month>
                <Day>25</Day>
            </PubMedPubDate>
            <PubMedPubDate PubStatus="pubmed">
                <Year>2006</Year>
                <Month>1</Month>
                <Day>3</Day>
                <Hour>9</Hour>
                <Minute>0</Minute>
            </PubMedPubDate>
            <PubMedPubDate PubStatus="medline">
                <Year>2006</Year>
                <Month>2</Month>
                <Day>1</Day>
                <Hour>9</Hour>
                <Minute>0</Minute>
            </PubMedPubDate>
            <PubMedPubDate PubStatus="entrez">
                <Year>2006</Year>
                <Month>1</Month>
                <Day>3</Day>
                <Hour>9</Hour>
                <Minute>0</Minute>
            </PubMedPubDate>
        </History>
        <PublicationStatus>ppublish</PublicationStatus>
        <ArticleIdList>
            <ArticleId IdType="pubmed">16387004</ArticleId>
            <ArticleId IdType="pii">S0002-9394(05)00861-5</ArticleId>
            <ArticleId IdType="doi">10.1016/j.ajo.2005.07.059</ArticleId>
        </ArticleIdList>
    </PubmedData>
</PubmedArticle>

</PubmedArticleSet>