<?xml version="1.0" ?>
<!DOCTYPE PubmedArticleSet PUBLIC "-//NLM//DTD PubMedArticle, 1st January 2019//EN" "https://dtd.nlm.nih.gov/ncbi/pubmed/out/pubmed_190101.dtd">
<PubmedArticleSet>
<PubmedArticle>
    <MedlineCitation Status="MEDLINE" Owner="NLM">
        <PMID Version="1">17675241</PMID>
        <DateCompleted>
            <Year>2008</Year>
            <Month>05</Month>
            <Day>01</Day>
        </DateCompleted>
        <DateRevised>
            <Year>2019</Year>
            <Month>10</Month>
            <Day>03</Day>
        </DateRevised>
        <Article PubModel="Print-Electronic">
            <Journal>
                <ISSN IssnType="Electronic">1549-4713</ISSN>
                <JournalIssue CitedMedium="Internet">
                    <Volume>115</Volume>
                    <Issue>4</Issue>
                    <PubDate>
                        <Year>2008</Year>
                        <Month>Apr</Month>
                    </PubDate>
                </JournalIssue>
                <Title>Ophthalmology</Title>
                <ISOAbbreviation>Ophthalmology</ISOAbbreviation>
            </Journal>
            <ArticleTitle>The LOC387715 polymorphism, inflammatory markers, smoking, and age-related macular degeneration. A population-based case-control study.</ArticleTitle>
            <Pagination>
                <MedlinePgn>693-9</MedlinePgn>
            </Pagination>
            <Abstract>
                <AbstractText Label="OBJECTIVE" NlmCategory="OBJECTIVE">To assess combined effects on the risk of age-related macular degeneration (AMD) by the LOC387715 polymorphism, smoking, and inflammatory or hemostatic factors.</AbstractText>
                <AbstractText Label="DESIGN" NlmCategory="METHODS">Population-based case-control study.</AbstractText>
                <AbstractText Label="PARTICIPANTS" NlmCategory="METHODS">Two hundred seventy-eight AMD cases (224 early, 54 late) and 557 controls matched for age, gender, and smoking, drawn from the Blue Mountains Eye Study cohort.</AbstractText>
                <AbstractText Label="METHODS" NlmCategory="METHODS">Subjects were genotyped for the LOC387715 Ala69Ser polymorphism (rs# 10490924). Smoking was self-reported. Serum high-sensitivity C-reactive protein (CRP), interleukin 6 (IL-6), soluble intercellular adhesion molecule 1 (sICAM-1), fibrinogen, homocysteine, plasminogen activator inhibitor 1 (PAI-1), von Willebrand factor, and white cell count (WCC) were measured. Combined effects of this genetic variant plus any of these study factors on AMD risk were assessed using logistic regression models, adjusted for age and smoking. We defined interaction if the influence of 2 factors departed from the multiplicative scale, confirmed by a statistically significant interaction term. Otherwise, the combined effect was used.</AbstractText>
                <AbstractText Label="MAIN OUTCOME MEASURES" NlmCategory="METHODS">Age-related macular degeneration was graded using the Wisconsin grading system.</AbstractText>
                <AbstractText Label="RESULTS" NlmCategory="RESULTS">Combined effects on the likelihood of early or late AMD were demonstrated for the LOC387715 Ala69Ser G/T and T/T genotypes with the markers high-sensitivity CRP (odds ratios [ORs], 1.2 for the highest tertile alone, 1.6 for G/T and T/T genotypes alone, and 2.2 for both G/T and T/T genotypes plus the highest tertile, compared with the G/G genotype with the 2 lower tertiles), IL-6 (corresponding ORs, 1.1, 1.6, and 2.2), sICAM-1 (ORs, 1.0, 1.5, and 2.3, respectively), and PAI-1 (ORs, 1.3, 1.7, and 2.3, respectively), but not with WCC, fibrinogen, homocysteine, and von Willebrand factor. Findings were similar for early and late AMD separately. Current smokers with G/T and T/T genotypes had strong combined effects on late AMD risk compared with those who never smoked or past smokers with the G/G genotype (ORs, 1.2 for current smokers alone, 1.8 for G/T and T/T genotypes alone, and 6.1 for current smokers plus G/T and T/T genotypes).</AbstractText>
                <AbstractText Label="CONCLUSIONS" NlmCategory="CONCLUSIONS">We found no significant interaction but combined effects for the LOC387715 genotypes with 3 inflammatory markers and PAI-1 on the risk of early or late AMD, and with current smoking on the risk of late AMD.</AbstractText>
            </Abstract>
            <AuthorList CompleteYN="Y">
                <Author ValidYN="Y">
                    <LastName>Wang</LastName>
                    <ForeName>Jie Jin</ForeName>
                    <Initials>JJ</Initials>
                    <AffiliationInfo>
                        <Affiliation>Centre for Vision Research, Department of Ophthalmology and Westmead Millennium Institute, University of Sydney, Sydney, Australia. jiejin_wang@wmi.usyd.edu.au</Affiliation>
                    </AffiliationInfo>
                </Author>
                <Author ValidYN="Y">
                    <LastName>Ross</LastName>
                    <ForeName>Robert J</ForeName>
                    <Initials>RJ</Initials>
                </Author>
                <Author ValidYN="Y">
                    <LastName>Tuo</LastName>
                    <ForeName>Jingsheng</ForeName>
                    <Initials>J</Initials>
                </Author>
                <Author ValidYN="Y">
                    <LastName>Burlutsky</LastName>
                    <ForeName>George</ForeName>
                    <Initials>G</Initials>
                </Author>
                <Author ValidYN="Y">
                    <LastName>Tan</LastName>
                    <ForeName>Ava G</ForeName>
                    <Initials>AG</Initials>
                </Author>
                <Author ValidYN="Y">
                    <LastName>Chan</LastName>
                    <ForeName>Chi-Chao</ForeName>
                    <Initials>CC</Initials>
                </Author>
                <Author ValidYN="Y">
                    <LastName>Favaloro</LastName>
                    <ForeName>Emmanuel J</ForeName>
                    <Initials>EJ</Initials>
                </Author>
                <Author ValidYN="Y">
                    <LastName>Williams</LastName>
                    <ForeName>Andrew</ForeName>
                    <Initials>A</Initials>
                </Author>
                <Author ValidYN="Y">
                    <LastName>Mitchell</LastName>
                    <ForeName>Paul</ForeName>
                    <Initials>P</Initials>
                </Author>
            </AuthorList>
            <Language>eng</Language>
            <GrantList CompleteYN="Y">
                <Grant>
                    <GrantID>Z01 EY000418-04</GrantID>
                    <Agency>Intramural NIH HHS</Agency>
                    <Country>United States</Country>
                </Grant>
            </GrantList>
            <PublicationTypeList>
                <PublicationType UI="D016428">Journal Article</PublicationType>
                <PublicationType UI="D052060">Research Support, N.I.H., Intramural</PublicationType>
                <PublicationType UI="D013485">Research Support, Non-U.S. Gov't</PublicationType>
            </PublicationTypeList>
            <ArticleDate DateType="Electronic">
                <Year>2007</Year>
                <Month>08</Month>
                <Day>02</Day>
            </ArticleDate>
        </Article>
        <MedlineJournalInfo>
            <Country>United States</Country>
            <MedlineTA>Ophthalmology</MedlineTA>
            <NlmUniqueID>7802443</NlmUniqueID>
            <ISSNLinking>0161-6420</ISSNLinking>
        </MedlineJournalInfo>
        <ChemicalList>
            <Chemical>
                <RegistryNumber>0</RegistryNumber>
                <NameOfSubstance UI="C514392">ARMS2 protein, human</NameOfSubstance>
            </Chemical>
            <Chemical>
                <RegistryNumber>0</RegistryNumber>
                <NameOfSubstance UI="D015415">Biomarkers</NameOfSubstance>
            </Chemical>
            <Chemical>
                <RegistryNumber>0</RegistryNumber>
                <NameOfSubstance UI="D015850">Interleukin-6</NameOfSubstance>
            </Chemical>
            <Chemical>
                <RegistryNumber>0</RegistryNumber>
                <NameOfSubstance UI="D017395">Plasminogen Activator Inhibitor 1</NameOfSubstance>
            </Chemical>
            <Chemical>
                <RegistryNumber>0</RegistryNumber>
                <NameOfSubstance UI="D011506">Proteins</NameOfSubstance>
            </Chemical>
            <Chemical>
                <RegistryNumber>126547-89-5</RegistryNumber>
                <NameOfSubstance UI="D018799">Intercellular Adhesion Molecule-1</NameOfSubstance>
            </Chemical>
            <Chemical>
                <RegistryNumber>452VLY9402</RegistryNumber>
                <NameOfSubstance UI="D012694">Serine</NameOfSubstance>
            </Chemical>
            <Chemical>
                <RegistryNumber>9007-41-4</RegistryNumber>
                <NameOfSubstance UI="D002097">C-Reactive Protein</NameOfSubstance>
            </Chemical>
            <Chemical>
                <RegistryNumber>OF5P57N2ZX</RegistryNumber>
                <NameOfSubstance UI="D000409">Alanine</NameOfSubstance>
            </Chemical>
        </ChemicalList>
        <CitationSubset>IM</CitationSubset>
        <MeshHeadingList>
            <MeshHeading>
                <DescriptorName UI="D000368" MajorTopicYN="N">Aged</DescriptorName>
            </MeshHeading>
            <MeshHeading>
                <DescriptorName UI="D000369" MajorTopicYN="N">Aged, 80 and over</DescriptorName>
            </MeshHeading>
            <MeshHeading>
                <DescriptorName UI="D000409" MajorTopicYN="N">Alanine</DescriptorName>
            </MeshHeading>
            <MeshHeading>
                <DescriptorName UI="D015415" MajorTopicYN="N">Biomarkers</DescriptorName>
                <QualifierName UI="Q000097" MajorTopicYN="Y">blood</QualifierName>
            </MeshHeading>
            <MeshHeading>
                <DescriptorName UI="D002097" MajorTopicYN="N">C-Reactive Protein</DescriptorName>
                <QualifierName UI="Q000378" MajorTopicYN="N">metabolism</QualifierName>
            </MeshHeading>
            <MeshHeading>
                <DescriptorName UI="D016022" MajorTopicYN="N">Case-Control Studies</DescriptorName>
            </MeshHeading>
            <MeshHeading>
                <DescriptorName UI="D020022" MajorTopicYN="N">Genetic Predisposition to Disease</DescriptorName>
            </MeshHeading>
            <MeshHeading>
                <DescriptorName UI="D005838" MajorTopicYN="N">Genotype</DescriptorName>
            </MeshHeading>
            <MeshHeading>
                <DescriptorName UI="D006801" MajorTopicYN="N">Humans</DescriptorName>
            </MeshHeading>
            <MeshHeading>
                <DescriptorName UI="D007249" MajorTopicYN="N">Inflammation</DescriptorName>
                <QualifierName UI="Q000378" MajorTopicYN="Y">metabolism</QualifierName>
            </MeshHeading>
            <MeshHeading>
                <DescriptorName UI="D018799" MajorTopicYN="N">Intercellular Adhesion Molecule-1</DescriptorName>
                <QualifierName UI="Q000097" MajorTopicYN="N">blood</QualifierName>
            </MeshHeading>
            <MeshHeading>
                <DescriptorName UI="D015850" MajorTopicYN="N">Interleukin-6</DescriptorName>
                <QualifierName UI="Q000097" MajorTopicYN="N">blood</QualifierName>
            </MeshHeading>
            <MeshHeading>
                <DescriptorName UI="D008268" MajorTopicYN="N">Macular Degeneration</DescriptorName>
                <QualifierName UI="Q000209" MajorTopicYN="Y">etiology</QualifierName>
                <QualifierName UI="Q000235" MajorTopicYN="N">genetics</QualifierName>
            </MeshHeading>
            <MeshHeading>
                <DescriptorName UI="D017395" MajorTopicYN="N">Plasminogen Activator Inhibitor 1</DescriptorName>
                <QualifierName UI="Q000097" MajorTopicYN="N">blood</QualifierName>
            </MeshHeading>
            <MeshHeading>
                <DescriptorName UI="D011110" MajorTopicYN="Y">Polymorphism, Genetic</DescriptorName>
            </MeshHeading>
            <MeshHeading>
                <DescriptorName UI="D011506" MajorTopicYN="N">Proteins</DescriptorName>
                <QualifierName UI="Q000235" MajorTopicYN="Y">genetics</QualifierName>
            </MeshHeading>
            <MeshHeading>
                <DescriptorName UI="D018570" MajorTopicYN="N">Risk Assessment</DescriptorName>
            </MeshHeading>
            <MeshHeading>
                <DescriptorName UI="D012694" MajorTopicYN="N">Serine</DescriptorName>
            </MeshHeading>
            <MeshHeading>
                <DescriptorName UI="D012907" MajorTopicYN="Y">Smoking</DescriptorName>
            </MeshHeading>
        </MeshHeadingList>
    </MedlineCitation>
    <PubmedData>
        <History>
            <PubMedPubDate PubStatus="received">
                <Year>2006</Year>
                <Month>12</Month>
                <Day>11</Day>
            </PubMedPubDate>
            <PubMedPubDate PubStatus="revised">
                <Year>2007</Year>
                <Month>05</Month>
                <Day>23</Day>
            </PubMedPubDate>
            <PubMedPubDate PubStatus="accepted">
                <Year>2007</Year>
                <Month>05</Month>
                <Day>23</Day>
            </PubMedPubDate>
            <PubMedPubDate PubStatus="pubmed">
                <Year>2007</Year>
                <Month>8</Month>
                <Day>7</Day>
                <Hour>9</Hour>
                <Minute>0</Minute>
            </PubMedPubDate>
            <PubMedPubDate PubStatus="medline">
                <Year>2008</Year>
                <Month>5</Month>
                <Day>2</Day>
                <Hour>9</Hour>
                <Minute>0</Minute>
            </PubMedPubDate>
            <PubMedPubDate PubStatus="entrez">
                <Year>2007</Year>
                <Month>8</Month>
                <Day>7</Day>
                <Hour>9</Hour>
                <Minute>0</Minute>
            </PubMedPubDate>
        </History>
        <PublicationStatus>ppublish</PublicationStatus>
        <ArticleIdList>
            <ArticleId IdType="pubmed">17675241</ArticleId>
            <ArticleId IdType="pii">S0161-6420(07)00595-7</ArticleId>
            <ArticleId IdType="doi">10.1016/j.ophtha.2007.05.038</ArticleId>
            <ArticleId IdType="pmc">PMC2561271</ArticleId>
            <ArticleId IdType="mid">NIHMS54989</ArticleId>
        </ArticleIdList>
        <ReferenceList>
            <Reference>
                <Citation>Clin Chem. 2000 Apr;46(4):461-8</Citation>
                <ArticleIdList>
                    <ArticleId IdType="pubmed">10759469</ArticleId>
                </ArticleIdList>
            </Reference>
            <Reference>
                <Citation>Science. 2005 Apr 15;308(5720):419-21</Citation>
                <ArticleIdList>
                    <ArticleId IdType="pubmed">15761120</ArticleId>
                </ArticleIdList>
            </Reference>
            <Reference>
                <Citation>Prog Retin Eye Res. 2001 Mar;20(2):227-53</Citation>
                <ArticleIdList>
                    <ArticleId IdType="pubmed">11173253</ArticleId>
                </ArticleIdList>
            </Reference>
            <Reference>
                <Citation>Am J Epidemiol. 2001 May 15;153(10):1016-20</Citation>
                <ArticleIdList>
                    <ArticleId IdType="pubmed">11384958</ArticleId>
                </ArticleIdList>
            </Reference>
            <Reference>
                <Citation>Ophthalmology. 2002 Apr;109(4):737-43</Citation>
                <ArticleIdList>
                    <ArticleId IdType="pubmed">11927431</ArticleId>
                </ArticleIdList>
            </Reference>
            <Reference>
                <Citation>Invest Ophthalmol Vis Sci. 2002 May;43(5):1567-73</Citation>
                <ArticleIdList>
                    <ArticleId IdType="pubmed">11980875</ArticleId>
                </ArticleIdList>
            </Reference>
            <Reference>
                <Citation>Science. 2005 Apr 15;308(5720):421-4</Citation>
                <ArticleIdList>
                    <ArticleId IdType="pubmed">15761121</ArticleId>
                </ArticleIdList>
            </Reference>
            <Reference>
                <Citation>Science. 2005 Apr 15;308(5720):385-9</Citation>
                <ArticleIdList>
                    <ArticleId IdType="pubmed">15761122</ArticleId>
                </ArticleIdList>
            </Reference>
            <Reference>
                <Citation>Proc Natl Acad Sci U S A. 2005 May 17;102(20):7227-32</Citation>
                <ArticleIdList>
                    <ArticleId IdType="pubmed">15870199</ArticleId>
                </ArticleIdList>
            </Reference>
            <Reference>
                <Citation>Arch Ophthalmol. 2005 Jun;123(6):774-82</Citation>
                <ArticleIdList>
                    <ArticleId IdType="pubmed">15955978</ArticleId>
                </ArticleIdList>
            </Reference>
            <Reference>
                <Citation>Hum Mol Genet. 2005 Jul 15;14(14):1991-2002</Citation>
                <ArticleIdList>
                    <ArticleId IdType="pubmed">15930014</ArticleId>
                </ArticleIdList>
            </Reference>
            <Reference>
                <Citation>Surv Ophthalmol. 2006 Mar-Apr;51(2):137-52</Citation>
                <ArticleIdList>
                    <ArticleId IdType="pubmed">16500214</ArticleId>
                </ArticleIdList>
            </Reference>
            <Reference>
                <Citation>Am J Hum Genet. 2006 May;78(5):852-64</Citation>
                <ArticleIdList>
                    <ArticleId IdType="pubmed">16642439</ArticleId>
                </ArticleIdList>
            </Reference>
            <Reference>
                <Citation>Invest Ophthalmol Vis Sci. 2006 Jun;47(6):2336-40</Citation>
                <ArticleIdList>
                    <ArticleId IdType="pubmed">16723442</ArticleId>
                </ArticleIdList>
            </Reference>
            <Reference>
                <Citation>Surv Ophthalmol. 2006 Jul-Aug;51(4):316-63</Citation>
                <ArticleIdList>
                    <ArticleId IdType="pubmed">16818082</ArticleId>
                </ArticleIdList>
            </Reference>
            <Reference>
                <Citation>JAMA. 2006 Jul 19;296(3):301-9</Citation>
                <ArticleIdList>
                    <ArticleId IdType="pubmed">16849663</ArticleId>
                </ArticleIdList>
            </Reference>
            <Reference>
                <Citation>Hum Hered. 2006;61(3):157-65</Citation>
                <ArticleIdList>
                    <ArticleId IdType="pubmed">16816528</ArticleId>
                </ArticleIdList>
            </Reference>
            <Reference>
                <Citation>Science. 2006 Nov 10;314(5801):989-92</Citation>
                <ArticleIdList>
                    <ArticleId IdType="pubmed">17053108</ArticleId>
                </ArticleIdList>
            </Reference>
            <Reference>
                <Citation>Hum Mol Genet. 2005 Aug 1;14(15):2257-64</Citation>
                <ArticleIdList>
                    <ArticleId IdType="pubmed">15987700</ArticleId>
                </ArticleIdList>
            </Reference>
            <Reference>
                <Citation>Am J Ophthalmol. 2005 Jul;140(1):35-44</Citation>
                <ArticleIdList>
                    <ArticleId IdType="pubmed">15939388</ArticleId>
                </ArticleIdList>
            </Reference>
            <Reference>
                <Citation>Am J Hum Genet. 2005 Sep;77(3):389-407</Citation>
                <ArticleIdList>
                    <ArticleId IdType="pubmed">16080115</ArticleId>
                </ArticleIdList>
            </Reference>
            <Reference>
                <Citation>Curr Opin Ophthalmol. 2002 Jun;13(3):171-5</Citation>
                <ArticleIdList>
                    <ArticleId IdType="pubmed">12011686</ArticleId>
                </ArticleIdList>
            </Reference>
            <Reference>
                <Citation>Hum Mol Genet. 2005 Nov 1;14(21):3227-36</Citation>
                <ArticleIdList>
                    <ArticleId IdType="pubmed">16174643</ArticleId>
                </ArticleIdList>
            </Reference>
            <Reference>
                <Citation>Arch Ophthalmol. 2005 Nov;123(11):1501-6</Citation>
                <ArticleIdList>
                    <ArticleId IdType="pubmed">16286611</ArticleId>
                </ArticleIdList>
            </Reference>
            <Reference>
                <Citation>Mol Vis. 2005;11:941-9</Citation>
                <ArticleIdList>
                    <ArticleId IdType="pubmed">16288198</ArticleId>
                </ArticleIdList>
            </Reference>
            <Reference>
                <Citation>Mol Vis. 2005;11:1135-40</Citation>
                <ArticleIdList>
                    <ArticleId IdType="pubmed">16379025</ArticleId>
                </ArticleIdList>
            </Reference>
            <Reference>
                <Citation>Science. 2006 Nov 10;314(5801):992-3</Citation>
                <ArticleIdList>
                    <ArticleId IdType="pubmed">17053109</ArticleId>
                </ArticleIdList>
            </Reference>
            <Reference>
                <Citation>Invest Ophthalmol Vis Sci. 2007 Mar;48(3):1128-32</Citation>
                <ArticleIdList>
                    <ArticleId IdType="pubmed">17325155</ArticleId>
                </ArticleIdList>
            </Reference>
            <Reference>
                <Citation>Hum Hered. 2007;63(3-4):212-8</Citation>
                <ArticleIdList>
                    <ArticleId IdType="pubmed">17347568</ArticleId>
                </ArticleIdList>
            </Reference>
            <Reference>
                <Citation>PLoS Med. 2006 Jan;3(1):e5</Citation>
                <ArticleIdList>
                    <ArticleId IdType="pubmed">16300415</ArticleId>
                </ArticleIdList>
            </Reference>
            <Reference>
                <Citation>Arterioscler Thromb Vasc Biol. 2002 Jul 1;22(7):1136-41</Citation>
                <ArticleIdList>
                    <ArticleId IdType="pubmed">12117728</ArticleId>
                </ArticleIdList>
            </Reference>
            <Reference>
                <Citation>Am J Ophthalmol. 2002 Sep;134(3):411-31</Citation>
                <ArticleIdList>
                    <ArticleId IdType="pubmed">12208254</ArticleId>
                </ArticleIdList>
            </Reference>
            <Reference>
                <Citation>Surv Ophthalmol. 2003 May-Jun;48(3):257-93</Citation>
                <ArticleIdList>
                    <ArticleId IdType="pubmed">12745003</ArticleId>
                </ArticleIdList>
            </Reference>
            <Reference>
                <Citation>Invest Ophthalmol Vis Sci. 2004 Jan;45(1):260-6</Citation>
                <ArticleIdList>
                    <ArticleId IdType="pubmed">14691182</ArticleId>
                </ArticleIdList>
            </Reference>
            <Reference>
                <Citation>JAMA. 2004 Feb 11;291(6):704-10</Citation>
                <ArticleIdList>
                    <ArticleId IdType="pubmed">14871913</ArticleId>
                </ArticleIdList>
            </Reference>
            <Reference>
                <Citation>Am J Ophthalmol. 2004 Mar;137(3):486-95</Citation>
                <ArticleIdList>
                    <ArticleId IdType="pubmed">15013873</ArticleId>
                </ArticleIdList>
            </Reference>
            <Reference>
                <Citation>Ophthalmology. 2004 Mar;111(3):513-7</Citation>
                <ArticleIdList>
                    <ArticleId IdType="pubmed">15019328</ArticleId>
                </ArticleIdList>
            </Reference>
            <Reference>
                <Citation>Prog Retin Eye Res. 2004 Mar;23(2):229-49</Citation>
                <ArticleIdList>
                    <ArticleId IdType="pubmed">15094132</ArticleId>
                </ArticleIdList>
            </Reference>
            <Reference>
                <Citation>Arch Ophthalmol. 1984 Nov;102(11):1640-2</Citation>
                <ArticleIdList>
                    <ArticleId IdType="pubmed">6208888</ArticleId>
                </ArticleIdList>
            </Reference>
            <Reference>
                <Citation>Ophthalmology. 1992 Jun;99(6):933-43</Citation>
                <ArticleIdList>
                    <ArticleId IdType="pubmed">1630784</ArticleId>
                </ArticleIdList>
            </Reference>
            <Reference>
                <Citation>Invest Ophthalmol Vis Sci. 1995 Jan;36(1):182-91</Citation>
                <ArticleIdList>
                    <ArticleId IdType="pubmed">7822146</ArticleId>
                </ArticleIdList>
            </Reference>
            <Reference>
                <Citation>Ophthalmology. 1996 Mar;103(3):357-64</Citation>
                <ArticleIdList>
                    <ArticleId IdType="pubmed">8600410</ArticleId>
                </ArticleIdList>
            </Reference>
            <Reference>
                <Citation>Br J Ophthalmol. 1996 Jan;80(1):9-14</Citation>
                <ArticleIdList>
                    <ArticleId IdType="pubmed">8664242</ArticleId>
                </ArticleIdList>
            </Reference>
            <Reference>
                <Citation>Acta Ophthalmol Scand. 1996 Aug;74(4):399-402</Citation>
                <ArticleIdList>
                    <ArticleId IdType="pubmed">8883559</ArticleId>
                </ArticleIdList>
            </Reference>
            <Reference>
                <Citation>Ophthalmology. 1996 Nov;103(11):1721-6</Citation>
                <ArticleIdList>
                    <ArticleId IdType="pubmed">8942862</ArticleId>
                </ArticleIdList>
            </Reference>
            <Reference>
                <Citation>Ophthalmology. 1995 Oct;102(10):1450-60</Citation>
                <ArticleIdList>
                    <ArticleId IdType="pubmed">9097791</ArticleId>
                </ArticleIdList>
            </Reference>
            <Reference>
                <Citation>Arch Ophthalmol. 1998 May;116(5):653-8</Citation>
                <ArticleIdList>
                    <ArticleId IdType="pubmed">9596502</ArticleId>
                </ArticleIdList>
            </Reference>
            <Reference>
                <Citation>Int Ophthalmol Clin. 2004 Fall;44(4):17-39</Citation>
                <ArticleIdList>
                    <ArticleId IdType="pubmed">15577562</ArticleId>
                </ArticleIdList>
            </Reference>
            <Reference>
                <Citation>Am J Ophthalmol. 2005 Mar;139(3):405-20</Citation>
                <ArticleIdList>
                    <ArticleId IdType="pubmed">15767048</ArticleId>
                </ArticleIdList>
            </Reference>
            <Reference>
                <Citation>Clin Experiment Ophthalmol. 2000 Aug;28(4):268-73</Citation>
                <ArticleIdList>
                    <ArticleId IdType="pubmed">11021555</ArticleId>
                </ArticleIdList>
            </Reference>
        </ReferenceList>
    </PubmedData>
</PubmedArticle>

</PubmedArticleSet>