<?xml version="1.0" ?>
<!DOCTYPE PubmedArticleSet PUBLIC "-//NLM//DTD PubMedArticle, 1st January 2019//EN" "https://dtd.nlm.nih.gov/ncbi/pubmed/out/pubmed_190101.dtd">
<PubmedArticleSet>
<PubmedArticle>
    <MedlineCitation Status="MEDLINE" Owner="NLM">
        <PMID Version="1">21151596</PMID>
        <DateCompleted>
            <Year>2011</Year>
            <Month>02</Month>
            <Day>08</Day>
        </DateCompleted>
        <DateRevised>
            <Year>2018</Year>
            <Month>11</Month>
            <Day>13</Day>
        </DateRevised>
        <Article PubModel="Electronic">
            <Journal>
                <ISSN IssnType="Electronic">1090-0535</ISSN>
                <JournalIssue CitedMedium="Internet">
                    <Volume>16</Volume>
                    <PubDate>
                        <Year>2010</Year>
                        <Month>Dec</Month>
                        <Day>06</Day>
                    </PubDate>
                </JournalIssue>
                <Title>Molecular vision</Title>
                <ISOAbbreviation>Mol Vis</ISOAbbreviation>
            </Journal>
            <ArticleTitle>Plasma oxidized LDL and thiol-containing molecules in patients with exudative age-related macular degeneration.</ArticleTitle>
            <Pagination>
                <MedlinePgn>2578-84</MedlinePgn>
            </Pagination>
            <Abstract>
                <AbstractText Label="PURPOSE" NlmCategory="OBJECTIVE">It was proposed that total thiols (tSH) as powerful reducing agents and oxidized low-density lipoprotein (OX-LDL) may be associated with development of choroidal neovascularization in exudative age-related macular degeneration (E-ARMD).</AbstractText>
                <AbstractText Label="METHODS" NlmCategory="METHODS">In a case-control study, 45 patients with E-ARMD were compared with 45 sex- and age-matched healthy controls. The levels of plasma homocysteine (Hcy) and OX-LDL as oxidant agents, and of tSH and glutathione (GSH) as antioxidant markers, were estimated in E-ARMD patients and controls.</AbstractText>
                <AbstractText Label="RESULTS" NlmCategory="RESULTS">The levels of Hcy (15.4±7.2 μM versus 10.7±3.7 μM; p=0.001) and OX-LDL (52.2±13.8 U/l versus 37.8±10.8 U/l; p=0.001) were statistically higher, while GSH (1.10±0.97 μM versus 2.09±1.04 μM; p=0.001) and tSH (0.31±0.06 mM versus 0.35±0.05 mM; p=0.001) were statistically lower, in the patients with E-ARMD than in the control group, respectively. The plasma OX-LDL concentration also exhibited a positive and significant correlation with Hcy (r=0.719, p=0.001) in patients with E-ARMD.</AbstractText>
                <AbstractText Label="CONCLUSIONS" NlmCategory="CONCLUSIONS">Lower GSH and tSH as antioxidant and higher Hcy levels as oxidant agents in E-ARMD patients may have resulted in an oxidative environment that was associated with OX-LDL. Further studies with more cases are required to confirm the hypothesis.</AbstractText>
            </Abstract>
            <AuthorList CompleteYN="Y">
                <Author ValidYN="Y">
                    <LastName>Javadzadeh</LastName>
                    <ForeName>Alireza</ForeName>
                    <Initials>A</Initials>
                    <AffiliationInfo>
                        <Affiliation>Biotechnology Research center, Tabriz University of Medical Sciences, Tabriz, Iran.</Affiliation>
                    </AffiliationInfo>
                </Author>
                <Author ValidYN="Y">
                    <LastName>Ghorbanihaghjo</LastName>
                    <ForeName>Amir</ForeName>
                    <Initials>A</Initials>
                </Author>
                <Author ValidYN="Y">
                    <LastName>Bahreini</LastName>
                    <ForeName>Elham</ForeName>
                    <Initials>E</Initials>
                </Author>
                <Author ValidYN="Y">
                    <LastName>Rashtchizadeh</LastName>
                    <ForeName>Nadereh</ForeName>
                    <Initials>N</Initials>
                </Author>
                <Author ValidYN="Y">
                    <LastName>Argani</LastName>
                    <ForeName>Hassan</ForeName>
                    <Initials>H</Initials>
                </Author>
                <Author ValidYN="Y">
                    <LastName>Alizadeh</LastName>
                    <ForeName>Samira</ForeName>
                    <Initials>S</Initials>
                </Author>
            </AuthorList>
            <Language>eng</Language>
            <PublicationTypeList>
                <PublicationType UI="D016428">Journal Article</PublicationType>
            </PublicationTypeList>
            <ArticleDate DateType="Electronic">
                <Year>2010</Year>
                <Month>12</Month>
                <Day>06</Day>
            </ArticleDate>
        </Article>
        <MedlineJournalInfo>
            <Country>United States</Country>
            <MedlineTA>Mol Vis</MedlineTA>
            <NlmUniqueID>9605351</NlmUniqueID>
            <ISSNLinking>1090-0535</ISSNLinking>
        </MedlineJournalInfo>
        <ChemicalList>
            <Chemical>
                <RegistryNumber>0</RegistryNumber>
                <NameOfSubstance UI="D008077">Lipoproteins, LDL</NameOfSubstance>
            </Chemical>
            <Chemical>
                <RegistryNumber>0</RegistryNumber>
                <NameOfSubstance UI="D013438">Sulfhydryl Compounds</NameOfSubstance>
            </Chemical>
            <Chemical>
                <RegistryNumber>0</RegistryNumber>
                <NameOfSubstance UI="C099252">oxidized low density lipoprotein</NameOfSubstance>
            </Chemical>
            <Chemical>
                <RegistryNumber>0LVT1QZ0BA</RegistryNumber>
                <NameOfSubstance UI="D006710">Homocysteine</NameOfSubstance>
            </Chemical>
        </ChemicalList>
        <CitationSubset>IM</CitationSubset>
        <MeshHeadingList>
            <MeshHeading>
                <DescriptorName UI="D000368" MajorTopicYN="N">Aged</DescriptorName>
            </MeshHeading>
            <MeshHeading>
                <DescriptorName UI="D000369" MajorTopicYN="N">Aged, 80 and over</DescriptorName>
            </MeshHeading>
            <MeshHeading>
                <DescriptorName UI="D016022" MajorTopicYN="N">Case-Control Studies</DescriptorName>
            </MeshHeading>
            <MeshHeading>
                <DescriptorName UI="D003710" MajorTopicYN="N">Demography</DescriptorName>
            </MeshHeading>
            <MeshHeading>
                <DescriptorName UI="D005260" MajorTopicYN="N">Female</DescriptorName>
            </MeshHeading>
            <MeshHeading>
                <DescriptorName UI="D006710" MajorTopicYN="N">Homocysteine</DescriptorName>
                <QualifierName UI="Q000097" MajorTopicYN="N">blood</QualifierName>
            </MeshHeading>
            <MeshHeading>
                <DescriptorName UI="D006801" MajorTopicYN="N">Humans</DescriptorName>
            </MeshHeading>
            <MeshHeading>
                <DescriptorName UI="D008077" MajorTopicYN="N">Lipoproteins, LDL</DescriptorName>
                <QualifierName UI="Q000097" MajorTopicYN="Y">blood</QualifierName>
            </MeshHeading>
            <MeshHeading>
                <DescriptorName UI="D008268" MajorTopicYN="N">Macular Degeneration</DescriptorName>
                <QualifierName UI="Q000097" MajorTopicYN="Y">blood</QualifierName>
            </MeshHeading>
            <MeshHeading>
                <DescriptorName UI="D008297" MajorTopicYN="N">Male</DescriptorName>
            </MeshHeading>
            <MeshHeading>
                <DescriptorName UI="D008875" MajorTopicYN="N">Middle Aged</DescriptorName>
            </MeshHeading>
            <MeshHeading>
                <DescriptorName UI="D013438" MajorTopicYN="N">Sulfhydryl Compounds</DescriptorName>
                <QualifierName UI="Q000097" MajorTopicYN="Y">blood</QualifierName>
            </MeshHeading>
        </MeshHeadingList>
    </MedlineCitation>
    <PubmedData>
        <History>
            <PubMedPubDate PubStatus="received">
                <Year>2009</Year>
                <Month>12</Month>
                <Day>05</Day>
            </PubMedPubDate>
            <PubMedPubDate PubStatus="accepted">
                <Year>2010</Year>
                <Month>12</Month>
                <Day>01</Day>
            </PubMedPubDate>
            <PubMedPubDate PubStatus="entrez">
                <Year>2010</Year>
                <Month>12</Month>
                <Day>15</Day>
                <Hour>6</Hour>
                <Minute>0</Minute>
            </PubMedPubDate>
            <PubMedPubDate PubStatus="pubmed">
                <Year>2010</Year>
                <Month>12</Month>
                <Day>15</Day>
                <Hour>6</Hour>
                <Minute>0</Minute>
            </PubMedPubDate>
            <PubMedPubDate PubStatus="medline">
                <Year>2011</Year>
                <Month>2</Month>
                <Day>9</Day>
                <Hour>6</Hour>
                <Minute>0</Minute>
            </PubMedPubDate>
        </History>
        <PublicationStatus>epublish</PublicationStatus>
        <ArticleIdList>
            <ArticleId IdType="pubmed">21151596</ArticleId>
            <ArticleId IdType="pmc">PMC3000232</ArticleId>
            <ArticleId IdType="pii">275</ArticleId>
        </ArticleIdList>
        <ReferenceList>
            <Reference>
                <Citation>Diabet Med. 2006 Dec;23(12):1350-6</Citation>
                <ArticleIdList>
                    <ArticleId IdType="pubmed">17116187</ArticleId>
                </ArticleIdList>
            </Reference>
            <Reference>
                <Citation>J Clin Invest. 1991 Dec;88(6):1785-92</Citation>
                <ArticleIdList>
                    <ArticleId IdType="pubmed">1752940</ArticleId>
                </ArticleIdList>
            </Reference>
            <Reference>
                <Citation>Clin Chem Lab Med. 1999 Aug;37(8):777-87</Citation>
                <ArticleIdList>
                    <ArticleId IdType="pubmed">10536926</ArticleId>
                </ArticleIdList>
            </Reference>
            <Reference>
                <Citation>Surv Ophthalmol. 2000 Sep-Oct;45(2):115-34</Citation>
                <ArticleIdList>
                    <ArticleId IdType="pubmed">11033038</ArticleId>
                </ArticleIdList>
            </Reference>
            <Reference>
                <Citation>Prog Retin Eye Res. 2003 Jan;22(1):1-29</Citation>
                <ArticleIdList>
                    <ArticleId IdType="pubmed">12597922</ArticleId>
                </ArticleIdList>
            </Reference>
            <Reference>
                <Citation>Nutr Clin Care. 2002 May-Jun;5(3):124-32</Citation>
                <ArticleIdList>
                    <ArticleId IdType="pubmed">12134567</ArticleId>
                </ArticleIdList>
            </Reference>
            <Reference>
                <Citation>Postepy Hig Med Dosw (Online). 2005;59:392-404</Citation>
                <ArticleIdList>
                    <ArticleId IdType="pubmed">16106241</ArticleId>
                </ArticleIdList>
            </Reference>
            <Reference>
                <Citation>ACP J Club. 2003 May-Jun;138(3):78</Citation>
                <ArticleIdList>
                    <ArticleId IdType="pubmed">12725633</ArticleId>
                </ArticleIdList>
            </Reference>
            <Reference>
                <Citation>Free Radic Biol Med. 2002 Nov 1;33(9):1290-300</Citation>
                <ArticleIdList>
                    <ArticleId IdType="pubmed">12398937</ArticleId>
                </ArticleIdList>
            </Reference>
            <Reference>
                <Citation>Br J Ophthalmol. 2001 Dec;85(12):1426-8</Citation>
                <ArticleIdList>
                    <ArticleId IdType="pubmed">11734513</ArticleId>
                </ArticleIdList>
            </Reference>
            <Reference>
                <Citation>J Am Coll Cardiol. 2006 Mar 7;47(5):1005-11</Citation>
                <ArticleIdList>
                    <ArticleId IdType="pubmed">16516085</ArticleId>
                </ArticleIdList>
            </Reference>
            <Reference>
                <Citation>J Clin Invest. 1996 Jul 1;98(1):5-7</Citation>
                <ArticleIdList>
                    <ArticleId IdType="pubmed">8690803</ArticleId>
                </ArticleIdList>
            </Reference>
            <Reference>
                <Citation>Invest Ophthalmol Vis Sci. 2009 Aug;50(8):3607-12</Citation>
                <ArticleIdList>
                    <ArticleId IdType="pubmed">19369240</ArticleId>
                </ArticleIdList>
            </Reference>
            <Reference>
                <Citation>Jpn Circ J. 1988 Jul;52(7):604-6</Citation>
                <ArticleIdList>
                    <ArticleId IdType="pubmed">3184432</ArticleId>
                </ArticleIdList>
            </Reference>
            <Reference>
                <Citation>JAMA. 2002 Oct 23-30;288(16):2015-22</Citation>
                <ArticleIdList>
                    <ArticleId IdType="pubmed">12387654</ArticleId>
                </ArticleIdList>
            </Reference>
            <Reference>
                <Citation>J Nutr. 1996 Apr;126(4 Suppl):1281S-4S</Citation>
                <ArticleIdList>
                    <ArticleId IdType="pubmed">8642471</ArticleId>
                </ArticleIdList>
            </Reference>
            <Reference>
                <Citation>Clin Chem. 2006 Nov;52(11):2054-9</Citation>
                <ArticleIdList>
                    <ArticleId IdType="pubmed">16990421</ArticleId>
                </ArticleIdList>
            </Reference>
            <Reference>
                <Citation>Arch Ophthalmol. 2001 Oct;119(10):1439-52</Citation>
                <ArticleIdList>
                    <ArticleId IdType="pubmed">11594943</ArticleId>
                </ArticleIdList>
            </Reference>
            <Reference>
                <Citation>Invest Ophthalmol Vis Sci. 2007 Apr;48(4):1801-7</Citation>
                <ArticleIdList>
                    <ArticleId IdType="pubmed">17389514</ArticleId>
                </ArticleIdList>
            </Reference>
            <Reference>
                <Citation>Prog Retin Eye Res. 2001 Mar;20(2):227-53</Citation>
                <ArticleIdList>
                    <ArticleId IdType="pubmed">11173253</ArticleId>
                </ArticleIdList>
            </Reference>
            <Reference>
                <Citation>Ophthalmology. 2005 Dec;112(12):2076-80</Citation>
                <ArticleIdList>
                    <ArticleId IdType="pubmed">16225921</ArticleId>
                </ArticleIdList>
            </Reference>
            <Reference>
                <Citation>Proc Natl Acad Sci U S A. 2005 May 17;102(20):7227-32</Citation>
                <ArticleIdList>
                    <ArticleId IdType="pubmed">15870199</ArticleId>
                </ArticleIdList>
            </Reference>
            <Reference>
                <Citation>J Clin Endocrinol Metab. 2004 Sep;89(9):4558-61</Citation>
                <ArticleIdList>
                    <ArticleId IdType="pubmed">15356062</ArticleId>
                </ArticleIdList>
            </Reference>
            <Reference>
                <Citation>Nature. 2000 Nov 9;408(6809):239-47</Citation>
                <ArticleIdList>
                    <ArticleId IdType="pubmed">11089981</ArticleId>
                </ArticleIdList>
            </Reference>
            <Reference>
                <Citation>Bull World Health Organ. 2004 Nov;82(11):844-51</Citation>
                <ArticleIdList>
                    <ArticleId IdType="pubmed">15640920</ArticleId>
                </ArticleIdList>
            </Reference>
            <Reference>
                <Citation>J Biol Chem. 1987 Jul 25;262(21):10098-103</Citation>
                <ArticleIdList>
                    <ArticleId IdType="pubmed">3038867</ArticleId>
                </ArticleIdList>
            </Reference>
            <Reference>
                <Citation>Invest Ophthalmol Vis Sci. 2005 Mar;46(3):1054-61</Citation>
                <ArticleIdList>
                    <ArticleId IdType="pubmed">15728565</ArticleId>
                </ArticleIdList>
            </Reference>
            <Reference>
                <Citation>Ophthalmologica. 2003 Sep-Oct;217(5):351-7</Citation>
                <ArticleIdList>
                    <ArticleId IdType="pubmed">12913326</ArticleId>
                </ArticleIdList>
            </Reference>
            <Reference>
                <Citation>Invest Ophthalmol Vis Sci. 2004 Feb;45(2):675-84</Citation>
                <ArticleIdList>
                    <ArticleId IdType="pubmed">14744914</ArticleId>
                </ArticleIdList>
            </Reference>
            <Reference>
                <Citation>Eur J Biochem. 2000 Aug;267(16):4928-44</Citation>
                <ArticleIdList>
                    <ArticleId IdType="pubmed">10931175</ArticleId>
                </ArticleIdList>
            </Reference>
            <Reference>
                <Citation>Am J Cardiol. 2006 Mar 1;97(5):640-5</Citation>
                <ArticleIdList>
                    <ArticleId IdType="pubmed">16490429</ArticleId>
                </ArticleIdList>
            </Reference>
            <Reference>
                <Citation>Mol Vis. 2007;13:772-8</Citation>
                <ArticleIdList>
                    <ArticleId IdType="pubmed">17563727</ArticleId>
                </ArticleIdList>
            </Reference>
            <Reference>
                <Citation>Ophthalmology. 2007 Jan;114(1):92-8</Citation>
                <ArticleIdList>
                    <ArticleId IdType="pubmed">17198852</ArticleId>
                </ArticleIdList>
            </Reference>
            <Reference>
                <Citation>Can J Ophthalmol. 2005 Jun;40(3):288-92</Citation>
                <ArticleIdList>
                    <ArticleId IdType="pubmed">15947798</ArticleId>
                </ArticleIdList>
            </Reference>
            <Reference>
                <Citation>Exp Biol Med (Maywood). 2006 Oct;231(9):1569-75</Citation>
                <ArticleIdList>
                    <ArticleId IdType="pubmed">17018882</ArticleId>
                </ArticleIdList>
            </Reference>
            <Reference>
                <Citation>Surv Ophthalmol. 2003 May-Jun;48(3):257-93</Citation>
                <ArticleIdList>
                    <ArticleId IdType="pubmed">12745003</ArticleId>
                </ArticleIdList>
            </Reference>
            <Reference>
                <Citation>Curr Opin Lipidol. 2004 Feb;15(1):49-57</Citation>
                <ArticleIdList>
                    <ArticleId IdType="pubmed">15166809</ArticleId>
                </ArticleIdList>
            </Reference>
            <Reference>
                <Citation>Prog Retin Eye Res. 2007 Jan;26(1):1-37</Citation>
                <ArticleIdList>
                    <ArticleId IdType="pubmed">17074526</ArticleId>
                </ArticleIdList>
            </Reference>
            <Reference>
                <Citation>Methods Enzymol. 1994;233:380-5</Citation>
                <ArticleIdList>
                    <ArticleId IdType="pubmed">8015473</ArticleId>
                </ArticleIdList>
            </Reference>
            <Reference>
                <Citation>Am J Ophthalmol. 2000 Nov;130(5):658-63</Citation>
                <ArticleIdList>
                    <ArticleId IdType="pubmed">11078846</ArticleId>
                </ArticleIdList>
            </Reference>
            <Reference>
                <Citation>Eye (Lond). 2006 Feb;20(2):203-7</Citation>
                <ArticleIdList>
                    <ArticleId IdType="pubmed">15803172</ArticleId>
                </ArticleIdList>
            </Reference>
            <Reference>
                <Citation>Am J Clin Nutr. 2002 Oct;76(4):897-902</Citation>
                <ArticleIdList>
                    <ArticleId IdType="pubmed">12324306</ArticleId>
                </ArticleIdList>
            </Reference>
            <Reference>
                <Citation>FASEB J. 2000 May;14(7):835-46</Citation>
                <ArticleIdList>
                    <ArticleId IdType="pubmed">10783137</ArticleId>
                </ArticleIdList>
            </Reference>
            <Reference>
                <Citation>Biochem Pharmacol. 2006 Feb 28;71(5):551-64</Citation>
                <ArticleIdList>
                    <ArticleId IdType="pubmed">16337153</ArticleId>
                </ArticleIdList>
            </Reference>
            <Reference>
                <Citation>Free Radic Biol Med. 2003 Dec 15;35(12):1582-8</Citation>
                <ArticleIdList>
                    <ArticleId IdType="pubmed">14680681</ArticleId>
                </ArticleIdList>
            </Reference>
            <Reference>
                <Citation>Graefes Arch Clin Exp Ophthalmol. 2006 May;244(5):565-9</Citation>
                <ArticleIdList>
                    <ArticleId IdType="pubmed">16163497</ArticleId>
                </ArticleIdList>
            </Reference>
            <Reference>
                <Citation>JAMA. 2007 Apr 25;297(16):1793-800</Citation>
                <ArticleIdList>
                    <ArticleId IdType="pubmed">17456821</ArticleId>
                </ArticleIdList>
            </Reference>
            <Reference>
                <Citation>Ophthalmic Epidemiol. 2004 Dec;11(5):337-46</Citation>
                <ArticleIdList>
                    <ArticleId IdType="pubmed">15590581</ArticleId>
                </ArticleIdList>
            </Reference>
            <Reference>
                <Citation>Acta Biochim Pol. 2004;51(3):815-24</Citation>
                <ArticleIdList>
                    <ArticleId IdType="pubmed">15448741</ArticleId>
                </ArticleIdList>
            </Reference>
            <Reference>
                <Citation>Free Radic Res. 2001 Nov;35(5):499-505</Citation>
                <ArticleIdList>
                    <ArticleId IdType="pubmed">11767408</ArticleId>
                </ArticleIdList>
            </Reference>
            <Reference>
                <Citation>Circulation. 1999 Jun 22;99(24):3110-7</Citation>
                <ArticleIdList>
                    <ArticleId IdType="pubmed">10377073</ArticleId>
                </ArticleIdList>
            </Reference>
            <Reference>
                <Citation>Free Radic Biol Med. 2002 Dec 15;33(12):1681-92</Citation>
                <ArticleIdList>
                    <ArticleId IdType="pubmed">12488136</ArticleId>
                </ArticleIdList>
            </Reference>
            <Reference>
                <Citation>Ophthalmology. 2005 Apr;112(4):533-9</Citation>
                <ArticleIdList>
                    <ArticleId IdType="pubmed">15808240</ArticleId>
                </ArticleIdList>
            </Reference>
            <Reference>
                <Citation>Arch Ophthalmol. 2001 Oct;119(10):1417-36</Citation>
                <ArticleIdList>
                    <ArticleId IdType="pubmed">11594942</ArticleId>
                </ArticleIdList>
            </Reference>
            <Reference>
                <Citation>Mol Vis. 1999 Nov 3;5:32</Citation>
                <ArticleIdList>
                    <ArticleId IdType="pubmed">10562656</ArticleId>
                </ArticleIdList>
            </Reference>
            <Reference>
                <Citation>Arch Biochem Biophys. 1998 Oct 15;358(2):232-42</Citation>
                <ArticleIdList>
                    <ArticleId IdType="pubmed">9784235</ArticleId>
                </ArticleIdList>
            </Reference>
            <Reference>
                <Citation>Am J Epidemiol. 1995 Aug 15;142(4):404-9</Citation>
                <ArticleIdList>
                    <ArticleId IdType="pubmed">7625405</ArticleId>
                </ArticleIdList>
            </Reference>
            <Reference>
                <Citation>Atherosclerosis. 1994 Feb;105(2):165-70</Citation>
                <ArticleIdList>
                    <ArticleId IdType="pubmed">8003092</ArticleId>
                </ArticleIdList>
            </Reference>
        </ReferenceList>
    </PubmedData>
</PubmedArticle>

</PubmedArticleSet>