<?xml version="1.0" ?>
<!DOCTYPE PubmedArticleSet PUBLIC "-//NLM//DTD PubMedArticle, 1st January 2019//EN" "https://dtd.nlm.nih.gov/ncbi/pubmed/out/pubmed_190101.dtd">
<PubmedArticleSet>
<PubmedArticle>
    <MedlineCitation Status="MEDLINE" Owner="NLM">
        <PMID Version="1">24172554</PMID>
        <DateCompleted>
            <Year>2015</Year>
            <Month>03</Month>
            <Day>10</Day>
        </DateCompleted>
        <DateRevised>
            <Year>2013</Year>
            <Month>10</Month>
            <Day>31</Day>
        </DateRevised>
        <Article PubModel="Print">
            <Journal>
                <ISSN IssnType="Print">2072-6805</ISSN>
                <JournalIssue CitedMedium="Print">
                    <Volume>5</Volume>
                    <Issue>2</Issue>
                    <PubDate>
                        <MedlineDate>2013 Jul-Dec</MedlineDate>
                    </PubDate>
                </JournalIssue>
                <Title>Nepalese journal of ophthalmology : a biannual peer-reviewed academic journal of the Nepal Ophthalmic Society : NEPJOPH</Title>
                <ISOAbbreviation>Nepal J Ophthalmol</ISOAbbreviation>
            </Journal>
            <ArticleTitle>A study on plasma homocysteine level in age-related macular degeneration.</ArticleTitle>
            <Pagination>
                <MedlinePgn>195-200</MedlinePgn>
            </Pagination>
            <ELocationID EIdType="doi" ValidYN="Y">10.3126/nepjoph.v5i2.8728</ELocationID>
            <Abstract>
                <AbstractText Label="INTRODUCTION" NlmCategory="BACKGROUND">Age-related macular degeneration (AMD) related to adverse vascular changes is the most frequent cause of irreversible visual impairment in the elderly. Elevated plasma concentrations of serum homocysteine have been shown to increase the risk of vascular disease.</AbstractText>
                <AbstractText Label="OBJECTIVE" NlmCategory="OBJECTIVE">To assess the relationship between plasma homocysteine level and age related macular degeneration.</AbstractText>
                <AbstractText Label="MATERIALS AND METHODS" NlmCategory="METHODS">A case control study was conducted in a tertiary eye care hospital with 32 diagnosed AMD patients. The patients were compared for plasma homocysteine levels with a control group of 32 patients without AMD. A 1.5 ml of fasting venous blood sample was obtained from each participant. Plasma homocysteine level was measured by high performance liquid chromatography. The main outcome measure was hyperhomocysteinemia, defined as a plasma homocysteine level above 15 μmol/l.</AbstractText>
                <AbstractText Label="RESULTS" NlmCategory="RESULTS">Hyperhomocysteinemia was found in 10 blood samples (83.3 %) of patients in the wet AMD group, in 16 (80 %) blood samples in the dry AMD group, and in 12 blood samples (37%) of controls. The mean ± SD homocysteine level in the AMD group was 16.86 ± 3.52 μmol/L, while in the non-AMD control group it was 14.53 ± 4.08 μmol/L. This difference was statistically significant (p-value = 0.0186). In the individual analysis, it was also found out that the homocysteine level differed significantly between cases and controls in only the wet variety of AMD.</AbstractText>
                <AbstractText Label="CONCLUSION" NlmCategory="CONCLUSIONS">Hyperhomocysteinemia was significantly associated with the wet AMD variety but not with the dry AMD. Thus, homocysteine by oxidative stress and vascular dysfunction can be an important risk factor in the pathogenesis of AMD.</AbstractText>
                <CopyrightInformation>© NEPjOPH.</CopyrightInformation>
            </Abstract>
            <AuthorList CompleteYN="Y">
                <Author ValidYN="Y">
                    <LastName>Ghosh</LastName>
                    <ForeName>S</ForeName>
                    <Initials>S</Initials>
                </Author>
                <Author ValidYN="Y">
                    <LastName>Saha</LastName>
                    <ForeName>M</ForeName>
                    <Initials>M</Initials>
                </Author>
                <Author ValidYN="Y">
                    <LastName>Das</LastName>
                    <ForeName>D</ForeName>
                    <Initials>D</Initials>
                </Author>
            </AuthorList>
            <Language>eng</Language>
            <PublicationTypeList>
                <PublicationType UI="D016428">Journal Article</PublicationType>
            </PublicationTypeList>
        </Article>
        <MedlineJournalInfo>
            <Country>Nepal</Country>
            <MedlineTA>Nepal J Ophthalmol</MedlineTA>
            <NlmUniqueID>101505288</NlmUniqueID>
            <ISSNLinking>2072-6805</ISSNLinking>
        </MedlineJournalInfo>
        <ChemicalList>
            <Chemical>
                <RegistryNumber>0LVT1QZ0BA</RegistryNumber>
                <NameOfSubstance UI="D006710">Homocysteine</NameOfSubstance>
            </Chemical>
        </ChemicalList>
        <CitationSubset>IM</CitationSubset>
        <MeshHeadingList>
            <MeshHeading>
                <DescriptorName UI="D000368" MajorTopicYN="N">Aged</DescriptorName>
            </MeshHeading>
            <MeshHeading>
                <DescriptorName UI="D016022" MajorTopicYN="N">Case-Control Studies</DescriptorName>
            </MeshHeading>
            <MeshHeading>
                <DescriptorName UI="D005260" MajorTopicYN="N">Female</DescriptorName>
            </MeshHeading>
            <MeshHeading>
                <DescriptorName UI="D057092" MajorTopicYN="N">Geographic Atrophy</DescriptorName>
                <QualifierName UI="Q000453" MajorTopicYN="N">epidemiology</QualifierName>
                <QualifierName UI="Q000209" MajorTopicYN="N">etiology</QualifierName>
                <QualifierName UI="Q000378" MajorTopicYN="N">metabolism</QualifierName>
            </MeshHeading>
            <MeshHeading>
                <DescriptorName UI="D006710" MajorTopicYN="N">Homocysteine</DescriptorName>
                <QualifierName UI="Q000097" MajorTopicYN="Y">blood</QualifierName>
            </MeshHeading>
            <MeshHeading>
                <DescriptorName UI="D006801" MajorTopicYN="N">Humans</DescriptorName>
            </MeshHeading>
            <MeshHeading>
                <DescriptorName UI="D020138" MajorTopicYN="N">Hyperhomocysteinemia</DescriptorName>
                <QualifierName UI="Q000150" MajorTopicYN="N">complications</QualifierName>
                <QualifierName UI="Q000453" MajorTopicYN="Y">epidemiology</QualifierName>
                <QualifierName UI="Q000378" MajorTopicYN="Y">metabolism</QualifierName>
            </MeshHeading>
            <MeshHeading>
                <DescriptorName UI="D008268" MajorTopicYN="N">Macular Degeneration</DescriptorName>
                <QualifierName UI="Q000453" MajorTopicYN="Y">epidemiology</QualifierName>
                <QualifierName UI="Q000209" MajorTopicYN="N">etiology</QualifierName>
                <QualifierName UI="Q000378" MajorTopicYN="Y">metabolism</QualifierName>
            </MeshHeading>
            <MeshHeading>
                <DescriptorName UI="D008297" MajorTopicYN="N">Male</DescriptorName>
            </MeshHeading>
            <MeshHeading>
                <DescriptorName UI="D008875" MajorTopicYN="N">Middle Aged</DescriptorName>
            </MeshHeading>
            <MeshHeading>
                <DescriptorName UI="D018384" MajorTopicYN="N">Oxidative Stress</DescriptorName>
            </MeshHeading>
            <MeshHeading>
                <DescriptorName UI="D012307" MajorTopicYN="N">Risk Factors</DescriptorName>
            </MeshHeading>
            <MeshHeading>
                <DescriptorName UI="D057135" MajorTopicYN="N">Wet Macular Degeneration</DescriptorName>
                <QualifierName UI="Q000453" MajorTopicYN="N">epidemiology</QualifierName>
                <QualifierName UI="Q000209" MajorTopicYN="N">etiology</QualifierName>
                <QualifierName UI="Q000378" MajorTopicYN="N">metabolism</QualifierName>
            </MeshHeading>
        </MeshHeadingList>
    </MedlineCitation>
    <PubmedData>
        <History>
            <PubMedPubDate PubStatus="entrez">
                <Year>2013</Year>
                <Month>11</Month>
                <Day>1</Day>
                <Hour>6</Hour>
                <Minute>0</Minute>
            </PubMedPubDate>
            <PubMedPubDate PubStatus="pubmed">
                <Year>2013</Year>
                <Month>11</Month>
                <Day>1</Day>
                <Hour>6</Hour>
                <Minute>0</Minute>
            </PubMedPubDate>
            <PubMedPubDate PubStatus="medline">
                <Year>2015</Year>
                <Month>3</Month>
                <Day>11</Day>
                <Hour>6</Hour>
                <Minute>0</Minute>
            </PubMedPubDate>
        </History>
        <PublicationStatus>ppublish</PublicationStatus>
        <ArticleIdList>
            <ArticleId IdType="pubmed">24172554</ArticleId>
            <ArticleId IdType="doi">10.3126/nepjoph.v5i2.8728</ArticleId>
        </ArticleIdList>
    </PubmedData>
</PubmedArticle>

</PubmedArticleSet>