<?xml version="1.0" ?>
<!DOCTYPE PubmedArticleSet PUBLIC "-//NLM//DTD PubMedArticle, 1st January 2019//EN" "https://dtd.nlm.nih.gov/ncbi/pubmed/out/pubmed_190101.dtd">
<PubmedArticleSet>
<PubmedArticle>
    <MedlineCitation Status="MEDLINE" Owner="NLM">
        <PMID Version="1">24418867</PMID>
        <DateCompleted>
            <Year>2015</Year>
            <Month>08</Month>
            <Day>11</Day>
        </DateCompleted>
        <DateRevised>
            <Year>2015</Year>
            <Month>11</Month>
            <Day>19</Day>
        </DateRevised>
        <Article PubModel="Print">
            <Journal>
                <ISSN IssnType="Electronic">1875-8622</ISSN>
                <JournalIssue CitedMedium="Internet">
                    <Volume>58</Volume>
                    <Issue>3</Issue>
                    <PubDate>
                        <Year>2014</Year>
                    </PubDate>
                </JournalIssue>
                <Title>Clinical hemorheology and microcirculation</Title>
                <ISOAbbreviation>Clin Hemorheol Microcirc</ISOAbbreviation>
            </Journal>
            <ArticleTitle>Markers of cardiovascular risk in elderly patients with age-related macular degeneration.</ArticleTitle>
            <Pagination>
                <MedlinePgn>447-53</MedlinePgn>
            </Pagination>
            <ELocationID EIdType="doi" ValidYN="Y">10.3233/CH-141807</ELocationID>
            <Abstract>
                <AbstractText Label="UNLABELLED">Age-related macular degeneration (AMD) is the leading cause of irreversible visual impairment and blindness among persons aged 60 years and older and many theories exist and feature mechanisms of oxidative stress, atherosclerotic-like changes, genetic predisposition, and inflammation in development of AMD. The aim of this study was to evaluate the association between markers of inflammation and cardiovascular risk with age-related macular degeneration.</AbstractText>
                <AbstractText Label="METHODS" NlmCategory="METHODS">Case-control study that includes 163 patients with wet AMD (age group of 55-82 years with the mean age of 71 years and 170 age-matched healthy controls in the age group of 55-78 years with the mean age of 71 years. The following parameters were determined: lipidic profile (Total Cholesterol, Triglycerides, HDL-c, LDL-c), CRP (C-Reactive Protein), homocysteine and fibrinogen.</AbstractText>
                <AbstractText Label="RESULTS" NlmCategory="RESULTS">We found significant differences between AMD patients and control group in baseline values of homocysteine, CRP and fibrinogen, although we do not observed differences in levels of lipidic profile.</AbstractText>
                <AbstractText Label="CONCLUSION" NlmCategory="CONCLUSIONS">Our data support the role of chronic inflammation in the development of AMD, however, further studies are needed to determine which common disease mechanisms of chronic inflammation and atherosclerosis contribute to the pathogenesis of AMD.</AbstractText>
            </Abstract>
            <AuthorList CompleteYN="Y">
                <Author ValidYN="Y">
                    <LastName>Mulero</LastName>
                    <ForeName>J</ForeName>
                    <Initials>J</Initials>
                    <AffiliationInfo>
                        <Affiliation>Department of Food Technology and Nutrition, Catholic University of San Antonio, Murcia, Spain.</Affiliation>
                    </AffiliationInfo>
                </Author>
                <Author ValidYN="Y">
                    <LastName>Manresa</LastName>
                    <ForeName>N</ForeName>
                    <Initials>N</Initials>
                    <AffiliationInfo>
                        <Affiliation>University Hospital Jose M� Morales Meseguer, Murcia, Spain.</Affiliation>
                    </AffiliationInfo>
                </Author>
                <Author ValidYN="Y">
                    <LastName>Zafrilla</LastName>
                    <ForeName>P</ForeName>
                    <Initials>P</Initials>
                    <AffiliationInfo>
                        <Affiliation>Department of Food Technology and Nutrition, Catholic University of San Antonio, Murcia, Spain.</Affiliation>
                    </AffiliationInfo>
                </Author>
                <Author ValidYN="Y">
                    <LastName>Losada</LastName>
                    <ForeName>M</ForeName>
                    <Initials>M</Initials>
                    <AffiliationInfo>
                        <Affiliation>University Hospital Jose M� Morales Meseguer, Murcia, Spain.</Affiliation>
                    </AffiliationInfo>
                </Author>
            </AuthorList>
            <Language>eng</Language>
            <PublicationTypeList>
                <PublicationType UI="D016428">Journal Article</PublicationType>
            </PublicationTypeList>
        </Article>
        <MedlineJournalInfo>
            <Country>Netherlands</Country>
            <MedlineTA>Clin Hemorheol Microcirc</MedlineTA>
            <NlmUniqueID>9709206</NlmUniqueID>
            <ISSNLinking>1386-0291</ISSNLinking>
        </MedlineJournalInfo>
        <ChemicalList>
            <Chemical>
                <RegistryNumber>0</RegistryNumber>
                <NameOfSubstance UI="D015415">Biomarkers</NameOfSubstance>
            </Chemical>
        </ChemicalList>
        <CitationSubset>IM</CitationSubset>
        <MeshHeadingList>
            <MeshHeading>
                <DescriptorName UI="D000368" MajorTopicYN="N">Aged</DescriptorName>
            </MeshHeading>
            <MeshHeading>
                <DescriptorName UI="D000369" MajorTopicYN="N">Aged, 80 and over</DescriptorName>
            </MeshHeading>
            <MeshHeading>
                <DescriptorName UI="D015415" MajorTopicYN="N">Biomarkers</DescriptorName>
                <QualifierName UI="Q000378" MajorTopicYN="Y">metabolism</QualifierName>
            </MeshHeading>
            <MeshHeading>
                <DescriptorName UI="D002318" MajorTopicYN="N">Cardiovascular Diseases</DescriptorName>
                <QualifierName UI="Q000209" MajorTopicYN="Y">etiology</QualifierName>
            </MeshHeading>
            <MeshHeading>
                <DescriptorName UI="D005260" MajorTopicYN="N">Female</DescriptorName>
            </MeshHeading>
            <MeshHeading>
                <DescriptorName UI="D006801" MajorTopicYN="N">Humans</DescriptorName>
            </MeshHeading>
            <MeshHeading>
                <DescriptorName UI="D008268" MajorTopicYN="N">Macular Degeneration</DescriptorName>
                <QualifierName UI="Q000150" MajorTopicYN="Y">complications</QualifierName>
            </MeshHeading>
            <MeshHeading>
                <DescriptorName UI="D008297" MajorTopicYN="N">Male</DescriptorName>
            </MeshHeading>
            <MeshHeading>
                <DescriptorName UI="D008875" MajorTopicYN="N">Middle Aged</DescriptorName>
            </MeshHeading>
            <MeshHeading>
                <DescriptorName UI="D018384" MajorTopicYN="N">Oxidative Stress</DescriptorName>
            </MeshHeading>
            <MeshHeading>
                <DescriptorName UI="D012307" MajorTopicYN="N">Risk Factors</DescriptorName>
            </MeshHeading>
        </MeshHeadingList>
        <KeywordList Owner="NOTNLM">
            <Keyword MajorTopicYN="N">C-Reactive protein</Keyword>
            <Keyword MajorTopicYN="N">Cardiovascular risk</Keyword>
            <Keyword MajorTopicYN="N">age-related macular degeneration</Keyword>
            <Keyword MajorTopicYN="N">homocysteine</Keyword>
            <Keyword MajorTopicYN="N">lipidic profile</Keyword>
        </KeywordList>
    </MedlineCitation>
    <PubmedData>
        <History>
            <PubMedPubDate PubStatus="entrez">
                <Year>2014</Year>
                <Month>1</Month>
                <Day>15</Day>
                <Hour>6</Hour>
                <Minute>0</Minute>
            </PubMedPubDate>
            <PubMedPubDate PubStatus="pubmed">
                <Year>2014</Year>
                <Month>1</Month>
                <Day>15</Day>
                <Hour>6</Hour>
                <Minute>0</Minute>
            </PubMedPubDate>
            <PubMedPubDate PubStatus="medline">
                <Year>2015</Year>
                <Month>8</Month>
                <Day>12</Day>
                <Hour>6</Hour>
                <Minute>0</Minute>
            </PubMedPubDate>
        </History>
        <PublicationStatus>ppublish</PublicationStatus>
        <ArticleIdList>
            <ArticleId IdType="pubmed">24418867</ArticleId>
            <ArticleId IdType="pii">73U8725431154268</ArticleId>
            <ArticleId IdType="doi">10.3233/CH-141807</ArticleId>
        </ArticleIdList>
    </PubmedData>
</PubmedArticle>

</PubmedArticleSet>