<?xml version="1.0" ?>
<!DOCTYPE PubmedArticleSet PUBLIC "-//NLM//DTD PubMedArticle, 1st January 2019//EN" "https://dtd.nlm.nih.gov/ncbi/pubmed/out/pubmed_190101.dtd">
<PubmedArticleSet>
<PubmedArticle>
    <MedlineCitation Status="MEDLINE" Owner="NLM">
        <PMID Version="1">11157315</PMID>
        <DateCompleted>
            <Year>2001</Year>
            <Month>03</Month>
            <Day>15</Day>
        </DateCompleted>
        <DateRevised>
            <Year>2018</Year>
            <Month>03</Month>
            <Day>30</Day>
        </DateRevised>
        <Article PubModel="Print">
            <Journal>
                <ISSN IssnType="Print">0002-9165</ISSN>
                <JournalIssue CitedMedium="Print">
                    <Volume>73</Volume>
                    <Issue>2</Issue>
                    <PubDate>
                        <Year>2001</Year>
                        <Month>Feb</Month>
                    </PubDate>
                </JournalIssue>
                <Title>The American journal of clinical nutrition</Title>
                <ISOAbbreviation>Am J Clin Nutr</ISOAbbreviation>
            </Journal>
            <ArticleTitle>Prospective study of dietary fat and the risk of age-related macular degeneration.</ArticleTitle>
            <Pagination>
                <MedlinePgn>209-18</MedlinePgn>
            </Pagination>
            <Abstract>
                <AbstractText Label="BACKGROUND" NlmCategory="BACKGROUND">The relation between intakes of total fat and specific types of fat and age-related macular degeneration (AMD) remains unclear.</AbstractText>
                <AbstractText Label="OBJECTIVE" NlmCategory="OBJECTIVE">Our objective was to examine prospectively the association between fat intake and AMD.</AbstractText>
                <AbstractText Label="DESIGN" NlmCategory="METHODS">We conducted a prospective follow-up study of participants in the Nurses' Health Study and the Health Professionals Follow-up Study. At baseline (1984 for women and 1986 for men), the study included 42743 women and 29746 men aged &gt; or = 50 y with no diagnosis of AMD who were followed until 1996. Fat intake was assessed with a food-frequency questionnaire.</AbstractText>
                <AbstractText Label="RESULTS" NlmCategory="RESULTS">We accrued 567 patients with AMD with a visual loss of 20/30 or worse. The pooled multivariate relative risk (RR) for the highest compared with the lowest quintile of total fat intake was 1.54 (95% CI: 1.17, 2.01; P for trend = 0.008). Linolenic acid was positively associated with risk of AMD (top versus bottom quintile of RR: 1.49; 95% CI: 1.15, 1.94; P for trend = 0.0009). Docosahexaenoic acid had a modest inverse relation with AMD (top versus bottom quintile of RR: 0.70; 95% CI: 0.52, 0.93; P for trend = 0.05), and &gt;4 servings of fish/wk was associated with a 35% lower risk of AMD compared with &lt; or = 3 servings/mo (RR: 0.65; 95% CI: 0.46, 0.91; P for trend = 0.009).</AbstractText>
                <AbstractText Label="CONCLUSIONS" NlmCategory="CONCLUSIONS">Total fat intake was positively associated with risk of AMD, which may have been due to intakes of individual fatty acids, such as linolenic acid, rather than to total fat intakes per se. A high intake of fish may reduce the risk of AMD.</AbstractText>
            </Abstract>
            <AuthorList CompleteYN="Y">
                <Author ValidYN="Y">
                    <LastName>Cho</LastName>
                    <ForeName>E</ForeName>
                    <Initials>E</Initials>
                    <AffiliationInfo>
                        <Affiliation>Department of Nutrition, Harvard School of Public Health, Boston, MA 02115, USA. eunyoung.cho@channing.harvard.edu</Affiliation>
                    </AffiliationInfo>
                </Author>
                <Author ValidYN="Y">
                    <LastName>Hung</LastName>
                    <ForeName>S</ForeName>
                    <Initials>S</Initials>
                </Author>
                <Author ValidYN="Y">
                    <LastName>Willett</LastName>
                    <ForeName>W C</ForeName>
                    <Initials>WC</Initials>
                </Author>
                <Author ValidYN="Y">
                    <LastName>Spiegelman</LastName>
                    <ForeName>D</ForeName>
                    <Initials>D</Initials>
                </Author>
                <Author ValidYN="Y">
                    <LastName>Rimm</LastName>
                    <ForeName>E B</ForeName>
                    <Initials>EB</Initials>
                </Author>
                <Author ValidYN="Y">
                    <LastName>Seddon</LastName>
                    <ForeName>J M</ForeName>
                    <Initials>JM</Initials>
                </Author>
                <Author ValidYN="Y">
                    <LastName>Colditz</LastName>
                    <ForeName>G A</ForeName>
                    <Initials>GA</Initials>
                </Author>
                <Author ValidYN="Y">
                    <LastName>Hankinson</LastName>
                    <ForeName>S E</ForeName>
                    <Initials>SE</Initials>
                </Author>
            </AuthorList>
            <Language>eng</Language>
            <GrantList CompleteYN="Y">
                <Grant>
                    <GrantID>CA 40356</GrantID>
                    <Acronym>CA</Acronym>
                    <Agency>NCI NIH HHS</Agency>
                    <Country>United States</Country>
                </Grant>
                <Grant>
                    <GrantID>CA 55075</GrantID>
                    <Acronym>CA</Acronym>
                    <Agency>NCI NIH HHS</Agency>
                    <Country>United States</Country>
                </Grant>
                <Grant>
                    <GrantID>EY 09611</GrantID>
                    <Acronym>EY</Acronym>
                    <Agency>NEI NIH HHS</Agency>
                    <Country>United States</Country>
                </Grant>
                <Grant>
                    <GrantID>HL 35464</GrantID>
                    <Acronym>HL</Acronym>
                    <Agency>NHLBI NIH HHS</Agency>
                    <Country>United States</Country>
                </Grant>
            </GrantList>
            <PublicationTypeList>
                <PublicationType UI="D016428">Journal Article</PublicationType>
                <PublicationType UI="D013487">Research Support, U.S. Gov't, P.H.S.</PublicationType>
            </PublicationTypeList>
        </Article>
        <MedlineJournalInfo>
            <Country>United States</Country>
            <MedlineTA>Am J Clin Nutr</MedlineTA>
            <NlmUniqueID>0376027</NlmUniqueID>
            <ISSNLinking>0002-9165</ISSNLinking>
        </MedlineJournalInfo>
        <ChemicalList>
            <Chemical>
                <RegistryNumber>0</RegistryNumber>
                <NameOfSubstance UI="D004041">Dietary Fats</NameOfSubstance>
            </Chemical>
            <Chemical>
                <RegistryNumber>0</RegistryNumber>
                <NameOfSubstance UI="D005227">Fatty Acids</NameOfSubstance>
            </Chemical>
            <Chemical>
                <RegistryNumber>0RBV727H71</RegistryNumber>
                <NameOfSubstance UI="D017962">alpha-Linolenic Acid</NameOfSubstance>
            </Chemical>
            <Chemical>
                <RegistryNumber>25167-62-8</RegistryNumber>
                <NameOfSubstance UI="D004281">Docosahexaenoic Acids</NameOfSubstance>
            </Chemical>
        </ChemicalList>
        <CitationSubset>AIM</CitationSubset>
        <CitationSubset>IM</CitationSubset>
        <MeshHeadingList>
            <MeshHeading>
                <DescriptorName UI="D000367" MajorTopicYN="N">Age Factors</DescriptorName>
            </MeshHeading>
            <MeshHeading>
                <DescriptorName UI="D000368" MajorTopicYN="N">Aged</DescriptorName>
            </MeshHeading>
            <MeshHeading>
                <DescriptorName UI="D000818" MajorTopicYN="N">Animals</DescriptorName>
            </MeshHeading>
            <MeshHeading>
                <DescriptorName UI="D015930" MajorTopicYN="N">Diet Records</DescriptorName>
            </MeshHeading>
            <MeshHeading>
                <DescriptorName UI="D004041" MajorTopicYN="Y">Dietary Fats</DescriptorName>
                <QualifierName UI="Q000008" MajorTopicYN="N">administration &amp; dosage</QualifierName>
                <QualifierName UI="Q000009" MajorTopicYN="N">adverse effects</QualifierName>
            </MeshHeading>
            <MeshHeading>
                <DescriptorName UI="D004281" MajorTopicYN="N">Docosahexaenoic Acids</DescriptorName>
                <QualifierName UI="Q000008" MajorTopicYN="N">administration &amp; dosage</QualifierName>
                <QualifierName UI="Q000009" MajorTopicYN="N">adverse effects</QualifierName>
            </MeshHeading>
            <MeshHeading>
                <DescriptorName UI="D005227" MajorTopicYN="N">Fatty Acids</DescriptorName>
                <QualifierName UI="Q000009" MajorTopicYN="N">adverse effects</QualifierName>
            </MeshHeading>
            <MeshHeading>
                <DescriptorName UI="D005260" MajorTopicYN="N">Female</DescriptorName>
            </MeshHeading>
            <MeshHeading>
                <DescriptorName UI="D005399" MajorTopicYN="N">Fishes</DescriptorName>
            </MeshHeading>
            <MeshHeading>
                <DescriptorName UI="D005500" MajorTopicYN="N">Follow-Up Studies</DescriptorName>
            </MeshHeading>
            <MeshHeading>
                <DescriptorName UI="D006801" MajorTopicYN="N">Humans</DescriptorName>
            </MeshHeading>
            <MeshHeading>
                <DescriptorName UI="D008268" MajorTopicYN="N">Macular Degeneration</DescriptorName>
                <QualifierName UI="Q000175" MajorTopicYN="N">diagnosis</QualifierName>
                <QualifierName UI="Q000453" MajorTopicYN="Y">epidemiology</QualifierName>
                <QualifierName UI="Q000209" MajorTopicYN="N">etiology</QualifierName>
            </MeshHeading>
            <MeshHeading>
                <DescriptorName UI="D008297" MajorTopicYN="N">Male</DescriptorName>
            </MeshHeading>
            <MeshHeading>
                <DescriptorName UI="D008875" MajorTopicYN="N">Middle Aged</DescriptorName>
            </MeshHeading>
            <MeshHeading>
                <DescriptorName UI="D015999" MajorTopicYN="N">Multivariate Analysis</DescriptorName>
            </MeshHeading>
            <MeshHeading>
                <DescriptorName UI="D011446" MajorTopicYN="N">Prospective Studies</DescriptorName>
            </MeshHeading>
            <MeshHeading>
                <DescriptorName UI="D012307" MajorTopicYN="N">Risk Factors</DescriptorName>
            </MeshHeading>
            <MeshHeading>
                <DescriptorName UI="D014481" MajorTopicYN="N" Type="Geographic">United States</DescriptorName>
                <QualifierName UI="Q000453" MajorTopicYN="N">epidemiology</QualifierName>
            </MeshHeading>
            <MeshHeading>
                <DescriptorName UI="D017962" MajorTopicYN="Y">alpha-Linolenic Acid</DescriptorName>
                <QualifierName UI="Q000008" MajorTopicYN="N">administration &amp; dosage</QualifierName>
                <QualifierName UI="Q000009" MajorTopicYN="N">adverse effects</QualifierName>
            </MeshHeading>
        </MeshHeadingList>
    </MedlineCitation>
    <PubmedData>
        <History>
            <PubMedPubDate PubStatus="pubmed">
                <Year>2001</Year>
                <Month>2</Month>
                <Day>7</Day>
                <Hour>11</Hour>
                <Minute>0</Minute>
            </PubMedPubDate>
            <PubMedPubDate PubStatus="medline">
                <Year>2001</Year>
                <Month>3</Month>
                <Day>17</Day>
                <Hour>10</Hour>
                <Minute>1</Minute>
            </PubMedPubDate>
            <PubMedPubDate PubStatus="entrez">
                <Year>2001</Year>
                <Month>2</Month>
                <Day>7</Day>
                <Hour>11</Hour>
                <Minute>0</Minute>
            </PubMedPubDate>
        </History>
        <PublicationStatus>ppublish</PublicationStatus>
        <ArticleIdList>
            <ArticleId IdType="pubmed">11157315</ArticleId>
            <ArticleId IdType="doi">10.1093/ajcn/73.2.209</ArticleId>
        </ArticleIdList>
    </PubmedData>
</PubmedArticle>

</PubmedArticleSet>