<?xml version="1.0" ?>
<!DOCTYPE PubmedArticleSet PUBLIC "-//NLM//DTD PubMedArticle, 1st January 2019//EN" "https://dtd.nlm.nih.gov/ncbi/pubmed/out/pubmed_190101.dtd">
<PubmedArticleSet>
<PubmedArticle>
    <MedlineCitation Status="MEDLINE" Owner="NLM">
        <PMID Version="1">14662593</PMID>
        <DateCompleted>
            <Year>2004</Year>
            <Month>01</Month>
            <Day>05</Day>
        </DateCompleted>
        <DateRevised>
            <Year>2015</Year>
            <Month>11</Month>
            <Day>19</Day>
        </DateRevised>
        <Article PubModel="Print">
            <Journal>
                <ISSN IssnType="Print">0003-9950</ISSN>
                <JournalIssue CitedMedium="Print">
                    <Volume>121</Volume>
                    <Issue>12</Issue>
                    <PubDate>
                        <Year>2003</Year>
                        <Month>Dec</Month>
                    </PubDate>
                </JournalIssue>
                <Title>Archives of ophthalmology (Chicago, Ill. : 1960)</Title>
                <ISOAbbreviation>Arch Ophthalmol</ISOAbbreviation>
            </Journal>
            <ArticleTitle>Progression of age-related macular degeneration: association with dietary fat, transunsaturated fat, nuts, and fish intake.</ArticleTitle>
            <Pagination>
                <MedlinePgn>1728-37</MedlinePgn>
            </Pagination>
            <Abstract>
                <AbstractText Label="BACKGROUND" NlmCategory="BACKGROUND">Individuals with early or intermediate stages of age-related macular degeneration (AMD) make up a large, growing segment of the elderly population. Evidence is sparse regarding modifiable factors that may decrease the risk of progression to the advanced forms of AMD.</AbstractText>
                <AbstractText Label="OBJECTIVE" NlmCategory="OBJECTIVE">To advise patients with a high risk for advanced forms of AMD about preventive measures through our evaluation of the relationship between dietary fat intake and the progression of early or intermediate AMD to the advanced stages of the disease associated with visual loss.</AbstractText>
                <AbstractText Label="DESIGN" NlmCategory="METHODS">A prospective cohort study with an average follow-up time of 4.6 years.</AbstractText>
                <AbstractText Label="SETTING" NlmCategory="METHODS">A hospital-based clinical retinal practice specializing in macular degeneration. Patients The 261 participants were aged 60 years and older and had some sign of nonexudative AMD and visual acuity of 20/200 or better in at least 1 eye. Main Outcome Measure Progression to advanced AMD, which was defined as having geographic atrophy or neovascular disease.</AbstractText>
                <AbstractText Label="RESULTS" NlmCategory="RESULTS">Higher total fat intake increased the risk of progression to the advanced forms of AMD, with a relative risk (RR) of 2.90 (95% confidence interval, 1.15-7.32) for the highest fat-intake quartile relative to the lowest fat-intake quartile, after controlling for other factors (P trend =.01). Animal fat intake was associated with a 2-fold increased risk of progression (RR, 2.29 for the highest quartile compared with the lowest quartile; 95% confidence interval, 0.91-5.72), although the trend for increasing risk with higher animal fat intake was not significant (P=.09). Higher vegetable fat intake had a stronger relationship with increased risk of AMD progression with an RR of 3.82 (95% confidence interval, 1.58-9.28) for the highest quartile compared with the lowest quartile (P trend =.003). Saturated, monounsaturated, polyunsaturated, and transunsaturated fats increased the likelihood of progression (RR, 2.09 and P trend =.08; RR, 2.21 and P trend =.04; RR, 2.28 and P trend =.04; RR, 2.39 and P trend =.008, respectively). Higher fish intake was associated with a lower risk of AMD progression among subjects with lower linoleic acid intake. Processed baked goods, which are higher in some of these fats, increased the rate of AMD progression approximately 2-fold, and nuts were protective.</AbstractText>
                <AbstractText Label="CONCLUSIONS" NlmCategory="CONCLUSIONS">Among individuals with the early or intermediate stages of AMD, total and specific types of fat intake, as well as some fat-containing food groups, modified the risk of progression to advanced AMD. Fish intake and nuts reduced risk. Since advanced AMD is associated with visual loss and reduced quality of life, these preventive measures deserve additional research and greater emphasis.</AbstractText>
            </Abstract>
            <AuthorList CompleteYN="Y">
                <Author ValidYN="Y">
                    <LastName>Seddon</LastName>
                    <ForeName>Johanna M</ForeName>
                    <Initials>JM</Initials>
                    <AffiliationInfo>
                        <Affiliation>Massachusetts Eye and Ear Infirmary, Epidemiology Unit, Harvard School of Public Health, Boston, Massachesetts 02114, USA. johanna_seddon@meei.harvard.edi</Affiliation>
                    </AffiliationInfo>
                </Author>
                <Author ValidYN="Y">
                    <LastName>Cote</LastName>
                    <ForeName>Jennifer</ForeName>
                    <Initials>J</Initials>
                </Author>
                <Author ValidYN="Y">
                    <LastName>Rosner</LastName>
                    <ForeName>Bernard</ForeName>
                    <Initials>B</Initials>
                </Author>
            </AuthorList>
            <Language>eng</Language>
            <PublicationTypeList>
                <PublicationType UI="D016428">Journal Article</PublicationType>
                <PublicationType UI="D013485">Research Support, Non-U.S. Gov't</PublicationType>
            </PublicationTypeList>
        </Article>
        <MedlineJournalInfo>
            <Country>United States</Country>
            <MedlineTA>Arch Ophthalmol</MedlineTA>
            <NlmUniqueID>7706534</NlmUniqueID>
            <ISSNLinking>0003-9950</ISSNLinking>
        </MedlineJournalInfo>
        <ChemicalList>
            <Chemical>
                <RegistryNumber>0</RegistryNumber>
                <NameOfSubstance UI="D004041">Dietary Fats</NameOfSubstance>
            </Chemical>
            <Chemical>
                <RegistryNumber>0</RegistryNumber>
                <NameOfSubstance UI="D004042">Dietary Fats, Unsaturated</NameOfSubstance>
            </Chemical>
        </ChemicalList>
        <CitationSubset>AIM</CitationSubset>
        <CitationSubset>IM</CitationSubset>
        <CommentsCorrectionsList>
            <CommentsCorrections RefType="ErratumIn">
                <RefSource>Arch Ophthalmol. 2004 Mar;122(3):426</RefSource>
            </CommentsCorrections>
        </CommentsCorrectionsList>
        <MeshHeadingList>
            <MeshHeading>
                <DescriptorName UI="D000368" MajorTopicYN="N">Aged</DescriptorName>
            </MeshHeading>
            <MeshHeading>
                <DescriptorName UI="D000818" MajorTopicYN="N">Animals</DescriptorName>
            </MeshHeading>
            <MeshHeading>
                <DescriptorName UI="D015331" MajorTopicYN="N">Cohort Studies</DescriptorName>
            </MeshHeading>
            <MeshHeading>
                <DescriptorName UI="D004032" MajorTopicYN="Y">Diet</DescriptorName>
            </MeshHeading>
            <MeshHeading>
                <DescriptorName UI="D015930" MajorTopicYN="N">Diet Records</DescriptorName>
            </MeshHeading>
            <MeshHeading>
                <DescriptorName UI="D004041" MajorTopicYN="N">Dietary Fats</DescriptorName>
                <QualifierName UI="Q000008" MajorTopicYN="Y">administration &amp; dosage</QualifierName>
            </MeshHeading>
            <MeshHeading>
                <DescriptorName UI="D004042" MajorTopicYN="N">Dietary Fats, Unsaturated</DescriptorName>
                <QualifierName UI="Q000008" MajorTopicYN="N">administration &amp; dosage</QualifierName>
            </MeshHeading>
            <MeshHeading>
                <DescriptorName UI="D018450" MajorTopicYN="N">Disease Progression</DescriptorName>
            </MeshHeading>
            <MeshHeading>
                <DescriptorName UI="D002149" MajorTopicYN="N">Energy Intake</DescriptorName>
            </MeshHeading>
            <MeshHeading>
                <DescriptorName UI="D005260" MajorTopicYN="N">Female</DescriptorName>
            </MeshHeading>
            <MeshHeading>
                <DescriptorName UI="D005396" MajorTopicYN="Y">Fish Products</DescriptorName>
            </MeshHeading>
            <MeshHeading>
                <DescriptorName UI="D006801" MajorTopicYN="N">Humans</DescriptorName>
            </MeshHeading>
            <MeshHeading>
                <DescriptorName UI="D008268" MajorTopicYN="N">Macular Degeneration</DescriptorName>
                <QualifierName UI="Q000453" MajorTopicYN="N">epidemiology</QualifierName>
                <QualifierName UI="Q000503" MajorTopicYN="Y">physiopathology</QualifierName>
                <QualifierName UI="Q000517" MajorTopicYN="N">prevention &amp; control</QualifierName>
            </MeshHeading>
            <MeshHeading>
                <DescriptorName UI="D008297" MajorTopicYN="N">Male</DescriptorName>
            </MeshHeading>
            <MeshHeading>
                <DescriptorName UI="D008875" MajorTopicYN="N">Middle Aged</DescriptorName>
            </MeshHeading>
            <MeshHeading>
                <DescriptorName UI="D009754" MajorTopicYN="Y">Nuts</DescriptorName>
            </MeshHeading>
            <MeshHeading>
                <DescriptorName UI="D011446" MajorTopicYN="N">Prospective Studies</DescriptorName>
            </MeshHeading>
            <MeshHeading>
                <DescriptorName UI="D012307" MajorTopicYN="N">Risk Factors</DescriptorName>
            </MeshHeading>
            <MeshHeading>
                <DescriptorName UI="D011795" MajorTopicYN="N">Surveys and Questionnaires</DescriptorName>
            </MeshHeading>
        </MeshHeadingList>
    </MedlineCitation>
    <PubmedData>
        <History>
            <PubMedPubDate PubStatus="pubmed">
                <Year>2003</Year>
                <Month>12</Month>
                <Day>10</Day>
                <Hour>5</Hour>
                <Minute>0</Minute>
            </PubMedPubDate>
            <PubMedPubDate PubStatus="medline">
                <Year>2004</Year>
                <Month>1</Month>
                <Day>6</Day>
                <Hour>5</Hour>
                <Minute>0</Minute>
            </PubMedPubDate>
            <PubMedPubDate PubStatus="entrez">
                <Year>2003</Year>
                <Month>12</Month>
                <Day>10</Day>
                <Hour>5</Hour>
                <Minute>0</Minute>
            </PubMedPubDate>
        </History>
        <PublicationStatus>ppublish</PublicationStatus>
        <ArticleIdList>
            <ArticleId IdType="pubmed">14662593</ArticleId>
            <ArticleId IdType="doi">10.1001/archopht.121.12.1728</ArticleId>
            <ArticleId IdType="pii">121/12/1728</ArticleId>
        </ArticleIdList>
    </PubmedData>
</PubmedArticle>

</PubmedArticleSet>