<?xml version="1.0" ?>
<!DOCTYPE PubmedArticleSet PUBLIC "-//NLM//DTD PubMedArticle, 1st January 2019//EN" "https://dtd.nlm.nih.gov/ncbi/pubmed/out/pubmed_190101.dtd">
<PubmedArticleSet>
<PubmedArticle>
    <MedlineCitation Status="MEDLINE" Owner="NLM">
        <PMID Version="1">16935586</PMID>
        <DateCompleted>
            <Year>2006</Year>
            <Month>09</Month>
            <Day>21</Day>
        </DateCompleted>
        <DateRevised>
            <Year>2015</Year>
            <Month>11</Month>
            <Day>19</Day>
        </DateRevised>
        <Article PubModel="Print">
            <Journal>
                <ISSN IssnType="Print">0002-9394</ISSN>
                <JournalIssue CitedMedium="Print">
                    <Volume>142</Volume>
                    <Issue>3</Issue>
                    <PubDate>
                        <Year>2006</Year>
                        <Month>Sep</Month>
                    </PubDate>
                </JournalIssue>
                <Title>American journal of ophthalmology</Title>
                <ISOAbbreviation>Am J Ophthalmol</ISOAbbreviation>
            </Journal>
            <ArticleTitle>Risk factors for five-year incident age-related macular degeneration: the Reykjavik Eye Study.</ArticleTitle>
            <Pagination>
                <MedlinePgn>419-28</MedlinePgn>
            </Pagination>
            <Abstract>
                <AbstractText Label="PURPOSE" NlmCategory="OBJECTIVE">To establish risk factors for five-year incidence of age-related macular degeneration (AMD).</AbstractText>
                <AbstractText Label="DESIGN" NlmCategory="METHODS">Population-based, prospective cohort study, and risk analysis.</AbstractText>
                <AbstractText Label="METHODS" NlmCategory="METHODS">A random sample from the Reykjavik Population Census for individuals 50 years and older was selected. We took fundus stereo color photographs and used standard grading system to study the five-year incidence of drusen, pigmentary abnormalities, and AMD and to examine possible risk factors. A questionnaire including information on disease, medication, diet, and lifestyle from the Reykjavik Eye Study database provided additional information.</AbstractText>
                <AbstractText Label="RESULTS" NlmCategory="RESULTS">Current alcohol consumption decreased the risk for drusen. Being married rather than divorced or widowed decreased the risk for soft drusen; being single decreased the risk of hypopigmentation as compared with being divorced or married. Both consuming dietary fiber-rich vegetables and meat and meat products once a week or less frequently was a risk factor for developing soft drusen and decreased the risk of pigmentary abnormalities. Those who had smoked 20 pack-years or more as compared with nonsmokers had decreased survival rate over the five years (odds ratio (OR) 0.46, 95% confidence interval (CI) 0.27 to 0.80; P = .006).</AbstractText>
                <AbstractText Label="CONCLUSIONS" NlmCategory="CONCLUSIONS">Risk factors for drusen appear to differ from risk factors for pigmentary abnormalities. The effect of smoking on developing AMD is partly masked by selective mortality.</AbstractText>
            </Abstract>
            <AuthorList CompleteYN="Y">
                <Author ValidYN="Y">
                    <LastName>Arnarsson</LastName>
                    <ForeName>Arsaell</ForeName>
                    <Initials>A</Initials>
                    <AffiliationInfo>
                        <Affiliation>Department of Ophthalmology, University of Iceland, Reykjavik, Iceland.</Affiliation>
                    </AffiliationInfo>
                </Author>
                <Author ValidYN="Y">
                    <LastName>Sverrisson</LastName>
                    <ForeName>Thordur</ForeName>
                    <Initials>T</Initials>
                </Author>
                <Author ValidYN="Y">
                    <LastName>Stefánsson</LastName>
                    <ForeName>Einar</ForeName>
                    <Initials>E</Initials>
                </Author>
                <Author ValidYN="Y">
                    <LastName>Sigurdsson</LastName>
                    <ForeName>Haraldur</ForeName>
                    <Initials>H</Initials>
                </Author>
                <Author ValidYN="Y">
                    <LastName>Sasaki</LastName>
                    <ForeName>Hiroshi</ForeName>
                    <Initials>H</Initials>
                </Author>
                <Author ValidYN="Y">
                    <LastName>Sasaki</LastName>
                    <ForeName>Kazuyuki</ForeName>
                    <Initials>K</Initials>
                </Author>
                <Author ValidYN="Y">
                    <LastName>Jonasson</LastName>
                    <ForeName>Fridbert</ForeName>
                    <Initials>F</Initials>
                </Author>
            </AuthorList>
            <Language>eng</Language>
            <PublicationTypeList>
                <PublicationType UI="D016428">Journal Article</PublicationType>
                <PublicationType UI="D013485">Research Support, Non-U.S. Gov't</PublicationType>
            </PublicationTypeList>
        </Article>
        <MedlineJournalInfo>
            <Country>United States</Country>
            <MedlineTA>Am J Ophthalmol</MedlineTA>
            <NlmUniqueID>0370500</NlmUniqueID>
            <ISSNLinking>0002-9394</ISSNLinking>
        </MedlineJournalInfo>
        <CitationSubset>AIM</CitationSubset>
        <CitationSubset>IM</CitationSubset>
        <MeshHeadingList>
            <MeshHeading>
                <DescriptorName UI="D000368" MajorTopicYN="N">Aged</DescriptorName>
            </MeshHeading>
            <MeshHeading>
                <DescriptorName UI="D004032" MajorTopicYN="N">Diet</DescriptorName>
            </MeshHeading>
            <MeshHeading>
                <DescriptorName UI="D015930" MajorTopicYN="N">Diet Records</DescriptorName>
            </MeshHeading>
            <MeshHeading>
                <DescriptorName UI="D006801" MajorTopicYN="N">Humans</DescriptorName>
            </MeshHeading>
            <MeshHeading>
                <DescriptorName UI="D007055" MajorTopicYN="N" Type="Geographic">Iceland</DescriptorName>
                <QualifierName UI="Q000453" MajorTopicYN="N">epidemiology</QualifierName>
            </MeshHeading>
            <MeshHeading>
                <DescriptorName UI="D015994" MajorTopicYN="N">Incidence</DescriptorName>
            </MeshHeading>
            <MeshHeading>
                <DescriptorName UI="D008268" MajorTopicYN="N">Macular Degeneration</DescriptorName>
                <QualifierName UI="Q000453" MajorTopicYN="Y">epidemiology</QualifierName>
            </MeshHeading>
            <MeshHeading>
                <DescriptorName UI="D008875" MajorTopicYN="N">Middle Aged</DescriptorName>
            </MeshHeading>
            <MeshHeading>
                <DescriptorName UI="D011446" MajorTopicYN="N">Prospective Studies</DescriptorName>
            </MeshHeading>
            <MeshHeading>
                <DescriptorName UI="D015593" MajorTopicYN="N">Retinal Drusen</DescriptorName>
                <QualifierName UI="Q000453" MajorTopicYN="N">epidemiology</QualifierName>
            </MeshHeading>
            <MeshHeading>
                <DescriptorName UI="D012307" MajorTopicYN="N">Risk Factors</DescriptorName>
            </MeshHeading>
            <MeshHeading>
                <DescriptorName UI="D012907" MajorTopicYN="N">Smoking</DescriptorName>
            </MeshHeading>
            <MeshHeading>
                <DescriptorName UI="D011795" MajorTopicYN="N">Surveys and Questionnaires</DescriptorName>
            </MeshHeading>
        </MeshHeadingList>
    </MedlineCitation>
    <PubmedData>
        <History>
            <PubMedPubDate PubStatus="received">
                <Year>2005</Year>
                <Month>11</Month>
                <Day>17</Day>
            </PubMedPubDate>
            <PubMedPubDate PubStatus="revised">
                <Year>2006</Year>
                <Month>03</Month>
                <Day>31</Day>
            </PubMedPubDate>
            <PubMedPubDate PubStatus="accepted">
                <Year>2006</Year>
                <Month>04</Month>
                <Day>01</Day>
            </PubMedPubDate>
            <PubMedPubDate PubStatus="pubmed">
                <Year>2006</Year>
                <Month>8</Month>
                <Day>29</Day>
                <Hour>9</Hour>
                <Minute>0</Minute>
            </PubMedPubDate>
            <PubMedPubDate PubStatus="medline">
                <Year>2006</Year>
                <Month>9</Month>
                <Day>22</Day>
                <Hour>9</Hour>
                <Minute>0</Minute>
            </PubMedPubDate>
            <PubMedPubDate PubStatus="entrez">
                <Year>2006</Year>
                <Month>8</Month>
                <Day>29</Day>
                <Hour>9</Hour>
                <Minute>0</Minute>
            </PubMedPubDate>
        </History>
        <PublicationStatus>ppublish</PublicationStatus>
        <ArticleIdList>
            <ArticleId IdType="pubmed">16935586</ArticleId>
            <ArticleId IdType="pii">S0002-9394(06)00477-6</ArticleId>
            <ArticleId IdType="doi">10.1016/j.ajo.2006.04.015</ArticleId>
        </ArticleIdList>
    </PubmedData>
</PubmedArticle>

</PubmedArticleSet>