<?xml version="1.0" ?>
<!DOCTYPE PubmedArticleSet PUBLIC "-//NLM//DTD PubMedArticle, 1st January 2019//EN" "https://dtd.nlm.nih.gov/ncbi/pubmed/out/pubmed_190101.dtd">
<PubmedArticleSet>
<PubmedArticle>
    <MedlineCitation Status="MEDLINE" Owner="NLM">
        <PMID Version="1">21402976</PMID>
        <DateCompleted>
            <Year>2011</Year>
            <Month>09</Month>
            <Day>01</Day>
        </DateCompleted>
        <DateRevised>
            <Year>2018</Year>
            <Month>11</Month>
            <Day>13</Day>
        </DateRevised>
        <Article PubModel="Print-Electronic">
            <Journal>
                <ISSN IssnType="Electronic">1538-3601</ISSN>
                <JournalIssue CitedMedium="Internet">
                    <Volume>129</Volume>
                    <Issue>7</Issue>
                    <PubDate>
                        <Year>2011</Year>
                        <Month>Jul</Month>
                    </PubDate>
                </JournalIssue>
                <Title>Archives of ophthalmology (Chicago, Ill. : 1960)</Title>
                <ISOAbbreviation>Arch Ophthalmol</ISOAbbreviation>
            </Journal>
            <ArticleTitle>Dietary ω-3 fatty acid and fish intake and incident age-related macular degeneration in women.</ArticleTitle>
            <Pagination>
                <MedlinePgn>921-9</MedlinePgn>
            </Pagination>
            <ELocationID EIdType="doi" ValidYN="Y">10.1001/archophthalmol.2011.34</ELocationID>
            <Abstract>
                <AbstractText Label="OBJECTIVE" NlmCategory="OBJECTIVE">To examine whether intake of ω-3 fatty acids and fish affects incidence of age-related macular degeneration (AMD) in women.</AbstractText>
                <AbstractText Label="DESIGN" NlmCategory="METHODS">A detailed food-frequency questionnaire was administered at baseline among 39 876 female health professionals (mean [SD] age: 54.6 [7.0] years). A total of 38 022 women completed the questionnaire and were free of a diagnosis of AMD. The main outcome measure was incident AMD responsible for a reduction in best-corrected visual acuity to 20/30 or worse based on self-report confirmed by medical record review.</AbstractText>
                <AbstractText Label="RESULTS" NlmCategory="RESULTS">A total of 235 cases of AMD, most characterized by some combination of drusen and retinal pigment epithelial changes, were confirmed during an average of 10 years of follow-up. Women in the highest tertile of intake for docosahexaenoic acid, compared with those in the lowest, had a multivariate-adjusted relative risk of AMD of 0.62 (95% confidence interval, 0.44-0.87). For eicosapentaenoic acid, women in the highest tertile of intake had a relative risk of 0.66 (95% confidence interval, 0.48-0.92). Consistent with the findings for docosahexaenoic acid and eicosapentaenoic acid, women who consumed 1 or more servings of fish per week, compared with those who consumed less than 1 serving per month, had a relative risk of AMD of 0.58 (95% confidence interval, 0.38-0.87).</AbstractText>
                <AbstractText Label="CONCLUSION" NlmCategory="CONCLUSIONS">These prospective data from a large cohort of female health professionals without a diagnosis of AMD at baseline indicate that regular consumption of docosahexaenoic acid and eicosapentaenoic acid and fish was associated with a significantly decreased risk of incident AMD and may be of benefit in primary prevention of AMD.</AbstractText>
            </Abstract>
            <AuthorList CompleteYN="Y">
                <Author ValidYN="Y">
                    <LastName>Christen</LastName>
                    <ForeName>William G</ForeName>
                    <Initials>WG</Initials>
                    <AffiliationInfo>
                        <Affiliation>Divisions of Preventive Medicine, Department of Medicine, Brigham and Women’s Hospital and Harvard Medical School, Boston, Massachusetts, USA. wchristen@rics.bwh.harvard.edu</Affiliation>
                    </AffiliationInfo>
                </Author>
                <Author ValidYN="Y">
                    <LastName>Schaumberg</LastName>
                    <ForeName>Debra A</ForeName>
                    <Initials>DA</Initials>
                </Author>
                <Author ValidYN="Y">
                    <LastName>Glynn</LastName>
                    <ForeName>Robert J</ForeName>
                    <Initials>RJ</Initials>
                </Author>
                <Author ValidYN="Y">
                    <LastName>Buring</LastName>
                    <ForeName>Julie E</ForeName>
                    <Initials>JE</Initials>
                </Author>
            </AuthorList>
            <Language>eng</Language>
            <GrantList CompleteYN="Y">
                <Grant>
                    <GrantID>EY 06633</GrantID>
                    <Acronym>EY</Acronym>
                    <Agency>NEI NIH HHS</Agency>
                    <Country>United States</Country>
                </Grant>
                <Grant>
                    <GrantID>R01 HL043851</GrantID>
                    <Acronym>HL</Acronym>
                    <Agency>NHLBI NIH HHS</Agency>
                    <Country>United States</Country>
                </Grant>
                <Grant>
                    <GrantID>R01 EY006633-14</GrantID>
                    <Acronym>EY</Acronym>
                    <Agency>NEI NIH HHS</Agency>
                    <Country>United States</Country>
                </Grant>
                <Grant>
                    <GrantID>R01 CA047988</GrantID>
                    <Acronym>CA</Acronym>
                    <Agency>NCI NIH HHS</Agency>
                    <Country>United States</Country>
                </Grant>
                <Grant>
                    <GrantID>R01 HL043851-10</GrantID>
                    <Acronym>HL</Acronym>
                    <Agency>NHLBI NIH HHS</Agency>
                    <Country>United States</Country>
                </Grant>
                <Grant>
                    <GrantID>R01 CA047988-21</GrantID>
                    <Acronym>CA</Acronym>
                    <Agency>NCI NIH HHS</Agency>
                    <Country>United States</Country>
                </Grant>
                <Grant>
                    <GrantID>CA 47988</GrantID>
                    <Acronym>CA</Acronym>
                    <Agency>NCI NIH HHS</Agency>
                    <Country>United States</Country>
                </Grant>
                <Grant>
                    <GrantID>HL 43851</GrantID>
                    <Acronym>HL</Acronym>
                    <Agency>NHLBI NIH HHS</Agency>
                    <Country>United States</Country>
                </Grant>
            </GrantList>
            <PublicationTypeList>
                <PublicationType UI="D016428">Journal Article</PublicationType>
                <PublicationType UI="D016448">Multicenter Study</PublicationType>
                <PublicationType UI="D016449">Randomized Controlled Trial</PublicationType>
                <PublicationType UI="D052061">Research Support, N.I.H., Extramural</PublicationType>
            </PublicationTypeList>
            <ArticleDate DateType="Electronic">
                <Year>2011</Year>
                <Month>03</Month>
                <Day>14</Day>
            </ArticleDate>
        </Article>
        <MedlineJournalInfo>
            <Country>United States</Country>
            <MedlineTA>Arch Ophthalmol</MedlineTA>
            <NlmUniqueID>7706534</NlmUniqueID>
            <ISSNLinking>0003-9950</ISSNLinking>
        </MedlineJournalInfo>
        <ChemicalList>
            <Chemical>
                <RegistryNumber>0</RegistryNumber>
                <NameOfSubstance UI="D015525">Fatty Acids, Omega-3</NameOfSubstance>
            </Chemical>
        </ChemicalList>
        <CitationSubset>AIM</CitationSubset>
        <CitationSubset>IM</CitationSubset>
        <MeshHeadingList>
            <MeshHeading>
                <DescriptorName UI="D004032" MajorTopicYN="Y">Diet</DescriptorName>
            </MeshHeading>
            <MeshHeading>
                <DescriptorName UI="D004034" MajorTopicYN="Y">Diet Surveys</DescriptorName>
            </MeshHeading>
            <MeshHeading>
                <DescriptorName UI="D004311" MajorTopicYN="N">Double-Blind Method</DescriptorName>
            </MeshHeading>
            <MeshHeading>
                <DescriptorName UI="D015525" MajorTopicYN="N">Fatty Acids, Omega-3</DescriptorName>
                <QualifierName UI="Q000008" MajorTopicYN="Y">administration &amp; dosage</QualifierName>
            </MeshHeading>
            <MeshHeading>
                <DescriptorName UI="D005247" MajorTopicYN="N">Feeding Behavior</DescriptorName>
            </MeshHeading>
            <MeshHeading>
                <DescriptorName UI="D005260" MajorTopicYN="N">Female</DescriptorName>
            </MeshHeading>
            <MeshHeading>
                <DescriptorName UI="D006282" MajorTopicYN="N">Health Personnel</DescriptorName>
            </MeshHeading>
            <MeshHeading>
                <DescriptorName UI="D006801" MajorTopicYN="N">Humans</DescriptorName>
            </MeshHeading>
            <MeshHeading>
                <DescriptorName UI="D015994" MajorTopicYN="N">Incidence</DescriptorName>
            </MeshHeading>
            <MeshHeading>
                <DescriptorName UI="D008268" MajorTopicYN="N">Macular Degeneration</DescriptorName>
                <QualifierName UI="Q000453" MajorTopicYN="Y">epidemiology</QualifierName>
                <QualifierName UI="Q000209" MajorTopicYN="N">etiology</QualifierName>
            </MeshHeading>
            <MeshHeading>
                <DescriptorName UI="D008875" MajorTopicYN="N">Middle Aged</DescriptorName>
            </MeshHeading>
            <MeshHeading>
                <DescriptorName UI="D011446" MajorTopicYN="N">Prospective Studies</DescriptorName>
            </MeshHeading>
            <MeshHeading>
                <DescriptorName UI="D018570" MajorTopicYN="N">Risk Assessment</DescriptorName>
            </MeshHeading>
            <MeshHeading>
                <DescriptorName UI="D017747" MajorTopicYN="Y">Seafood</DescriptorName>
            </MeshHeading>
            <MeshHeading>
                <DescriptorName UI="D011795" MajorTopicYN="N">Surveys and Questionnaires</DescriptorName>
            </MeshHeading>
            <MeshHeading>
                <DescriptorName UI="D014481" MajorTopicYN="N">United States</DescriptorName>
                <QualifierName UI="Q000453" MajorTopicYN="N">epidemiology</QualifierName>
            </MeshHeading>
            <MeshHeading>
                <DescriptorName UI="D014792" MajorTopicYN="N">Visual Acuity</DescriptorName>
                <QualifierName UI="Q000502" MajorTopicYN="N">physiology</QualifierName>
            </MeshHeading>
            <MeshHeading>
                <DescriptorName UI="D016387" MajorTopicYN="Y">Women's Health</DescriptorName>
            </MeshHeading>
        </MeshHeadingList>
    </MedlineCitation>
    <PubmedData>
        <History>
            <PubMedPubDate PubStatus="entrez">
                <Year>2011</Year>
                <Month>3</Month>
                <Day>16</Day>
                <Hour>6</Hour>
                <Minute>0</Minute>
            </PubMedPubDate>
            <PubMedPubDate PubStatus="pubmed">
                <Year>2011</Year>
                <Month>3</Month>
                <Day>16</Day>
                <Hour>6</Hour>
                <Minute>0</Minute>
            </PubMedPubDate>
            <PubMedPubDate PubStatus="medline">
                <Year>2011</Year>
                <Month>9</Month>
                <Day>2</Day>
                <Hour>6</Hour>
                <Minute>0</Minute>
            </PubMedPubDate>
        </History>
        <PublicationStatus>ppublish</PublicationStatus>
        <ArticleIdList>
            <ArticleId IdType="pubmed">21402976</ArticleId>
            <ArticleId IdType="pii">archophthalmol.2011.34</ArticleId>
            <ArticleId IdType="doi">10.1001/archophthalmol.2011.34</ArticleId>
            <ArticleId IdType="pmc">PMC3134638</ArticleId>
            <ArticleId IdType="mid">NIHMS262126</ArticleId>
        </ArticleIdList>
        <ReferenceList>
            <Reference>
                <Citation>Prog Retin Eye Res. 2006 May;25(3):249-76</Citation>
                <ArticleIdList>
                    <ArticleId IdType="pubmed">16580242</ArticleId>
                </ArticleIdList>
            </Reference>
            <Reference>
                <Citation>Ophthalmology. 2006 Jul;113(7):1165-72; quiz 1172-3, 1178</Citation>
                <ArticleIdList>
                    <ArticleId IdType="pubmed">16815401</ArticleId>
                </ArticleIdList>
            </Reference>
            <Reference>
                <Citation>Arch Ophthalmol. 2006 Jul;124(7):981-6</Citation>
                <ArticleIdList>
                    <ArticleId IdType="pubmed">16832021</ArticleId>
                </ArticleIdList>
            </Reference>
            <Reference>
                <Citation>Arch Ophthalmol. 2006 Jul;124(7):995-1001</Citation>
                <ArticleIdList>
                    <ArticleId IdType="pubmed">16832023</ArticleId>
                </ArticleIdList>
            </Reference>
            <Reference>
                <Citation>Am J Cardiol. 2006 Aug 21;98(4A):39i-49i</Citation>
                <ArticleIdList>
                    <ArticleId IdType="pubmed">16919516</ArticleId>
                </ArticleIdList>
            </Reference>
            <Reference>
                <Citation>Am J Ophthalmol. 2006 Sep;142(3):419-28</Citation>
                <ArticleIdList>
                    <ArticleId IdType="pubmed">16935586</ArticleId>
                </ArticleIdList>
            </Reference>
            <Reference>
                <Citation>Arch Ophthalmol. 2007 Jan;125(1):55-62</Citation>
                <ArticleIdList>
                    <ArticleId IdType="pubmed">17210852</ArticleId>
                </ArticleIdList>
            </Reference>
            <Reference>
                <Citation>Arch Ophthalmol. 2007 May;125(5):671-9</Citation>
                <ArticleIdList>
                    <ArticleId IdType="pubmed">17502507</ArticleId>
                </ArticleIdList>
            </Reference>
            <Reference>
                <Citation>Nat Med. 2007 Jul;13(7):868-73</Citation>
                <ArticleIdList>
                    <ArticleId IdType="pubmed">17589522</ArticleId>
                </ArticleIdList>
            </Reference>
            <Reference>
                <Citation>Eur J Clin Nutr. 2007 Nov;61(11):1341-4</Citation>
                <ArticleIdList>
                    <ArticleId IdType="pubmed">17299457</ArticleId>
                </ArticleIdList>
            </Reference>
            <Reference>
                <Citation>Atherosclerosis. 2008 Mar;197(1):12-24</Citation>
                <ArticleIdList>
                    <ArticleId IdType="pubmed">18160071</ArticleId>
                </ArticleIdList>
            </Reference>
            <Reference>
                <Citation>Arch Ophthalmol. 2008 Jun;126(6):826-33</Citation>
                <ArticleIdList>
                    <ArticleId IdType="pubmed">18541848</ArticleId>
                </ArticleIdList>
            </Reference>
            <Reference>
                <Citation>Circulation. 2004 Jun 8;109(22):2705-11</Citation>
                <ArticleIdList>
                    <ArticleId IdType="pubmed">15184295</ArticleId>
                </ArticleIdList>
            </Reference>
            <Reference>
                <Citation>Exp Eye Res. 1970 Oct;10(2):339-44</Citation>
                <ArticleIdList>
                    <ArticleId IdType="pubmed">4320824</ArticleId>
                </ArticleIdList>
            </Reference>
            <Reference>
                <Citation>Prostaglandins Med. 1979 Nov;3(5):269-78</Citation>
                <ArticleIdList>
                    <ArticleId IdType="pubmed">121610</ArticleId>
                </ArticleIdList>
            </Reference>
            <Reference>
                <Citation>Lipids. 1982 Dec;17(12):905-13</Citation>
                <ArticleIdList>
                    <ArticleId IdType="pubmed">6298554</ArticleId>
                </ArticleIdList>
            </Reference>
            <Reference>
                <Citation>Proc Natl Acad Sci U S A. 1983 Jun;80(12):3581-4</Citation>
                <ArticleIdList>
                    <ArticleId IdType="pubmed">6304720</ArticleId>
                </ArticleIdList>
            </Reference>
            <Reference>
                <Citation>Prog Lipid Res. 1983;22(2):79-131</Citation>
                <ArticleIdList>
                    <ArticleId IdType="pubmed">6348799</ArticleId>
                </ArticleIdList>
            </Reference>
            <Reference>
                <Citation>Proc Natl Acad Sci U S A. 1986 Jun;83(11):4021-5</Citation>
                <ArticleIdList>
                    <ArticleId IdType="pubmed">3459166</ArticleId>
                </ArticleIdList>
            </Reference>
            <Reference>
                <Citation>Am J Epidemiol. 1986 Jul;124(1):17-27</Citation>
                <ArticleIdList>
                    <ArticleId IdType="pubmed">3521261</ArticleId>
                </ArticleIdList>
            </Reference>
            <Reference>
                <Citation>J Intern Med Suppl. 1989;731:99-104</Citation>
                <ArticleIdList>
                    <ArticleId IdType="pubmed">2539838</ArticleId>
                </ArticleIdList>
            </Reference>
            <Reference>
                <Citation>Arch Ophthalmol. 1991 Aug;109(8):1109-14</Citation>
                <ArticleIdList>
                    <ArticleId IdType="pubmed">1714270</ArticleId>
                </ArticleIdList>
            </Reference>
            <Reference>
                <Citation>Am J Epidemiol. 1992 Feb 15;135(4):418-27</Citation>
                <ArticleIdList>
                    <ArticleId IdType="pubmed">1550093</ArticleId>
                </ArticleIdList>
            </Reference>
            <Reference>
                <Citation>J Am Diet Assoc. 1993 Jul;93(7):790-6</Citation>
                <ArticleIdList>
                    <ArticleId IdType="pubmed">8320406</ArticleId>
                </ArticleIdList>
            </Reference>
            <Reference>
                <Citation>Arch Ophthalmol. 1993 Sep;111(9):1200-9</Citation>
                <ArticleIdList>
                    <ArticleId IdType="pubmed">7689827</ArticleId>
                </ArticleIdList>
            </Reference>
            <Reference>
                <Citation>Invest Ophthalmol Vis Sci. 1995 Jan;36(1):182-91</Citation>
                <ArticleIdList>
                    <ArticleId IdType="pubmed">7822146</ArticleId>
                </ArticleIdList>
            </Reference>
            <Reference>
                <Citation>Arch Ophthalmol. 1995 Jun;113(6):743-8</Citation>
                <ArticleIdList>
                    <ArticleId IdType="pubmed">7786215</ArticleId>
                </ArticleIdList>
            </Reference>
            <Reference>
                <Citation>J Neurochem. 1996 May;66(5):2160-7</Citation>
                <ArticleIdList>
                    <ArticleId IdType="pubmed">8780049</ArticleId>
                </ArticleIdList>
            </Reference>
            <Reference>
                <Citation>JAMA. 1996 Oct 9;276(14):1141-6</Citation>
                <ArticleIdList>
                    <ArticleId IdType="pubmed">8827966</ArticleId>
                </ArticleIdList>
            </Reference>
            <Reference>
                <Citation>JAMA. 1996 Oct 9;276(14):1147-51</Citation>
                <ArticleIdList>
                    <ArticleId IdType="pubmed">8827967</ArticleId>
                </ArticleIdList>
            </Reference>
            <Reference>
                <Citation>Am J Epidemiol. 1998 Jan 15;147(2):103-10</Citation>
                <ArticleIdList>
                    <ArticleId IdType="pubmed">9456998</ArticleId>
                </ArticleIdList>
            </Reference>
            <Reference>
                <Citation>Int J Vitam Nutr Res. 1998;68(3):159-73</Citation>
                <ArticleIdList>
                    <ArticleId IdType="pubmed">9637947</ArticleId>
                </ArticleIdList>
            </Reference>
            <Reference>
                <Citation>Nutrition. 1998 Jul-Aug;14(7-8):627-33</Citation>
                <ArticleIdList>
                    <ArticleId IdType="pubmed">9684267</ArticleId>
                </ArticleIdList>
            </Reference>
            <Reference>
                <Citation>Ophthalmic Epidemiol. 1999 Jun;6(2):125-43</Citation>
                <ArticleIdList>
                    <ArticleId IdType="pubmed">10420212</ArticleId>
                </ArticleIdList>
            </Reference>
            <Reference>
                <Citation>Prog Retin Eye Res. 2005 Jan;24(1):87-138</Citation>
                <ArticleIdList>
                    <ArticleId IdType="pubmed">15555528</ArticleId>
                </ArticleIdList>
            </Reference>
            <Reference>
                <Citation>N Engl J Med. 2004 Dec 30;351(27):2805-16</Citation>
                <ArticleIdList>
                    <ArticleId IdType="pubmed">15625332</ArticleId>
                </ArticleIdList>
            </Reference>
            <Reference>
                <Citation>N Engl J Med. 2005 Mar 31;352(13):1293-304</Citation>
                <ArticleIdList>
                    <ArticleId IdType="pubmed">15753114</ArticleId>
                </ArticleIdList>
            </Reference>
            <Reference>
                <Citation>Ophthalmology. 2005 Jun;112(6):1035-47</Citation>
                <ArticleIdList>
                    <ArticleId IdType="pubmed">15936441</ArticleId>
                </ArticleIdList>
            </Reference>
            <Reference>
                <Citation>Arch Ophthalmol. 2000 Mar;118(3):401-4</Citation>
                <ArticleIdList>
                    <ArticleId IdType="pubmed">10721964</ArticleId>
                </ArticleIdList>
            </Reference>
            <Reference>
                <Citation>Am J Clin Nutr. 2001 Feb;73(2):209-18</Citation>
                <ArticleIdList>
                    <ArticleId IdType="pubmed">11157315</ArticleId>
                </ArticleIdList>
            </Reference>
            <Reference>
                <Citation>Arch Ophthalmol. 2001 Feb;119(2):198-207</Citation>
                <ArticleIdList>
                    <ArticleId IdType="pubmed">11176980</ArticleId>
                </ArticleIdList>
            </Reference>
            <Reference>
                <Citation>Am J Ophthalmol. 2001 May;131(5):541-60</Citation>
                <ArticleIdList>
                    <ArticleId IdType="pubmed">11336929</ArticleId>
                </ArticleIdList>
            </Reference>
            <Reference>
                <Citation>Arch Ophthalmol. 2001 Aug;119(8):1191-9</Citation>
                <ArticleIdList>
                    <ArticleId IdType="pubmed">11483088</ArticleId>
                </ArticleIdList>
            </Reference>
            <Reference>
                <Citation>Am J Clin Nutr. 2008 Aug;88(2):398-406</Citation>
                <ArticleIdList>
                    <ArticleId IdType="pubmed">18689376</ArticleId>
                </ArticleIdList>
            </Reference>
            <Reference>
                <Citation>Arch Ophthalmol. 2008 Sep;126(9):1274-9</Citation>
                <ArticleIdList>
                    <ArticleId IdType="pubmed">18779490</ArticleId>
                </ArticleIdList>
            </Reference>
            <Reference>
                <Citation>Arch Ophthalmol. 2009 May;127(5):656-65</Citation>
                <ArticleIdList>
                    <ArticleId IdType="pubmed">19433717</ArticleId>
                </ArticleIdList>
            </Reference>
            <Reference>
                <Citation>Arch Ophthalmol. 2009 May;127(5):674-80</Citation>
                <ArticleIdList>
                    <ArticleId IdType="pubmed">19433719</ArticleId>
                </ArticleIdList>
            </Reference>
            <Reference>
                <Citation>J Biol Chem. 2009 Jun 5;284(23):15400-7</Citation>
                <ArticleIdList>
                    <ArticleId IdType="pubmed">19359242</ArticleId>
                </ArticleIdList>
            </Reference>
            <Reference>
                <Citation>Invest Ophthalmol Vis Sci. 2009 Aug;50(8):3613-20</Citation>
                <ArticleIdList>
                    <ArticleId IdType="pubmed">19443724</ArticleId>
                </ArticleIdList>
            </Reference>
            <Reference>
                <Citation>J Am Coll Cardiol. 2009 Aug 11;54(7):585-94</Citation>
                <ArticleIdList>
                    <ArticleId IdType="pubmed">19660687</ArticleId>
                </ArticleIdList>
            </Reference>
            <Reference>
                <Citation>Arch Ophthalmol. 2009 Nov;127(11):1483-93</Citation>
                <ArticleIdList>
                    <ArticleId IdType="pubmed">19901214</ArticleId>
                </ArticleIdList>
            </Reference>
            <Reference>
                <Citation>Am J Clin Nutr. 2009 Dec;90(6):1601-7</Citation>
                <ArticleIdList>
                    <ArticleId IdType="pubmed">19812176</ArticleId>
                </ArticleIdList>
            </Reference>
            <Reference>
                <Citation>Invest Ophthalmol Vis Sci. 2010 Mar;51(3):1275-81</Citation>
                <ArticleIdList>
                    <ArticleId IdType="pubmed">20185837</ArticleId>
                </ArticleIdList>
            </Reference>
            <Reference>
                <Citation>Ophthalmology. 2010 Dec;117(12):2395-401</Citation>
                <ArticleIdList>
                    <ArticleId IdType="pubmed">20630597</ArticleId>
                </ArticleIdList>
            </Reference>
            <Reference>
                <Citation>JAMA. 2005 Jul 6;294(1):47-55</Citation>
                <ArticleIdList>
                    <ArticleId IdType="pubmed">15998890</ArticleId>
                </ArticleIdList>
            </Reference>
            <Reference>
                <Citation>Arch Ophthalmol. 2004 Apr;122(4):564-72</Citation>
                <ArticleIdList>
                    <ArticleId IdType="pubmed">15078675</ArticleId>
                </ArticleIdList>
            </Reference>
            <Reference>
                <Citation>Am J Cardiol. 2004 May 1;93(9):1119-23</Citation>
                <ArticleIdList>
                    <ArticleId IdType="pubmed">15110203</ArticleId>
                </ArticleIdList>
            </Reference>
            <Reference>
                <Citation>Proc Natl Acad Sci U S A. 2004 Jun 1;101(22):8491-6</Citation>
                <ArticleIdList>
                    <ArticleId IdType="pubmed">15152078</ArticleId>
                </ArticleIdList>
            </Reference>
            <Reference>
                <Citation>Arch Ophthalmol. 2001 Sep;119(9):1259-65</Citation>
                <ArticleIdList>
                    <ArticleId IdType="pubmed">11545630</ArticleId>
                </ArticleIdList>
            </Reference>
            <Reference>
                <Citation>Prog Retin Eye Res. 2001 Nov;20(6):705-32</Citation>
                <ArticleIdList>
                    <ArticleId IdType="pubmed">11587915</ArticleId>
                </ArticleIdList>
            </Reference>
            <Reference>
                <Citation>Arch Ophthalmol. 2001 Oct;119(10):1417-36</Citation>
                <ArticleIdList>
                    <ArticleId IdType="pubmed">11594942</ArticleId>
                </ArticleIdList>
            </Reference>
            <Reference>
                <Citation>Arch Ophthalmol. 2001 Dec;119(12):1833-8</Citation>
                <ArticleIdList>
                    <ArticleId IdType="pubmed">11735796</ArticleId>
                </ArticleIdList>
            </Reference>
            <Reference>
                <Citation>JAMA. 2002 Apr 10;287(14):1815-21</Citation>
                <ArticleIdList>
                    <ArticleId IdType="pubmed">11939867</ArticleId>
                </ArticleIdList>
            </Reference>
            <Reference>
                <Citation>Proc Nutr Soc. 2002 Aug;61(3):345-58</Citation>
                <ArticleIdList>
                    <ArticleId IdType="pubmed">12296294</ArticleId>
                </ArticleIdList>
            </Reference>
            <Reference>
                <Citation>Ophthalmology. 2002 Oct;109(10):1767-79</Citation>
                <ArticleIdList>
                    <ArticleId IdType="pubmed">12359593</ArticleId>
                </ArticleIdList>
            </Reference>
            <Reference>
                <Citation>J Exp Med. 2002 Oct 21;196(8):1025-37</Citation>
                <ArticleIdList>
                    <ArticleId IdType="pubmed">12391014</ArticleId>
                </ArticleIdList>
            </Reference>
            <Reference>
                <Citation>Circulation. 2002 Nov 19;106(21):2747-57</Citation>
                <ArticleIdList>
                    <ArticleId IdType="pubmed">12438303</ArticleId>
                </ArticleIdList>
            </Reference>
            <Reference>
                <Citation>Biomed Pharmacother. 2002 Oct;56(8):365-79</Citation>
                <ArticleIdList>
                    <ArticleId IdType="pubmed">12442909</ArticleId>
                </ArticleIdList>
            </Reference>
            <Reference>
                <Citation>Arch Ophthalmol. 2003 Apr;121(4):519-26</Citation>
                <ArticleIdList>
                    <ArticleId IdType="pubmed">12695249</ArticleId>
                </ArticleIdList>
            </Reference>
            <Reference>
                <Citation>Arch Ophthalmol. 2003 Dec;121(12):1728-37</Citation>
                <ArticleIdList>
                    <ArticleId IdType="pubmed">14662593</ArticleId>
                </ArticleIdList>
            </Reference>
            <Reference>
                <Citation>Am J Clin Nutr. 2005 Jun;81(6):1417-22</Citation>
                <ArticleIdList>
                    <ArticleId IdType="pubmed">15941896</ArticleId>
                </ArticleIdList>
            </Reference>
            <Reference>
                <Citation>JAMA. 2005 Jul 6;294(1):56-65</Citation>
                <ArticleIdList>
                    <ArticleId IdType="pubmed">15998891</ArticleId>
                </ArticleIdList>
            </Reference>
            <Reference>
                <Citation>Am J Epidemiol. 2005 Aug 15;162(4):373-81</Citation>
                <ArticleIdList>
                    <ArticleId IdType="pubmed">16014782</ArticleId>
                </ArticleIdList>
            </Reference>
            <Reference>
                <Citation>Am J Clin Nutr. 2005 Oct;82(4):887-93</Citation>
                <ArticleIdList>
                    <ArticleId IdType="pubmed">16210721</ArticleId>
                </ArticleIdList>
            </Reference>
            <Reference>
                <Citation>Arch Ophthalmol. 2005 Nov;123(11):1570-4</Citation>
                <ArticleIdList>
                    <ArticleId IdType="pubmed">16286620</ArticleId>
                </ArticleIdList>
            </Reference>
            <Reference>
                <Citation>Invest Ophthalmol Vis Sci. 2006 Jun;47(6):2336-40</Citation>
                <ArticleIdList>
                    <ArticleId IdType="pubmed">16723442</ArticleId>
                </ArticleIdList>
            </Reference>
        </ReferenceList>
    </PubmedData>
</PubmedArticle>

</PubmedArticleSet>