<?xml version="1.0" ?>
<!DOCTYPE PubmedArticleSet PUBLIC "-//NLM//DTD PubMedArticle, 1st January 2019//EN" "https://dtd.nlm.nih.gov/ncbi/pubmed/out/pubmed_190101.dtd">
<PubmedArticleSet>
<PubmedArticle>
    <MedlineCitation Status="MEDLINE" Owner="NLM">
        <PMID Version="1">15994659</PMID>
        <DateCompleted>
            <Year>2005</Year>
            <Month>07</Month>
            <Day>28</Day>
        </DateCompleted>
        <DateRevised>
            <Year>2018</Year>
            <Month>11</Month>
            <Day>13</Day>
        </DateRevised>
        <Article PubModel="Print-Electronic">
            <Journal>
                <ISSN IssnType="Electronic">1756-1833</ISSN>
                <JournalIssue CitedMedium="Internet">
                    <Volume>331</Volume>
                    <Issue>7509</Issue>
                    <PubDate>
                        <Year>2005</Year>
                        <Month>Jul</Month>
                        <Day>16</Day>
                    </PubDate>
                </JournalIssue>
                <Title>BMJ (Clinical research ed.)</Title>
                <ISOAbbreviation>BMJ</ISOAbbreviation>
            </Journal>
            <ArticleTitle>Treatment of ocular hypertension and open angle glaucoma: meta-analysis of randomised controlled trials.</ArticleTitle>
            <Pagination>
                <MedlinePgn>134</MedlinePgn>
            </Pagination>
            <Abstract>
                <AbstractText Label="OBJECTIVE" NlmCategory="OBJECTIVE">Open angle glaucoma is one of the most common causes of blindness in industrialised nations. Treatments to lower ocular pressure are widely used in glaucoma prevention and treatment, despite conflicting evidence.</AbstractText>
                <AbstractText Label="DESIGN" NlmCategory="METHODS">We performed meta-analyses to reassess the effectiveness of pressure lowering treatment to delay the development of glaucoma in ocular hypertension, as well as progression of manifest open angle glaucoma.</AbstractText>
                <AbstractText Label="DATA SOURCES" NlmCategory="METHODS">Medline, Embase, and the Cochrane Library.</AbstractText>
                <AbstractText Label="SELECTION OF STUDIES" NlmCategory="METHODS">Eligible studies were randomised controlled trials with a concurrent untreated control group and information on time to glaucomatous changes to visual field and optic disc. Trial reports were reviewed independently by two investigators in an unblinded standardised manner.</AbstractText>
                <AbstractText Label="RESULTS" NlmCategory="RESULTS">Meta-analysis of trials in ocular hypertension showed a significant preventive effect of reducing intraocular pressure on progression to glaucoma (hazard ratio 0.56, 95% confidence interval 0.39 to 0.81, P = 0.01; number needed to treat 12). Pooled data of studies in manifest glaucoma showed a significant delay of visual field deterioration (0.65, 0.49 to 0.87, P = 0.003; NNT = 7), with subgroup analysis showing a larger effect in patients with raised pressure and a reduced effect in normal tension glaucoma (subgroup comparison: not significant).</AbstractText>
                <AbstractText Label="CONCLUSIONS" NlmCategory="CONCLUSIONS">Lowering intraocular pressure in patients with ocular hypertension or manifest glaucoma is beneficial in reducing the risk of visual field loss in the long term.</AbstractText>
            </Abstract>
            <AuthorList CompleteYN="Y">
                <Author ValidYN="Y">
                    <LastName>Maier</LastName>
                    <ForeName>Philip C</ForeName>
                    <Initials>PC</Initials>
                    <AffiliationInfo>
                        <Affiliation>Department of Ophthalmology, University Hospital Freiburg, Killianstr 5, D-79106 Freiburg, Germany. maierphi@aug.ukl.uni-freiburg.de</Affiliation>
                    </AffiliationInfo>
                </Author>
                <Author ValidYN="Y">
                    <LastName>Funk</LastName>
                    <ForeName>Jens</ForeName>
                    <Initials>J</Initials>
                </Author>
                <Author ValidYN="Y">
                    <LastName>Schwarzer</LastName>
                    <ForeName>Guido</ForeName>
                    <Initials>G</Initials>
                </Author>
                <Author ValidYN="Y">
                    <LastName>Antes</LastName>
                    <ForeName>Gerd</ForeName>
                    <Initials>G</Initials>
                </Author>
                <Author ValidYN="Y">
                    <LastName>Falck-Ytter</LastName>
                    <ForeName>Yngve T</ForeName>
                    <Initials>YT</Initials>
                </Author>
            </AuthorList>
            <Language>eng</Language>
            <PublicationTypeList>
                <PublicationType UI="D016428">Journal Article</PublicationType>
                <PublicationType UI="D017418">Meta-Analysis</PublicationType>
                <PublicationType UI="D016454">Review</PublicationType>
            </PublicationTypeList>
            <ArticleDate DateType="Electronic">
                <Year>2005</Year>
                <Month>07</Month>
                <Day>01</Day>
            </ArticleDate>
        </Article>
        <MedlineJournalInfo>
            <Country>England</Country>
            <MedlineTA>BMJ</MedlineTA>
            <NlmUniqueID>8900488</NlmUniqueID>
            <ISSNLinking>0959-8138</ISSNLinking>
        </MedlineJournalInfo>
        <CitationSubset>AIM</CitationSubset>
        <CitationSubset>IM</CitationSubset>
        <CommentsCorrectionsList>
            <CommentsCorrections RefType="CommentIn">
                <RefSource>BMJ. 2005 Jul 16;331(7509):120-1</RefSource>
                <PMID Version="1">16020831</PMID>
            </CommentsCorrections>
        </CommentsCorrectionsList>
        <MeshHeadingList>
            <MeshHeading>
                <DescriptorName UI="D005902" MajorTopicYN="N">Glaucoma, Open-Angle</DescriptorName>
                <QualifierName UI="Q000150" MajorTopicYN="N">complications</QualifierName>
                <QualifierName UI="Q000628" MajorTopicYN="Y">therapy</QualifierName>
            </MeshHeading>
            <MeshHeading>
                <DescriptorName UI="D006801" MajorTopicYN="N">Humans</DescriptorName>
            </MeshHeading>
            <MeshHeading>
                <DescriptorName UI="D009798" MajorTopicYN="N">Ocular Hypertension</DescriptorName>
                <QualifierName UI="Q000150" MajorTopicYN="N">complications</QualifierName>
                <QualifierName UI="Q000628" MajorTopicYN="Y">therapy</QualifierName>
            </MeshHeading>
            <MeshHeading>
                <DescriptorName UI="D016016" MajorTopicYN="N">Proportional Hazards Models</DescriptorName>
            </MeshHeading>
            <MeshHeading>
                <DescriptorName UI="D016032" MajorTopicYN="N">Randomized Controlled Trials as Topic</DescriptorName>
            </MeshHeading>
            <MeshHeading>
                <DescriptorName UI="D012307" MajorTopicYN="N">Risk Factors</DescriptorName>
            </MeshHeading>
        </MeshHeadingList>
        <NumberOfReferences>13</NumberOfReferences>
    </MedlineCitation>
    <PubmedData>
        <History>
            <PubMedPubDate PubStatus="pubmed">
                <Year>2005</Year>
                <Month>7</Month>
                <Day>5</Day>
                <Hour>9</Hour>
                <Minute>0</Minute>
            </PubMedPubDate>
            <PubMedPubDate PubStatus="medline">
                <Year>2005</Year>
                <Month>7</Month>
                <Day>29</Day>
                <Hour>9</Hour>
                <Minute>0</Minute>
            </PubMedPubDate>
            <PubMedPubDate PubStatus="entrez">
                <Year>2005</Year>
                <Month>7</Month>
                <Day>5</Day>
                <Hour>9</Hour>
                <Minute>0</Minute>
            </PubMedPubDate>
        </History>
        <PublicationStatus>ppublish</PublicationStatus>
        <ArticleIdList>
            <ArticleId IdType="pubmed">15994659</ArticleId>
            <ArticleId IdType="pii">bmj.38506.594977.E0</ArticleId>
            <ArticleId IdType="doi">10.1136/bmj.38506.594977.E0</ArticleId>
            <ArticleId IdType="pmc">PMC558697</ArticleId>
        </ArticleIdList>
        <ReferenceList>
            <Reference>
                <Citation>BMJ. 1999 Dec 4;319(7223):1492-5</Citation>
                <ArticleIdList>
                    <ArticleId IdType="pubmed">10582940</ArticleId>
                </ArticleIdList>
            </Reference>
            <Reference>
                <Citation>Stat Med. 1998 Dec 30;17(24):2815-34</Citation>
                <ArticleIdList>
                    <ArticleId IdType="pubmed">9921604</ArticleId>
                </ArticleIdList>
            </Reference>
            <Reference>
                <Citation>Graefes Arch Clin Exp Ophthalmol. 2000 Nov;238(11):877-83</Citation>
                <ArticleIdList>
                    <ArticleId IdType="pubmed">11148810</ArticleId>
                </ArticleIdList>
            </Reference>
            <Reference>
                <Citation>Arch Ophthalmol. 2002 Jun;120(6):701-13; discussion 829-30</Citation>
                <ArticleIdList>
                    <ArticleId IdType="pubmed">12049574</ArticleId>
                </ArticleIdList>
            </Reference>
            <Reference>
                <Citation>Arch Ophthalmol. 2002 Jun;120(6):714-20; discussion 829-30</Citation>
                <ArticleIdList>
                    <ArticleId IdType="pubmed">12049575</ArticleId>
                </ArticleIdList>
            </Reference>
            <Reference>
                <Citation>Arch Ophthalmol. 2002 Oct;120(10):1268-79</Citation>
                <ArticleIdList>
                    <ArticleId IdType="pubmed">12365904</ArticleId>
                </ArticleIdList>
            </Reference>
            <Reference>
                <Citation>Arch Ophthalmol. 2003 Jan;121(1):48-56</Citation>
                <ArticleIdList>
                    <ArticleId IdType="pubmed">12523884</ArticleId>
                </ArticleIdList>
            </Reference>
            <Reference>
                <Citation>BMJ. 2003 Jan 25;326(7382):219</Citation>
                <ArticleIdList>
                    <ArticleId IdType="pubmed">12543843</ArticleId>
                </ArticleIdList>
            </Reference>
            <Reference>
                <Citation>Graefes Arch Clin Exp Ophthalmol. 2003 Mar;241(3):196-203</Citation>
                <ArticleIdList>
                    <ArticleId IdType="pubmed">12644943</ArticleId>
                </ArticleIdList>
            </Reference>
            <Reference>
                <Citation>BMJ. 2003 Sep 6;327(7414):557-60</Citation>
                <ArticleIdList>
                    <ArticleId IdType="pubmed">12958120</ArticleId>
                </ArticleIdList>
            </Reference>
            <Reference>
                <Citation>Arch Ophthalmol. 1976 Dec;94(12):2059-60</Citation>
                <ArticleIdList>
                    <ArticleId IdType="pubmed">999550</ArticleId>
                </ArticleIdList>
            </Reference>
            <Reference>
                <Citation>Arch Ophthalmol. 1977 Jul;95(7):1180-4</Citation>
                <ArticleIdList>
                    <ArticleId IdType="pubmed">880076</ArticleId>
                </ArticleIdList>
            </Reference>
            <Reference>
                <Citation>Trans Ophthalmol Soc N Z. 1981;33:30-2</Citation>
                <ArticleIdList>
                    <ArticleId IdType="pubmed">7020222</ArticleId>
                </ArticleIdList>
            </Reference>
            <Reference>
                <Citation>Acta Ophthalmol (Copenh). 1988 Apr;66(2):170-3</Citation>
                <ArticleIdList>
                    <ArticleId IdType="pubmed">3291548</ArticleId>
                </ArticleIdList>
            </Reference>
            <Reference>
                <Citation>Arch Ophthalmol. 1989 Nov;107(11):1590-8</Citation>
                <ArticleIdList>
                    <ArticleId IdType="pubmed">2818278</ArticleId>
                </ArticleIdList>
            </Reference>
            <Reference>
                <Citation>Ophthalmology. 1989 Oct;96(10):1460-7</Citation>
                <ArticleIdList>
                    <ArticleId IdType="pubmed">2685707</ArticleId>
                </ArticleIdList>
            </Reference>
            <Reference>
                <Citation>Ophthalmology. 1991 Mar;98(3):301-7</Citation>
                <ArticleIdList>
                    <ArticleId IdType="pubmed">2023749</ArticleId>
                </ArticleIdList>
            </Reference>
            <Reference>
                <Citation>Arch Ophthalmol. 1993 Jan;111(1):96-103</Citation>
                <ArticleIdList>
                    <ArticleId IdType="pubmed">8424732</ArticleId>
                </ArticleIdList>
            </Reference>
            <Reference>
                <Citation>Ophthalmology. 1994 Nov;101(11):1851-5</Citation>
                <ArticleIdList>
                    <ArticleId IdType="pubmed">7800368</ArticleId>
                </ArticleIdList>
            </Reference>
            <Reference>
                <Citation>Br J Ophthalmol. 1996 May;80(5):389-93</Citation>
                <ArticleIdList>
                    <ArticleId IdType="pubmed">8695555</ArticleId>
                </ArticleIdList>
            </Reference>
            <Reference>
                <Citation>Am J Ophthalmol. 1998 Oct;126(4):498-505</Citation>
                <ArticleIdList>
                    <ArticleId IdType="pubmed">9780094</ArticleId>
                </ArticleIdList>
            </Reference>
        </ReferenceList>
    </PubmedData>
</PubmedArticle>

</PubmedArticleSet>