<?xml version="1.0" ?>
<!DOCTYPE PubmedArticleSet PUBLIC "-//NLM//DTD PubMedArticle, 1st January 2019//EN" "https://dtd.nlm.nih.gov/ncbi/pubmed/out/pubmed_190101.dtd">
<PubmedArticleSet>
<PubmedArticle>
    <MedlineCitation Status="MEDLINE" Owner="NLM">
        <PMID Version="1">20584018</PMID>
        <DateCompleted>
            <Year>2010</Year>
            <Month>11</Month>
            <Day>09</Day>
        </DateCompleted>
        <DateRevised>
            <Year>2016</Year>
            <Month>08</Month>
            <Day>31</Day>
        </DateRevised>
        <Article PubModel="Print-Electronic">
            <Journal>
                <ISSN IssnType="Electronic">1442-9071</ISSN>
                <JournalIssue CitedMedium="Internet">
                    <Volume>38</Volume>
                    <Issue>5</Issue>
                    <PubDate>
                        <Year>2010</Year>
                        <Month>Jul</Month>
                    </PubDate>
                </JournalIssue>
                <Title>Clinical &amp; experimental ophthalmology</Title>
                <ISOAbbreviation>Clin Exp Ophthalmol</ISOAbbreviation>
            </Journal>
            <ArticleTitle>Relationship between retinal sensitivity and morphologic changes in eyes with confluent soft drusen.</ArticleTitle>
            <Pagination>
                <MedlinePgn>483-8</MedlinePgn>
            </Pagination>
            <ELocationID EIdType="doi" ValidYN="Y">10.1111/j.1442-9071.2010.02294.x</ELocationID>
            <Abstract>
                <AbstractText Label="PURPOSE" NlmCategory="OBJECTIVE">To examine the relationship between retinal sensitivity and morphologic changes in the macular area of eyes with confluent soft drusen.</AbstractText>
                <AbstractText Label="METHODS" NlmCategory="METHODS">We retrospectively reviewed the medical records of the 21 consecutive patients (22 eyes) who had confluent soft drusen in the macular area. Using spectral-domain optical coherence tomography, a 6 x 6-mm area of each macula was examined with 256 sequential horizontal scans. Microperimetry in the macular area was carried out using the Micro Perimeter 1.</AbstractText>
                <AbstractText Label="RESULTS" NlmCategory="RESULTS">Spectral-domain optical coherence tomography images showed that protrusion of the retinal pigment epithelium (RPE) corresponded to the site of the confluent soft drusen. In addition, irregularities of the reflective line of the junction between inner and outer segments (IS/OS) of the photoreceptors were noted in 17 (77.3%) eyes. These irregularities were seen in the area with the protrusion of RPE. At 510 (68.1%) of 748 points with an intact retina, retinal sensitivity was 14 decibels or better. However, a retinal sensitivity of 14 decibels or better was obtained at 38.9% of points in irregular RPE with an intact IS/OS line, but at only 15.2% of points with an irregular IS/OS line. The mean retinal sensitivities within the area of irregular RPE with an intact IS/OS line, or in areas with an irregular IS/OS line, respectively, were significantly lower than that of intact retina (P &lt; 0.0001).</AbstractText>
                <AbstractText Label="CONCLUSION" NlmCategory="CONCLUSIONS">Eyes with confluent soft drusen often show focal areas with reduced retinal function, areas that are consistent with irregularity of the RPE or of the IS/OS line.</AbstractText>
            </Abstract>
            <AuthorList CompleteYN="Y">
                <Author ValidYN="Y">
                    <LastName>Iwama</LastName>
                    <ForeName>Daisuke</ForeName>
                    <Initials>D</Initials>
                    <AffiliationInfo>
                        <Affiliation>Department of Ophthalmology, Kyoto University Graduate School of Medicine, Kyoto, Japan.</Affiliation>
                    </AffiliationInfo>
                </Author>
                <Author ValidYN="Y">
                    <LastName>Tsujikawa</LastName>
                    <ForeName>Akitaka</ForeName>
                    <Initials>A</Initials>
                </Author>
                <Author ValidYN="Y">
                    <LastName>Ojima</LastName>
                    <ForeName>Yumiko</ForeName>
                    <Initials>Y</Initials>
                </Author>
                <Author ValidYN="Y">
                    <LastName>Nakanishi</LastName>
                    <ForeName>Hideo</ForeName>
                    <Initials>H</Initials>
                </Author>
                <Author ValidYN="Y">
                    <LastName>Yamashiro</LastName>
                    <ForeName>Kenji</ForeName>
                    <Initials>K</Initials>
                </Author>
                <Author ValidYN="Y">
                    <LastName>Tamura</LastName>
                    <ForeName>Hiroshi</ForeName>
                    <Initials>H</Initials>
                </Author>
                <Author ValidYN="Y">
                    <LastName>Ooto</LastName>
                    <ForeName>Sotaro</ForeName>
                    <Initials>S</Initials>
                </Author>
                <Author ValidYN="Y">
                    <LastName>Yoshimura</LastName>
                    <ForeName>Nagahisa</ForeName>
                    <Initials>N</Initials>
                </Author>
            </AuthorList>
            <Language>eng</Language>
            <PublicationTypeList>
                <PublicationType UI="D016428">Journal Article</PublicationType>
            </PublicationTypeList>
            <ArticleDate DateType="Electronic">
                <Year>2010</Year>
                <Month>06</Month>
                <Day>25</Day>
            </ArticleDate>
        </Article>
        <MedlineJournalInfo>
            <Country>Australia</Country>
            <MedlineTA>Clin Exp Ophthalmol</MedlineTA>
            <NlmUniqueID>100896531</NlmUniqueID>
            <ISSNLinking>1442-6404</ISSNLinking>
        </MedlineJournalInfo>
        <CitationSubset>IM</CitationSubset>
        <MeshHeadingList>
            <MeshHeading>
                <DescriptorName UI="D000368" MajorTopicYN="N">Aged</DescriptorName>
            </MeshHeading>
            <MeshHeading>
                <DescriptorName UI="D000369" MajorTopicYN="N">Aged, 80 and over</DescriptorName>
            </MeshHeading>
            <MeshHeading>
                <DescriptorName UI="D005260" MajorTopicYN="N">Female</DescriptorName>
            </MeshHeading>
            <MeshHeading>
                <DescriptorName UI="D006801" MajorTopicYN="N">Humans</DescriptorName>
            </MeshHeading>
            <MeshHeading>
                <DescriptorName UI="D008266" MajorTopicYN="N">Macula Lutea</DescriptorName>
                <QualifierName UI="Q000473" MajorTopicYN="Y">pathology</QualifierName>
            </MeshHeading>
            <MeshHeading>
                <DescriptorName UI="D008268" MajorTopicYN="N">Macular Degeneration</DescriptorName>
                <QualifierName UI="Q000209" MajorTopicYN="N">etiology</QualifierName>
                <QualifierName UI="Q000473" MajorTopicYN="Y">pathology</QualifierName>
            </MeshHeading>
            <MeshHeading>
                <DescriptorName UI="D008297" MajorTopicYN="N">Male</DescriptorName>
            </MeshHeading>
            <MeshHeading>
                <DescriptorName UI="D009887" MajorTopicYN="N">Ophthalmoscopy</DescriptorName>
            </MeshHeading>
            <MeshHeading>
                <DescriptorName UI="D015593" MajorTopicYN="N">Retinal Drusen</DescriptorName>
                <QualifierName UI="Q000150" MajorTopicYN="N">complications</QualifierName>
                <QualifierName UI="Q000473" MajorTopicYN="Y">pathology</QualifierName>
            </MeshHeading>
            <MeshHeading>
                <DescriptorName UI="D055211" MajorTopicYN="N">Retinal Photoreceptor Cell Inner Segment</DescriptorName>
                <QualifierName UI="Q000473" MajorTopicYN="N">pathology</QualifierName>
            </MeshHeading>
            <MeshHeading>
                <DescriptorName UI="D055214" MajorTopicYN="N">Retinal Photoreceptor Cell Outer Segment</DescriptorName>
                <QualifierName UI="Q000473" MajorTopicYN="N">pathology</QualifierName>
            </MeshHeading>
            <MeshHeading>
                <DescriptorName UI="D055213" MajorTopicYN="N">Retinal Pigment Epithelium</DescriptorName>
                <QualifierName UI="Q000473" MajorTopicYN="Y">pathology</QualifierName>
            </MeshHeading>
            <MeshHeading>
                <DescriptorName UI="D012189" MajorTopicYN="N">Retrospective Studies</DescriptorName>
            </MeshHeading>
            <MeshHeading>
                <DescriptorName UI="D041623" MajorTopicYN="N">Tomography, Optical Coherence</DescriptorName>
            </MeshHeading>
            <MeshHeading>
                <DescriptorName UI="D058609" MajorTopicYN="N">Visual Field Tests</DescriptorName>
            </MeshHeading>
        </MeshHeadingList>
    </MedlineCitation>
    <PubmedData>
        <History>
            <PubMedPubDate PubStatus="entrez">
                <Year>2010</Year>
                <Month>6</Month>
                <Day>30</Day>
                <Hour>6</Hour>
                <Minute>0</Minute>
            </PubMedPubDate>
            <PubMedPubDate PubStatus="pubmed">
                <Year>2010</Year>
                <Month>6</Month>
                <Day>30</Day>
                <Hour>6</Hour>
                <Minute>0</Minute>
            </PubMedPubDate>
            <PubMedPubDate PubStatus="medline">
                <Year>2010</Year>
                <Month>11</Month>
                <Day>10</Day>
                <Hour>6</Hour>
                <Minute>0</Minute>
            </PubMedPubDate>
        </History>
        <PublicationStatus>ppublish</PublicationStatus>
        <ArticleIdList>
            <ArticleId IdType="pubmed">20584018</ArticleId>
            <ArticleId IdType="pii">CEO2294</ArticleId>
            <ArticleId IdType="doi">10.1111/j.1442-9071.2010.02294.x</ArticleId>
        </ArticleIdList>
    </PubmedData>
</PubmedArticle>

</PubmedArticleSet>