<?xml version="1.0" ?>
<!DOCTYPE PubmedArticleSet PUBLIC "-//NLM//DTD PubMedArticle, 1st January 2019//EN" "https://dtd.nlm.nih.gov/ncbi/pubmed/out/pubmed_190101.dtd">
<PubmedArticleSet>
<PubmedArticle>
    <MedlineCitation Status="MEDLINE" Owner="NLM">
        <PMID Version="1">21150232</PMID>
        <DateCompleted>
            <Year>2011</Year>
            <Month>06</Month>
            <Day>24</Day>
        </DateCompleted>
        <DateRevised>
            <Year>2011</Year>
            <Month>03</Month>
            <Day>17</Day>
        </DateRevised>
        <Article PubModel="Print-Electronic">
            <Journal>
                <ISSN IssnType="Electronic">1423-0267</ISSN>
                <JournalIssue CitedMedium="Internet">
                    <Volume>225</Volume>
                    <Issue>3</Issue>
                    <PubDate>
                        <Year>2011</Year>
                    </PubDate>
                </JournalIssue>
                <Title>Ophthalmologica. Journal international d'ophtalmologie. International journal of ophthalmology. Zeitschrift fur Augenheilkunde</Title>
                <ISOAbbreviation>Ophthalmologica</ISOAbbreviation>
            </Journal>
            <ArticleTitle>Detection of macular function changes in early (AREDS 2) and intermediate (AREDS 3) age-related macular degeneration.</ArticleTitle>
            <Pagination>
                <MedlinePgn>155-60</MedlinePgn>
            </Pagination>
            <ELocationID EIdType="doi" ValidYN="Y">10.1159/000320340</ELocationID>
            <Abstract>
                <AbstractText Label="BACKGROUND/AIM" NlmCategory="OBJECTIVE">To evaluate if retinal sensitivity values obtained with a dedicated (screening) device can be used to functionally identify early and intermediate age-related macular degeneration (ARMD).</AbstractText>
                <AbstractText Label="METHODS" NlmCategory="METHODS">A fully automatic fundus perimeter combined with an image-stabilized scanning laser ophthalmoscope was used in 200 ARMD patients (319 eyes) in 5 study sites. The age-matched control group consisted of 200 normals. Sensitivity point values (S values), mean retinal sensitivity, number of points below 24 dB (K value, cutoff for normal values) and fixation stability were recorded.</AbstractText>
                <AbstractText Label="RESULTS" NlmCategory="RESULTS">Of 319 eyes, 164 were classified as early (AREDS 2) and 155 as intermediate (AREDS 3) ARMD. Mean retinal sensitivity was significantly reduced in ARMD patients versus normals (p &lt; 0.001). K values were different between normals and ARMD patients (p &lt; 0.001). Fixation stability did not differ between early and intermediate ARMD patients.</AbstractText>
                <AbstractText Label="CONCLUSIONS" NlmCategory="CONCLUSIONS">Macular sensitivity is reduced in patients with early and intermediate ARMD when compared to age-matched normals. These changes may be detected with a screening device.</AbstractText>
                <CopyrightInformation>Copyright © 2010 S. Karger AG, Basel.</CopyrightInformation>
            </Abstract>
            <AuthorList CompleteYN="Y">
                <Author ValidYN="Y">
                    <LastName>Vujosevic</LastName>
                    <ForeName>Stela</ForeName>
                    <Initials>S</Initials>
                    <AffiliationInfo>
                        <Affiliation>Fondazione GB Bietti, IRCCS, Roma, Italy. stelavu@hotmail.com</Affiliation>
                    </AffiliationInfo>
                </Author>
                <Author ValidYN="Y">
                    <LastName>Smolek</LastName>
                    <ForeName>Michael K</ForeName>
                    <Initials>MK</Initials>
                </Author>
                <Author ValidYN="Y">
                    <LastName>Lebow</LastName>
                    <ForeName>Kenneth A</ForeName>
                    <Initials>KA</Initials>
                </Author>
                <Author ValidYN="Y">
                    <LastName>Notaroberto</LastName>
                    <ForeName>Neil</ForeName>
                    <Initials>N</Initials>
                </Author>
                <Author ValidYN="Y">
                    <LastName>Pallikaris</LastName>
                    <ForeName>Aristophanis</ForeName>
                    <Initials>A</Initials>
                </Author>
                <Author ValidYN="Y">
                    <LastName>Casciano</LastName>
                    <ForeName>Margherita</ForeName>
                    <Initials>M</Initials>
                </Author>
            </AuthorList>
            <Language>eng</Language>
            <PublicationTypeList>
                <PublicationType UI="D016428">Journal Article</PublicationType>
                <PublicationType UI="D016448">Multicenter Study</PublicationType>
            </PublicationTypeList>
            <ArticleDate DateType="Electronic">
                <Year>2010</Year>
                <Month>12</Month>
                <Day>09</Day>
            </ArticleDate>
        </Article>
        <MedlineJournalInfo>
            <Country>Switzerland</Country>
            <MedlineTA>Ophthalmologica</MedlineTA>
            <NlmUniqueID>0054655</NlmUniqueID>
            <ISSNLinking>0030-3755</ISSNLinking>
        </MedlineJournalInfo>
        <CitationSubset>IM</CitationSubset>
        <MeshHeadingList>
            <MeshHeading>
                <DescriptorName UI="D000368" MajorTopicYN="N">Aged</DescriptorName>
            </MeshHeading>
            <MeshHeading>
                <DescriptorName UI="D000369" MajorTopicYN="N">Aged, 80 and over</DescriptorName>
            </MeshHeading>
            <MeshHeading>
                <DescriptorName UI="D005260" MajorTopicYN="N">Female</DescriptorName>
            </MeshHeading>
            <MeshHeading>
                <DescriptorName UI="D006801" MajorTopicYN="N">Humans</DescriptorName>
            </MeshHeading>
            <MeshHeading>
                <DescriptorName UI="D008266" MajorTopicYN="N">Macula Lutea</DescriptorName>
                <QualifierName UI="Q000503" MajorTopicYN="Y">physiopathology</QualifierName>
            </MeshHeading>
            <MeshHeading>
                <DescriptorName UI="D008268" MajorTopicYN="N">Macular Degeneration</DescriptorName>
                <QualifierName UI="Q000175" MajorTopicYN="Y">diagnosis</QualifierName>
                <QualifierName UI="Q000503" MajorTopicYN="Y">physiopathology</QualifierName>
            </MeshHeading>
            <MeshHeading>
                <DescriptorName UI="D008297" MajorTopicYN="N">Male</DescriptorName>
            </MeshHeading>
            <MeshHeading>
                <DescriptorName UI="D008875" MajorTopicYN="N">Middle Aged</DescriptorName>
            </MeshHeading>
            <MeshHeading>
                <DescriptorName UI="D011446" MajorTopicYN="N">Prospective Studies</DescriptorName>
            </MeshHeading>
            <MeshHeading>
                <DescriptorName UI="D041623" MajorTopicYN="N">Tomography, Optical Coherence</DescriptorName>
            </MeshHeading>
            <MeshHeading>
                <DescriptorName UI="D014792" MajorTopicYN="N">Visual Acuity</DescriptorName>
                <QualifierName UI="Q000502" MajorTopicYN="Y">physiology</QualifierName>
            </MeshHeading>
            <MeshHeading>
                <DescriptorName UI="D058609" MajorTopicYN="N">Visual Field Tests</DescriptorName>
            </MeshHeading>
            <MeshHeading>
                <DescriptorName UI="D014794" MajorTopicYN="N">Visual Fields</DescriptorName>
                <QualifierName UI="Q000502" MajorTopicYN="N">physiology</QualifierName>
            </MeshHeading>
        </MeshHeadingList>
    </MedlineCitation>
    <PubmedData>
        <History>
            <PubMedPubDate PubStatus="received">
                <Year>2010</Year>
                <Month>04</Month>
                <Day>22</Day>
            </PubMedPubDate>
            <PubMedPubDate PubStatus="accepted">
                <Year>2010</Year>
                <Month>08</Month>
                <Day>16</Day>
            </PubMedPubDate>
            <PubMedPubDate PubStatus="entrez">
                <Year>2010</Year>
                <Month>12</Month>
                <Day>15</Day>
                <Hour>6</Hour>
                <Minute>0</Minute>
            </PubMedPubDate>
            <PubMedPubDate PubStatus="pubmed">
                <Year>2010</Year>
                <Month>12</Month>
                <Day>15</Day>
                <Hour>6</Hour>
                <Minute>0</Minute>
            </PubMedPubDate>
            <PubMedPubDate PubStatus="medline">
                <Year>2011</Year>
                <Month>6</Month>
                <Day>28</Day>
                <Hour>6</Hour>
                <Minute>0</Minute>
            </PubMedPubDate>
        </History>
        <PublicationStatus>ppublish</PublicationStatus>
        <ArticleIdList>
            <ArticleId IdType="pubmed">21150232</ArticleId>
            <ArticleId IdType="pii">000320340</ArticleId>
            <ArticleId IdType="doi">10.1159/000320340</ArticleId>
        </ArticleIdList>
    </PubmedData>
</PubmedArticle>

</PubmedArticleSet>