<?xml version="1.0" ?>
<!DOCTYPE PubmedArticleSet PUBLIC "-//NLM//DTD PubMedArticle, 1st January 2019//EN" "https://dtd.nlm.nih.gov/ncbi/pubmed/out/pubmed_190101.dtd">
<PubmedArticleSet>
<PubmedArticle>
    <MedlineCitation Status="MEDLINE" Owner="NLM">
        <PMID Version="1">21540764</PMID>
        <DateCompleted>
            <Year>2011</Year>
            <Month>12</Month>
            <Day>14</Day>
        </DateCompleted>
        <DateRevised>
            <Year>2015</Year>
            <Month>11</Month>
            <Day>19</Day>
        </DateRevised>
        <Article PubModel="Print">
            <Journal>
                <ISSN IssnType="Electronic">1539-2864</ISSN>
                <JournalIssue CitedMedium="Internet">
                    <Volume>31</Volume>
                    <Issue>7</Issue>
                    <PubDate>
                        <MedlineDate>2011 Jul-Aug</MedlineDate>
                    </PubDate>
                </JournalIssue>
                <Title>Retina (Philadelphia, Pa.)</Title>
                <ISOAbbreviation>Retina</ISOAbbreviation>
            </Journal>
            <ArticleTitle>Scanning laser ophthalmoscope imaging stabilized microperimetry in dry age-related macular degeneration.</ArticleTitle>
            <Pagination>
                <MedlinePgn>1323-31</MedlinePgn>
            </Pagination>
            <ELocationID EIdType="doi" ValidYN="Y">10.1097/IAE.0b013e31820a6850</ELocationID>
            <Abstract>
                <AbstractText Label="PURPOSE" NlmCategory="OBJECTIVE">To determine the effect of drusen and geographic atrophy (GA) in dry age-related macular degeneration on retinal sensitivity using an eye tracking scanning laser ophthalmoscope microperimetry.</AbstractText>
                <AbstractText Label="METHODS" NlmCategory="METHODS">A total of 44 eyes from 22 patients with dry age-related macular degeneration and drusen and 11 patients with GA were imaged with scanning laser ophthalmoscope microperimetry (OPKO Health, Miami, FL). A custom microperimetry pattern was used to evaluate retinal sensitivity to a Goldmann III size target (108 μm on the retina). The perimetry used a 4-2 stepladder algorithm to determine maximal sensitivity. Microperimetry and optical coherence tomography were performed using a standardized protocol. Twenty-eight eyes with drusen and 16 eyes with GA were analyzed.</AbstractText>
                <AbstractText Label="RESULTS" NlmCategory="RESULTS">Retinal sensitivity overlying drusen was significantly reduced compared with the adjacent uninvolved retina. There was a significant correlation between retinal sensitivity and drusen volume, as well as the grading of the photoreceptor inner segment/outer segment junction score. In patients with GA, an absolute scotoma was confirmed. Retinal sensitivity at the margin of GA was significantly decreased compared with the adjacent uninvolved retina.</AbstractText>
                <AbstractText Label="CONCLUSION" NlmCategory="CONCLUSIONS">Scanning laser ophthalmoscope microperimetry is able to detect changes in retinal sensitivity in AMD patients overlying drusen and at the margin of GA. It is a useful device to grade focal retinal sensitivity in patients with dry age-related macular degeneration.</AbstractText>
            </Abstract>
            <AuthorList CompleteYN="Y">
                <Author ValidYN="Y">
                    <LastName>Hartmann</LastName>
                    <ForeName>Kathrin I</ForeName>
                    <Initials>KI</Initials>
                    <AffiliationInfo>
                        <Affiliation>Jacobs Retina Center, Department of Ophthalmology, University of California, San Diego, La Jolla, California 92037, USA.</Affiliation>
                    </AffiliationInfo>
                </Author>
                <Author ValidYN="Y">
                    <LastName>Bartsch</LastName>
                    <ForeName>Dirk-Uwe G</ForeName>
                    <Initials>DU</Initials>
                </Author>
                <Author ValidYN="Y">
                    <LastName>Cheng</LastName>
                    <ForeName>Lingyun</ForeName>
                    <Initials>L</Initials>
                </Author>
                <Author ValidYN="Y">
                    <LastName>Kim</LastName>
                    <ForeName>Jae S</ForeName>
                    <Initials>JS</Initials>
                </Author>
                <Author ValidYN="Y">
                    <LastName>Gomez</LastName>
                    <ForeName>Maria L</ForeName>
                    <Initials>ML</Initials>
                </Author>
                <Author ValidYN="Y">
                    <LastName>Klein</LastName>
                    <ForeName>Helaina</ForeName>
                    <Initials>H</Initials>
                </Author>
                <Author ValidYN="Y">
                    <LastName>Freeman</LastName>
                    <ForeName>William R</ForeName>
                    <Initials>WR</Initials>
                </Author>
            </AuthorList>
            <Language>eng</Language>
            <GrantList CompleteYN="Y">
                <Grant>
                    <GrantID>EY 016323</GrantID>
                    <Acronym>EY</Acronym>
                    <Agency>NEI NIH HHS</Agency>
                    <Country>United States</Country>
                </Grant>
                <Grant>
                    <GrantID>EY 07366</GrantID>
                    <Acronym>EY</Acronym>
                    <Agency>NEI NIH HHS</Agency>
                    <Country>United States</Country>
                </Grant>
            </GrantList>
            <PublicationTypeList>
                <PublicationType UI="D003160">Comparative Study</PublicationType>
                <PublicationType UI="D016428">Journal Article</PublicationType>
                <PublicationType UI="D052061">Research Support, N.I.H., Extramural</PublicationType>
                <PublicationType UI="D013485">Research Support, Non-U.S. Gov't</PublicationType>
            </PublicationTypeList>
        </Article>
        <MedlineJournalInfo>
            <Country>United States</Country>
            <MedlineTA>Retina</MedlineTA>
            <NlmUniqueID>8309919</NlmUniqueID>
            <ISSNLinking>0275-004X</ISSNLinking>
        </MedlineJournalInfo>
        <CitationSubset>IM</CitationSubset>
        <MeshHeadingList>
            <MeshHeading>
                <DescriptorName UI="D000368" MajorTopicYN="N">Aged</DescriptorName>
            </MeshHeading>
            <MeshHeading>
                <DescriptorName UI="D000369" MajorTopicYN="N">Aged, 80 and over</DescriptorName>
            </MeshHeading>
            <MeshHeading>
                <DescriptorName UI="D000465" MajorTopicYN="N">Algorithms</DescriptorName>
            </MeshHeading>
            <MeshHeading>
                <DescriptorName UI="D005260" MajorTopicYN="N">Female</DescriptorName>
            </MeshHeading>
            <MeshHeading>
                <DescriptorName UI="D057092" MajorTopicYN="N">Geographic Atrophy</DescriptorName>
                <QualifierName UI="Q000175" MajorTopicYN="N">diagnosis</QualifierName>
                <QualifierName UI="Q000503" MajorTopicYN="Y">physiopathology</QualifierName>
            </MeshHeading>
            <MeshHeading>
                <DescriptorName UI="D006801" MajorTopicYN="N">Humans</DescriptorName>
            </MeshHeading>
            <MeshHeading>
                <DescriptorName UI="D007834" MajorTopicYN="N">Lasers</DescriptorName>
            </MeshHeading>
            <MeshHeading>
                <DescriptorName UI="D008268" MajorTopicYN="N">Macular Degeneration</DescriptorName>
                <QualifierName UI="Q000175" MajorTopicYN="N">diagnosis</QualifierName>
                <QualifierName UI="Q000503" MajorTopicYN="Y">physiopathology</QualifierName>
            </MeshHeading>
            <MeshHeading>
                <DescriptorName UI="D008297" MajorTopicYN="N">Male</DescriptorName>
            </MeshHeading>
            <MeshHeading>
                <DescriptorName UI="D008875" MajorTopicYN="N">Middle Aged</DescriptorName>
            </MeshHeading>
            <MeshHeading>
                <DescriptorName UI="D009887" MajorTopicYN="Y">Ophthalmoscopy</DescriptorName>
            </MeshHeading>
            <MeshHeading>
                <DescriptorName UI="D012160" MajorTopicYN="N">Retina</DescriptorName>
                <QualifierName UI="Q000503" MajorTopicYN="Y">physiopathology</QualifierName>
            </MeshHeading>
            <MeshHeading>
                <DescriptorName UI="D015593" MajorTopicYN="N">Retinal Drusen</DescriptorName>
                <QualifierName UI="Q000175" MajorTopicYN="N">diagnosis</QualifierName>
                <QualifierName UI="Q000503" MajorTopicYN="Y">physiopathology</QualifierName>
            </MeshHeading>
            <MeshHeading>
                <DescriptorName UI="D012607" MajorTopicYN="N">Scotoma</DescriptorName>
                <QualifierName UI="Q000503" MajorTopicYN="N">physiopathology</QualifierName>
            </MeshHeading>
            <MeshHeading>
                <DescriptorName UI="D041623" MajorTopicYN="N">Tomography, Optical Coherence</DescriptorName>
            </MeshHeading>
            <MeshHeading>
                <DescriptorName UI="D014792" MajorTopicYN="N">Visual Acuity</DescriptorName>
                <QualifierName UI="Q000502" MajorTopicYN="N">physiology</QualifierName>
            </MeshHeading>
            <MeshHeading>
                <DescriptorName UI="D058609" MajorTopicYN="N">Visual Field Tests</DescriptorName>
                <QualifierName UI="Q000379" MajorTopicYN="Y">methods</QualifierName>
            </MeshHeading>
            <MeshHeading>
                <DescriptorName UI="D014794" MajorTopicYN="N">Visual Fields</DescriptorName>
                <QualifierName UI="Q000502" MajorTopicYN="Y">physiology</QualifierName>
            </MeshHeading>
        </MeshHeadingList>
    </MedlineCitation>
    <PubmedData>
        <History>
            <PubMedPubDate PubStatus="entrez">
                <Year>2011</Year>
                <Month>5</Month>
                <Day>5</Day>
                <Hour>6</Hour>
                <Minute>0</Minute>
            </PubMedPubDate>
            <PubMedPubDate PubStatus="pubmed">
                <Year>2011</Year>
                <Month>5</Month>
                <Day>5</Day>
                <Hour>6</Hour>
                <Minute>0</Minute>
            </PubMedPubDate>
            <PubMedPubDate PubStatus="medline">
                <Year>2011</Year>
                <Month>12</Month>
                <Day>15</Day>
                <Hour>6</Hour>
                <Minute>0</Minute>
            </PubMedPubDate>
        </History>
        <PublicationStatus>ppublish</PublicationStatus>
        <ArticleIdList>
            <ArticleId IdType="pubmed">21540764</ArticleId>
            <ArticleId IdType="doi">10.1097/IAE.0b013e31820a6850</ArticleId>
        </ArticleIdList>
    </PubmedData>
</PubmedArticle>

</PubmedArticleSet>