<?xml version="1.0" ?>
<!DOCTYPE PubmedArticleSet PUBLIC "-//NLM//DTD PubMedArticle, 1st January 2019//EN" "https://dtd.nlm.nih.gov/ncbi/pubmed/out/pubmed_190101.dtd">
<PubmedArticleSet>
<PubmedArticle>
    <MedlineCitation Status="MEDLINE" Owner="NLM">
        <PMID Version="1">21775925</PMID>
        <DateCompleted>
            <Year>2012</Year>
            <Month>01</Month>
            <Day>13</Day>
        </DateCompleted>
        <DateRevised>
            <Year>2011</Year>
            <Month>09</Month>
            <Day>01</Day>
        </DateRevised>
        <Article PubModel="Print">
            <Journal>
                <ISSN IssnType="Electronic">1539-2864</ISSN>
                <JournalIssue CitedMedium="Internet">
                    <Volume>31</Volume>
                    <Issue>8</Issue>
                    <PubDate>
                        <Year>2011</Year>
                        <Month>Sep</Month>
                    </PubDate>
                </JournalIssue>
                <Title>Retina (Philadelphia, Pa.)</Title>
                <ISOAbbreviation>Retina</ISOAbbreviation>
            </Journal>
            <ArticleTitle>Recovery of the neurosensory retina after macular translocation surgery is independent of preoperative macular sensitivity in neovascular age-related macular degeneration.</ArticleTitle>
            <Pagination>
                <MedlinePgn>1637-49</MedlinePgn>
            </Pagination>
            <ELocationID EIdType="doi" ValidYN="Y">10.1097/IAE.0b013e31821800e0</ELocationID>
            <Abstract>
                <AbstractText Label="PURPOSE" NlmCategory="OBJECTIVE">To directly assess the recovery of the retina overlying choroidal neovascularization in neovascular age-related macular degeneration and to understand the relationship between macular sensitivity and visual functional measures and retinal structural alterations as predictive factors for outcome among eyes undergoing macular translocation surgery (MT360).</AbstractText>
                <AbstractText Label="METHODS" NlmCategory="METHODS">In a prospective, consecutive case series of 55 patients with subfoveal choroidal neovascularization undergoing MT360, we explored the relationship between macular sensitivity on the Nidek microperimeter-1 with pathologic features on optical coherence tomography and with distance and near visual acuity, reading speed, contrast sensitivity, color vision, and National Eye Institute Visual Function Questionnaire-25 composite quality-of-life (QOL) score, both before and at 1 year after MT360.</AbstractText>
                <AbstractText Label="RESULTS" NlmCategory="RESULTS">On average, there was improvement in all measures of visual function, macular sensitivity, and QOL after MT360. Preoperative median retinal sensitivity score did not predict postoperative measures of visual function, macular sensitivity, and vision-related QOL. Correlation between preoperative median retinal sensitivity score and preoperative measures of visual function and vision-related QOL was generally poor, excepting modest correlation for contrast sensitivity and color vision. However, correlation between postoperative median retinal sensitivity score and postoperative measures of visual function and vision-related QOL was uniformly modest, and change in median retinal sensitivity score correlated modestly with change in most measures of visual function and QOL. Among optical coherence tomography morphologic features, preoperative retinal pigment epithelium elevation predicted reduced postoperative contrast sensitivity (P = 0.04), while preoperative epiretinal membrane or vitreomacular traction predicted increased postoperative contrast sensitivity (P = 0.05). Preoperative cystoid macular edema, subretinal fluid, and subretinal lesion were associated with decreased median retinal sensitivity score (P values ≤0.03).</AbstractText>
                <AbstractText Label="CONCLUSION" NlmCategory="CONCLUSIONS">The authors' findings demonstrate the resilience and recovery of poorly functioning retina in neovascular age-related macular degeneration but fail to demonstrate a role for macular sensitivity as measured by Nidek microperimeter-1 in identifying irreversibly damaged retina that would not benefit from MT360.</AbstractText>
            </Abstract>
            <AuthorList CompleteYN="Y">
                <Author ValidYN="Y">
                    <LastName>Mettu</LastName>
                    <ForeName>Priyatham S</ForeName>
                    <Initials>PS</Initials>
                    <AffiliationInfo>
                        <Affiliation>Department of Ophthalmology, Duke University Medical Center, Durham, North Carolina, USA.</Affiliation>
                    </AffiliationInfo>
                </Author>
                <Author ValidYN="Y">
                    <LastName>Sarin</LastName>
                    <ForeName>Neeru</ForeName>
                    <Initials>N</Initials>
                </Author>
                <Author ValidYN="Y">
                    <LastName>Stinnett</LastName>
                    <ForeName>Sandra S</ForeName>
                    <Initials>SS</Initials>
                </Author>
                <Author ValidYN="Y">
                    <LastName>Toth</LastName>
                    <ForeName>Cynthia A</ForeName>
                    <Initials>CA</Initials>
                </Author>
            </AuthorList>
            <Language>eng</Language>
            <PublicationTypeList>
                <PublicationType UI="D016428">Journal Article</PublicationType>
                <PublicationType UI="D013485">Research Support, Non-U.S. Gov't</PublicationType>
            </PublicationTypeList>
        </Article>
        <MedlineJournalInfo>
            <Country>United States</Country>
            <MedlineTA>Retina</MedlineTA>
            <NlmUniqueID>8309919</NlmUniqueID>
            <ISSNLinking>0275-004X</ISSNLinking>
        </MedlineJournalInfo>
        <CitationSubset>IM</CitationSubset>
        <MeshHeadingList>
            <MeshHeading>
                <DescriptorName UI="D000368" MajorTopicYN="N">Aged</DescriptorName>
            </MeshHeading>
            <MeshHeading>
                <DescriptorName UI="D000369" MajorTopicYN="N">Aged, 80 and over</DescriptorName>
            </MeshHeading>
            <MeshHeading>
                <DescriptorName UI="D020256" MajorTopicYN="N">Choroidal Neovascularization</DescriptorName>
                <QualifierName UI="Q000503" MajorTopicYN="N">physiopathology</QualifierName>
                <QualifierName UI="Q000601" MajorTopicYN="N">surgery</QualifierName>
            </MeshHeading>
            <MeshHeading>
                <DescriptorName UI="D005260" MajorTopicYN="N">Female</DescriptorName>
            </MeshHeading>
            <MeshHeading>
                <DescriptorName UI="D005451" MajorTopicYN="N">Fluorescein Angiography</DescriptorName>
            </MeshHeading>
            <MeshHeading>
                <DescriptorName UI="D006801" MajorTopicYN="N">Humans</DescriptorName>
            </MeshHeading>
            <MeshHeading>
                <DescriptorName UI="D008297" MajorTopicYN="N">Male</DescriptorName>
            </MeshHeading>
            <MeshHeading>
                <DescriptorName UI="D011446" MajorTopicYN="N">Prospective Studies</DescriptorName>
            </MeshHeading>
            <MeshHeading>
                <DescriptorName UI="D011788" MajorTopicYN="N">Quality of Life</DescriptorName>
            </MeshHeading>
            <MeshHeading>
                <DescriptorName UI="D020127" MajorTopicYN="N">Recovery of Function</DescriptorName>
                <QualifierName UI="Q000502" MajorTopicYN="Y">physiology</QualifierName>
            </MeshHeading>
            <MeshHeading>
                <DescriptorName UI="D012160" MajorTopicYN="N">Retina</DescriptorName>
                <QualifierName UI="Q000503" MajorTopicYN="Y">physiopathology</QualifierName>
                <QualifierName UI="Q000637" MajorTopicYN="Y">transplantation</QualifierName>
            </MeshHeading>
            <MeshHeading>
                <DescriptorName UI="D018434" MajorTopicYN="N">Sickness Impact Profile</DescriptorName>
            </MeshHeading>
            <MeshHeading>
                <DescriptorName UI="D041623" MajorTopicYN="N">Tomography, Optical Coherence</DescriptorName>
            </MeshHeading>
            <MeshHeading>
                <DescriptorName UI="D014786" MajorTopicYN="N">Vision Disorders</DescriptorName>
                <QualifierName UI="Q000503" MajorTopicYN="Y">physiopathology</QualifierName>
            </MeshHeading>
            <MeshHeading>
                <DescriptorName UI="D014792" MajorTopicYN="N">Visual Acuity</DescriptorName>
                <QualifierName UI="Q000502" MajorTopicYN="Y">physiology</QualifierName>
            </MeshHeading>
            <MeshHeading>
                <DescriptorName UI="D058609" MajorTopicYN="N">Visual Field Tests</DescriptorName>
                <QualifierName UI="Q000379" MajorTopicYN="N">methods</QualifierName>
            </MeshHeading>
            <MeshHeading>
                <DescriptorName UI="D057135" MajorTopicYN="N">Wet Macular Degeneration</DescriptorName>
                <QualifierName UI="Q000503" MajorTopicYN="N">physiopathology</QualifierName>
                <QualifierName UI="Q000601" MajorTopicYN="Y">surgery</QualifierName>
            </MeshHeading>
        </MeshHeadingList>
    </MedlineCitation>
    <PubmedData>
        <History>
            <PubMedPubDate PubStatus="entrez">
                <Year>2011</Year>
                <Month>7</Month>
                <Day>22</Day>
                <Hour>6</Hour>
                <Minute>0</Minute>
            </PubMedPubDate>
            <PubMedPubDate PubStatus="pubmed">
                <Year>2011</Year>
                <Month>7</Month>
                <Day>22</Day>
                <Hour>6</Hour>
                <Minute>0</Minute>
            </PubMedPubDate>
            <PubMedPubDate PubStatus="medline">
                <Year>2012</Year>
                <Month>1</Month>
                <Day>14</Day>
                <Hour>6</Hour>
                <Minute>0</Minute>
            </PubMedPubDate>
        </History>
        <PublicationStatus>ppublish</PublicationStatus>
        <ArticleIdList>
            <ArticleId IdType="pubmed">21775925</ArticleId>
            <ArticleId IdType="doi">10.1097/IAE.0b013e31821800e0</ArticleId>
        </ArticleIdList>
    </PubmedData>
</PubmedArticle>

</PubmedArticleSet>