<?xml version="1.0" ?>
<!DOCTYPE PubmedArticleSet PUBLIC "-//NLM//DTD PubMedArticle, 1st January 2019//EN" "https://dtd.nlm.nih.gov/ncbi/pubmed/out/pubmed_190101.dtd">
<PubmedArticleSet>
<PubmedArticle>
    <MedlineCitation Status="MEDLINE" Owner="NLM">
        <PMID Version="1">22321805</PMID>
        <DateCompleted>
            <Year>2012</Year>
            <Month>08</Month>
            <Day>07</Day>
        </DateCompleted>
        <DateRevised>
            <Year>2012</Year>
            <Month>05</Month>
            <Day>21</Day>
        </DateRevised>
        <Article PubModel="Print-Electronic">
            <Journal>
                <ISSN IssnType="Electronic">1879-1891</ISSN>
                <JournalIssue CitedMedium="Internet">
                    <Volume>153</Volume>
                    <Issue>6</Issue>
                    <PubDate>
                        <Year>2012</Year>
                        <Month>Jun</Month>
                    </PubDate>
                </JournalIssue>
                <Title>American journal of ophthalmology</Title>
                <ISOAbbreviation>Am J Ophthalmol</ISOAbbreviation>
            </Journal>
            <ArticleTitle>Microperimetric correlations of autofluorescence and optical coherence tomography imaging in dry age-related macular degeneration.</ArticleTitle>
            <Pagination>
                <MedlinePgn>1110-5</MedlinePgn>
            </Pagination>
            <ELocationID EIdType="doi" ValidYN="Y">10.1016/j.ajo.2011.11.002</ELocationID>
            <Abstract>
                <AbstractText Label="PURPOSE" NlmCategory="OBJECTIVE">To investigate the microperimetric correlations of autofluorescence imaging and optical coherence tomography (OCT) in dry age-related macular degeneration (AMD).</AbstractText>
                <AbstractText Label="DESIGN" NlmCategory="METHODS">Retrospective, observational, cross-sectional study.</AbstractText>
                <AbstractText Label="METHODS" NlmCategory="METHODS">Consecutive patients with dry AMD underwent a complete ophthalmologic examination, including best-corrected visual acuity (BCVA), blue fundus autofluorescence (FAF), near-infrared autofluorescence, and spectral-domain (SD)-OCT with integrated microperimetry.</AbstractText>
                <AbstractText Label="RESULTS" NlmCategory="RESULTS">A total of 58 eyes of 29 patients (21 women; mean age 73 ± 9 years) were included. Mean BCVA was 0.28 ± 0.3 logarithm of the minimal angle of resolution (logMAR). Overall, 2842 points were analyzed as regards FAF and near-infrared autofluorescence patterns, the status of inner segment/outer segment (IS/OS) interface, and retinal sensitivity. We observed a good correlation between the FAF and near-infrared autofluorescence patterns for all the points graded (increased FAF/near-infrared autofluorescence, Pearson rho = 0.6, P = .02; decreased FAF/near-infrared autofluorescence, Pearson rho = 0.7, P = .01; normal FAF/near-infrared autofluorescence, Pearson rho = 0.7, P = .01). Mean retinal sensitivity was significantly reduced in cases of decreased FAF (4.73 ± 2.23 dB) or increased FAF (4.75 ± 2.39 dB) compared with normal FAF (7.44 ± 2.34 dB) (P = .001). Mean retinal sensitivity was significantly reduced in case of decreased near-infrared autofluorescence (3.87 ± 2.28 dB), compared with increased near-infrared autofluorescence (5.76 ± 2.44 dB) (P = .02); mean retinal sensitivity in case of increased near-infrared autofluorescence was significantly reduced compared with normal near-infrared autofluorescence (7.15 ± 2.38 dB) (P = .002). On SD-OCT, there was a high inverse correlation between retinal sensitivity and rate of disruptions in IS/OS interface (Pearson rho = -0.72, P = .001).</AbstractText>
                <AbstractText Label="CONCLUSION" NlmCategory="CONCLUSIONS">A reduced retinal sensitivity consistently correlates with decreased FAF/near-infrared autofluorescence and a disrupted IS/OS interface. Increased near-infrared autofluorescence may represent a useful method for detection of retinal abnormalities early in dry AMD development.</AbstractText>
                <CopyrightInformation>Copyright © 2012 Elsevier Inc. All rights reserved.</CopyrightInformation>
            </Abstract>
            <AuthorList CompleteYN="Y">
                <Author ValidYN="Y">
                    <LastName>Querques</LastName>
                    <ForeName>Lea</ForeName>
                    <Initials>L</Initials>
                    <AffiliationInfo>
                        <Affiliation>Department of Ophthalmology, University Paris Est Creteil, Centre Hospitalier Intercommunal de Creteil, Creteil, France.</Affiliation>
                    </AffiliationInfo>
                </Author>
                <Author ValidYN="Y">
                    <LastName>Querques</LastName>
                    <ForeName>Giuseppe</ForeName>
                    <Initials>G</Initials>
                </Author>
                <Author ValidYN="Y">
                    <LastName>Forte</LastName>
                    <ForeName>Raimondo</ForeName>
                    <Initials>R</Initials>
                </Author>
                <Author ValidYN="Y">
                    <LastName>Souied</LastName>
                    <ForeName>Eric H</ForeName>
                    <Initials>EH</Initials>
                </Author>
            </AuthorList>
            <Language>eng</Language>
            <PublicationTypeList>
                <PublicationType UI="D016428">Journal Article</PublicationType>
            </PublicationTypeList>
            <ArticleDate DateType="Electronic">
                <Year>2012</Year>
                <Month>02</Month>
                <Day>08</Day>
            </ArticleDate>
        </Article>
        <MedlineJournalInfo>
            <Country>United States</Country>
            <MedlineTA>Am J Ophthalmol</MedlineTA>
            <NlmUniqueID>0370500</NlmUniqueID>
            <ISSNLinking>0002-9394</ISSNLinking>
        </MedlineJournalInfo>
        <CitationSubset>AIM</CitationSubset>
        <CitationSubset>IM</CitationSubset>
        <MeshHeadingList>
            <MeshHeading>
                <DescriptorName UI="D000368" MajorTopicYN="N">Aged</DescriptorName>
            </MeshHeading>
            <MeshHeading>
                <DescriptorName UI="D003430" MajorTopicYN="N">Cross-Sectional Studies</DescriptorName>
            </MeshHeading>
            <MeshHeading>
                <DescriptorName UI="D005260" MajorTopicYN="N">Female</DescriptorName>
            </MeshHeading>
            <MeshHeading>
                <DescriptorName UI="D005451" MajorTopicYN="Y">Fluorescein Angiography</DescriptorName>
            </MeshHeading>
            <MeshHeading>
                <DescriptorName UI="D057092" MajorTopicYN="N">Geographic Atrophy</DescriptorName>
                <QualifierName UI="Q000175" MajorTopicYN="Y">diagnosis</QualifierName>
                <QualifierName UI="Q000503" MajorTopicYN="N">physiopathology</QualifierName>
            </MeshHeading>
            <MeshHeading>
                <DescriptorName UI="D006801" MajorTopicYN="N">Humans</DescriptorName>
            </MeshHeading>
            <MeshHeading>
                <DescriptorName UI="D008297" MajorTopicYN="N">Male</DescriptorName>
            </MeshHeading>
            <MeshHeading>
                <DescriptorName UI="D008875" MajorTopicYN="N">Middle Aged</DescriptorName>
            </MeshHeading>
            <MeshHeading>
                <DescriptorName UI="D012160" MajorTopicYN="N">Retina</DescriptorName>
                <QualifierName UI="Q000473" MajorTopicYN="Y">pathology</QualifierName>
            </MeshHeading>
            <MeshHeading>
                <DescriptorName UI="D012189" MajorTopicYN="N">Retrospective Studies</DescriptorName>
            </MeshHeading>
            <MeshHeading>
                <DescriptorName UI="D041623" MajorTopicYN="Y">Tomography, Optical Coherence</DescriptorName>
            </MeshHeading>
            <MeshHeading>
                <DescriptorName UI="D014792" MajorTopicYN="N">Visual Acuity</DescriptorName>
                <QualifierName UI="Q000502" MajorTopicYN="N">physiology</QualifierName>
            </MeshHeading>
            <MeshHeading>
                <DescriptorName UI="D058609" MajorTopicYN="Y">Visual Field Tests</DescriptorName>
            </MeshHeading>
            <MeshHeading>
                <DescriptorName UI="D014794" MajorTopicYN="N">Visual Fields</DescriptorName>
                <QualifierName UI="Q000502" MajorTopicYN="N">physiology</QualifierName>
            </MeshHeading>
        </MeshHeadingList>
    </MedlineCitation>
    <PubmedData>
        <History>
            <PubMedPubDate PubStatus="received">
                <Year>2011</Year>
                <Month>08</Month>
                <Day>22</Day>
            </PubMedPubDate>
            <PubMedPubDate PubStatus="revised">
                <Year>2011</Year>
                <Month>11</Month>
                <Day>06</Day>
            </PubMedPubDate>
            <PubMedPubDate PubStatus="accepted">
                <Year>2011</Year>
                <Month>11</Month>
                <Day>08</Day>
            </PubMedPubDate>
            <PubMedPubDate PubStatus="entrez">
                <Year>2012</Year>
                <Month>2</Month>
                <Day>11</Day>
                <Hour>6</Hour>
                <Minute>0</Minute>
            </PubMedPubDate>
            <PubMedPubDate PubStatus="pubmed">
                <Year>2012</Year>
                <Month>2</Month>
                <Day>11</Day>
                <Hour>6</Hour>
                <Minute>0</Minute>
            </PubMedPubDate>
            <PubMedPubDate PubStatus="medline">
                <Year>2012</Year>
                <Month>8</Month>
                <Day>8</Day>
                <Hour>6</Hour>
                <Minute>0</Minute>
            </PubMedPubDate>
        </History>
        <PublicationStatus>ppublish</PublicationStatus>
        <ArticleIdList>
            <ArticleId IdType="pubmed">22321805</ArticleId>
            <ArticleId IdType="pii">S0002-9394(11)00859-2</ArticleId>
            <ArticleId IdType="doi">10.1016/j.ajo.2011.11.002</ArticleId>
        </ArticleIdList>
    </PubmedData>
</PubmedArticle>

</PubmedArticleSet>