<?xml version="1.0" ?>
<!DOCTYPE PubmedArticleSet PUBLIC "-//NLM//DTD PubMedArticle, 1st January 2019//EN" "https://dtd.nlm.nih.gov/ncbi/pubmed/out/pubmed_190101.dtd">
<PubmedArticleSet>
<PubmedArticle>
    <MedlineCitation Status="MEDLINE" Owner="NLM">
        <PMID Version="1">22998103</PMID>
        <DateCompleted>
            <Year>2014</Year>
            <Month>06</Month>
            <Day>18</Day>
        </DateCompleted>
        <DateRevised>
            <Year>2015</Year>
            <Month>11</Month>
            <Day>19</Day>
        </DateRevised>
        <Article PubModel="Print-Electronic">
            <Journal>
                <ISSN IssnType="Electronic">1755-3768</ISSN>
                <JournalIssue CitedMedium="Internet">
                    <Volume>92</Volume>
                    <Issue>1</Issue>
                    <PubDate>
                        <Year>2014</Year>
                        <Month>Feb</Month>
                    </PubDate>
                </JournalIssue>
                <Title>Acta ophthalmologica</Title>
                <ISOAbbreviation>Acta Ophthalmol</ISOAbbreviation>
            </Journal>
            <ArticleTitle>Correlation between components of newly diagnosed exudative age-related macular degeneration lesion and focal retinal sensitivity.</ArticleTitle>
            <Pagination>
                <MedlinePgn>51-8</MedlinePgn>
            </Pagination>
            <ELocationID EIdType="doi" ValidYN="Y">10.1111/j.1755-3768.2012.02556.x</ELocationID>
            <Abstract>
                <AbstractText Label="PURPOSE" NlmCategory="OBJECTIVE">To analyse lesion components determining retinal sensitivity in microperimetry in eyes with newly diagnosed exudative age-related macular degeneration (AMD).</AbstractText>
                <AbstractText Label="METHODS" NlmCategory="METHODS">Visual acuity, contrast sensitivity, microperimetry, optical coherence tomography (OCT), and fluorescein (FA) and indocyanine green (ICGA) angiographies of 23 eyes of 23 patients were analysed. Central microperimetry grids with 28 test stimulus sites were automatically aligned with three-dimensional OCTs and manually aligned with angiographies. Thicknesses of the neuroretina, neuroepithelial detachment (NED), retinal pigment epithelial (RPE) elevation and subretinal tissue were measured under the 644 microperimetry stimulus sites. Areas of classic and occult choroidal neovascularizations (CNVs), subretinal and intraretinal haemorrhage, and late hyperfluorescence in ICGA were identified. The impact of the lesion components on retinal sensitivity was evaluated with correlation analysis and multivariate modelling.</AbstractText>
                <AbstractText Label="RESULTS" NlmCategory="RESULTS">Decreased retinal sensitivity correlated significantly with the presence of CNV, haemorrhage, subretinal tissue and RPE elevation. Out of the OCT parameters, the most important determinant of sensitivity was the thickness of RPE elevation (Spearman's rho, r = -0.202, p &lt; 0.0001). The thicknesses of subretinal tissue (r = -0.168, p &lt; 0.0001) and NED had weaker effects (r = -0.147, p &lt; 0.0001), and the neuroretinal thickness remained nonsignificant. In multivariate modelling, RPE elevation and subretinal tissue in OCT, CNV membranes in angiographies and haemorrhage had the strongest impacts on retinal sensitivity.</AbstractText>
                <AbstractText Label="CONCLUSION" NlmCategory="CONCLUSIONS">The most important lesion components affecting retinal function were RPE elevation and subretinal tissue in OCT as well as neovascular membranes and haemorrhage in angiographies. NED and neuroretinal thickening remained less significant.</AbstractText>
                <CopyrightInformation>© 2012 The Authors. Acta Ophthalmologica © 2012 Acta Ophthalmologica Scandinavica Foundation.</CopyrightInformation>
            </Abstract>
            <AuthorList CompleteYN="Y">
                <Author ValidYN="Y">
                    <LastName>Hautamäki</LastName>
                    <ForeName>Asta</ForeName>
                    <Initials>A</Initials>
                    <AffiliationInfo>
                        <Affiliation>Department of Ophthalmology, Helsinki University Central Hospital, FinlandDepartment of Biological and Environmental Sciences, University of Helsinki, Finland.</Affiliation>
                    </AffiliationInfo>
                </Author>
                <Author ValidYN="Y">
                    <LastName>Oikkonen</LastName>
                    <ForeName>Jaana</ForeName>
                    <Initials>J</Initials>
                </Author>
                <Author ValidYN="Y">
                    <LastName>Onkamo</LastName>
                    <ForeName>Päivi</ForeName>
                    <Initials>P</Initials>
                </Author>
                <Author ValidYN="Y">
                    <LastName>Immonen</LastName>
                    <ForeName>Ilkka</ForeName>
                    <Initials>I</Initials>
                </Author>
            </AuthorList>
            <Language>eng</Language>
            <PublicationTypeList>
                <PublicationType UI="D016428">Journal Article</PublicationType>
                <PublicationType UI="D013485">Research Support, Non-U.S. Gov't</PublicationType>
            </PublicationTypeList>
            <ArticleDate DateType="Electronic">
                <Year>2012</Year>
                <Month>09</Month>
                <Day>23</Day>
            </ArticleDate>
        </Article>
        <MedlineJournalInfo>
            <Country>England</Country>
            <MedlineTA>Acta Ophthalmol</MedlineTA>
            <NlmUniqueID>101468102</NlmUniqueID>
            <ISSNLinking>1755-375X</ISSNLinking>
        </MedlineJournalInfo>
        <ChemicalList>
            <Chemical>
                <RegistryNumber>0</RegistryNumber>
                <NameOfSubstance UI="D004396">Coloring Agents</NameOfSubstance>
            </Chemical>
            <Chemical>
                <RegistryNumber>IX6J1063HV</RegistryNumber>
                <NameOfSubstance UI="D007208">Indocyanine Green</NameOfSubstance>
            </Chemical>
        </ChemicalList>
        <CitationSubset>IM</CitationSubset>
        <MeshHeadingList>
            <MeshHeading>
                <DescriptorName UI="D000368" MajorTopicYN="N">Aged</DescriptorName>
            </MeshHeading>
            <MeshHeading>
                <DescriptorName UI="D000369" MajorTopicYN="N">Aged, 80 and over</DescriptorName>
            </MeshHeading>
            <MeshHeading>
                <DescriptorName UI="D020256" MajorTopicYN="N">Choroidal Neovascularization</DescriptorName>
                <QualifierName UI="Q000175" MajorTopicYN="N">diagnosis</QualifierName>
                <QualifierName UI="Q000503" MajorTopicYN="N">physiopathology</QualifierName>
            </MeshHeading>
            <MeshHeading>
                <DescriptorName UI="D004396" MajorTopicYN="N">Coloring Agents</DescriptorName>
            </MeshHeading>
            <MeshHeading>
                <DescriptorName UI="D015350" MajorTopicYN="N">Contrast Sensitivity</DescriptorName>
                <QualifierName UI="Q000502" MajorTopicYN="N">physiology</QualifierName>
            </MeshHeading>
            <MeshHeading>
                <DescriptorName UI="D003430" MajorTopicYN="N">Cross-Sectional Studies</DescriptorName>
            </MeshHeading>
            <MeshHeading>
                <DescriptorName UI="D005122" MajorTopicYN="N">Exudates and Transudates</DescriptorName>
            </MeshHeading>
            <MeshHeading>
                <DescriptorName UI="D005260" MajorTopicYN="N">Female</DescriptorName>
            </MeshHeading>
            <MeshHeading>
                <DescriptorName UI="D005451" MajorTopicYN="N">Fluorescein Angiography</DescriptorName>
            </MeshHeading>
            <MeshHeading>
                <DescriptorName UI="D006801" MajorTopicYN="N">Humans</DescriptorName>
            </MeshHeading>
            <MeshHeading>
                <DescriptorName UI="D021621" MajorTopicYN="N">Imaging, Three-Dimensional</DescriptorName>
            </MeshHeading>
            <MeshHeading>
                <DescriptorName UI="D007208" MajorTopicYN="N">Indocyanine Green</DescriptorName>
            </MeshHeading>
            <MeshHeading>
                <DescriptorName UI="D008297" MajorTopicYN="N">Male</DescriptorName>
            </MeshHeading>
            <MeshHeading>
                <DescriptorName UI="D012160" MajorTopicYN="N">Retina</DescriptorName>
                <QualifierName UI="Q000503" MajorTopicYN="Y">physiopathology</QualifierName>
            </MeshHeading>
            <MeshHeading>
                <DescriptorName UI="D041623" MajorTopicYN="N">Tomography, Optical Coherence</DescriptorName>
            </MeshHeading>
            <MeshHeading>
                <DescriptorName UI="D014792" MajorTopicYN="N">Visual Acuity</DescriptorName>
                <QualifierName UI="Q000502" MajorTopicYN="N">physiology</QualifierName>
            </MeshHeading>
            <MeshHeading>
                <DescriptorName UI="D058609" MajorTopicYN="N">Visual Field Tests</DescriptorName>
            </MeshHeading>
            <MeshHeading>
                <DescriptorName UI="D014794" MajorTopicYN="N">Visual Fields</DescriptorName>
                <QualifierName UI="Q000502" MajorTopicYN="N">physiology</QualifierName>
            </MeshHeading>
            <MeshHeading>
                <DescriptorName UI="D057135" MajorTopicYN="N">Wet Macular Degeneration</DescriptorName>
                <QualifierName UI="Q000175" MajorTopicYN="N">diagnosis</QualifierName>
                <QualifierName UI="Q000503" MajorTopicYN="Y">physiopathology</QualifierName>
            </MeshHeading>
        </MeshHeadingList>
        <KeywordList Owner="NOTNLM">
            <Keyword MajorTopicYN="N">age-related macular degeneration</Keyword>
            <Keyword MajorTopicYN="N">exudative age-related macular degeneration</Keyword>
            <Keyword MajorTopicYN="N">fluorescein angiography</Keyword>
            <Keyword MajorTopicYN="N">microperimetry</Keyword>
            <Keyword MajorTopicYN="N">optical coherence tomography</Keyword>
        </KeywordList>
    </MedlineCitation>
    <PubmedData>
        <History>
            <PubMedPubDate PubStatus="entrez">
                <Year>2012</Year>
                <Month>9</Month>
                <Day>25</Day>
                <Hour>6</Hour>
                <Minute>0</Minute>
            </PubMedPubDate>
            <PubMedPubDate PubStatus="pubmed">
                <Year>2012</Year>
                <Month>9</Month>
                <Day>25</Day>
                <Hour>6</Hour>
                <Minute>0</Minute>
            </PubMedPubDate>
            <PubMedPubDate PubStatus="medline">
                <Year>2014</Year>
                <Month>6</Month>
                <Day>19</Day>
                <Hour>6</Hour>
                <Minute>0</Minute>
            </PubMedPubDate>
        </History>
        <PublicationStatus>ppublish</PublicationStatus>
        <ArticleIdList>
            <ArticleId IdType="pubmed">22998103</ArticleId>
            <ArticleId IdType="doi">10.1111/j.1755-3768.2012.02556.x</ArticleId>
        </ArticleIdList>
    </PubmedData>
</PubmedArticle>

</PubmedArticleSet>