<?xml version="1.0" ?>
<!DOCTYPE PubmedArticleSet PUBLIC "-//NLM//DTD PubMedArticle, 1st January 2019//EN" "https://dtd.nlm.nih.gov/ncbi/pubmed/out/pubmed_190101.dtd">
<PubmedArticleSet>
<PubmedArticle>
    <MedlineCitation Status="MEDLINE" Owner="NLM">
        <PMID Version="1">23891335</PMID>
        <DateCompleted>
            <Year>2013</Year>
            <Month>12</Month>
            <Day>03</Day>
        </DateCompleted>
        <DateRevised>
            <Year>2013</Year>
            <Month>09</Month>
            <Day>23</Day>
        </DateRevised>
        <Article PubModel="Print-Electronic">
            <Journal>
                <ISSN IssnType="Electronic">1879-1891</ISSN>
                <JournalIssue CitedMedium="Internet">
                    <Volume>156</Volume>
                    <Issue>4</Issue>
                    <PubDate>
                        <Year>2013</Year>
                        <Month>Oct</Month>
                    </PubDate>
                </JournalIssue>
                <Title>American journal of ophthalmology</Title>
                <ISOAbbreviation>Am J Ophthalmol</ISOAbbreviation>
            </Journal>
            <ArticleTitle>One year follow-up of functional recovery in neovascular AMD during monthly anti-VEGF treatment.</ArticleTitle>
            <Pagination>
                <MedlinePgn>633-43</MedlinePgn>
            </Pagination>
            <ELocationID EIdType="doi" ValidYN="Y">10.1016/j.ajo.2013.05.037</ELocationID>
            <ELocationID EIdType="pii" ValidYN="Y">S0002-9394(13)00374-7</ELocationID>
            <Abstract>
                <AbstractText Label="PURPOSE" NlmCategory="OBJECTIVE">To identify neurosensory recovery, testing different functional variables during monthly intravitreal standard anti-vascular endothelial growth factor (VEGF) therapy in neovascular age-related macular degeneration (AMD).</AbstractText>
                <AbstractText Label="DESIGN" NlmCategory="METHODS">Prospective interventional cohort study.</AbstractText>
                <AbstractText Label="METHODS" NlmCategory="METHODS">Sixty-four treatment-naïve neovascular AMD patients with subfoveal lesions were treated and examined monthly for distance visual acuity, reading acuity, maximum reading speed, and contrast sensitivity and with microperimetry evaluating the percentage of absolute and relative scotoma and mean central retinal sensitivity weighted by area. Improvements in reading acuity, distance acuity, reading speed, contrast sensitivity, mean central retinal sensitivity, and scotoma area in dependence of age, lesion type, lesion size, and mean central retinal sensitivity were evaluated by a random-slope and random-intercept model. Recovery pattern of parameters was compared by correlating the individual slopes of each variable.</AbstractText>
                <AbstractText Label="RESULTS" NlmCategory="RESULTS">Initially, a rapid short-term effect of anti-VEGF treatment was documented throughout all functional variables. Progressive functional gain over 1 year was observed for distance visual acuity (P = .011), contrast sensitivity (P ≤ .0001), and mean central retinal sensitivity (P ≤ .0001), but not for reading acuity (P = .31) and maximum reading speed (P = .94). Decrease of absolute scotoma area missed statistical significance over time (P = .053) and also fixation stability did not improve (P = .08). However, lesion size influenced the course of absolute scotoma area (P = .0015), while lesion type had no effect on any visual function variable evaluated. The individual slopes of reading acuity and distance visual acuity showed a moderate correlation; however, all other variables showed only a weak or no significant correlation among each other.</AbstractText>
                <AbstractText Label="CONCLUSION" NlmCategory="CONCLUSIONS">Visual recovery in anti-VEGF therapy is reflected in a characteristic pattern of functional changes over time, whereas distance visual acuity does not seem to comprehensively reflect overall visual function gain.</AbstractText>
                <CopyrightInformation>Copyright © 2013 Elsevier Inc. All rights reserved.</CopyrightInformation>
            </Abstract>
            <AuthorList CompleteYN="Y">
                <Author ValidYN="Y">
                    <LastName>Munk</LastName>
                    <ForeName>Marion R</ForeName>
                    <Initials>MR</Initials>
                    <AffiliationInfo>
                        <Affiliation>Department of Ophthalmology, Medical University of Vienna, Vienna, Austria.</Affiliation>
                    </AffiliationInfo>
                </Author>
                <Author ValidYN="Y">
                    <LastName>Kiss</LastName>
                    <ForeName>Christopher</ForeName>
                    <Initials>C</Initials>
                </Author>
                <Author ValidYN="Y">
                    <LastName>Huf</LastName>
                    <ForeName>Wolfgang</ForeName>
                    <Initials>W</Initials>
                </Author>
                <Author ValidYN="Y">
                    <LastName>Sulzbacher</LastName>
                    <ForeName>Florian</ForeName>
                    <Initials>F</Initials>
                </Author>
                <Author ValidYN="Y">
                    <LastName>Roberts</LastName>
                    <ForeName>Philipp</ForeName>
                    <Initials>P</Initials>
                </Author>
                <Author ValidYN="Y">
                    <LastName>Mittermüller</LastName>
                    <ForeName>Tamara J</ForeName>
                    <Initials>TJ</Initials>
                </Author>
                <Author ValidYN="Y">
                    <LastName>Sacu</LastName>
                    <ForeName>Stefan</ForeName>
                    <Initials>S</Initials>
                </Author>
                <Author ValidYN="Y">
                    <LastName>Simader</LastName>
                    <ForeName>Christian</ForeName>
                    <Initials>C</Initials>
                </Author>
                <Author ValidYN="Y">
                    <LastName>Schmidt-Erfurth</LastName>
                    <ForeName>Ursula</ForeName>
                    <Initials>U</Initials>
                </Author>
            </AuthorList>
            <Language>eng</Language>
            <PublicationTypeList>
                <PublicationType UI="D016428">Journal Article</PublicationType>
            </PublicationTypeList>
            <ArticleDate DateType="Electronic">
                <Year>2013</Year>
                <Month>07</Month>
                <Day>24</Day>
            </ArticleDate>
        </Article>
        <MedlineJournalInfo>
            <Country>United States</Country>
            <MedlineTA>Am J Ophthalmol</MedlineTA>
            <NlmUniqueID>0370500</NlmUniqueID>
            <ISSNLinking>0002-9394</ISSNLinking>
        </MedlineJournalInfo>
        <ChemicalList>
            <Chemical>
                <RegistryNumber>0</RegistryNumber>
                <NameOfSubstance UI="D020533">Angiogenesis Inhibitors</NameOfSubstance>
            </Chemical>
            <Chemical>
                <RegistryNumber>0</RegistryNumber>
                <NameOfSubstance UI="C467484">VEGFA protein, human</NameOfSubstance>
            </Chemical>
            <Chemical>
                <RegistryNumber>0</RegistryNumber>
                <NameOfSubstance UI="D042461">Vascular Endothelial Growth Factor A</NameOfSubstance>
            </Chemical>
        </ChemicalList>
        <CitationSubset>AIM</CitationSubset>
        <CitationSubset>IM</CitationSubset>
        <MeshHeadingList>
            <MeshHeading>
                <DescriptorName UI="D000368" MajorTopicYN="N">Aged</DescriptorName>
            </MeshHeading>
            <MeshHeading>
                <DescriptorName UI="D020533" MajorTopicYN="N">Angiogenesis Inhibitors</DescriptorName>
                <QualifierName UI="Q000627" MajorTopicYN="Y">therapeutic use</QualifierName>
            </MeshHeading>
            <MeshHeading>
                <DescriptorName UI="D015350" MajorTopicYN="N">Contrast Sensitivity</DescriptorName>
                <QualifierName UI="Q000502" MajorTopicYN="N">physiology</QualifierName>
            </MeshHeading>
            <MeshHeading>
                <DescriptorName UI="D005260" MajorTopicYN="N">Female</DescriptorName>
            </MeshHeading>
            <MeshHeading>
                <DescriptorName UI="D005451" MajorTopicYN="N">Fluorescein Angiography</DescriptorName>
            </MeshHeading>
            <MeshHeading>
                <DescriptorName UI="D005500" MajorTopicYN="N">Follow-Up Studies</DescriptorName>
            </MeshHeading>
            <MeshHeading>
                <DescriptorName UI="D006801" MajorTopicYN="N">Humans</DescriptorName>
            </MeshHeading>
            <MeshHeading>
                <DescriptorName UI="D058449" MajorTopicYN="N">Intravitreal Injections</DescriptorName>
            </MeshHeading>
            <MeshHeading>
                <DescriptorName UI="D008297" MajorTopicYN="N">Male</DescriptorName>
            </MeshHeading>
            <MeshHeading>
                <DescriptorName UI="D011446" MajorTopicYN="N">Prospective Studies</DescriptorName>
            </MeshHeading>
            <MeshHeading>
                <DescriptorName UI="D020127" MajorTopicYN="N">Recovery of Function</DescriptorName>
                <QualifierName UI="Q000502" MajorTopicYN="Y">physiology</QualifierName>
            </MeshHeading>
            <MeshHeading>
                <DescriptorName UI="D012160" MajorTopicYN="N">Retina</DescriptorName>
                <QualifierName UI="Q000503" MajorTopicYN="Y">physiopathology</QualifierName>
            </MeshHeading>
            <MeshHeading>
                <DescriptorName UI="D042461" MajorTopicYN="N">Vascular Endothelial Growth Factor A</DescriptorName>
                <QualifierName UI="Q000037" MajorTopicYN="Y">antagonists &amp; inhibitors</QualifierName>
            </MeshHeading>
            <MeshHeading>
                <DescriptorName UI="D014792" MajorTopicYN="N">Visual Acuity</DescriptorName>
                <QualifierName UI="Q000502" MajorTopicYN="Y">physiology</QualifierName>
            </MeshHeading>
            <MeshHeading>
                <DescriptorName UI="D058609" MajorTopicYN="N">Visual Field Tests</DescriptorName>
            </MeshHeading>
            <MeshHeading>
                <DescriptorName UI="D014794" MajorTopicYN="N">Visual Fields</DescriptorName>
                <QualifierName UI="Q000502" MajorTopicYN="N">physiology</QualifierName>
            </MeshHeading>
            <MeshHeading>
                <DescriptorName UI="D057135" MajorTopicYN="N">Wet Macular Degeneration</DescriptorName>
                <QualifierName UI="Q000175" MajorTopicYN="N">diagnosis</QualifierName>
                <QualifierName UI="Q000188" MajorTopicYN="Y">drug therapy</QualifierName>
                <QualifierName UI="Q000503" MajorTopicYN="Y">physiopathology</QualifierName>
            </MeshHeading>
        </MeshHeadingList>
    </MedlineCitation>
    <PubmedData>
        <History>
            <PubMedPubDate PubStatus="received">
                <Year>2012</Year>
                <Month>12</Month>
                <Day>26</Day>
            </PubMedPubDate>
            <PubMedPubDate PubStatus="revised">
                <Year>2013</Year>
                <Month>05</Month>
                <Day>25</Day>
            </PubMedPubDate>
            <PubMedPubDate PubStatus="accepted">
                <Year>2013</Year>
                <Month>05</Month>
                <Day>28</Day>
            </PubMedPubDate>
            <PubMedPubDate PubStatus="entrez">
                <Year>2013</Year>
                <Month>7</Month>
                <Day>30</Day>
                <Hour>6</Hour>
                <Minute>0</Minute>
            </PubMedPubDate>
            <PubMedPubDate PubStatus="pubmed">
                <Year>2013</Year>
                <Month>7</Month>
                <Day>31</Day>
                <Hour>6</Hour>
                <Minute>0</Minute>
            </PubMedPubDate>
            <PubMedPubDate PubStatus="medline">
                <Year>2013</Year>
                <Month>12</Month>
                <Day>16</Day>
                <Hour>6</Hour>
                <Minute>0</Minute>
            </PubMedPubDate>
        </History>
        <PublicationStatus>ppublish</PublicationStatus>
        <ArticleIdList>
            <ArticleId IdType="pubmed">23891335</ArticleId>
            <ArticleId IdType="pii">S0002-9394(13)00374-7</ArticleId>
            <ArticleId IdType="doi">10.1016/j.ajo.2013.05.037</ArticleId>
        </ArticleIdList>
    </PubmedData>
</PubmedArticle>

</PubmedArticleSet>