<?xml version="1.0" ?>
<!DOCTYPE PubmedArticleSet PUBLIC "-//NLM//DTD PubMedArticle, 1st January 2019//EN" "https://dtd.nlm.nih.gov/ncbi/pubmed/out/pubmed_190101.dtd">
<PubmedArticleSet>
<PubmedArticle>
    <MedlineCitation Status="MEDLINE" Owner="NLM">
        <PMID Version="1">24661863</PMID>
        <DateCompleted>
            <Year>2014</Year>
            <Month>12</Month>
            <Day>04</Day>
        </DateCompleted>
        <DateRevised>
            <Year>2014</Year>
            <Month>08</Month>
            <Day>04</Day>
        </DateRevised>
        <Article PubModel="Print-Electronic">
            <Journal>
                <ISSN IssnType="Electronic">1549-4713</ISSN>
                <JournalIssue CitedMedium="Internet">
                    <Volume>121</Volume>
                    <Issue>8</Issue>
                    <PubDate>
                        <Year>2014</Year>
                        <Month>Aug</Month>
                    </PubDate>
                </JournalIssue>
                <Title>Ophthalmology</Title>
                <ISOAbbreviation>Ophthalmology</ISOAbbreviation>
            </Journal>
            <ArticleTitle>Low-luminance visual acuity and microperimetry in age-related macular degeneration.</ArticleTitle>
            <Pagination>
                <MedlinePgn>1612-9</MedlinePgn>
            </Pagination>
            <ELocationID EIdType="doi" ValidYN="Y">10.1016/j.ophtha.2014.02.005</ELocationID>
            <ELocationID EIdType="pii" ValidYN="Y">S0161-6420(14)00133-X</ELocationID>
            <Abstract>
                <AbstractText Label="OBJECTIVE" NlmCategory="OBJECTIVE">To compare the effectiveness of low-luminance visual acuity (LLVA) and microperimetry as functional measures in early stages of age-related macular degeneration (AMD).</AbstractText>
                <AbstractText Label="DESIGN" NlmCategory="METHODS">Prospective cross-sectional study.</AbstractText>
                <AbstractText Label="PARTICIPANTS" NlmCategory="METHODS">One hundred seventy-nine participants with a clinical spectrum of non-neovascular AMD and 26 control participants.</AbstractText>
                <AbstractText Label="METHODS" NlmCategory="METHODS">Best-corrected visual acuity (BVCA), LLVA, and microperimetric retinal sensitivity were measured on 1 eye of all participants. Low-luminance deficit (LLD) was calculated as the difference between LLVA and BCVA. The functional parameters were compared between 6 clinical severity groups (from controls to non-foveal geographic atrophy [GA]), and the relationships and magnitude of these parameters were determined and compared.</AbstractText>
                <AbstractText Label="MAIN OUTCOME MEASURES" NlmCategory="METHODS">Visual acuity parameters (BCVA, LLVA, and LLD) and central retinal sensitivity.</AbstractText>
                <AbstractText Label="RESULTS" NlmCategory="RESULTS">Best-corrected visual acuity, LLVA, and central retinal sensitivity were reduced significantly for all AMD clinical severity groups when compared with control participants (P ≤ 0.002), except for those with drusen between 63 and 125 μm (P ≥ 0.107). However, LLD was not significantly different from control participants in all groups (P ≥ 0.073), except in the non-foveal GA group (P = 0.008). A significant positive relationship between central retinal sensitivity and LLD (R = 0.613; P &lt; 0.001), but not BCVA, suggests that there is a trend for LLVA to detect a greater extent of functional deficit than BCVA in eyes with increasingly poorer retinal sensitivity. However, the results of the linear regression models estimated central retinal sensitivity to be 6.1, 3.7, and 5.1 standard deviations (SDs) less than normal by the time BCVA, LLVA, and LLD, respectively, were 2 SDs less than normal.</AbstractText>
                <AbstractText Label="CONCLUSIONS" NlmCategory="CONCLUSIONS">In early stages of AMD, LLVA did not detect a greater extent of functional deficit than BCVA when compared with control participants. Although there was a trend for LLVA to be more effective at detecting foveal deficits than BCVA in eyes with increasingly poorer retinal sensitivity, both visual acuity measures were much less sensitive compared with microperimetry.</AbstractText>
                <CopyrightInformation>Copyright © 2014 American Academy of Ophthalmology. Published by Elsevier Inc. All rights reserved.</CopyrightInformation>
            </Abstract>
            <AuthorList CompleteYN="Y">
                <Author ValidYN="Y">
                    <LastName>Wu</LastName>
                    <ForeName>Zhichao</ForeName>
                    <Initials>Z</Initials>
                    <AffiliationInfo>
                        <Affiliation>Centre for Eye Research Australia, University of Melbourne, Royal Victorian Eye and Ear Hospital, Melbourne, Victoria, Australia.</Affiliation>
                    </AffiliationInfo>
                </Author>
                <Author ValidYN="Y">
                    <LastName>Ayton</LastName>
                    <ForeName>Lauren N</ForeName>
                    <Initials>LN</Initials>
                    <AffiliationInfo>
                        <Affiliation>Centre for Eye Research Australia, University of Melbourne, Royal Victorian Eye and Ear Hospital, Melbourne, Victoria, Australia.</Affiliation>
                    </AffiliationInfo>
                </Author>
                <Author ValidYN="Y">
                    <LastName>Guymer</LastName>
                    <ForeName>Robyn H</ForeName>
                    <Initials>RH</Initials>
                    <AffiliationInfo>
                        <Affiliation>Centre for Eye Research Australia, University of Melbourne, Royal Victorian Eye and Ear Hospital, Melbourne, Victoria, Australia.</Affiliation>
                    </AffiliationInfo>
                </Author>
                <Author ValidYN="Y">
                    <LastName>Luu</LastName>
                    <ForeName>Chi D</ForeName>
                    <Initials>CD</Initials>
                    <AffiliationInfo>
                        <Affiliation>Centre for Eye Research Australia, University of Melbourne, Royal Victorian Eye and Ear Hospital, Melbourne, Victoria, Australia. Electronic address: cluu@unimelb.edu.au.</Affiliation>
                    </AffiliationInfo>
                </Author>
            </AuthorList>
            <Language>eng</Language>
            <PublicationTypeList>
                <PublicationType UI="D003160">Comparative Study</PublicationType>
                <PublicationType UI="D016428">Journal Article</PublicationType>
            </PublicationTypeList>
            <ArticleDate DateType="Electronic">
                <Year>2014</Year>
                <Month>03</Month>
                <Day>22</Day>
            </ArticleDate>
        </Article>
        <MedlineJournalInfo>
            <Country>United States</Country>
            <MedlineTA>Ophthalmology</MedlineTA>
            <NlmUniqueID>7802443</NlmUniqueID>
            <ISSNLinking>0161-6420</ISSNLinking>
        </MedlineJournalInfo>
        <CitationSubset>IM</CitationSubset>
        <MeshHeadingList>
            <MeshHeading>
                <DescriptorName UI="D000368" MajorTopicYN="N">Aged</DescriptorName>
            </MeshHeading>
            <MeshHeading>
                <DescriptorName UI="D003430" MajorTopicYN="N">Cross-Sectional Studies</DescriptorName>
            </MeshHeading>
            <MeshHeading>
                <DescriptorName UI="D005260" MajorTopicYN="N">Female</DescriptorName>
            </MeshHeading>
            <MeshHeading>
                <DescriptorName UI="D057092" MajorTopicYN="N">Geographic Atrophy</DescriptorName>
                <QualifierName UI="Q000145" MajorTopicYN="N">classification</QualifierName>
                <QualifierName UI="Q000175" MajorTopicYN="N">diagnosis</QualifierName>
                <QualifierName UI="Q000503" MajorTopicYN="Y">physiopathology</QualifierName>
            </MeshHeading>
            <MeshHeading>
                <DescriptorName UI="D006801" MajorTopicYN="N">Humans</DescriptorName>
            </MeshHeading>
            <MeshHeading>
                <DescriptorName UI="D008027" MajorTopicYN="N">Light</DescriptorName>
            </MeshHeading>
            <MeshHeading>
                <DescriptorName UI="D008297" MajorTopicYN="N">Male</DescriptorName>
            </MeshHeading>
            <MeshHeading>
                <DescriptorName UI="D055254" MajorTopicYN="N">Night Vision</DescriptorName>
            </MeshHeading>
            <MeshHeading>
                <DescriptorName UI="D011446" MajorTopicYN="N">Prospective Studies</DescriptorName>
            </MeshHeading>
            <MeshHeading>
                <DescriptorName UI="D012160" MajorTopicYN="N">Retina</DescriptorName>
                <QualifierName UI="Q000503" MajorTopicYN="Y">physiopathology</QualifierName>
            </MeshHeading>
            <MeshHeading>
                <DescriptorName UI="D014792" MajorTopicYN="N">Visual Acuity</DescriptorName>
                <QualifierName UI="Q000502" MajorTopicYN="Y">physiology</QualifierName>
            </MeshHeading>
            <MeshHeading>
                <DescriptorName UI="D058609" MajorTopicYN="N">Visual Field Tests</DescriptorName>
            </MeshHeading>
            <MeshHeading>
                <DescriptorName UI="D014794" MajorTopicYN="N">Visual Fields</DescriptorName>
                <QualifierName UI="Q000502" MajorTopicYN="Y">physiology</QualifierName>
            </MeshHeading>
        </MeshHeadingList>
    </MedlineCitation>
    <PubmedData>
        <History>
            <PubMedPubDate PubStatus="received">
                <Year>2013</Year>
                <Month>12</Month>
                <Day>09</Day>
            </PubMedPubDate>
            <PubMedPubDate PubStatus="revised">
                <Year>2014</Year>
                <Month>02</Month>
                <Day>03</Day>
            </PubMedPubDate>
            <PubMedPubDate PubStatus="accepted">
                <Year>2014</Year>
                <Month>02</Month>
                <Day>07</Day>
            </PubMedPubDate>
            <PubMedPubDate PubStatus="entrez">
                <Year>2014</Year>
                <Month>3</Month>
                <Day>26</Day>
                <Hour>6</Hour>
                <Minute>0</Minute>
            </PubMedPubDate>
            <PubMedPubDate PubStatus="pubmed">
                <Year>2014</Year>
                <Month>3</Month>
                <Day>26</Day>
                <Hour>6</Hour>
                <Minute>0</Minute>
            </PubMedPubDate>
            <PubMedPubDate PubStatus="medline">
                <Year>2014</Year>
                <Month>12</Month>
                <Day>15</Day>
                <Hour>6</Hour>
                <Minute>0</Minute>
            </PubMedPubDate>
        </History>
        <PublicationStatus>ppublish</PublicationStatus>
        <ArticleIdList>
            <ArticleId IdType="pubmed">24661863</ArticleId>
            <ArticleId IdType="pii">S0161-6420(14)00133-X</ArticleId>
            <ArticleId IdType="doi">10.1016/j.ophtha.2014.02.005</ArticleId>
        </ArticleIdList>
    </PubmedData>
</PubmedArticle>

</PubmedArticleSet>