<?xml version="1.0" ?>
<!DOCTYPE PubmedArticleSet PUBLIC "-//NLM//DTD PubMedArticle, 1st January 2019//EN" "https://dtd.nlm.nih.gov/ncbi/pubmed/out/pubmed_190101.dtd">
<PubmedArticleSet>
<PubmedArticle>
    <MedlineCitation Status="MEDLINE" Owner="NLM">
        <PMID Version="1">25503456</PMID>
        <DateCompleted>
            <Year>2015</Year>
            <Month>03</Month>
            <Day>24</Day>
        </DateCompleted>
        <DateRevised>
            <Year>2015</Year>
            <Month>02</Month>
            <Day>14</Day>
        </DateRevised>
        <Article PubModel="Electronic">
            <Journal>
                <ISSN IssnType="Electronic">1552-5783</ISSN>
                <JournalIssue CitedMedium="Internet">
                    <Volume>56</Volume>
                    <Issue>2</Issue>
                    <PubDate>
                        <Year>2014</Year>
                        <Month>Dec</Month>
                        <Day>11</Day>
                    </PubDate>
                </JournalIssue>
                <Title>Investigative ophthalmology &amp; visual science</Title>
                <ISOAbbreviation>Invest Ophthalmol Vis Sci</ISOAbbreviation>
            </Journal>
            <ArticleTitle>Relationship of retinal morphology and retinal sensitivity in the treatment of neovascular age-related macular degeneration using aflibercept.</ArticleTitle>
            <Pagination>
                <MedlinePgn>1158-67</MedlinePgn>
            </Pagination>
            <ELocationID EIdType="doi" ValidYN="Y">10.1167/iovs.14-14298</ELocationID>
            <Abstract>
                <AbstractText Label="PURPOSE" NlmCategory="OBJECTIVE">To relate the functional response to distinct morphological features of the retina during aflibercept treatment for neovascular AMD (nAMD).</AbstractText>
                <AbstractText Label="METHODS" NlmCategory="METHODS">A total of 726 retinal locations in 22 consecutive eyes presenting with treatment-naive nAMD underwent a standardized examination with spectral-domain optical coherence tomography (SD-OCT) and topographic microperimetry (MP) at baseline, after 3 and 12 months of continuous intravitreal aflibercept therapy. The retinal sensitivity at each stimulus location was registered to the corresponding location on SD-OCT morphology. Subsequently, the microperimetric responses were evaluated with respect to the following underlying SD-OCT features: neovascular complex (NVC), subretinal fluid (SRF), intraretinal fluid (IRF), intraretinal cystoid space (IRC), serous pigment epithelium detachment (sPED), and fibrovascular pigment epithelium detachment (fPED).</AbstractText>
                <AbstractText Label="RESULTS" NlmCategory="RESULTS">Baseline sensitivity was reduced to mean values of 1.8 dB in NVC, 2.2 dB in IRC, 2.8 dB in IRF, 2.6 dB in sPED, 3.6 dB in SRF, and 4.6 dB in fPED. Improvements in retinal sensitivity were most pronounced during the initial 3-month interval, when significant recovery was documented for SRF and sPED with +4.0/5.5 dB (P &lt; 0.0001) and to a lesser extent for IRF, IRC, fPED, with +1.1, 1.7, 2.3 dB, respectively. From month 3 to 12, the additional benefit ranged from 0.3 to 1.0 dB (P &gt; 0.05 for each category).</AbstractText>
                <AbstractText Label="CONCLUSIONS" NlmCategory="CONCLUSIONS">Significant functional benefits following intravitreal aflibercept treatment could be detected over all defined morphological pathologies. The level of improvement varied dependent on the associated feature with the best prognosis for visual improvement in SRF and sPED and least with intraretinal fluid and particularly intraretinal cysts.</AbstractText>
                <CopyrightInformation>Copyright 2015 The Association for Research in Vision and Ophthalmology, Inc.</CopyrightInformation>
            </Abstract>
            <AuthorList CompleteYN="Y">
                <Author ValidYN="Y">
                    <LastName>Sulzbacher</LastName>
                    <ForeName>Florian</ForeName>
                    <Initials>F</Initials>
                    <AffiliationInfo>
                        <Affiliation>Department of Ophthalmology, Medical University of Vienna, Vienna, Austria.</Affiliation>
                    </AffiliationInfo>
                </Author>
                <Author ValidYN="Y">
                    <LastName>Roberts</LastName>
                    <ForeName>Philipp</ForeName>
                    <Initials>P</Initials>
                    <AffiliationInfo>
                        <Affiliation>Department of Ophthalmology, Medical University of Vienna, Vienna, Austria.</Affiliation>
                    </AffiliationInfo>
                </Author>
                <Author ValidYN="Y">
                    <LastName>Munk</LastName>
                    <ForeName>Marion R</ForeName>
                    <Initials>MR</Initials>
                    <AffiliationInfo>
                        <Affiliation>Department of Ophthalmology, Medical University of Vienna, Vienna, Austria.</Affiliation>
                    </AffiliationInfo>
                </Author>
                <Author ValidYN="Y">
                    <LastName>Kaider</LastName>
                    <ForeName>Alexandra</ForeName>
                    <Initials>A</Initials>
                    <AffiliationInfo>
                        <Affiliation>Center for Medical Statistics, Informatics, and Intelligent Systems, Section for Clinical Biometrics, Medical University of Vienna, Vienna, Austria.</Affiliation>
                    </AffiliationInfo>
                </Author>
                <Author ValidYN="Y">
                    <LastName>Kroh</LastName>
                    <ForeName>Maria Elisabeth</ForeName>
                    <Initials>ME</Initials>
                    <AffiliationInfo>
                        <Affiliation>Department of Ophthalmology, Medical University of Vienna, Vienna, Austria.</Affiliation>
                    </AffiliationInfo>
                </Author>
                <Author ValidYN="Y">
                    <LastName>Sacu</LastName>
                    <ForeName>Stefan</ForeName>
                    <Initials>S</Initials>
                    <AffiliationInfo>
                        <Affiliation>Department of Ophthalmology, Medical University of Vienna, Vienna, Austria.</Affiliation>
                    </AffiliationInfo>
                </Author>
                <Author ValidYN="Y">
                    <LastName>Schmidt-Erfurth</LastName>
                    <ForeName>Ursula</ForeName>
                    <Initials>U</Initials>
                    <AffiliationInfo>
                        <Affiliation>Department of Ophthalmology, Medical University of Vienna, Vienna, Austria.</Affiliation>
                    </AffiliationInfo>
                </Author>
                <Author ValidYN="Y">
                    <CollectiveName>Vienna Eye Study Center</CollectiveName>
                </Author>
            </AuthorList>
            <Language>eng</Language>
            <PublicationTypeList>
                <PublicationType UI="D016428">Journal Article</PublicationType>
            </PublicationTypeList>
            <ArticleDate DateType="Electronic">
                <Year>2014</Year>
                <Month>12</Month>
                <Day>11</Day>
            </ArticleDate>
        </Article>
        <MedlineJournalInfo>
            <Country>United States</Country>
            <MedlineTA>Invest Ophthalmol Vis Sci</MedlineTA>
            <NlmUniqueID>7703701</NlmUniqueID>
            <ISSNLinking>0146-0404</ISSNLinking>
        </MedlineJournalInfo>
        <ChemicalList>
            <Chemical>
                <RegistryNumber>0</RegistryNumber>
                <NameOfSubstance UI="D011993">Recombinant Fusion Proteins</NameOfSubstance>
            </Chemical>
            <Chemical>
                <RegistryNumber>15C2VL427D</RegistryNumber>
                <NameOfSubstance UI="C533178">aflibercept</NameOfSubstance>
            </Chemical>
            <Chemical>
                <RegistryNumber>EC 2.7.10.1</RegistryNumber>
                <NameOfSubstance UI="D040262">Receptors, Vascular Endothelial Growth Factor</NameOfSubstance>
            </Chemical>
        </ChemicalList>
        <CitationSubset>IM</CitationSubset>
        <MeshHeadingList>
            <MeshHeading>
                <DescriptorName UI="D000328" MajorTopicYN="N">Adult</DescriptorName>
            </MeshHeading>
            <MeshHeading>
                <DescriptorName UI="D000368" MajorTopicYN="N">Aged</DescriptorName>
            </MeshHeading>
            <MeshHeading>
                <DescriptorName UI="D004305" MajorTopicYN="N">Dose-Response Relationship, Drug</DescriptorName>
            </MeshHeading>
            <MeshHeading>
                <DescriptorName UI="D005260" MajorTopicYN="N">Female</DescriptorName>
            </MeshHeading>
            <MeshHeading>
                <DescriptorName UI="D005500" MajorTopicYN="N">Follow-Up Studies</DescriptorName>
            </MeshHeading>
            <MeshHeading>
                <DescriptorName UI="D006801" MajorTopicYN="N">Humans</DescriptorName>
            </MeshHeading>
            <MeshHeading>
                <DescriptorName UI="D058449" MajorTopicYN="N">Intravitreal Injections</DescriptorName>
            </MeshHeading>
            <MeshHeading>
                <DescriptorName UI="D008268" MajorTopicYN="N">Macular Degeneration</DescriptorName>
                <QualifierName UI="Q000188" MajorTopicYN="N">drug therapy</QualifierName>
                <QualifierName UI="Q000209" MajorTopicYN="N">etiology</QualifierName>
                <QualifierName UI="Q000473" MajorTopicYN="Y">pathology</QualifierName>
            </MeshHeading>
            <MeshHeading>
                <DescriptorName UI="D008297" MajorTopicYN="N">Male</DescriptorName>
            </MeshHeading>
            <MeshHeading>
                <DescriptorName UI="D008875" MajorTopicYN="N">Middle Aged</DescriptorName>
            </MeshHeading>
            <MeshHeading>
                <DescriptorName UI="D040262" MajorTopicYN="N">Receptors, Vascular Endothelial Growth Factor</DescriptorName>
                <QualifierName UI="Q000008" MajorTopicYN="Y">administration &amp; dosage</QualifierName>
            </MeshHeading>
            <MeshHeading>
                <DescriptorName UI="D011993" MajorTopicYN="N">Recombinant Fusion Proteins</DescriptorName>
                <QualifierName UI="Q000008" MajorTopicYN="Y">administration &amp; dosage</QualifierName>
            </MeshHeading>
            <MeshHeading>
                <DescriptorName UI="D012160" MajorTopicYN="N">Retina</DescriptorName>
                <QualifierName UI="Q000187" MajorTopicYN="N">drug effects</QualifierName>
                <QualifierName UI="Q000473" MajorTopicYN="Y">pathology</QualifierName>
            </MeshHeading>
            <MeshHeading>
                <DescriptorName UI="D015861" MajorTopicYN="N">Retinal Neovascularization</DescriptorName>
                <QualifierName UI="Q000150" MajorTopicYN="N">complications</QualifierName>
                <QualifierName UI="Q000188" MajorTopicYN="N">drug therapy</QualifierName>
                <QualifierName UI="Q000473" MajorTopicYN="Y">pathology</QualifierName>
            </MeshHeading>
            <MeshHeading>
                <DescriptorName UI="D041623" MajorTopicYN="N">Tomography, Optical Coherence</DescriptorName>
            </MeshHeading>
            <MeshHeading>
                <DescriptorName UI="D016896" MajorTopicYN="N">Treatment Outcome</DescriptorName>
            </MeshHeading>
            <MeshHeading>
                <DescriptorName UI="D014792" MajorTopicYN="Y">Visual Acuity</DescriptorName>
            </MeshHeading>
        </MeshHeadingList>
        <KeywordList Owner="NOTNLM">
            <Keyword MajorTopicYN="N">microperimetry</Keyword>
            <Keyword MajorTopicYN="N">neovascular AMD</Keyword>
            <Keyword MajorTopicYN="N">spectral-domain OCT</Keyword>
        </KeywordList>
        <InvestigatorList>
            <Investigator ValidYN="Y">
                <LastName>Schmidt-Erfurth</LastName>
                <ForeName>Ursula</ForeName>
                <Initials>U</Initials>
            </Investigator>
            <Investigator ValidYN="Y">
                <LastName>Sacu</LastName>
                <ForeName>Stefan</ForeName>
                <Initials>S</Initials>
            </Investigator>
            <Investigator ValidYN="Y">
                <LastName>Eibenberger</LastName>
                <ForeName>Katharina</ForeName>
                <Initials>K</Initials>
            </Investigator>
            <Investigator ValidYN="Y">
                <LastName>Schutze</LastName>
                <ForeName>Christopher</ForeName>
                <Initials>C</Initials>
            </Investigator>
            <Investigator ValidYN="Y">
                <LastName>Rezar</LastName>
                <ForeName>Sandra</ForeName>
                <Initials>S</Initials>
            </Investigator>
            <Investigator ValidYN="Y">
                <LastName>Sulzbacher</LastName>
                <ForeName>Florian</ForeName>
                <Initials>F</Initials>
            </Investigator>
            <Investigator ValidYN="Y">
                <LastName>Schlanitz</LastName>
                <ForeName>Ferdinand</ForeName>
                <Initials>F</Initials>
            </Investigator>
            <Investigator ValidYN="Y">
                <LastName>Roberts</LastName>
                <ForeName>Philipp</ForeName>
                <Initials>P</Initials>
            </Investigator>
            <Investigator ValidYN="Y">
                <LastName>Schmidinger</LastName>
                <ForeName>Gerald</ForeName>
                <Initials>G</Initials>
            </Investigator>
            <Investigator ValidYN="Y">
                <LastName>Pircher</LastName>
                <ForeName>Niklas</ForeName>
                <Initials>N</Initials>
            </Investigator>
            <Investigator ValidYN="Y">
                <LastName>Ritter</LastName>
                <ForeName>Markus</ForeName>
                <Initials>M</Initials>
            </Investigator>
            <Investigator ValidYN="Y">
                <LastName>Leodolter</LastName>
                <ForeName>Anna</ForeName>
                <Initials>A</Initials>
            </Investigator>
            <Investigator ValidYN="Y">
                <LastName>Reitner</LastName>
                <ForeName>Andreas</ForeName>
                <Initials>A</Initials>
            </Investigator>
            <Investigator ValidYN="Y">
                <LastName>Pemp</LastName>
                <ForeName>Berthold</ForeName>
                <Initials>B</Initials>
            </Investigator>
            <Investigator ValidYN="Y">
                <LastName>Funk</LastName>
                <ForeName>Marion</ForeName>
                <Initials>M</Initials>
            </Investigator>
            <Investigator ValidYN="Y">
                <LastName>Pollreisz</LastName>
                <ForeName>Andreas</ForeName>
                <Initials>A</Initials>
            </Investigator>
            <Investigator ValidYN="Y">
                <LastName>Chen</LastName>
                <ForeName>Ying-Ting</ForeName>
                <Initials>YT</Initials>
            </Investigator>
            <Investigator ValidYN="Y">
                <LastName>Prager</LastName>
                <ForeName>Sonja</ForeName>
                <Initials>S</Initials>
            </Investigator>
            <Investigator ValidYN="Y">
                <LastName>Deak</LastName>
                <ForeName>Gabor</ForeName>
                <Initials>G</Initials>
            </Investigator>
            <Investigator ValidYN="Y">
                <LastName>Kriechbaum</LastName>
                <ForeName>Katharina</ForeName>
                <Initials>K</Initials>
            </Investigator>
            <Investigator ValidYN="Y">
                <LastName>Lammer</LastName>
                <ForeName>Jan</ForeName>
                <Initials>J</Initials>
            </Investigator>
            <Investigator ValidYN="Y">
                <LastName>Mitsch</LastName>
                <ForeName>Christoph</ForeName>
                <Initials>C</Initials>
            </Investigator>
            <Investigator ValidYN="Y">
                <LastName>Baratsits</LastName>
                <ForeName>Magdalena</ForeName>
                <Initials>M</Initials>
            </Investigator>
            <Investigator ValidYN="Y">
                <LastName>Jakob</LastName>
                <ForeName>Astrid</ForeName>
                <Initials>A</Initials>
            </Investigator>
            <Investigator ValidYN="Y">
                <LastName>Kefer</LastName>
                <ForeName>Katharina</ForeName>
                <Initials>K</Initials>
            </Investigator>
            <Investigator ValidYN="Y">
                <LastName>Kroh</LastName>
                <ForeName>Maria</ForeName>
                <Initials>M</Initials>
            </Investigator>
            <Investigator ValidYN="Y">
                <LastName>Mittermuller</LastName>
                <ForeName>Jasmin</ForeName>
                <Initials>J</Initials>
            </Investigator>
            <Investigator ValidYN="Y">
                <LastName>Ender</LastName>
                <ForeName>Marie Kristine</ForeName>
                <Initials>MK</Initials>
            </Investigator>
            <Investigator ValidYN="Y">
                <LastName>Koizar</LastName>
                <ForeName>Lisbeth Bobich</ForeName>
                <Initials>LB</Initials>
            </Investigator>
        </InvestigatorList>
    </MedlineCitation>
    <PubmedData>
        <History>
            <PubMedPubDate PubStatus="entrez">
                <Year>2014</Year>
                <Month>12</Month>
                <Day>16</Day>
                <Hour>6</Hour>
                <Minute>0</Minute>
            </PubMedPubDate>
            <PubMedPubDate PubStatus="pubmed">
                <Year>2014</Year>
                <Month>12</Month>
                <Day>17</Day>
                <Hour>6</Hour>
                <Minute>0</Minute>
            </PubMedPubDate>
            <PubMedPubDate PubStatus="medline">
                <Year>2015</Year>
                <Month>3</Month>
                <Day>25</Day>
                <Hour>6</Hour>
                <Minute>0</Minute>
            </PubMedPubDate>
        </History>
        <PublicationStatus>epublish</PublicationStatus>
        <ArticleIdList>
            <ArticleId IdType="pubmed">25503456</ArticleId>
            <ArticleId IdType="pii">iovs.14-14298</ArticleId>
            <ArticleId IdType="doi">10.1167/iovs.14-14298</ArticleId>
        </ArticleIdList>
    </PubmedData>
</PubmedArticle>

</PubmedArticleSet>