<?xml version="1.0" ?>
<!DOCTYPE PubmedArticleSet PUBLIC "-//NLM//DTD PubMedArticle, 1st January 2019//EN" "https://dtd.nlm.nih.gov/ncbi/pubmed/out/pubmed_190101.dtd">
<PubmedArticleSet>
<PubmedArticle>
    <MedlineCitation Status="MEDLINE" Owner="NLM">
        <PMID Version="1">25515578</PMID>
        <DateCompleted>
            <Year>2015</Year>
            <Month>03</Month>
            <Day>10</Day>
        </DateCompleted>
        <DateRevised>
            <Year>2015</Year>
            <Month>01</Month>
            <Day>07</Day>
        </DateRevised>
        <Article PubModel="Electronic">
            <Journal>
                <ISSN IssnType="Electronic">1552-5783</ISSN>
                <JournalIssue CitedMedium="Internet">
                    <Volume>56</Volume>
                    <Issue>1</Issue>
                    <PubDate>
                        <Year>2014</Year>
                        <Month>Dec</Month>
                        <Day>16</Day>
                    </PubDate>
                </JournalIssue>
                <Title>Investigative ophthalmology &amp; visual science</Title>
                <ISOAbbreviation>Invest Ophthalmol Vis Sci</ISOAbbreviation>
            </Journal>
            <ArticleTitle>Microperimetry of nascent geographic atrophy in age-related macular degeneration.</ArticleTitle>
            <Pagination>
                <MedlinePgn>115-21</MedlinePgn>
            </Pagination>
            <ELocationID EIdType="doi" ValidYN="Y">10.1167/iovs.14-15614</ELocationID>
            <Abstract>
                <AbstractText Label="PURPOSE" NlmCategory="OBJECTIVE">To determine the microperimetric retinal sensitivity in areas with nascent geographic atrophy (nGA) compared with other pathological features in eyes with intermediate AMD.</AbstractText>
                <AbstractText Label="METHODS" NlmCategory="METHODS">Participants with bilateral intermediate AMD underwent microperimetry examinations and high-resolution spectral-domain optical coherence tomography (SD-OCT) scans in a prospective study. Twenty-two participants (24 eyes) identified as having a microperimetric stimulus sampling an atrophic area (nGA or drusen-associated atrophy detected on SD-OCT) in an eye were analyzed, using three neighboring nonatrophic regions (with or without AMD-associated features) in the same eye as reference areas.</AbstractText>
                <AbstractText Label="RESULTS" NlmCategory="RESULTS">On average, the mean microperimetric retinal sensitivity was worse in areas with nGA than nonatrophic reference areas (P ≤ 0.008), but better than areas with drusen-associated atrophy (P = 0.008). Considering all the microperimetry points in an eye, there were only 6 out of 16 eyes (37.5%) where the retinal sensitivity over nGA was the worst performing point in the eye, while all eight out of eight eyes (100.0%) with an area of drusen-associated atrophy detected on SD-OCT had the worst-performing point over that area.</AbstractText>
                <AbstractText Label="CONCLUSIONS" NlmCategory="CONCLUSIONS">Areas of nGA were characterized by worse microperimetric retinal sensitivity compared with nonatrophic areas in eyes with intermediate AMD, but better retinal sensitivity compared with areas of drusen-associated atrophy detected on SD-OCT. Areas of nGA were also not always the worst performing point in an eye. These findings further our understanding of the functional changes occurring in novel SD-OCT identified pathological changes in intermediate AMD.</AbstractText>
                <CopyrightInformation>Copyright 2014 The Association for Research in Vision and Ophthalmology, Inc.</CopyrightInformation>
            </Abstract>
            <AuthorList CompleteYN="Y">
                <Author ValidYN="Y">
                    <LastName>Wu</LastName>
                    <ForeName>Zhichao</ForeName>
                    <Initials>Z</Initials>
                    <AffiliationInfo>
                        <Affiliation>Centre for Eye Research Australia, University of Melbourne, Royal Victorian Eye and Ear Hospital, Victoria, Australia.</Affiliation>
                    </AffiliationInfo>
                </Author>
                <Author ValidYN="Y">
                    <LastName>Ayton</LastName>
                    <ForeName>Lauren N</ForeName>
                    <Initials>LN</Initials>
                    <AffiliationInfo>
                        <Affiliation>Centre for Eye Research Australia, University of Melbourne, Royal Victorian Eye and Ear Hospital, Victoria, Australia.</Affiliation>
                    </AffiliationInfo>
                </Author>
                <Author ValidYN="Y">
                    <LastName>Luu</LastName>
                    <ForeName>Chi D</ForeName>
                    <Initials>CD</Initials>
                    <AffiliationInfo>
                        <Affiliation>Centre for Eye Research Australia, University of Melbourne, Royal Victorian Eye and Ear Hospital, Victoria, Australia.</Affiliation>
                    </AffiliationInfo>
                </Author>
                <Author ValidYN="Y">
                    <LastName>Guymer</LastName>
                    <ForeName>Robyn H</ForeName>
                    <Initials>RH</Initials>
                    <AffiliationInfo>
                        <Affiliation>Centre for Eye Research Australia, University of Melbourne, Royal Victorian Eye and Ear Hospital, Victoria, Australia.</Affiliation>
                    </AffiliationInfo>
                </Author>
            </AuthorList>
            <Language>eng</Language>
            <PublicationTypeList>
                <PublicationType UI="D016428">Journal Article</PublicationType>
                <PublicationType UI="D013485">Research Support, Non-U.S. Gov't</PublicationType>
            </PublicationTypeList>
            <ArticleDate DateType="Electronic">
                <Year>2014</Year>
                <Month>12</Month>
                <Day>16</Day>
            </ArticleDate>
        </Article>
        <MedlineJournalInfo>
            <Country>United States</Country>
            <MedlineTA>Invest Ophthalmol Vis Sci</MedlineTA>
            <NlmUniqueID>7703701</NlmUniqueID>
            <ISSNLinking>0146-0404</ISSNLinking>
        </MedlineJournalInfo>
        <CitationSubset>IM</CitationSubset>
        <MeshHeadingList>
            <MeshHeading>
                <DescriptorName UI="D000368" MajorTopicYN="N">Aged</DescriptorName>
            </MeshHeading>
            <MeshHeading>
                <DescriptorName UI="D000369" MajorTopicYN="N">Aged, 80 and over</DescriptorName>
            </MeshHeading>
            <MeshHeading>
                <DescriptorName UI="D018450" MajorTopicYN="N">Disease Progression</DescriptorName>
            </MeshHeading>
            <MeshHeading>
                <DescriptorName UI="D005260" MajorTopicYN="N">Female</DescriptorName>
            </MeshHeading>
            <MeshHeading>
                <DescriptorName UI="D005451" MajorTopicYN="N">Fluorescein Angiography</DescriptorName>
            </MeshHeading>
            <MeshHeading>
                <DescriptorName UI="D005500" MajorTopicYN="N">Follow-Up Studies</DescriptorName>
            </MeshHeading>
            <MeshHeading>
                <DescriptorName UI="D005654" MajorTopicYN="N">Fundus Oculi</DescriptorName>
            </MeshHeading>
            <MeshHeading>
                <DescriptorName UI="D057092" MajorTopicYN="N">Geographic Atrophy</DescriptorName>
                <QualifierName UI="Q000175" MajorTopicYN="Y">diagnosis</QualifierName>
                <QualifierName UI="Q000503" MajorTopicYN="N">physiopathology</QualifierName>
            </MeshHeading>
            <MeshHeading>
                <DescriptorName UI="D006801" MajorTopicYN="N">Humans</DescriptorName>
            </MeshHeading>
            <MeshHeading>
                <DescriptorName UI="D008268" MajorTopicYN="N">Macular Degeneration</DescriptorName>
                <QualifierName UI="Q000175" MajorTopicYN="N">diagnosis</QualifierName>
                <QualifierName UI="Q000503" MajorTopicYN="N">physiopathology</QualifierName>
            </MeshHeading>
            <MeshHeading>
                <DescriptorName UI="D008297" MajorTopicYN="N">Male</DescriptorName>
            </MeshHeading>
            <MeshHeading>
                <DescriptorName UI="D008875" MajorTopicYN="N">Middle Aged</DescriptorName>
            </MeshHeading>
            <MeshHeading>
                <DescriptorName UI="D011446" MajorTopicYN="N">Prospective Studies</DescriptorName>
            </MeshHeading>
            <MeshHeading>
                <DescriptorName UI="D055213" MajorTopicYN="N">Retinal Pigment Epithelium</DescriptorName>
                <QualifierName UI="Q000473" MajorTopicYN="Y">pathology</QualifierName>
                <QualifierName UI="Q000503" MajorTopicYN="N">physiopathology</QualifierName>
            </MeshHeading>
            <MeshHeading>
                <DescriptorName UI="D041623" MajorTopicYN="N">Tomography, Optical Coherence</DescriptorName>
            </MeshHeading>
            <MeshHeading>
                <DescriptorName UI="D058609" MajorTopicYN="N">Visual Field Tests</DescriptorName>
            </MeshHeading>
            <MeshHeading>
                <DescriptorName UI="D014794" MajorTopicYN="Y">Visual Fields</DescriptorName>
            </MeshHeading>
        </MeshHeadingList>
        <KeywordList Owner="NOTNLM">
            <Keyword MajorTopicYN="N">age-related macular degeneration</Keyword>
            <Keyword MajorTopicYN="N">geographic atrophy</Keyword>
            <Keyword MajorTopicYN="N">microperimetry</Keyword>
            <Keyword MajorTopicYN="N">optical coherence tomography</Keyword>
        </KeywordList>
    </MedlineCitation>
    <PubmedData>
        <History>
            <PubMedPubDate PubStatus="entrez">
                <Year>2014</Year>
                <Month>12</Month>
                <Day>18</Day>
                <Hour>6</Hour>
                <Minute>0</Minute>
            </PubMedPubDate>
            <PubMedPubDate PubStatus="pubmed">
                <Year>2014</Year>
                <Month>12</Month>
                <Day>18</Day>
                <Hour>6</Hour>
                <Minute>0</Minute>
            </PubMedPubDate>
            <PubMedPubDate PubStatus="medline">
                <Year>2015</Year>
                <Month>3</Month>
                <Day>11</Day>
                <Hour>6</Hour>
                <Minute>0</Minute>
            </PubMedPubDate>
        </History>
        <PublicationStatus>epublish</PublicationStatus>
        <ArticleIdList>
            <ArticleId IdType="pubmed">25515578</ArticleId>
            <ArticleId IdType="pii">iovs.14-15614</ArticleId>
            <ArticleId IdType="doi">10.1167/iovs.14-15614</ArticleId>
        </ArticleIdList>
    </PubmedData>
</PubmedArticle>

</PubmedArticleSet>