<?xml version="1.0" ?>
<!DOCTYPE PubmedArticleSet PUBLIC "-//NLM//DTD PubMedArticle, 1st January 2019//EN" "https://dtd.nlm.nih.gov/ncbi/pubmed/out/pubmed_190101.dtd">
<PubmedArticleSet>
<PubmedArticle>
    <MedlineCitation Status="MEDLINE" Owner="NLM">
        <PMID Version="1">25736790</PMID>
        <DateCompleted>
            <Year>2015</Year>
            <Month>08</Month>
            <Day>25</Day>
        </DateCompleted>
        <DateRevised>
            <Year>2015</Year>
            <Month>03</Month>
            <Day>30</Day>
        </DateRevised>
        <Article PubModel="Electronic">
            <Journal>
                <ISSN IssnType="Electronic">1552-5783</ISSN>
                <JournalIssue CitedMedium="Internet">
                    <Volume>56</Volume>
                    <Issue>3</Issue>
                    <PubDate>
                        <Year>2015</Year>
                        <Month>Mar</Month>
                        <Day>03</Day>
                    </PubDate>
                </JournalIssue>
                <Title>Investigative ophthalmology &amp; visual science</Title>
                <ISOAbbreviation>Invest Ophthalmol Vis Sci</ISOAbbreviation>
            </Journal>
            <ArticleTitle>Impact of reticular pseudodrusen on microperimetry and multifocal electroretinography in intermediate age-related macular degeneration.</ArticleTitle>
            <Pagination>
                <MedlinePgn>2100-6</MedlinePgn>
            </Pagination>
            <ELocationID EIdType="doi" ValidYN="Y">10.1167/iovs.14-16210</ELocationID>
            <Abstract>
                <AbstractText Label="PURPOSE" NlmCategory="OBJECTIVE">To examine the influence of reticular pseudodrusen (RPD) on retinal and visual function in intermediate AMD using multifocal electroretinography (mfERG) and microperimetry.</AbstractText>
                <AbstractText Label="METHODS" NlmCategory="METHODS">In a prospective cross-sectional study, microperimetry and mfERG testing, followed by color fundus photography, near-infrared reflectance imaging and spectral-domain optical coherence tomography (SD-OCT) scans were performed in 120 eyes from 60 participants with bilateral intermediate AMD. The number of subfields with pigmentary changes and RPD within the central 3-mm diameter of the Early Treatment of Diabetic Retinopathy Study (ETDRS) grid and drusen cube root volume within the central 3-mm diameter was determined. The influence of these pathological features on microperimetry and mfERG in this region were examined.</AbstractText>
                <AbstractText Label="RESULTS" NlmCategory="RESULTS">Microperimetric sensitivity was not significantly associated with the presence and extent of RPD (P = 0.068), but with drusen volume and extent of pigmentary changes (P &lt; 0.001 for both). However, the presence and extent of RPD was independently and significantly associated with mfERG implicit time, along with drusen volume and the extent of pigmentary changes (P ≤ 0.023). The mfERG response amplitude was not significantly associated with the presence and extent of RPD (P = 0.130).</AbstractText>
                <AbstractText Label="CONCLUSIONS" NlmCategory="CONCLUSIONS">The presence and extent of RPD was associated with functional changes on mfERG implicit time, but not mfERG response amplitude or microperimetry. These findings suggest that the presence of RPD in eyes with intermediate AMD has a significant influence on cone-mediated neuroretinal function, without a significant influence on mesopic visual function as determined on microperimetry.</AbstractText>
                <CopyrightInformation>Copyright 2015 The Association for Research in Vision and Ophthalmology, Inc.</CopyrightInformation>
            </Abstract>
            <AuthorList CompleteYN="Y">
                <Author ValidYN="Y">
                    <LastName>Wu</LastName>
                    <ForeName>Zhichao</ForeName>
                    <Initials>Z</Initials>
                    <AffiliationInfo>
                        <Affiliation>Centre for Eye Research Australia, University of Melbourne, Royal Victorian Eye and Ear Hospital, Victoria, Australia.</Affiliation>
                    </AffiliationInfo>
                </Author>
                <Author ValidYN="Y">
                    <LastName>Ayton</LastName>
                    <ForeName>Lauren N</ForeName>
                    <Initials>LN</Initials>
                    <AffiliationInfo>
                        <Affiliation>Centre for Eye Research Australia, University of Melbourne, Royal Victorian Eye and Ear Hospital, Victoria, Australia.</Affiliation>
                    </AffiliationInfo>
                </Author>
                <Author ValidYN="Y">
                    <LastName>Makeyeva</LastName>
                    <ForeName>Galina</ForeName>
                    <Initials>G</Initials>
                    <AffiliationInfo>
                        <Affiliation>Centre for Eye Research Australia, University of Melbourne, Royal Victorian Eye and Ear Hospital, Victoria, Australia.</Affiliation>
                    </AffiliationInfo>
                </Author>
                <Author ValidYN="Y">
                    <LastName>Guymer</LastName>
                    <ForeName>Robyn H</ForeName>
                    <Initials>RH</Initials>
                    <AffiliationInfo>
                        <Affiliation>Centre for Eye Research Australia, University of Melbourne, Royal Victorian Eye and Ear Hospital, Victoria, Australia.</Affiliation>
                    </AffiliationInfo>
                </Author>
                <Author ValidYN="Y">
                    <LastName>Luu</LastName>
                    <ForeName>Chi D</ForeName>
                    <Initials>CD</Initials>
                    <AffiliationInfo>
                        <Affiliation>Centre for Eye Research Australia, University of Melbourne, Royal Victorian Eye and Ear Hospital, Victoria, Australia.</Affiliation>
                    </AffiliationInfo>
                </Author>
            </AuthorList>
            <Language>eng</Language>
            <PublicationTypeList>
                <PublicationType UI="D016428">Journal Article</PublicationType>
                <PublicationType UI="D013485">Research Support, Non-U.S. Gov't</PublicationType>
            </PublicationTypeList>
            <ArticleDate DateType="Electronic">
                <Year>2015</Year>
                <Month>03</Month>
                <Day>03</Day>
            </ArticleDate>
        </Article>
        <MedlineJournalInfo>
            <Country>United States</Country>
            <MedlineTA>Invest Ophthalmol Vis Sci</MedlineTA>
            <NlmUniqueID>7703701</NlmUniqueID>
            <ISSNLinking>0146-0404</ISSNLinking>
        </MedlineJournalInfo>
        <CitationSubset>IM</CitationSubset>
        <MeshHeadingList>
            <MeshHeading>
                <DescriptorName UI="D000368" MajorTopicYN="N">Aged</DescriptorName>
            </MeshHeading>
            <MeshHeading>
                <DescriptorName UI="D000369" MajorTopicYN="N">Aged, 80 and over</DescriptorName>
            </MeshHeading>
            <MeshHeading>
                <DescriptorName UI="D004596" MajorTopicYN="N">Electroretinography</DescriptorName>
                <QualifierName UI="Q000379" MajorTopicYN="N">methods</QualifierName>
            </MeshHeading>
            <MeshHeading>
                <DescriptorName UI="D005260" MajorTopicYN="N">Female</DescriptorName>
            </MeshHeading>
            <MeshHeading>
                <DescriptorName UI="D006801" MajorTopicYN="N">Humans</DescriptorName>
            </MeshHeading>
            <MeshHeading>
                <DescriptorName UI="D008268" MajorTopicYN="N">Macular Degeneration</DescriptorName>
                <QualifierName UI="Q000473" MajorTopicYN="Y">pathology</QualifierName>
                <QualifierName UI="Q000503" MajorTopicYN="Y">physiopathology</QualifierName>
            </MeshHeading>
            <MeshHeading>
                <DescriptorName UI="D008297" MajorTopicYN="N">Male</DescriptorName>
            </MeshHeading>
            <MeshHeading>
                <DescriptorName UI="D008875" MajorTopicYN="N">Middle Aged</DescriptorName>
            </MeshHeading>
            <MeshHeading>
                <DescriptorName UI="D015999" MajorTopicYN="N">Multivariate Analysis</DescriptorName>
            </MeshHeading>
            <MeshHeading>
                <DescriptorName UI="D015593" MajorTopicYN="N">Retinal Drusen</DescriptorName>
                <QualifierName UI="Q000473" MajorTopicYN="Y">pathology</QualifierName>
                <QualifierName UI="Q000503" MajorTopicYN="Y">physiopathology</QualifierName>
            </MeshHeading>
            <MeshHeading>
                <DescriptorName UI="D058609" MajorTopicYN="N">Visual Field Tests</DescriptorName>
                <QualifierName UI="Q000379" MajorTopicYN="N">methods</QualifierName>
            </MeshHeading>
            <MeshHeading>
                <DescriptorName UI="D014794" MajorTopicYN="N">Visual Fields</DescriptorName>
                <QualifierName UI="Q000502" MajorTopicYN="N">physiology</QualifierName>
            </MeshHeading>
        </MeshHeadingList>
        <KeywordList Owner="NOTNLM">
            <Keyword MajorTopicYN="N">AMD</Keyword>
            <Keyword MajorTopicYN="N">microperimetry</Keyword>
            <Keyword MajorTopicYN="N">multifocal electroretinography</Keyword>
            <Keyword MajorTopicYN="N">spectral-domain optical coherence tomography</Keyword>
        </KeywordList>
    </MedlineCitation>
    <PubmedData>
        <History>
            <PubMedPubDate PubStatus="entrez">
                <Year>2015</Year>
                <Month>3</Month>
                <Day>5</Day>
                <Hour>6</Hour>
                <Minute>0</Minute>
            </PubMedPubDate>
            <PubMedPubDate PubStatus="pubmed">
                <Year>2015</Year>
                <Month>3</Month>
                <Day>5</Day>
                <Hour>6</Hour>
                <Minute>0</Minute>
            </PubMedPubDate>
            <PubMedPubDate PubStatus="medline">
                <Year>2015</Year>
                <Month>8</Month>
                <Day>26</Day>
                <Hour>6</Hour>
                <Minute>0</Minute>
            </PubMedPubDate>
        </History>
        <PublicationStatus>epublish</PublicationStatus>
        <ArticleIdList>
            <ArticleId IdType="pubmed">25736790</ArticleId>
            <ArticleId IdType="pii">iovs.14-16210</ArticleId>
            <ArticleId IdType="doi">10.1167/iovs.14-16210</ArticleId>
        </ArticleIdList>
    </PubmedData>
</PubmedArticle>

</PubmedArticleSet>