<?xml version="1.0" ?>
<!DOCTYPE PubmedArticleSet PUBLIC "-//NLM//DTD PubMedArticle, 1st January 2019//EN" "https://dtd.nlm.nih.gov/ncbi/pubmed/out/pubmed_190101.dtd">
<PubmedArticleSet>
<PubmedArticle>
    <MedlineCitation Status="MEDLINE" Owner="NLM">
        <PMID Version="1">26079476</PMID>
        <DateCompleted>
            <Year>2016</Year>
            <Month>05</Month>
            <Day>12</Day>
        </DateCompleted>
        <DateRevised>
            <Year>2017</Year>
            <Month>11</Month>
            <Day>17</Day>
        </DateRevised>
        <Article PubModel="Print">
            <Journal>
                <ISSN IssnType="Electronic">1539-2864</ISSN>
                <JournalIssue CitedMedium="Internet">
                    <Volume>35</Volume>
                    <Issue>10</Issue>
                    <PubDate>
                        <Year>2015</Year>
                        <Month>Oct</Month>
                    </PubDate>
                </JournalIssue>
                <Title>Retina (Philadelphia, Pa.)</Title>
                <ISOAbbreviation>Retina</ISOAbbreviation>
            </Journal>
            <ArticleTitle>OUTER RETINAL TUBULATION: Characteristics in Patients With Neovascular Age-Related Macular Degeneration.</ArticleTitle>
            <Pagination>
                <MedlinePgn>1979-84</MedlinePgn>
            </Pagination>
            <ELocationID EIdType="doi" ValidYN="Y">10.1097/IAE.0000000000000609</ELocationID>
            <Abstract>
                <AbstractText Label="PURPOSE" NlmCategory="OBJECTIVE">To assess the incidence, characteristics, best-corrected visual acuity (BCVA), central macular thickness (CMT), and retinal sensitivity correlations in patients with and without outer retinal tubulation (ORT) affected by subfoveal choroidal neovascularization due to neovascular age-related macular degeneration.</AbstractText>
                <AbstractText Label="METHODS" NlmCategory="METHODS">Prospective case series including 78 eyes of 78 consecutive patients with subfoveal choroidal neovascularization due to neovascular age-related macular degeneration. Baseline and follow-up visits included BCVA, intraocular pressure, ophthalmoscopic examination, CMT as measured by spectral domain optical coherence tomography, and retinal sensitivity tested with fundus-related perimetry (MP-1). Fluorescent angiography was performed at baseline.</AbstractText>
                <AbstractText Label="RESULTS" NlmCategory="RESULTS">At the end of the follow-up period, the mean BCVA and CMT of patients with ORT were statistically different from those without ORT (BCVA: 0.61 ± 0.13 vs. 0.37 ± 1.59, P &lt; 0.0001; CMT: 290 ± 26.7 vs. 215.2 ± 33.5 μm; P &lt; 0.0001). Patients with ORT showed a decreased mean retinal sensitivity compared with patients without ORT (6.31 ± 2.5 dB vs. 9.89 ± 5.43 dB; P &lt; 0.0001).</AbstractText>
                <AbstractText Label="CONCLUSION" NlmCategory="CONCLUSIONS">The results of this study investigating the BCVA, CMT, and retinal sensitivity detected by MP-1 between patients with and without ORT in neovascular age-related macular degeneration suggest that these parameters are statistically different in patients with ORT; this may be due to the pathogenesis of ORT formation, secondary to retinal pigment epithelial tears or photoreceptor damage. MP-1 microperimeter is a noninvasive instrument that provides useful information to better characterize the functional aspect of ORT in patients with age-related macular degeneration.</AbstractText>
            </Abstract>
            <AuthorList CompleteYN="Y">
                <Author ValidYN="Y">
                    <LastName>Iaculli</LastName>
                    <ForeName>Cristiana</ForeName>
                    <Initials>C</Initials>
                    <AffiliationInfo>
                        <Affiliation>Department of Ophthalmology, Policlinico di Foggia, University of Foggia, Foggia, Italy.</Affiliation>
                    </AffiliationInfo>
                </Author>
                <Author ValidYN="Y">
                    <LastName>Barone</LastName>
                    <ForeName>Antonio</ForeName>
                    <Initials>A</Initials>
                </Author>
                <Author ValidYN="Y">
                    <LastName>Scudieri</LastName>
                    <ForeName>Marilisa</ForeName>
                    <Initials>M</Initials>
                </Author>
                <Author ValidYN="Y">
                    <LastName>Giovanna Palumbo</LastName>
                    <ForeName>Maria</ForeName>
                    <Initials>M</Initials>
                </Author>
                <Author ValidYN="Y">
                    <LastName>Delle Noci</LastName>
                    <ForeName>Nicola</ForeName>
                    <Initials>N</Initials>
                </Author>
            </AuthorList>
            <Language>eng</Language>
            <PublicationTypeList>
                <PublicationType UI="D002363">Case Reports</PublicationType>
                <PublicationType UI="D016428">Journal Article</PublicationType>
            </PublicationTypeList>
        </Article>
        <MedlineJournalInfo>
            <Country>United States</Country>
            <MedlineTA>Retina</MedlineTA>
            <NlmUniqueID>8309919</NlmUniqueID>
            <ISSNLinking>0275-004X</ISSNLinking>
        </MedlineJournalInfo>
        <ChemicalList>
            <Chemical>
                <RegistryNumber>0</RegistryNumber>
                <NameOfSubstance UI="D020533">Angiogenesis Inhibitors</NameOfSubstance>
            </Chemical>
            <Chemical>
                <RegistryNumber>0</RegistryNumber>
                <NameOfSubstance UI="C467484">VEGFA protein, human</NameOfSubstance>
            </Chemical>
            <Chemical>
                <RegistryNumber>0</RegistryNumber>
                <NameOfSubstance UI="D042461">Vascular Endothelial Growth Factor A</NameOfSubstance>
            </Chemical>
            <Chemical>
                <RegistryNumber>ZL1R02VT79</RegistryNumber>
                <NameOfSubstance UI="D000069579">Ranibizumab</NameOfSubstance>
            </Chemical>
        </ChemicalList>
        <CitationSubset>IM</CitationSubset>
        <CommentsCorrectionsList>
            <CommentsCorrections RefType="CommentIn">
                <RefSource>Retina. 2016 Aug;36(8):e90</RefSource>
                <PMID Version="1">27454035</PMID>
            </CommentsCorrections>
        </CommentsCorrectionsList>
        <MeshHeadingList>
            <MeshHeading>
                <DescriptorName UI="D000368" MajorTopicYN="N">Aged</DescriptorName>
            </MeshHeading>
            <MeshHeading>
                <DescriptorName UI="D020533" MajorTopicYN="N">Angiogenesis Inhibitors</DescriptorName>
                <QualifierName UI="Q000627" MajorTopicYN="N">therapeutic use</QualifierName>
            </MeshHeading>
            <MeshHeading>
                <DescriptorName UI="D005260" MajorTopicYN="N">Female</DescriptorName>
            </MeshHeading>
            <MeshHeading>
                <DescriptorName UI="D005451" MajorTopicYN="N">Fluorescein Angiography</DescriptorName>
            </MeshHeading>
            <MeshHeading>
                <DescriptorName UI="D006801" MajorTopicYN="N">Humans</DescriptorName>
            </MeshHeading>
            <MeshHeading>
                <DescriptorName UI="D015994" MajorTopicYN="N">Incidence</DescriptorName>
            </MeshHeading>
            <MeshHeading>
                <DescriptorName UI="D058449" MajorTopicYN="N">Intravitreal Injections</DescriptorName>
            </MeshHeading>
            <MeshHeading>
                <DescriptorName UI="D011446" MajorTopicYN="N">Prospective Studies</DescriptorName>
            </MeshHeading>
            <MeshHeading>
                <DescriptorName UI="D000069579" MajorTopicYN="N">Ranibizumab</DescriptorName>
                <QualifierName UI="Q000627" MajorTopicYN="N">therapeutic use</QualifierName>
            </MeshHeading>
            <MeshHeading>
                <DescriptorName UI="D012160" MajorTopicYN="N">Retina</DescriptorName>
                <QualifierName UI="Q000473" MajorTopicYN="Y">pathology</QualifierName>
            </MeshHeading>
            <MeshHeading>
                <DescriptorName UI="D041623" MajorTopicYN="N">Tomography, Optical Coherence</DescriptorName>
            </MeshHeading>
            <MeshHeading>
                <DescriptorName UI="D042461" MajorTopicYN="N">Vascular Endothelial Growth Factor A</DescriptorName>
                <QualifierName UI="Q000037" MajorTopicYN="N">antagonists &amp; inhibitors</QualifierName>
            </MeshHeading>
            <MeshHeading>
                <DescriptorName UI="D014792" MajorTopicYN="N">Visual Acuity</DescriptorName>
                <QualifierName UI="Q000502" MajorTopicYN="N">physiology</QualifierName>
            </MeshHeading>
            <MeshHeading>
                <DescriptorName UI="D057135" MajorTopicYN="N">Wet Macular Degeneration</DescriptorName>
                <QualifierName UI="Q000175" MajorTopicYN="Y">diagnosis</QualifierName>
                <QualifierName UI="Q000188" MajorTopicYN="N">drug therapy</QualifierName>
                <QualifierName UI="Q000503" MajorTopicYN="N">physiopathology</QualifierName>
            </MeshHeading>
        </MeshHeadingList>
    </MedlineCitation>
    <PubmedData>
        <History>
            <PubMedPubDate PubStatus="entrez">
                <Year>2015</Year>
                <Month>6</Month>
                <Day>17</Day>
                <Hour>6</Hour>
                <Minute>0</Minute>
            </PubMedPubDate>
            <PubMedPubDate PubStatus="pubmed">
                <Year>2015</Year>
                <Month>6</Month>
                <Day>17</Day>
                <Hour>6</Hour>
                <Minute>0</Minute>
            </PubMedPubDate>
            <PubMedPubDate PubStatus="medline">
                <Year>2016</Year>
                <Month>5</Month>
                <Day>14</Day>
                <Hour>6</Hour>
                <Minute>0</Minute>
            </PubMedPubDate>
        </History>
        <PublicationStatus>ppublish</PublicationStatus>
        <ArticleIdList>
            <ArticleId IdType="pubmed">26079476</ArticleId>
            <ArticleId IdType="doi">10.1097/IAE.0000000000000609</ArticleId>
        </ArticleIdList>
    </PubmedData>
</PubmedArticle>

</PubmedArticleSet>