<?xml version="1.0" ?>
<!DOCTYPE PubmedArticleSet PUBLIC "-//NLM//DTD PubMedArticle, 1st January 2019//EN" "https://dtd.nlm.nih.gov/ncbi/pubmed/out/pubmed_190101.dtd">
<PubmedArticleSet>
<PubmedArticle>
    <MedlineCitation Status="MEDLINE" Owner="NLM">
        <PMID Version="1">27189929</PMID>
        <DateCompleted>
            <Year>2017</Year>
            <Month>04</Month>
            <Day>28</Day>
        </DateCompleted>
        <DateRevised>
            <Year>2017</Year>
            <Month>08</Month>
            <Day>29</Day>
        </DateRevised>
        <Article PubModel="Print-Electronic">
            <Journal>
                <ISSN IssnType="Electronic">1879-1891</ISSN>
                <JournalIssue CitedMedium="Internet">
                    <Volume>168</Volume>
                    <PubDate>
                        <Year>2016</Year>
                        <Month>Aug</Month>
                    </PubDate>
                </JournalIssue>
                <Title>American journal of ophthalmology</Title>
                <ISOAbbreviation>Am J Ophthalmol</ISOAbbreviation>
            </Journal>
            <ArticleTitle>Retinal Sensitivity at the Junctional Zone of Eyes With Geographic Atrophy Due to Age-Related Macular Degeneration.</ArticleTitle>
            <Pagination>
                <MedlinePgn>122-128</MedlinePgn>
            </Pagination>
            <ELocationID EIdType="pii" ValidYN="Y">S0002-9394(16)30208-2</ELocationID>
            <ELocationID EIdType="doi" ValidYN="Y">10.1016/j.ajo.2016.05.007</ELocationID>
            <Abstract>
                <AbstractText Label="PURPOSE" NlmCategory="OBJECTIVE">To compare the retinal sensitivity at the junctional zone and uninvolved retina of eyes with geographic atrophy (GA) due to age-related macular degeneration (AMD).</AbstractText>
                <AbstractText Label="DESIGN" NlmCategory="METHODS">Cross-sectional, observational study.</AbstractText>
                <AbstractText Label="METHODS" NlmCategory="METHODS">Patients with dry AMD were evaluated by microperimetry and Cirrus optical coherence tomography (OCT). The GA lesion was segmented on en face OCT images and registered to color images with the microperimetric sensitivity values. The junctional zone, a ring 500 μm in width, surrounding the region of atrophy was further subdivided into &quot;subzones&quot;: Zone 1 at the precise border of atrophy; Zone 2 as the center of this junctional region; Zone 3 at the border between the junctional zone and adjacent &quot;normal&quot; retina. An additional Zone 4 was defined as &quot;normal&quot; retina, at least 500 μm from the edge of the GA lesion. The mean sensitivities of all stimuli within each of these zones (across the entire cohort) were compared.</AbstractText>
                <AbstractText Label="RESULTS" NlmCategory="RESULTS">In 36 eyes with GA, the mean retinal sensitivity in the various subzones was as follows: Zone 1 = 13.7 ± 4.7, Zone 2 = 20.3 ± 3.9, Zone 3 = 20.9 ± 3.9, and Zone 4= 21.1 ± 4.1 (all in dB). Zone 1 (atrophic margin) sensitivity was significantly lower than all other zones (P &lt; .001 for all comparisons), but there were no differences between the other zones.</AbstractText>
                <AbstractText Label="CONCLUSION" NlmCategory="CONCLUSIONS">Retinal sensitivity appears to drop precipitously at the margins of GA lesions. The retinal sensitivity in the bulk of the junctional zone is similar to apparently uninvolved distant regions.</AbstractText>
                <CopyrightInformation>Copyright © 2016 Elsevier Inc. All rights reserved.</CopyrightInformation>
            </Abstract>
            <AuthorList CompleteYN="Y">
                <Author ValidYN="Y">
                    <LastName>Hariri</LastName>
                    <ForeName>Amir H</ForeName>
                    <Initials>AH</Initials>
                    <AffiliationInfo>
                        <Affiliation>Department of Ophthalmology, David Geffen School of Medicine at UCLA, and the Doheny Eye Institute, Los Angeles, California.</Affiliation>
                    </AffiliationInfo>
                </Author>
                <Author ValidYN="Y">
                    <LastName>Tepelus</LastName>
                    <ForeName>Tudor C</ForeName>
                    <Initials>TC</Initials>
                    <AffiliationInfo>
                        <Affiliation>Department of Ophthalmology, David Geffen School of Medicine at UCLA, and the Doheny Eye Institute, Los Angeles, California.</Affiliation>
                    </AffiliationInfo>
                </Author>
                <Author ValidYN="Y">
                    <LastName>Akil</LastName>
                    <ForeName>Handan</ForeName>
                    <Initials>H</Initials>
                    <AffiliationInfo>
                        <Affiliation>Department of Ophthalmology, David Geffen School of Medicine at UCLA, and the Doheny Eye Institute, Los Angeles, California.</Affiliation>
                    </AffiliationInfo>
                </Author>
                <Author ValidYN="Y">
                    <LastName>Nittala</LastName>
                    <ForeName>Muneeswar G</ForeName>
                    <Initials>MG</Initials>
                    <AffiliationInfo>
                        <Affiliation>Department of Ophthalmology, David Geffen School of Medicine at UCLA, and the Doheny Eye Institute, Los Angeles, California.</Affiliation>
                    </AffiliationInfo>
                </Author>
                <Author ValidYN="Y">
                    <LastName>Sadda</LastName>
                    <ForeName>SriniVas R</ForeName>
                    <Initials>SR</Initials>
                    <AffiliationInfo>
                        <Affiliation>Department of Ophthalmology, David Geffen School of Medicine at UCLA, and the Doheny Eye Institute, Los Angeles, California. Electronic address: ssadda@doheny.org.</Affiliation>
                    </AffiliationInfo>
                </Author>
            </AuthorList>
            <Language>eng</Language>
            <PublicationTypeList>
                <PublicationType UI="D016428">Journal Article</PublicationType>
                <PublicationType UI="D064888">Observational Study</PublicationType>
            </PublicationTypeList>
            <ArticleDate DateType="Electronic">
                <Year>2016</Year>
                <Month>05</Month>
                <Day>14</Day>
            </ArticleDate>
        </Article>
        <MedlineJournalInfo>
            <Country>United States</Country>
            <MedlineTA>Am J Ophthalmol</MedlineTA>
            <NlmUniqueID>0370500</NlmUniqueID>
            <ISSNLinking>0002-9394</ISSNLinking>
        </MedlineJournalInfo>
        <CitationSubset>AIM</CitationSubset>
        <CitationSubset>IM</CitationSubset>
        <MeshHeadingList>
            <MeshHeading>
                <DescriptorName UI="D000368" MajorTopicYN="N">Aged</DescriptorName>
            </MeshHeading>
            <MeshHeading>
                <DescriptorName UI="D000369" MajorTopicYN="N">Aged, 80 and over</DescriptorName>
            </MeshHeading>
            <MeshHeading>
                <DescriptorName UI="D003430" MajorTopicYN="N">Cross-Sectional Studies</DescriptorName>
            </MeshHeading>
            <MeshHeading>
                <DescriptorName UI="D005260" MajorTopicYN="N">Female</DescriptorName>
            </MeshHeading>
            <MeshHeading>
                <DescriptorName UI="D005451" MajorTopicYN="N">Fluorescein Angiography</DescriptorName>
            </MeshHeading>
            <MeshHeading>
                <DescriptorName UI="D057092" MajorTopicYN="N">Geographic Atrophy</DescriptorName>
                <QualifierName UI="Q000175" MajorTopicYN="N">diagnosis</QualifierName>
                <QualifierName UI="Q000209" MajorTopicYN="N">etiology</QualifierName>
                <QualifierName UI="Q000503" MajorTopicYN="Y">physiopathology</QualifierName>
            </MeshHeading>
            <MeshHeading>
                <DescriptorName UI="D006801" MajorTopicYN="N">Humans</DescriptorName>
            </MeshHeading>
            <MeshHeading>
                <DescriptorName UI="D008268" MajorTopicYN="N">Macular Degeneration</DescriptorName>
                <QualifierName UI="Q000473" MajorTopicYN="N">pathology</QualifierName>
                <QualifierName UI="Q000503" MajorTopicYN="Y">physiopathology</QualifierName>
            </MeshHeading>
            <MeshHeading>
                <DescriptorName UI="D008297" MajorTopicYN="N">Male</DescriptorName>
            </MeshHeading>
            <MeshHeading>
                <DescriptorName UI="D008875" MajorTopicYN="N">Middle Aged</DescriptorName>
            </MeshHeading>
            <MeshHeading>
                <DescriptorName UI="D041623" MajorTopicYN="N">Tomography, Optical Coherence</DescriptorName>
            </MeshHeading>
            <MeshHeading>
                <DescriptorName UI="D014792" MajorTopicYN="N">Visual Acuity</DescriptorName>
                <QualifierName UI="Q000502" MajorTopicYN="N">physiology</QualifierName>
            </MeshHeading>
            <MeshHeading>
                <DescriptorName UI="D058609" MajorTopicYN="N">Visual Field Tests</DescriptorName>
            </MeshHeading>
            <MeshHeading>
                <DescriptorName UI="D014794" MajorTopicYN="N">Visual Fields</DescriptorName>
                <QualifierName UI="Q000502" MajorTopicYN="Y">physiology</QualifierName>
            </MeshHeading>
        </MeshHeadingList>
    </MedlineCitation>
    <PubmedData>
        <History>
            <PubMedPubDate PubStatus="received">
                <Year>2016</Year>
                <Month>03</Month>
                <Day>08</Day>
            </PubMedPubDate>
            <PubMedPubDate PubStatus="revised">
                <Year>2016</Year>
                <Month>05</Month>
                <Day>08</Day>
            </PubMedPubDate>
            <PubMedPubDate PubStatus="accepted">
                <Year>2016</Year>
                <Month>05</Month>
                <Day>09</Day>
            </PubMedPubDate>
            <PubMedPubDate PubStatus="entrez">
                <Year>2016</Year>
                <Month>5</Month>
                <Day>19</Day>
                <Hour>6</Hour>
                <Minute>0</Minute>
            </PubMedPubDate>
            <PubMedPubDate PubStatus="pubmed">
                <Year>2016</Year>
                <Month>5</Month>
                <Day>18</Day>
                <Hour>6</Hour>
                <Minute>0</Minute>
            </PubMedPubDate>
            <PubMedPubDate PubStatus="medline">
                <Year>2017</Year>
                <Month>4</Month>
                <Day>30</Day>
                <Hour>6</Hour>
                <Minute>0</Minute>
            </PubMedPubDate>
        </History>
        <PublicationStatus>ppublish</PublicationStatus>
        <ArticleIdList>
            <ArticleId IdType="pubmed">27189929</ArticleId>
            <ArticleId IdType="pii">S0002-9394(16)30208-2</ArticleId>
            <ArticleId IdType="doi">10.1016/j.ajo.2016.05.007</ArticleId>
        </ArticleIdList>
    </PubmedData>
</PubmedArticle>

</PubmedArticleSet>