<?xml version="1.0" ?>
<!DOCTYPE PubmedArticleSet PUBLIC "-//NLM//DTD PubMedArticle, 1st January 2019//EN" "https://dtd.nlm.nih.gov/ncbi/pubmed/out/pubmed_190101.dtd">
<PubmedArticleSet>
<PubmedArticle>
    <MedlineCitation Status="MEDLINE" Owner="NLM">
        <PMID Version="1">27415789</PMID>
        <DateCompleted>
            <Year>2017</Year>
            <Month>06</Month>
            <Day>12</Day>
        </DateCompleted>
        <DateRevised>
            <Year>2019</Year>
            <Month>03</Month>
            <Day>20</Day>
        </DateRevised>
        <Article PubModel="Print">
            <Journal>
                <ISSN IssnType="Electronic">1552-5783</ISSN>
                <JournalIssue CitedMedium="Internet">
                    <Volume>57</Volume>
                    <Issue>8</Issue>
                    <PubDate>
                        <Year>2016</Year>
                        <Month>Jul</Month>
                        <Day>01</Day>
                    </PubDate>
                </JournalIssue>
                <Title>Investigative ophthalmology &amp; visual science</Title>
                <ISOAbbreviation>Invest Ophthalmol Vis Sci</ISOAbbreviation>
            </Journal>
            <ArticleTitle>Longitudinal Associations Between Microstructural Changes and Microperimetry in the Early Stages of Age-Related Macular Degeneration.</ArticleTitle>
            <Pagination>
                <MedlinePgn>3714-22</MedlinePgn>
            </Pagination>
            <ELocationID EIdType="doi" ValidYN="Y">10.1167/iovs.15-18294</ELocationID>
            <Abstract>
                <AbstractText Label="PURPOSE" NlmCategory="OBJECTIVE">To determine whether longitudinal changes in mesopic visual function on microperimetry occurred independent of its associations with microstructural parameters on spectral-domain optical coherence tomography (SD-OCT) in the early stages of AMD.</AbstractText>
                <AbstractText Label="METHODS" NlmCategory="METHODS">Forty-one AMD eyes underwent microperimetry testing and SD-OCT scans over a 12-month period at 6-month intervals. Microstructural parameters analyzed include the retinal pigment epithelium-drusen complex (RPEDC) layer thickness, number of hyperreflective foci (HF) and their inner retinal migration (represented by a weighted axial distribution score; AxD), and the number of atrophic areas.</AbstractText>
                <AbstractText Label="RESULTS" NlmCategory="RESULTS">Microperimetric sensitivity was 0.29 dB (95% confidence interval [CI] = -0.38 to -0.20 dB, P &lt; 0.001) and 0.13 dB (95% CI = -0.22 to -0.03 dB, P = 0.008) lower in each sector for every 10-μm higher RPEDC layer thickness and 1-HF present, but was not associated with the AxD score or the number of atrophic areas present (P ≤ 0.464). However, each 10-μm greater RPEDC layer thickness and 1-HF present was not independently associated with a further decline in sensitivity (-0.08 dB/year, 95% CI = -0.24 to 0.07 dB/year, P = 0.288 and 0.09 dB/year, 95% CI = -0.06 to 0.24 dB/year, P = 0.242, respectively) over time when accounting for the association between RPEDC layer thickness and number of HF with microperimetric sensitivity.</AbstractText>
                <AbstractText Label="CONCLUSIONS" NlmCategory="CONCLUSIONS">Longitudinal changes in mesopic visual function measured on microperimetry paralleled changes in the microstructural changes over a 12-month time frame, without any changes occurring independent of the associations between structure and function alone.</AbstractText>
            </Abstract>
            <AuthorList CompleteYN="Y">
                <Author ValidYN="Y">
                    <LastName>Wu</LastName>
                    <ForeName>Zhichao</ForeName>
                    <Initials>Z</Initials>
                    <AffiliationInfo>
                        <Affiliation>Centre for Eye Research Australia University of Melbourne, Royal Victorian Eye and Ear Hospital, Victoria, Australia.</Affiliation>
                    </AffiliationInfo>
                </Author>
                <Author ValidYN="Y">
                    <LastName>Cunefare</LastName>
                    <ForeName>David</ForeName>
                    <Initials>D</Initials>
                    <AffiliationInfo>
                        <Affiliation>Department of Biomedical Engineering, Duke University, Durham, North Carolina, United States.</Affiliation>
                    </AffiliationInfo>
                </Author>
                <Author ValidYN="Y">
                    <LastName>Chiu</LastName>
                    <ForeName>Elizabeth</ForeName>
                    <Initials>E</Initials>
                    <AffiliationInfo>
                        <Affiliation>Department of Biomedical Engineering, Duke University, Durham, North Carolina, United States.</Affiliation>
                    </AffiliationInfo>
                </Author>
                <Author ValidYN="Y">
                    <LastName>Luu</LastName>
                    <ForeName>Chi D</ForeName>
                    <Initials>CD</Initials>
                    <AffiliationInfo>
                        <Affiliation>Centre for Eye Research Australia University of Melbourne, Royal Victorian Eye and Ear Hospital, Victoria, Australia.</Affiliation>
                    </AffiliationInfo>
                </Author>
                <Author ValidYN="Y">
                    <LastName>Ayton</LastName>
                    <ForeName>Lauren N</ForeName>
                    <Initials>LN</Initials>
                    <AffiliationInfo>
                        <Affiliation>Centre for Eye Research Australia University of Melbourne, Royal Victorian Eye and Ear Hospital, Victoria, Australia.</Affiliation>
                    </AffiliationInfo>
                </Author>
                <Author ValidYN="Y">
                    <LastName>Toth</LastName>
                    <ForeName>Cynthia A</ForeName>
                    <Initials>CA</Initials>
                    <AffiliationInfo>
                        <Affiliation>Department of Biomedical Engineering, Duke University, Durham, North Carolina, United States 3Department of Ophthalmology, Duke University Medical Center, Durham, North Carolina, United States.</Affiliation>
                    </AffiliationInfo>
                </Author>
                <Author ValidYN="Y">
                    <LastName>Farsiu</LastName>
                    <ForeName>Sina</ForeName>
                    <Initials>S</Initials>
                    <AffiliationInfo>
                        <Affiliation>Department of Biomedical Engineering, Duke University, Durham, North Carolina, United States 3Department of Ophthalmology, Duke University Medical Center, Durham, North Carolina, United States.</Affiliation>
                    </AffiliationInfo>
                </Author>
                <Author ValidYN="Y">
                    <LastName>Guymer</LastName>
                    <ForeName>Robyn H</ForeName>
                    <Initials>RH</Initials>
                    <AffiliationInfo>
                        <Affiliation>Centre for Eye Research Australia University of Melbourne, Royal Victorian Eye and Ear Hospital, Victoria, Australia.</Affiliation>
                    </AffiliationInfo>
                </Author>
            </AuthorList>
            <Language>eng</Language>
            <PublicationTypeList>
                <PublicationType UI="D016428">Journal Article</PublicationType>
            </PublicationTypeList>
        </Article>
        <MedlineJournalInfo>
            <Country>United States</Country>
            <MedlineTA>Invest Ophthalmol Vis Sci</MedlineTA>
            <NlmUniqueID>7703701</NlmUniqueID>
            <ISSNLinking>0146-0404</ISSNLinking>
        </MedlineJournalInfo>
        <CitationSubset>IM</CitationSubset>
        <MeshHeadingList>
            <MeshHeading>
                <DescriptorName UI="D000368" MajorTopicYN="N">Aged</DescriptorName>
            </MeshHeading>
            <MeshHeading>
                <DescriptorName UI="D005260" MajorTopicYN="N">Female</DescriptorName>
            </MeshHeading>
            <MeshHeading>
                <DescriptorName UI="D006801" MajorTopicYN="N">Humans</DescriptorName>
            </MeshHeading>
            <MeshHeading>
                <DescriptorName UI="D008268" MajorTopicYN="N">Macular Degeneration</DescriptorName>
                <QualifierName UI="Q000000981" MajorTopicYN="N">diagnostic imaging</QualifierName>
                <QualifierName UI="Q000473" MajorTopicYN="Y">pathology</QualifierName>
            </MeshHeading>
            <MeshHeading>
                <DescriptorName UI="D008297" MajorTopicYN="N">Male</DescriptorName>
            </MeshHeading>
            <MeshHeading>
                <DescriptorName UI="D008875" MajorTopicYN="N">Middle Aged</DescriptorName>
            </MeshHeading>
            <MeshHeading>
                <DescriptorName UI="D011446" MajorTopicYN="N">Prospective Studies</DescriptorName>
            </MeshHeading>
            <MeshHeading>
                <DescriptorName UI="D015593" MajorTopicYN="N">Retinal Drusen</DescriptorName>
                <QualifierName UI="Q000000981" MajorTopicYN="N">diagnostic imaging</QualifierName>
                <QualifierName UI="Q000473" MajorTopicYN="N">pathology</QualifierName>
            </MeshHeading>
            <MeshHeading>
                <DescriptorName UI="D055213" MajorTopicYN="N">Retinal Pigment Epithelium</DescriptorName>
                <QualifierName UI="Q000000981" MajorTopicYN="N">diagnostic imaging</QualifierName>
                <QualifierName UI="Q000473" MajorTopicYN="N">pathology</QualifierName>
            </MeshHeading>
            <MeshHeading>
                <DescriptorName UI="D041623" MajorTopicYN="N">Tomography, Optical Coherence</DescriptorName>
            </MeshHeading>
            <MeshHeading>
                <DescriptorName UI="D058609" MajorTopicYN="N">Visual Field Tests</DescriptorName>
            </MeshHeading>
        </MeshHeadingList>
    </MedlineCitation>
    <PubmedData>
        <History>
            <PubMedPubDate PubStatus="entrez">
                <Year>2016</Year>
                <Month>7</Month>
                <Day>15</Day>
                <Hour>6</Hour>
                <Minute>0</Minute>
            </PubMedPubDate>
            <PubMedPubDate PubStatus="pubmed">
                <Year>2016</Year>
                <Month>7</Month>
                <Day>16</Day>
                <Hour>6</Hour>
                <Minute>0</Minute>
            </PubMedPubDate>
            <PubMedPubDate PubStatus="medline">
                <Year>2019</Year>
                <Month>3</Month>
                <Day>21</Day>
                <Hour>6</Hour>
                <Minute>0</Minute>
            </PubMedPubDate>
        </History>
        <PublicationStatus>ppublish</PublicationStatus>
        <ArticleIdList>
            <ArticleId IdType="pubmed">27415789</ArticleId>
            <ArticleId IdType="pii">2535252</ArticleId>
            <ArticleId IdType="doi">10.1167/iovs.15-18294</ArticleId>
        </ArticleIdList>
    </PubmedData>
</PubmedArticle>

</PubmedArticleSet>