<?xml version="1.0" ?>
<!DOCTYPE PubmedArticleSet PUBLIC "-//NLM//DTD PubMedArticle, 1st January 2019//EN" "https://dtd.nlm.nih.gov/ncbi/pubmed/out/pubmed_190101.dtd">
<PubmedArticleSet>
<PubmedArticle>
    <MedlineCitation Status="MEDLINE" Owner="NLM">
        <PMID Version="1">17003413</PMID>
        <DateCompleted>
            <Year>2006</Year>
            <Month>10</Month>
            <Day>24</Day>
        </DateCompleted>
        <DateRevised>
            <Year>2018</Year>
            <Month>12</Month>
            <Day>01</Day>
        </DateRevised>
        <Article PubModel="Print">
            <Journal>
                <ISSN IssnType="Print">0146-0404</ISSN>
                <JournalIssue CitedMedium="Print">
                    <Volume>47</Volume>
                    <Issue>10</Issue>
                    <PubDate>
                        <Year>2006</Year>
                        <Month>Oct</Month>
                    </PubDate>
                </JournalIssue>
                <Title>Investigative ophthalmology &amp; visual science</Title>
                <ISOAbbreviation>Invest. Ophthalmol. Vis. Sci.</ISOAbbreviation>
            </Journal>
            <ArticleTitle>Variations in primary open-angle glaucoma prevalence by age, gender, and race: a Bayesian meta-analysis.</ArticleTitle>
            <Pagination>
                <MedlinePgn>4254-61</MedlinePgn>
            </Pagination>
            <Abstract>
                <AbstractText Label="PURPOSE" NlmCategory="OBJECTIVE">To quantify the variation in primary open-angle glaucoma (OAG) prevalence with age, gender, race, year of publication, and survey methodology.</AbstractText>
                <AbstractText Label="METHODS" NlmCategory="METHODS">Medline, EMBASE, and PubMed were searched for studies of OAG prevalence. Studies with defined population samplings were sought. Forty-six published observational studies of OAG prevalence (103,567 participants with 2509 cases of OAG) were identified for inclusion in the systematic review and meta-analysis. Data on the number of people and the number of cases of OAG by age, race, and gender were sought for each study. Additional information was obtained regarding whether the definition of glaucoma relied on raised intraocular pressure (IOP) and whether visual field examination was performed routinely on all individuals. Bayesian meta-analysis was used to model the associations between the log odds of OAG and age, race, gender, year of publication, method of visual field testing, and effect of reliance on IOP in the definition of OAG.</AbstractText>
                <AbstractText Label="RESULTS" NlmCategory="RESULTS">Black populations had the highest OAG prevalence at all ages, but the proportional increase in prevalence of OAG with age was highest in white populations. The odds ratio per decade increase in age was 2.05 in white populations (95% credible interval, 1.91 to 2.18), 1.61 (95% credible interval, 1.53 to 1.70) in black populations, and 1.57 (95% credible interval, 1.46 to 1.68) in Asian populations. The average estimated prevalence in those older than 70 years of age was 6% in white populations, 16% in black populations, and 3% in Asian populations. After adjusting for age, race, year of publication, and survey methods, men were 1.37 (95% credible interval, 1.22 to 1.53) times more likely than women to have OAG. The prevalence of OAG was one third lower in studies in which routine visual fields were not assessed and that used an IOP criterion in the definition of glaucoma; this effect was reduced to the null after adjustment for age, racial group, and year of publication.</AbstractText>
                <AbstractText Label="CONCLUSIONS" NlmCategory="CONCLUSIONS">Although black populations had the highest prevalence of OAG at all ages, white populations showed the steepest increase in OAG prevalence with age. Men were more likely than women to have OAG.</AbstractText>
            </Abstract>
            <AuthorList CompleteYN="Y">
                <Author ValidYN="Y">
                    <LastName>Rudnicka</LastName>
                    <ForeName>Alicja R</ForeName>
                    <Initials>AR</Initials>
                    <AffiliationInfo>
                        <Affiliation>Division of Community Health Sciences, St. George's, University of London, UK. arudnicka@sgul.ac.uk</Affiliation>
                    </AffiliationInfo>
                </Author>
                <Author ValidYN="Y">
                    <LastName>Mt-Isa</LastName>
                    <ForeName>Shahrul</ForeName>
                    <Initials>S</Initials>
                </Author>
                <Author ValidYN="Y">
                    <LastName>Owen</LastName>
                    <ForeName>Christopher G</ForeName>
                    <Initials>CG</Initials>
                </Author>
                <Author ValidYN="Y">
                    <LastName>Cook</LastName>
                    <ForeName>Derek G</ForeName>
                    <Initials>DG</Initials>
                </Author>
                <Author ValidYN="Y">
                    <LastName>Ashby</LastName>
                    <ForeName>Deborah</ForeName>
                    <Initials>D</Initials>
                </Author>
            </AuthorList>
            <Language>eng</Language>
            <PublicationTypeList>
                <PublicationType UI="D016428">Journal Article</PublicationType>
                <PublicationType UI="D017418">Meta-Analysis</PublicationType>
                <PublicationType UI="D013485">Research Support, Non-U.S. Gov't</PublicationType>
                <PublicationType UI="D000078182">Systematic Review</PublicationType>
            </PublicationTypeList>
        </Article>
        <MedlineJournalInfo>
            <Country>United States</Country>
            <MedlineTA>Invest Ophthalmol Vis Sci</MedlineTA>
            <NlmUniqueID>7703701</NlmUniqueID>
            <ISSNLinking>0146-0404</ISSNLinking>
        </MedlineJournalInfo>
        <CitationSubset>IM</CitationSubset>
        <MeshHeadingList>
            <MeshHeading>
                <DescriptorName UI="D000328" MajorTopicYN="N">Adult</DescriptorName>
            </MeshHeading>
            <MeshHeading>
                <DescriptorName UI="D017677" MajorTopicYN="N">Age Distribution</DescriptorName>
            </MeshHeading>
            <MeshHeading>
                <DescriptorName UI="D000368" MajorTopicYN="N">Aged</DescriptorName>
            </MeshHeading>
            <MeshHeading>
                <DescriptorName UI="D000369" MajorTopicYN="N">Aged, 80 and over</DescriptorName>
            </MeshHeading>
            <MeshHeading>
                <DescriptorName UI="D001499" MajorTopicYN="N">Bayes Theorem</DescriptorName>
            </MeshHeading>
            <MeshHeading>
                <DescriptorName UI="D044469" MajorTopicYN="N">Continental Population Groups</DescriptorName>
                <QualifierName UI="Q000706" MajorTopicYN="Y">statistics &amp; numerical data</QualifierName>
            </MeshHeading>
            <MeshHeading>
                <DescriptorName UI="D005260" MajorTopicYN="N">Female</DescriptorName>
            </MeshHeading>
            <MeshHeading>
                <DescriptorName UI="D005902" MajorTopicYN="N">Glaucoma, Open-Angle</DescriptorName>
                <QualifierName UI="Q000208" MajorTopicYN="Y">ethnology</QualifierName>
            </MeshHeading>
            <MeshHeading>
                <DescriptorName UI="D006801" MajorTopicYN="N">Humans</DescriptorName>
            </MeshHeading>
            <MeshHeading>
                <DescriptorName UI="D008297" MajorTopicYN="N">Male</DescriptorName>
            </MeshHeading>
            <MeshHeading>
                <DescriptorName UI="D008875" MajorTopicYN="N">Middle Aged</DescriptorName>
            </MeshHeading>
            <MeshHeading>
                <DescriptorName UI="D016017" MajorTopicYN="N">Odds Ratio</DescriptorName>
            </MeshHeading>
            <MeshHeading>
                <DescriptorName UI="D015995" MajorTopicYN="N">Prevalence</DescriptorName>
            </MeshHeading>
            <MeshHeading>
                <DescriptorName UI="D017678" MajorTopicYN="N">Sex Distribution</DescriptorName>
            </MeshHeading>
        </MeshHeadingList>
    </MedlineCitation>
    <PubmedData>
        <History>
            <PubMedPubDate PubStatus="pubmed">
                <Year>2006</Year>
                <Month>9</Month>
                <Day>28</Day>
                <Hour>9</Hour>
                <Minute>0</Minute>
            </PubMedPubDate>
            <PubMedPubDate PubStatus="medline">
                <Year>2006</Year>
                <Month>10</Month>
                <Day>25</Day>
                <Hour>9</Hour>
                <Minute>0</Minute>
            </PubMedPubDate>
            <PubMedPubDate PubStatus="entrez">
                <Year>2006</Year>
                <Month>9</Month>
                <Day>28</Day>
                <Hour>9</Hour>
                <Minute>0</Minute>
            </PubMedPubDate>
        </History>
        <PublicationStatus>ppublish</PublicationStatus>
        <ArticleIdList>
            <ArticleId IdType="pubmed">17003413</ArticleId>
            <ArticleId IdType="pii">47/10/4254</ArticleId>
            <ArticleId IdType="doi">10.1167/iovs.06-0299</ArticleId>
        </ArticleIdList>
    </PubmedData>
</PubmedArticle>

</PubmedArticleSet>