<?xml version="1.0" ?>
<!DOCTYPE PubmedArticleSet PUBLIC "-//NLM//DTD PubMedArticle, 1st January 2019//EN" "https://dtd.nlm.nih.gov/ncbi/pubmed/out/pubmed_190101.dtd">
<PubmedArticleSet>
<PubmedArticle>
    <MedlineCitation Status="MEDLINE" Owner="NLM">
        <PMID Version="1">28161925</PMID>
        <DateCompleted>
            <Year>2017</Year>
            <Month>03</Month>
            <Day>14</Day>
        </DateCompleted>
        <DateRevised>
            <Year>2018</Year>
            <Month>12</Month>
            <Day>02</Day>
        </DateRevised>
        <Article PubModel="Print">
            <Journal>
                <ISSN IssnType="Electronic">2162-0989</ISSN>
                <JournalIssue CitedMedium="Internet">
                    <Volume>6</Volume>
                    <Issue>1</Issue>
                    <PubDate>
                        <MedlineDate>2017 Jan-Feb</MedlineDate>
                    </PubDate>
                </JournalIssue>
                <Title>Asia-Pacific journal of ophthalmology (Philadelphia, Pa.)</Title>
                <ISOAbbreviation>Asia Pac J Ophthalmol (Phila)</ISOAbbreviation>
            </Journal>
            <ArticleTitle>The Use of Microperimetry to Detect Functional Progression in Non-Neovascular Age-Related Macular Degeneration: A Systematic Review.</ArticleTitle>
            <Pagination>
                <MedlinePgn>70-79</MedlinePgn>
            </Pagination>
            <ELocationID EIdType="doi" ValidYN="Y">10.22608/APO.201643</ELocationID>
            <Abstract>
                <AbstractText>We reviewed the current literature on the ability of microperimetry to detect non-neovascular age-related macular degeneration (AMD) disease progression. The index test was retinal sensitivity measurement assessed by microperimetry and comparators were other functional measures (best-corrected and low-luminance visual acuities, and fixation stability) and structural parameters [retinal thickness, choroidal thickness, and area of geographic atrophy (GA) determined by color fundus photographs, short-wave or near-infrared fundus autofluorescence]. The reference standard was area of GA. The literature search was conducted in January 2016 and included MEDLINE, EMBASE, the Cochrane Library, Biosis, Science Citation Index, ProQuest Health and Medicine, CINAHL, and Highwire Press. We included 6 studies that enrolled 41 eyes with intermediate AMD (from a single study) and 80 eyes with GA secondary to AMD. Retinal sensitivity measured by microperimetry was the only functional measure that consistently detected progression in each cohort. Insufficient reported data precluded meta-analysis. Various microperimetry parameters were used to assess cohort-level change in retinal sensitivity, but the methods of analysis have yet to mature in complexity in comparison with established glaucoma field progression analysis. Microperimetry-assessed retinal sensitivity measurement may be more sensitive in detecting progression than other functional measures in non-neovascular AMD. However, the lack of standardized testing protocol and methods of progression analysis hindered comparison. Harmonization of testing protocol and development of more robust methods of analyzing raw microperimetric data will facilitate clinical implementation of this valuable retinal assessment tool.</AbstractText>
                <CopyrightInformation>Copyright© 2017 Asia-Pacific Academy of Ophthalmology.</CopyrightInformation>
            </Abstract>
            <AuthorList CompleteYN="Y">
                <Author ValidYN="Y">
                    <LastName>Wong</LastName>
                    <ForeName>Evan N</ForeName>
                    <Initials>EN</Initials>
                    <AffiliationInfo>
                        <Affiliation>Centre for Ophthalmology and Visual Science (Lions Eye Instiute), University of Western Australia.</Affiliation>
                    </AffiliationInfo>
                    <AffiliationInfo>
                        <Affiliation>Department of Ophthalmology, Sir Charles Gairdner Hospital.</Affiliation>
                    </AffiliationInfo>
                </Author>
                <Author ValidYN="Y">
                    <LastName>Chew</LastName>
                    <ForeName>Avenell L</ForeName>
                    <Initials>AL</Initials>
                    <AffiliationInfo>
                        <Affiliation>Centre for Ophthalmology and Visual Science (Lions Eye Instiute), University of Western Australia.</Affiliation>
                    </AffiliationInfo>
                </Author>
                <Author ValidYN="Y">
                    <LastName>Morgan</LastName>
                    <ForeName>William H</ForeName>
                    <Initials>WH</Initials>
                    <AffiliationInfo>
                        <Affiliation>Centre for Ophthalmology and Visual Science (Lions Eye Instiute), University of Western Australia.</Affiliation>
                    </AffiliationInfo>
                    <AffiliationInfo>
                        <Affiliation>Department of Ophthalmology, Royal Perth Hospital, Perth, Western Australia, Australia.</Affiliation>
                    </AffiliationInfo>
                </Author>
                <Author ValidYN="Y">
                    <LastName>Patel</LastName>
                    <ForeName>Praveen J</ForeName>
                    <Initials>PJ</Initials>
                    <AffiliationInfo>
                        <Affiliation>NIHR Biomedical Research Centre at Moorfields Eye Hospital NHS Foundation Trust.</Affiliation>
                    </AffiliationInfo>
                    <AffiliationInfo>
                        <Affiliation>UCL Institute of Ophthalmology, London, UK.</Affiliation>
                    </AffiliationInfo>
                </Author>
                <Author ValidYN="Y">
                    <LastName>Chen</LastName>
                    <ForeName>Fred K</ForeName>
                    <Initials>FK</Initials>
                    <AffiliationInfo>
                        <Affiliation>Centre for Ophthalmology and Visual Science (Lions Eye Instiute), University of Western Australia.</Affiliation>
                    </AffiliationInfo>
                    <AffiliationInfo>
                        <Affiliation>Department of Ophthalmology, Royal Perth Hospital, Perth, Western Australia, Australia.</Affiliation>
                    </AffiliationInfo>
                </Author>
            </AuthorList>
            <Language>eng</Language>
            <PublicationTypeList>
                <PublicationType UI="D016428">Journal Article</PublicationType>
                <PublicationType UI="D016454">Review</PublicationType>
                <PublicationType UI="D000078182">Systematic Review</PublicationType>
            </PublicationTypeList>
        </Article>
        <MedlineJournalInfo>
            <Country>China</Country>
            <MedlineTA>Asia Pac J Ophthalmol (Phila)</MedlineTA>
            <NlmUniqueID>101583622</NlmUniqueID>
            <ISSNLinking>2162-0989</ISSNLinking>
        </MedlineJournalInfo>
        <CitationSubset>IM</CitationSubset>
        <MeshHeadingList>
            <MeshHeading>
                <DescriptorName UI="D018450" MajorTopicYN="N">Disease Progression</DescriptorName>
            </MeshHeading>
            <MeshHeading>
                <DescriptorName UI="D005403" MajorTopicYN="N">Fixation, Ocular</DescriptorName>
                <QualifierName UI="Q000502" MajorTopicYN="N">physiology</QualifierName>
            </MeshHeading>
            <MeshHeading>
                <DescriptorName UI="D057092" MajorTopicYN="N">Geographic Atrophy</DescriptorName>
                <QualifierName UI="Q000175" MajorTopicYN="N">diagnosis</QualifierName>
                <QualifierName UI="Q000503" MajorTopicYN="N">physiopathology</QualifierName>
            </MeshHeading>
            <MeshHeading>
                <DescriptorName UI="D006801" MajorTopicYN="N">Humans</DescriptorName>
            </MeshHeading>
            <MeshHeading>
                <DescriptorName UI="D008268" MajorTopicYN="N">Macular Degeneration</DescriptorName>
                <QualifierName UI="Q000175" MajorTopicYN="Y">diagnosis</QualifierName>
                <QualifierName UI="Q000503" MajorTopicYN="N">physiopathology</QualifierName>
            </MeshHeading>
            <MeshHeading>
                <DescriptorName UI="D041623" MajorTopicYN="N">Tomography, Optical Coherence</DescriptorName>
            </MeshHeading>
            <MeshHeading>
                <DescriptorName UI="D014792" MajorTopicYN="N">Visual Acuity</DescriptorName>
                <QualifierName UI="Q000502" MajorTopicYN="N">physiology</QualifierName>
            </MeshHeading>
            <MeshHeading>
                <DescriptorName UI="D058609" MajorTopicYN="N">Visual Field Tests</DescriptorName>
                <QualifierName UI="Q000379" MajorTopicYN="Y">methods</QualifierName>
            </MeshHeading>
            <MeshHeading>
                <DescriptorName UI="D014794" MajorTopicYN="N">Visual Fields</DescriptorName>
                <QualifierName UI="Q000502" MajorTopicYN="N">physiology</QualifierName>
            </MeshHeading>
        </MeshHeadingList>
        <KeywordList Owner="NOTNLM">
            <Keyword MajorTopicYN="N">geographic atrophy</Keyword>
            <Keyword MajorTopicYN="N">microperimetry</Keyword>
            <Keyword MajorTopicYN="N">natural history</Keyword>
            <Keyword MajorTopicYN="N">non-neovascular age-related macular degeneration</Keyword>
            <Keyword MajorTopicYN="N">visual field tests</Keyword>
        </KeywordList>
    </MedlineCitation>
    <PubmedData>
        <History>
            <PubMedPubDate PubStatus="received">
                <Year>2016</Year>
                <Month>02</Month>
                <Day>28</Day>
            </PubMedPubDate>
            <PubMedPubDate PubStatus="accepted">
                <Year>2016</Year>
                <Month>05</Month>
                <Day>31</Day>
            </PubMedPubDate>
            <PubMedPubDate PubStatus="entrez">
                <Year>2017</Year>
                <Month>2</Month>
                <Day>6</Day>
                <Hour>6</Hour>
                <Minute>0</Minute>
            </PubMedPubDate>
            <PubMedPubDate PubStatus="pubmed">
                <Year>2017</Year>
                <Month>2</Month>
                <Day>6</Day>
                <Hour>6</Hour>
                <Minute>0</Minute>
            </PubMedPubDate>
            <PubMedPubDate PubStatus="medline">
                <Year>2017</Year>
                <Month>3</Month>
                <Day>16</Day>
                <Hour>6</Hour>
                <Minute>0</Minute>
            </PubMedPubDate>
        </History>
        <PublicationStatus>ppublish</PublicationStatus>
        <ArticleIdList>
            <ArticleId IdType="pubmed">28161925</ArticleId>
            <ArticleId IdType="doi">10.22608/APO.201643</ArticleId>
            <ArticleId IdType="pii">01599573-201611000-00010</ArticleId>
        </ArticleIdList>
    </PubmedData>
</PubmedArticle>

</PubmedArticleSet>