<?xml version="1.0" ?>
<!DOCTYPE PubmedArticleSet PUBLIC "-//NLM//DTD PubMedArticle, 1st January 2019//EN" "https://dtd.nlm.nih.gov/ncbi/pubmed/out/pubmed_190101.dtd">
<PubmedArticleSet>
<PubmedArticle>
    <MedlineCitation Status="MEDLINE" Owner="NLM">
        <PMID Version="1">12062857</PMID>
        <DateCompleted>
            <Year>2002</Year>
            <Month>09</Month>
            <Day>04</Day>
        </DateCompleted>
        <DateRevised>
            <Year>2019</Year>
            <Month>09</Month>
            <Day>10</Day>
        </DateRevised>
        <Article PubModel="Print">
            <Journal>
                <ISSN IssnType="Print">0168-8227</ISSN>
                <JournalIssue CitedMedium="Print">
                    <Volume>57</Volume>
                    <Issue>2</Issue>
                    <PubDate>
                        <Year>2002</Year>
                        <Month>Aug</Month>
                    </PubDate>
                </JournalIssue>
                <Title>Diabetes research and clinical practice</Title>
                <ISOAbbreviation>Diabetes Res Clin Pract</ISOAbbreviation>
            </Journal>
            <ArticleTitle>The Australian Diabetes, Obesity and Lifestyle Study (AusDiab)--methods and response rates.</ArticleTitle>
            <Pagination>
                <MedlinePgn>119-29</MedlinePgn>
            </Pagination>
            <Abstract>
                <AbstractText>The Australian Diabetes, Obesity and Lifestyle Study (AusDiab) addresses the urgent need for data on diabetes prevalence, risk factors and associated conditions in Australia. Here we describe the methods used and the response rates obtained. AusDiab was a population-based cross-sectional survey of national diabetes mellitus prevalence and associated risk factors in people aged &gt; or =25 years, conducted between May 1999 and December 2000 in the six states and the Northern Territory of Australia. The study involved an initial household interview, followed by a biomedical examination that included an oral glucose tolerance test (OGTT), standard anthropometric tests, blood pressure measurements and the administration of questionnaires. Of the 20347 eligible people (aged &gt; or =25 years and resident at the address for &gt; or =6 months) who completed a household interview, 11247 (55.3%) attended for the biomedical examination. Of those who completed the biomedical examination 55.1% were female. Comparisons with the 1998 Australian population estimates showed that younger age responders were under-represented at the biomedical examination, while the middle-aged and older age groups were over-represented. Weighting of the AusDiab data for age and gender have corrected for this bias. AusDiab, which is the largest national diabetes prevalence study undertaken in a developed nation to have used an OGTT, provides a valuable national resource for the study of the prevalence and possible causes of diabetes, as well as identifying possible risk factors that may lead to diabetes. Furthermore, it generates the baseline data for a prospective 5-year cohort study. The data will be important for national and regional public health and lifestyle education and health promotion programs.</AbstractText>
            </Abstract>
            <AuthorList CompleteYN="Y">
                <Author ValidYN="Y">
                    <LastName>Dunstan</LastName>
                    <ForeName>David W</ForeName>
                    <Initials>DW</Initials>
                    <AffiliationInfo>
                        <Affiliation>The International Diabetes Institute, 250 Kooyong Road, Caulfield, Vic. 3162, Australia. ddunstan@idi.org.au</Affiliation>
                    </AffiliationInfo>
                </Author>
                <Author ValidYN="Y">
                    <LastName>Zimmet</LastName>
                    <ForeName>Paul Z</ForeName>
                    <Initials>PZ</Initials>
                </Author>
                <Author ValidYN="Y">
                    <LastName>Welborn</LastName>
                    <ForeName>Timothy A</ForeName>
                    <Initials>TA</Initials>
                </Author>
                <Author ValidYN="Y">
                    <LastName>Cameron</LastName>
                    <ForeName>Adrian J</ForeName>
                    <Initials>AJ</Initials>
                </Author>
                <Author ValidYN="Y">
                    <LastName>Shaw</LastName>
                    <ForeName>Jonathan</ForeName>
                    <Initials>J</Initials>
                </Author>
                <Author ValidYN="Y">
                    <LastName>de Courten</LastName>
                    <ForeName>Maximilian</ForeName>
                    <Initials>M</Initials>
                </Author>
                <Author ValidYN="Y">
                    <LastName>Jolley</LastName>
                    <ForeName>Damien</ForeName>
                    <Initials>D</Initials>
                </Author>
                <Author ValidYN="Y">
                    <LastName>McCarty</LastName>
                    <ForeName>Daniel J</ForeName>
                    <Initials>DJ</Initials>
                </Author>
                <Author ValidYN="Y">
                    <CollectiveName>Australian Diabetes, Obesity and Lifestyle Study (AusDiab)</CollectiveName>
                </Author>
            </AuthorList>
            <Language>eng</Language>
            <PublicationTypeList>
                <PublicationType UI="D016428">Journal Article</PublicationType>
                <PublicationType UI="D013485">Research Support, Non-U.S. Gov't</PublicationType>
            </PublicationTypeList>
        </Article>
        <MedlineJournalInfo>
            <Country>Ireland</Country>
            <MedlineTA>Diabetes Res Clin Pract</MedlineTA>
            <NlmUniqueID>8508335</NlmUniqueID>
            <ISSNLinking>0168-8227</ISSNLinking>
        </MedlineJournalInfo>
        <ChemicalList>
            <Chemical>
                <RegistryNumber>0</RegistryNumber>
                <NameOfSubstance UI="D001786">Blood Glucose</NameOfSubstance>
            </Chemical>
            <Chemical>
                <RegistryNumber>0</RegistryNumber>
                <NameOfSubstance UI="D008055">Lipids</NameOfSubstance>
            </Chemical>
        </ChemicalList>
        <CitationSubset>IM</CitationSubset>
        <MeshHeadingList>
            <MeshHeading>
                <DescriptorName UI="D000328" MajorTopicYN="N">Adult</DescriptorName>
            </MeshHeading>
            <MeshHeading>
                <DescriptorName UI="D000368" MajorTopicYN="N">Aged</DescriptorName>
            </MeshHeading>
            <MeshHeading>
                <DescriptorName UI="D001315" MajorTopicYN="N" Type="Geographic">Australia</DescriptorName>
                <QualifierName UI="Q000453" MajorTopicYN="N">epidemiology</QualifierName>
            </MeshHeading>
            <MeshHeading>
                <DescriptorName UI="D001786" MajorTopicYN="N">Blood Glucose</DescriptorName>
                <QualifierName UI="Q000032" MajorTopicYN="N">analysis</QualifierName>
            </MeshHeading>
            <MeshHeading>
                <DescriptorName UI="D001794" MajorTopicYN="N">Blood Pressure</DescriptorName>
            </MeshHeading>
            <MeshHeading>
                <DescriptorName UI="D016000" MajorTopicYN="N">Cluster Analysis</DescriptorName>
            </MeshHeading>
            <MeshHeading>
                <DescriptorName UI="D003430" MajorTopicYN="N">Cross-Sectional Studies</DescriptorName>
            </MeshHeading>
            <MeshHeading>
                <DescriptorName UI="D003920" MajorTopicYN="N">Diabetes Mellitus</DescriptorName>
                <QualifierName UI="Q000453" MajorTopicYN="Y">epidemiology</QualifierName>
                <QualifierName UI="Q000517" MajorTopicYN="Y">prevention &amp; control</QualifierName>
            </MeshHeading>
            <MeshHeading>
                <DescriptorName UI="D005006" MajorTopicYN="N">Ethnic Groups</DescriptorName>
            </MeshHeading>
            <MeshHeading>
                <DescriptorName UI="D005260" MajorTopicYN="N">Female</DescriptorName>
            </MeshHeading>
            <MeshHeading>
                <DescriptorName UI="D006306" MajorTopicYN="Y">Health Surveys</DescriptorName>
            </MeshHeading>
            <MeshHeading>
                <DescriptorName UI="D006801" MajorTopicYN="N">Humans</DescriptorName>
            </MeshHeading>
            <MeshHeading>
                <DescriptorName UI="D007407" MajorTopicYN="N">Interviews as Topic</DescriptorName>
            </MeshHeading>
            <MeshHeading>
                <DescriptorName UI="D008019" MajorTopicYN="Y">Life Style</DescriptorName>
            </MeshHeading>
            <MeshHeading>
                <DescriptorName UI="D008055" MajorTopicYN="N">Lipids</DescriptorName>
                <QualifierName UI="Q000032" MajorTopicYN="N">analysis</QualifierName>
            </MeshHeading>
            <MeshHeading>
                <DescriptorName UI="D008297" MajorTopicYN="N">Male</DescriptorName>
            </MeshHeading>
            <MeshHeading>
                <DescriptorName UI="D008875" MajorTopicYN="N">Middle Aged</DescriptorName>
            </MeshHeading>
            <MeshHeading>
                <DescriptorName UI="D009765" MajorTopicYN="N">Obesity</DescriptorName>
                <QualifierName UI="Q000453" MajorTopicYN="Y">epidemiology</QualifierName>
                <QualifierName UI="Q000517" MajorTopicYN="N">prevention &amp; control</QualifierName>
            </MeshHeading>
            <MeshHeading>
                <DescriptorName UI="D010808" MajorTopicYN="N">Physical Examination</DescriptorName>
            </MeshHeading>
            <MeshHeading>
                <DescriptorName UI="D015995" MajorTopicYN="N">Prevalence</DescriptorName>
            </MeshHeading>
            <MeshHeading>
                <DescriptorName UI="D012107" MajorTopicYN="N">Research Design</DescriptorName>
            </MeshHeading>
            <MeshHeading>
                <DescriptorName UI="D018401" MajorTopicYN="N">Sample Size</DescriptorName>
            </MeshHeading>
            <MeshHeading>
                <DescriptorName UI="D012727" MajorTopicYN="N">Sex Characteristics</DescriptorName>
            </MeshHeading>
            <MeshHeading>
                <DescriptorName UI="D011795" MajorTopicYN="N">Surveys and Questionnaires</DescriptorName>
            </MeshHeading>
        </MeshHeadingList>
    </MedlineCitation>
    <PubmedData>
        <History>
            <PubMedPubDate PubStatus="pubmed">
                <Year>2002</Year>
                <Month>6</Month>
                <Day>14</Day>
                <Hour>10</Hour>
                <Minute>0</Minute>
            </PubMedPubDate>
            <PubMedPubDate PubStatus="medline">
                <Year>2002</Year>
                <Month>9</Month>
                <Day>6</Day>
                <Hour>10</Hour>
                <Minute>1</Minute>
            </PubMedPubDate>
            <PubMedPubDate PubStatus="entrez">
                <Year>2002</Year>
                <Month>6</Month>
                <Day>14</Day>
                <Hour>10</Hour>
                <Minute>0</Minute>
            </PubMedPubDate>
        </History>
        <PublicationStatus>ppublish</PublicationStatus>
        <ArticleIdList>
            <ArticleId IdType="pubmed">12062857</ArticleId>
            <ArticleId IdType="pii">S0168822702000256</ArticleId>
            <ArticleId IdType="doi">10.1016/s0168-8227(02)00025-6</ArticleId>
        </ArticleIdList>
    </PubmedData>
</PubmedArticle>

</PubmedArticleSet>