<?xml version="1.0" ?>
<!DOCTYPE PubmedArticleSet PUBLIC "-//NLM//DTD PubMedArticle, 1st January 2019//EN" "https://dtd.nlm.nih.gov/ncbi/pubmed/out/pubmed_190101.dtd">
<PubmedArticleSet>
<PubmedArticle>
    <MedlineCitation Status="MEDLINE" Owner="NLM">
        <PMID Version="1">15769774</PMID>
        <DateCompleted>
            <Year>2005</Year>
            <Month>10</Month>
            <Day>11</Day>
        </DateCompleted>
        <DateRevised>
            <Year>2007</Year>
            <Month>11</Month>
            <Day>15</Day>
        </DateRevised>
        <Article PubModel="Print">
            <Journal>
                <ISSN IssnType="Electronic">1524-4539</ISSN>
                <JournalIssue CitedMedium="Internet">
                    <Volume>111</Volume>
                    <Issue>10</Issue>
                    <PubDate>
                        <Year>2005</Year>
                        <Month>Mar</Month>
                        <Day>15</Day>
                    </PubDate>
                </JournalIssue>
                <Title>Circulation</Title>
                <ISOAbbreviation>Circulation</ISOAbbreviation>
            </Journal>
            <ArticleTitle>Ethnic differences in coronary calcification: the Multi-Ethnic Study of Atherosclerosis (MESA).</ArticleTitle>
            <Pagination>
                <MedlinePgn>1313-20</MedlinePgn>
            </Pagination>
            <Abstract>
                <AbstractText Label="BACKGROUND" NlmCategory="BACKGROUND">There is substantial evidence that coronary calcification, a marker for the presence and quantity of coronary atherosclerosis, is higher in US whites than blacks; however, there have been no large population-based studies comparing coronary calcification among US ethnic groups.</AbstractText>
                <AbstractText Label="METHODS AND RESULTS" NlmCategory="RESULTS">Using computed tomography, we measured coronary calcification in 6814 white, black, Hispanic, and Chinese men and women aged 45 to 84 years with no clinical cardiovascular disease who participated in the Multi-Ethnic Study of Atherosclerosis (MESA). The prevalence of coronary calcification (Agatston score &gt;0) in these 4 ethnic groups was 70.4%, 52.1%, 56.5%, and 59.2%, respectively, in men (P&lt;0.001) and 44.6%, 36.5%, 34.9%, and 41.9%, respectively, (P&lt;0.001) in women. After adjustment for age, education, lipids, body mass index, smoking, diabetes, hypertension, treatment for hypercholesterolemia, gender, and scanning center, compared with whites, the relative risks for having coronary calcification were 0.78 (95% CI 0.74 to 0.82) in blacks, 0.85 (95% CI 0.79 to 0.91) in Hispanics, and 0.92 (95% CI 0.85 to 0.99) in Chinese. After similar adjustments, the amount of coronary calcification among those with an Agatston score &gt;0 was greatest among whites, followed by Chinese (77% that of whites; 95% CI 62% to 96%), Hispanics (74%; 95% CI 61% to 90%), and blacks (69%; 95% CI 59% to 80%).</AbstractText>
                <AbstractText Label="CONCLUSIONS" NlmCategory="CONCLUSIONS">We observed ethnic differences in the presence and quantity of coronary calcification that were not explained by coronary risk factors. Identification of the mechanism underlying these differences would further our understanding of the pathophysiology of coronary calcification and its clinical significance. Data on the predictive value of coronary calcium in different ethnic groups are needed.</AbstractText>
            </Abstract>
            <AuthorList CompleteYN="Y">
                <Author ValidYN="Y">
                    <LastName>Bild</LastName>
                    <ForeName>Diane E</ForeName>
                    <Initials>DE</Initials>
                    <AffiliationInfo>
                        <Affiliation>Division of Epidemiology and Clinical Applications, National Heart, Lung, and Blood Institute, Bethesda, Md, USA. bildd@nhlbi.nih.gov</Affiliation>
                    </AffiliationInfo>
                </Author>
                <Author ValidYN="Y">
                    <LastName>Detrano</LastName>
                    <ForeName>Robert</ForeName>
                    <Initials>R</Initials>
                </Author>
                <Author ValidYN="Y">
                    <LastName>Peterson</LastName>
                    <ForeName>Do</ForeName>
                    <Initials>D</Initials>
                </Author>
                <Author ValidYN="Y">
                    <LastName>Guerci</LastName>
                    <ForeName>Alan</ForeName>
                    <Initials>A</Initials>
                </Author>
                <Author ValidYN="Y">
                    <LastName>Liu</LastName>
                    <ForeName>Kiang</ForeName>
                    <Initials>K</Initials>
                </Author>
                <Author ValidYN="Y">
                    <LastName>Shahar</LastName>
                    <ForeName>Eyal</ForeName>
                    <Initials>E</Initials>
                </Author>
                <Author ValidYN="Y">
                    <LastName>Ouyang</LastName>
                    <ForeName>Pamela</ForeName>
                    <Initials>P</Initials>
                </Author>
                <Author ValidYN="Y">
                    <LastName>Jackson</LastName>
                    <ForeName>Sharon</ForeName>
                    <Initials>S</Initials>
                </Author>
                <Author ValidYN="Y">
                    <LastName>Saad</LastName>
                    <ForeName>Mohammed F</ForeName>
                    <Initials>MF</Initials>
                </Author>
            </AuthorList>
            <Language>eng</Language>
            <GrantList CompleteYN="Y">
                <Grant>
                    <GrantID>N01-HC-95159</GrantID>
                    <Acronym>HC</Acronym>
                    <Agency>NHLBI NIH HHS</Agency>
                    <Country>United States</Country>
                </Grant>
                <Grant>
                    <GrantID>N01-HC-95160</GrantID>
                    <Acronym>HC</Acronym>
                    <Agency>NHLBI NIH HHS</Agency>
                    <Country>United States</Country>
                </Grant>
                <Grant>
                    <GrantID>N01-HC-95161</GrantID>
                    <Acronym>HC</Acronym>
                    <Agency>NHLBI NIH HHS</Agency>
                    <Country>United States</Country>
                </Grant>
                <Grant>
                    <GrantID>N01-HC-95162</GrantID>
                    <Acronym>HC</Acronym>
                    <Agency>NHLBI NIH HHS</Agency>
                    <Country>United States</Country>
                </Grant>
                <Grant>
                    <GrantID>N01-HC-95163</GrantID>
                    <Acronym>HC</Acronym>
                    <Agency>NHLBI NIH HHS</Agency>
                    <Country>United States</Country>
                </Grant>
                <Grant>
                    <GrantID>N01-HC-95164</GrantID>
                    <Acronym>HC</Acronym>
                    <Agency>NHLBI NIH HHS</Agency>
                    <Country>United States</Country>
                </Grant>
                <Grant>
                    <GrantID>N01-HC-95165</GrantID>
                    <Acronym>HC</Acronym>
                    <Agency>NHLBI NIH HHS</Agency>
                    <Country>United States</Country>
                </Grant>
                <Grant>
                    <GrantID>N01-HC-95166</GrantID>
                    <Acronym>HC</Acronym>
                    <Agency>NHLBI NIH HHS</Agency>
                    <Country>United States</Country>
                </Grant>
            </GrantList>
            <PublicationTypeList>
                <PublicationType UI="D003160">Comparative Study</PublicationType>
                <PublicationType UI="D016428">Journal Article</PublicationType>
                <PublicationType UI="D016448">Multicenter Study</PublicationType>
                <PublicationType UI="D052061">Research Support, N.I.H., Extramural</PublicationType>
                <PublicationType UI="D013487">Research Support, U.S. Gov't, P.H.S.</PublicationType>
            </PublicationTypeList>
        </Article>
        <MedlineJournalInfo>
            <Country>United States</Country>
            <MedlineTA>Circulation</MedlineTA>
            <NlmUniqueID>0147763</NlmUniqueID>
            <ISSNLinking>0009-7322</ISSNLinking>
        </MedlineJournalInfo>
        <CitationSubset>AIM</CitationSubset>
        <CitationSubset>IM</CitationSubset>
        <MeshHeadingList>
            <MeshHeading>
                <DescriptorName UI="D001741" MajorTopicYN="N">African Americans</DescriptorName>
                <QualifierName UI="Q000706" MajorTopicYN="N">statistics &amp; numerical data</QualifierName>
            </MeshHeading>
            <MeshHeading>
                <DescriptorName UI="D000367" MajorTopicYN="N">Age Factors</DescriptorName>
            </MeshHeading>
            <MeshHeading>
                <DescriptorName UI="D000368" MajorTopicYN="N">Aged</DescriptorName>
            </MeshHeading>
            <MeshHeading>
                <DescriptorName UI="D000369" MajorTopicYN="N">Aged, 80 and over</DescriptorName>
            </MeshHeading>
            <MeshHeading>
                <DescriptorName UI="D001213" MajorTopicYN="N">Asian Americans</DescriptorName>
                <QualifierName UI="Q000706" MajorTopicYN="N">statistics &amp; numerical data</QualifierName>
            </MeshHeading>
            <MeshHeading>
                <DescriptorName UI="D002114" MajorTopicYN="N">Calcinosis</DescriptorName>
                <QualifierName UI="Q000208" MajorTopicYN="Y">ethnology</QualifierName>
                <QualifierName UI="Q000473" MajorTopicYN="N">pathology</QualifierName>
            </MeshHeading>
            <MeshHeading>
                <DescriptorName UI="D002681" MajorTopicYN="N" Type="Geographic">China</DescriptorName>
                <QualifierName UI="Q000208" MajorTopicYN="N">ethnology</QualifierName>
            </MeshHeading>
            <MeshHeading>
                <DescriptorName UI="D015331" MajorTopicYN="N">Cohort Studies</DescriptorName>
            </MeshHeading>
            <MeshHeading>
                <DescriptorName UI="D015897" MajorTopicYN="N">Comorbidity</DescriptorName>
            </MeshHeading>
            <MeshHeading>
                <DescriptorName UI="D003324" MajorTopicYN="N">Coronary Artery Disease</DescriptorName>
                <QualifierName UI="Q000208" MajorTopicYN="Y">ethnology</QualifierName>
                <QualifierName UI="Q000473" MajorTopicYN="N">pathology</QualifierName>
            </MeshHeading>
            <MeshHeading>
                <DescriptorName UI="D003920" MajorTopicYN="N">Diabetes Mellitus</DescriptorName>
                <QualifierName UI="Q000453" MajorTopicYN="N">epidemiology</QualifierName>
            </MeshHeading>
            <MeshHeading>
                <DescriptorName UI="D004198" MajorTopicYN="N">Disease Susceptibility</DescriptorName>
            </MeshHeading>
            <MeshHeading>
                <DescriptorName UI="D004522" MajorTopicYN="N">Educational Status</DescriptorName>
            </MeshHeading>
            <MeshHeading>
                <DescriptorName UI="D005006" MajorTopicYN="N">Ethnic Groups</DescriptorName>
                <QualifierName UI="Q000706" MajorTopicYN="Y">statistics &amp; numerical data</QualifierName>
            </MeshHeading>
            <MeshHeading>
                <DescriptorName UI="D044465" MajorTopicYN="N">European Continental Ancestry Group</DescriptorName>
                <QualifierName UI="Q000706" MajorTopicYN="N">statistics &amp; numerical data</QualifierName>
            </MeshHeading>
            <MeshHeading>
                <DescriptorName UI="D005260" MajorTopicYN="N">Female</DescriptorName>
            </MeshHeading>
            <MeshHeading>
                <DescriptorName UI="D006630" MajorTopicYN="N">Hispanic Americans</DescriptorName>
                <QualifierName UI="Q000706" MajorTopicYN="N">statistics &amp; numerical data</QualifierName>
            </MeshHeading>
            <MeshHeading>
                <DescriptorName UI="D006801" MajorTopicYN="N">Humans</DescriptorName>
            </MeshHeading>
            <MeshHeading>
                <DescriptorName UI="D006949" MajorTopicYN="N">Hyperlipidemias</DescriptorName>
                <QualifierName UI="Q000097" MajorTopicYN="N">blood</QualifierName>
                <QualifierName UI="Q000453" MajorTopicYN="N">epidemiology</QualifierName>
            </MeshHeading>
            <MeshHeading>
                <DescriptorName UI="D006973" MajorTopicYN="N">Hypertension</DescriptorName>
                <QualifierName UI="Q000453" MajorTopicYN="N">epidemiology</QualifierName>
            </MeshHeading>
            <MeshHeading>
                <DescriptorName UI="D008297" MajorTopicYN="N">Male</DescriptorName>
            </MeshHeading>
            <MeshHeading>
                <DescriptorName UI="D008875" MajorTopicYN="N">Middle Aged</DescriptorName>
            </MeshHeading>
            <MeshHeading>
                <DescriptorName UI="D009765" MajorTopicYN="N">Obesity</DescriptorName>
                <QualifierName UI="Q000453" MajorTopicYN="N">epidemiology</QualifierName>
            </MeshHeading>
            <MeshHeading>
                <DescriptorName UI="D012307" MajorTopicYN="N">Risk Factors</DescriptorName>
            </MeshHeading>
            <MeshHeading>
                <DescriptorName UI="D012720" MajorTopicYN="N">Severity of Illness Index</DescriptorName>
            </MeshHeading>
            <MeshHeading>
                <DescriptorName UI="D012907" MajorTopicYN="N">Smoking</DescriptorName>
                <QualifierName UI="Q000453" MajorTopicYN="N">epidemiology</QualifierName>
            </MeshHeading>
            <MeshHeading>
                <DescriptorName UI="D012959" MajorTopicYN="N">Socioeconomic Factors</DescriptorName>
            </MeshHeading>
            <MeshHeading>
                <DescriptorName UI="D014481" MajorTopicYN="N" Type="Geographic">United States</DescriptorName>
                <QualifierName UI="Q000453" MajorTopicYN="N">epidemiology</QualifierName>
            </MeshHeading>
        </MeshHeadingList>
    </MedlineCitation>
    <PubmedData>
        <History>
            <PubMedPubDate PubStatus="pubmed">
                <Year>2005</Year>
                <Month>3</Month>
                <Day>17</Day>
                <Hour>9</Hour>
                <Minute>0</Minute>
            </PubMedPubDate>
            <PubMedPubDate PubStatus="medline">
                <Year>2005</Year>
                <Month>10</Month>
                <Day>12</Day>
                <Hour>9</Hour>
                <Minute>0</Minute>
            </PubMedPubDate>
            <PubMedPubDate PubStatus="entrez">
                <Year>2005</Year>
                <Month>3</Month>
                <Day>17</Day>
                <Hour>9</Hour>
                <Minute>0</Minute>
            </PubMedPubDate>
        </History>
        <PublicationStatus>ppublish</PublicationStatus>
        <ArticleIdList>
            <ArticleId IdType="pubmed">15769774</ArticleId>
            <ArticleId IdType="pii">111/10/1313</ArticleId>
            <ArticleId IdType="doi">10.1161/01.CIR.0000157730.94423.4B</ArticleId>
        </ArticleIdList>
    </PubmedData>
</PubmedArticle>

</PubmedArticleSet>