<?xml version="1.0" ?>
<!DOCTYPE PubmedArticleSet PUBLIC "-//NLM//DTD PubMedArticle, 1st January 2019//EN" "https://dtd.nlm.nih.gov/ncbi/pubmed/out/pubmed_190101.dtd">
<PubmedArticleSet>
<PubmedArticle>
    <MedlineCitation Status="MEDLINE" Owner="NLM">
        <PMID Version="1">2646917</PMID>
        <DateCompleted>
            <Year>1989</Year>
            <Month>04</Month>
            <Day>14</Day>
        </DateCompleted>
        <DateRevised>
            <Year>2019</Year>
            <Month>05</Month>
            <Day>08</Day>
        </DateRevised>
        <Article PubModel="Print">
            <Journal>
                <ISSN IssnType="Print">0002-9262</ISSN>
                <JournalIssue CitedMedium="Print">
                    <Volume>129</Volume>
                    <Issue>4</Issue>
                    <PubDate>
                        <Year>1989</Year>
                        <Month>Apr</Month>
                    </PubDate>
                </JournalIssue>
                <Title>American journal of epidemiology</Title>
                <ISOAbbreviation>Am J Epidemiol</ISOAbbreviation>
            </Journal>
            <ArticleTitle>The Atherosclerosis Risk in Communities (ARIC) Study: design and objectives. The ARIC investigators.</ArticleTitle>
            <Pagination>
                <MedlinePgn>687-702</MedlinePgn>
            </Pagination>
            <Abstract>
                <AbstractText>Atherosclerosis Risk in Communities (ARIC) is a new prospective study to investigate the etiology of atherosclerosis and its clinical sequelae and variation in cardiovascular risk factors, medical care, and disease by race, sex, place, and time. In each of four US communities--Forsyth County, North Carolina, Jackson, Mississippi, suburbs of Minneapolis, Minnesota, and Washington County, Maryland--4,000 adults aged 45-64 years will be examined twice, three years apart. ARIC has coordinating, ultrasound, pulmonary, and electrocardiographic centers and three central laboratories. Three cohorts represent the ethnic mix of their communities; the Jackson cohort, its black population. Examinations include ultrasound scanning of carotid and popliteal arteries; lipids, lipoproteins, and apolipoproteins assayed in the Lipid Laboratory; and coagulation, inhibition, and platelet and fibrinolytic activity assayed in the Hemostasis Laboratory. Surveillance for coronary heart disease will involve review of hospitalizations and deaths among community residents aged 35-74 years. ARIC aims to study atherosclerosis by direct observation of the disease and by use of modern biochemistry.</AbstractText>
            </Abstract>
            <Language>eng</Language>
            <GrantList CompleteYN="Y">
                <Grant>
                    <GrantID>N01-HC-55015</GrantID>
                    <Acronym>HC</Acronym>
                    <Agency>NHLBI NIH HHS</Agency>
                    <Country>United States</Country>
                </Grant>
                <Grant>
                    <GrantID>N01-HC-55016</GrantID>
                    <Acronym>HC</Acronym>
                    <Agency>NHLBI NIH HHS</Agency>
                    <Country>United States</Country>
                </Grant>
                <Grant>
                    <GrantID>N01-HC-55018</GrantID>
                    <Acronym>HC</Acronym>
                    <Agency>NHLBI NIH HHS</Agency>
                    <Country>United States</Country>
                </Grant>
            </GrantList>
            <PublicationTypeList>
                <PublicationType UI="D016428">Journal Article</PublicationType>
                <PublicationType UI="D013487">Research Support, U.S. Gov't, P.H.S.</PublicationType>
            </PublicationTypeList>
        </Article>
        <MedlineJournalInfo>
            <Country>United States</Country>
            <MedlineTA>Am J Epidemiol</MedlineTA>
            <NlmUniqueID>7910653</NlmUniqueID>
            <ISSNLinking>0002-9262</ISSNLinking>
        </MedlineJournalInfo>
        <CitationSubset>IM</CitationSubset>
        <MeshHeadingList>
            <MeshHeading>
                <DescriptorName UI="D044383" MajorTopicYN="N">African Continental Ancestry Group</DescriptorName>
            </MeshHeading>
            <MeshHeading>
                <DescriptorName UI="D001161" MajorTopicYN="N">Arteriosclerosis</DescriptorName>
                <QualifierName UI="Q000097" MajorTopicYN="N">blood</QualifierName>
                <QualifierName UI="Q000453" MajorTopicYN="N">epidemiology</QualifierName>
                <QualifierName UI="Q000209" MajorTopicYN="Y">etiology</QualifierName>
            </MeshHeading>
            <MeshHeading>
                <DescriptorName UI="D001777" MajorTopicYN="N">Blood Coagulation</DescriptorName>
            </MeshHeading>
            <MeshHeading>
                <DescriptorName UI="D015331" MajorTopicYN="N">Cohort Studies</DescriptorName>
            </MeshHeading>
            <MeshHeading>
                <DescriptorName UI="D003327" MajorTopicYN="N">Coronary Disease</DescriptorName>
                <QualifierName UI="Q000453" MajorTopicYN="N">epidemiology</QualifierName>
                <QualifierName UI="Q000401" MajorTopicYN="N">mortality</QualifierName>
            </MeshHeading>
            <MeshHeading>
                <DescriptorName UI="D044465" MajorTopicYN="N">European Continental Ancestry Group</DescriptorName>
            </MeshHeading>
            <MeshHeading>
                <DescriptorName UI="D005260" MajorTopicYN="N">Female</DescriptorName>
            </MeshHeading>
            <MeshHeading>
                <DescriptorName UI="D006760" MajorTopicYN="N">Hospitalization</DescriptorName>
            </MeshHeading>
            <MeshHeading>
                <DescriptorName UI="D006801" MajorTopicYN="N">Humans</DescriptorName>
            </MeshHeading>
            <MeshHeading>
                <DescriptorName UI="D008297" MajorTopicYN="N">Male</DescriptorName>
            </MeshHeading>
            <MeshHeading>
                <DescriptorName UI="D008875" MajorTopicYN="N">Middle Aged</DescriptorName>
            </MeshHeading>
            <MeshHeading>
                <DescriptorName UI="D011159" MajorTopicYN="N">Population Surveillance</DescriptorName>
            </MeshHeading>
            <MeshHeading>
                <DescriptorName UI="D011446" MajorTopicYN="N">Prospective Studies</DescriptorName>
            </MeshHeading>
            <MeshHeading>
                <DescriptorName UI="D012307" MajorTopicYN="N">Risk Factors</DescriptorName>
            </MeshHeading>
            <MeshHeading>
                <DescriptorName UI="D014463" MajorTopicYN="N">Ultrasonography</DescriptorName>
                <QualifierName UI="Q000379" MajorTopicYN="N">methods</QualifierName>
            </MeshHeading>
            <MeshHeading>
                <DescriptorName UI="D014481" MajorTopicYN="N" Type="Geographic">United States</DescriptorName>
            </MeshHeading>
        </MeshHeadingList>
    </MedlineCitation>
    <PubmedData>
        <History>
            <PubMedPubDate PubStatus="pubmed">
                <Year>1989</Year>
                <Month>4</Month>
                <Day>1</Day>
            </PubMedPubDate>
            <PubMedPubDate PubStatus="medline">
                <Year>1989</Year>
                <Month>4</Month>
                <Day>1</Day>
                <Hour>0</Hour>
                <Minute>1</Minute>
            </PubMedPubDate>
            <PubMedPubDate PubStatus="entrez">
                <Year>1989</Year>
                <Month>4</Month>
                <Day>1</Day>
                <Hour>0</Hour>
                <Minute>0</Minute>
            </PubMedPubDate>
        </History>
        <PublicationStatus>ppublish</PublicationStatus>
        <ArticleIdList>
            <ArticleId IdType="pubmed">2646917</ArticleId>
        </ArticleIdList>
    </PubmedData>
</PubmedArticle>

</PubmedArticleSet>