<?xml version="1.0" ?>
<!DOCTYPE PubmedArticleSet PUBLIC "-//NLM//DTD PubMedArticle, 1st January 2019//EN" "https://dtd.nlm.nih.gov/ncbi/pubmed/out/pubmed_190101.dtd">
<PubmedArticleSet>
<PubmedArticle>
    <MedlineCitation Status="MEDLINE" Owner="NLM">
        <PMID Version="1">15761122</PMID>
        <DateCompleted>
            <Year>2005</Year>
            <Month>04</Month>
            <Day>28</Day>
        </DateCompleted>
        <DateRevised>
            <Year>2019</Year>
            <Month>10</Month>
            <Day>03</Day>
        </DateRevised>
        <Article PubModel="Print-Electronic">
            <Journal>
                <ISSN IssnType="Electronic">1095-9203</ISSN>
                <JournalIssue CitedMedium="Internet">
                    <Volume>308</Volume>
                    <Issue>5720</Issue>
                    <PubDate>
                        <Year>2005</Year>
                        <Month>Apr</Month>
                        <Day>15</Day>
                    </PubDate>
                </JournalIssue>
                <Title>Science (New York, N.Y.)</Title>
                <ISOAbbreviation>Science</ISOAbbreviation>
            </Journal>
            <ArticleTitle>Complement factor H polymorphism in age-related macular degeneration.</ArticleTitle>
            <Pagination>
                <MedlinePgn>385-9</MedlinePgn>
            </Pagination>
            <Abstract>
                <AbstractText>Age-related macular degeneration (AMD) is a major cause of blindness in the elderly. We report a genome-wide screen of 96 cases and 50 controls for polymorphisms associated with AMD. Among 116,204 single-nucleotide polymorphisms genotyped, an intronic and common variant in the complement factor H gene (CFH) is strongly associated with AMD (nominal P value &lt;10(-7)). In individuals homozygous for the risk allele, the likelihood of AMD is increased by a factor of 7.4 (95% confidence interval 2.9 to 19). Resequencing revealed a polymorphism in linkage disequilibrium with the risk allele representing a tyrosine-histidine change at amino acid 402. This polymorphism is in a region of CFH that binds heparin and C-reactive protein. The CFH gene is located on chromosome 1 in a region repeatedly linked to AMD in family-based studies.</AbstractText>
            </Abstract>
            <AuthorList CompleteYN="Y">
                <Author ValidYN="Y">
                    <LastName>Klein</LastName>
                    <ForeName>Robert J</ForeName>
                    <Initials>RJ</Initials>
                    <AffiliationInfo>
                        <Affiliation>Laboratory of Statistical Genetics, Rockefeller University, 1230 York Avenue, New York, NY 10021, USA.</Affiliation>
                    </AffiliationInfo>
                </Author>
                <Author ValidYN="Y">
                    <LastName>Zeiss</LastName>
                    <ForeName>Caroline</ForeName>
                    <Initials>C</Initials>
                </Author>
                <Author ValidYN="Y">
                    <LastName>Chew</LastName>
                    <ForeName>Emily Y</ForeName>
                    <Initials>EY</Initials>
                </Author>
                <Author ValidYN="Y">
                    <LastName>Tsai</LastName>
                    <ForeName>Jen-Yue</ForeName>
                    <Initials>JY</Initials>
                </Author>
                <Author ValidYN="Y">
                    <LastName>Sackler</LastName>
                    <ForeName>Richard S</ForeName>
                    <Initials>RS</Initials>
                </Author>
                <Author ValidYN="Y">
                    <LastName>Haynes</LastName>
                    <ForeName>Chad</ForeName>
                    <Initials>C</Initials>
                </Author>
                <Author ValidYN="Y">
                    <LastName>Henning</LastName>
                    <ForeName>Alice K</ForeName>
                    <Initials>AK</Initials>
                </Author>
                <Author ValidYN="Y">
                    <LastName>SanGiovanni</LastName>
                    <ForeName>John Paul</ForeName>
                    <Initials>JP</Initials>
                </Author>
                <Author ValidYN="Y">
                    <LastName>Mane</LastName>
                    <ForeName>Shrikant M</ForeName>
                    <Initials>SM</Initials>
                </Author>
                <Author ValidYN="Y">
                    <LastName>Mayne</LastName>
                    <ForeName>Susan T</ForeName>
                    <Initials>ST</Initials>
                </Author>
                <Author ValidYN="Y">
                    <LastName>Bracken</LastName>
                    <ForeName>Michael B</ForeName>
                    <Initials>MB</Initials>
                </Author>
                <Author ValidYN="Y">
                    <LastName>Ferris</LastName>
                    <ForeName>Frederick L</ForeName>
                    <Initials>FL</Initials>
                </Author>
                <Author ValidYN="Y">
                    <LastName>Ott</LastName>
                    <ForeName>Jurg</ForeName>
                    <Initials>J</Initials>
                </Author>
                <Author ValidYN="Y">
                    <LastName>Barnstable</LastName>
                    <ForeName>Colin</ForeName>
                    <Initials>C</Initials>
                </Author>
                <Author ValidYN="Y">
                    <LastName>Hoh</LastName>
                    <ForeName>Josephine</ForeName>
                    <Initials>J</Initials>
                </Author>
            </AuthorList>
            <Language>eng</Language>
            <GrantList CompleteYN="Y">
                <Grant>
                    <GrantID>K25HG000060</GrantID>
                    <Acronym>HG</Acronym>
                    <Agency>NHGRI NIH HHS</Agency>
                    <Country>United States</Country>
                </Grant>
                <Grant>
                    <GrantID>Z99 EY999999</GrantID>
                    <Agency>Intramural NIH HHS</Agency>
                    <Country>United States</Country>
                </Grant>
                <Grant>
                    <GrantID>R01MH44292</GrantID>
                    <Acronym>MH</Acronym>
                    <Agency>NIMH NIH HHS</Agency>
                    <Country>United States</Country>
                </Grant>
                <Grant>
                    <GrantID>K01RR16090</GrantID>
                    <Acronym>RR</Acronym>
                    <Agency>NCRR NIH HHS</Agency>
                    <Country>United States</Country>
                </Grant>
                <Grant>
                    <GrantID>R01EY015771</GrantID>
                    <Acronym>EY</Acronym>
                    <Agency>NEI NIH HHS</Agency>
                    <Country>United States</Country>
                </Grant>
                <Grant>
                    <GrantID>ZIA EY000489-01</GrantID>
                    <Agency>Intramural NIH HHS</Agency>
                    <Country>United States</Country>
                </Grant>
            </GrantList>
            <PublicationTypeList>
                <PublicationType UI="D016428">Journal Article</PublicationType>
                <PublicationType UI="D013485">Research Support, Non-U.S. Gov't</PublicationType>
                <PublicationType UI="D013487">Research Support, U.S. Gov't, P.H.S.</PublicationType>
            </PublicationTypeList>
            <ArticleDate DateType="Electronic">
                <Year>2005</Year>
                <Month>03</Month>
                <Day>10</Day>
            </ArticleDate>
        </Article>
        <MedlineJournalInfo>
            <Country>United States</Country>
            <MedlineTA>Science</MedlineTA>
            <NlmUniqueID>0404511</NlmUniqueID>
            <ISSNLinking>0036-8075</ISSNLinking>
        </MedlineJournalInfo>
        <ChemicalList>
            <Chemical>
                <RegistryNumber>0</RegistryNumber>
                <NameOfSubstance UI="D015938">Complement Membrane Attack Complex</NameOfSubstance>
            </Chemical>
            <Chemical>
                <RegistryNumber>0</RegistryNumber>
                <NameOfSubstance UI="D005819">Genetic Markers</NameOfSubstance>
            </Chemical>
            <Chemical>
                <RegistryNumber>0</RegistryNumber>
                <NameOfSubstance UI="C493495">complement factor H, human</NameOfSubstance>
            </Chemical>
            <Chemical>
                <RegistryNumber>4QD397987E</RegistryNumber>
                <NameOfSubstance UI="D006639">Histidine</NameOfSubstance>
            </Chemical>
            <Chemical>
                <RegistryNumber>80295-65-4</RegistryNumber>
                <NameOfSubstance UI="D017242">Complement Factor H</NameOfSubstance>
            </Chemical>
        </ChemicalList>
        <CitationSubset>IM</CitationSubset>
        <CommentsCorrectionsList>
            <CommentsCorrections RefType="CommentIn">
                <RefSource>Science. 2005 Apr 15;308(5720):362-4</RefSource>
                <PMID Version="1">15769856</PMID>
            </CommentsCorrections>
        </CommentsCorrectionsList>
        <MeshHeadingList>
            <MeshHeading>
                <DescriptorName UI="D000368" MajorTopicYN="N">Aged</DescriptorName>
            </MeshHeading>
            <MeshHeading>
                <DescriptorName UI="D000369" MajorTopicYN="N">Aged, 80 and over</DescriptorName>
            </MeshHeading>
            <MeshHeading>
                <DescriptorName UI="D000375" MajorTopicYN="N">Aging</DescriptorName>
            </MeshHeading>
            <MeshHeading>
                <DescriptorName UI="D000483" MajorTopicYN="N">Alleles</DescriptorName>
            </MeshHeading>
            <MeshHeading>
                <DescriptorName UI="D019943" MajorTopicYN="N">Amino Acid Substitution</DescriptorName>
            </MeshHeading>
            <MeshHeading>
                <DescriptorName UI="D016022" MajorTopicYN="N">Case-Control Studies</DescriptorName>
            </MeshHeading>
            <MeshHeading>
                <DescriptorName UI="D002829" MajorTopicYN="N">Choroid</DescriptorName>
                <QualifierName UI="Q000276" MajorTopicYN="N">immunology</QualifierName>
            </MeshHeading>
            <MeshHeading>
                <DescriptorName UI="D002878" MajorTopicYN="N">Chromosomes, Human, Pair 1</DescriptorName>
                <QualifierName UI="Q000235" MajorTopicYN="N">genetics</QualifierName>
            </MeshHeading>
            <MeshHeading>
                <DescriptorName UI="D017242" MajorTopicYN="N">Complement Factor H</DescriptorName>
                <QualifierName UI="Q000737" MajorTopicYN="N">chemistry</QualifierName>
                <QualifierName UI="Q000235" MajorTopicYN="Y">genetics</QualifierName>
                <QualifierName UI="Q000502" MajorTopicYN="N">physiology</QualifierName>
            </MeshHeading>
            <MeshHeading>
                <DescriptorName UI="D015938" MajorTopicYN="N">Complement Membrane Attack Complex</DescriptorName>
                <QualifierName UI="Q000032" MajorTopicYN="N">analysis</QualifierName>
            </MeshHeading>
            <MeshHeading>
                <DescriptorName UI="D005091" MajorTopicYN="N">Exons</DescriptorName>
            </MeshHeading>
            <MeshHeading>
                <DescriptorName UI="D005260" MajorTopicYN="N">Female</DescriptorName>
            </MeshHeading>
            <MeshHeading>
                <DescriptorName UI="D005819" MajorTopicYN="N">Genetic Markers</DescriptorName>
            </MeshHeading>
            <MeshHeading>
                <DescriptorName UI="D020022" MajorTopicYN="N">Genetic Predisposition to Disease</DescriptorName>
            </MeshHeading>
            <MeshHeading>
                <DescriptorName UI="D005838" MajorTopicYN="N">Genotype</DescriptorName>
            </MeshHeading>
            <MeshHeading>
                <DescriptorName UI="D006239" MajorTopicYN="N">Haplotypes</DescriptorName>
            </MeshHeading>
            <MeshHeading>
                <DescriptorName UI="D006639" MajorTopicYN="N">Histidine</DescriptorName>
                <QualifierName UI="Q000235" MajorTopicYN="N">genetics</QualifierName>
            </MeshHeading>
            <MeshHeading>
                <DescriptorName UI="D006801" MajorTopicYN="N">Humans</DescriptorName>
            </MeshHeading>
            <MeshHeading>
                <DescriptorName UI="D007113" MajorTopicYN="N">Immunity, Innate</DescriptorName>
            </MeshHeading>
            <MeshHeading>
                <DescriptorName UI="D007438" MajorTopicYN="N">Introns</DescriptorName>
            </MeshHeading>
            <MeshHeading>
                <DescriptorName UI="D015810" MajorTopicYN="N">Linkage Disequilibrium</DescriptorName>
            </MeshHeading>
            <MeshHeading>
                <DescriptorName UI="D008268" MajorTopicYN="N">Macular Degeneration</DescriptorName>
                <QualifierName UI="Q000235" MajorTopicYN="Y">genetics</QualifierName>
            </MeshHeading>
            <MeshHeading>
                <DescriptorName UI="D008297" MajorTopicYN="N">Male</DescriptorName>
            </MeshHeading>
            <MeshHeading>
                <DescriptorName UI="D020411" MajorTopicYN="N">Oligonucleotide Array Sequence Analysis</DescriptorName>
            </MeshHeading>
            <MeshHeading>
                <DescriptorName UI="D010857" MajorTopicYN="N">Pigment Epithelium of Eye</DescriptorName>
                <QualifierName UI="Q000276" MajorTopicYN="N">immunology</QualifierName>
            </MeshHeading>
            <MeshHeading>
                <DescriptorName UI="D011110" MajorTopicYN="N">Polymorphism, Genetic</DescriptorName>
            </MeshHeading>
            <MeshHeading>
                <DescriptorName UI="D020641" MajorTopicYN="Y">Polymorphism, Single Nucleotide</DescriptorName>
            </MeshHeading>
            <MeshHeading>
                <DescriptorName UI="D012307" MajorTopicYN="N">Risk Factors</DescriptorName>
            </MeshHeading>
            <MeshHeading>
                <DescriptorName UI="D012907" MajorTopicYN="N">Smoking</DescriptorName>
            </MeshHeading>
        </MeshHeadingList>
    </MedlineCitation>
    <PubmedData>
        <History>
            <PubMedPubDate PubStatus="pubmed">
                <Year>2005</Year>
                <Month>3</Month>
                <Day>12</Day>
                <Hour>9</Hour>
                <Minute>0</Minute>
            </PubMedPubDate>
            <PubMedPubDate PubStatus="medline">
                <Year>2005</Year>
                <Month>4</Month>
                <Day>29</Day>
                <Hour>9</Hour>
                <Minute>0</Minute>
            </PubMedPubDate>
            <PubMedPubDate PubStatus="entrez">
                <Year>2005</Year>
                <Month>3</Month>
                <Day>12</Day>
                <Hour>9</Hour>
                <Minute>0</Minute>
            </PubMedPubDate>
        </History>
        <PublicationStatus>ppublish</PublicationStatus>
        <ArticleIdList>
            <ArticleId IdType="pubmed">15761122</ArticleId>
            <ArticleId IdType="pii">1109557</ArticleId>
            <ArticleId IdType="doi">10.1126/science.1109557</ArticleId>
            <ArticleId IdType="pmc">PMC1512523</ArticleId>
            <ArticleId IdType="mid">NIHMS10068</ArticleId>
        </ArticleIdList>
        <ReferenceList>
            <Reference>
                <Citation>Mol Vis. 2002 Jun 15;8:205-20</Citation>
                <ArticleIdList>
                    <ArticleId IdType="pubmed">12107410</ArticleId>
                </ArticleIdList>
            </Reference>
            <Reference>
                <Citation>Nat Genet. 2002 Dec;32(4):650-4</Citation>
                <ArticleIdList>
                    <ArticleId IdType="pubmed">12426569</ArticleId>
                </ArticleIdList>
            </Reference>
            <Reference>
                <Citation>Nat Genet. 2003 Mar;33 Suppl:228-37</Citation>
                <ArticleIdList>
                    <ArticleId IdType="pubmed">12610532</ArticleId>
                </ArticleIdList>
            </Reference>
            <Reference>
                <Citation>Am J Hum Genet. 2003 Sep;73(3):540-50</Citation>
                <ArticleIdList>
                    <ArticleId IdType="pubmed">12900797</ArticleId>
                </ArticleIdList>
            </Reference>
            <Reference>
                <Citation>Am J Hum Genet. 2003 Oct;73(4):780-90</Citation>
                <ArticleIdList>
                    <ArticleId IdType="pubmed">12945014</ArticleId>
                </ArticleIdList>
            </Reference>
            <Reference>
                <Citation>Arch Biochem Biophys. 2003 Oct 15;418(2):108-18</Citation>
                <ArticleIdList>
                    <ArticleId IdType="pubmed">14522582</ArticleId>
                </ArticleIdList>
            </Reference>
            <Reference>
                <Citation>Nat Med. 2003 Nov;9(11):1390-7</Citation>
                <ArticleIdList>
                    <ArticleId IdType="pubmed">14566334</ArticleId>
                </ArticleIdList>
            </Reference>
            <Reference>
                <Citation>Hum Mol Genet. 2003 Dec 15;12(24):3315-23</Citation>
                <ArticleIdList>
                    <ArticleId IdType="pubmed">14570714</ArticleId>
                </ArticleIdList>
            </Reference>
            <Reference>
                <Citation>Nature. 2003 Dec 18;426(6968):789-96</Citation>
                <ArticleIdList>
                    <ArticleId IdType="pubmed">14685227</ArticleId>
                </ArticleIdList>
            </Reference>
            <Reference>
                <Citation>Am J Hum Genet. 2004 Jan;74(1):20-39</Citation>
                <ArticleIdList>
                    <ArticleId IdType="pubmed">14691731</ArticleId>
                </ArticleIdList>
            </Reference>
            <Reference>
                <Citation>JAMA. 2004 Feb 11;291(6):704-10</Citation>
                <ArticleIdList>
                    <ArticleId IdType="pubmed">14871913</ArticleId>
                </ArticleIdList>
            </Reference>
            <Reference>
                <Citation>Am J Hum Genet. 2004 Mar;74(3):482-94</Citation>
                <ArticleIdList>
                    <ArticleId IdType="pubmed">14968411</ArticleId>
                </ArticleIdList>
            </Reference>
            <Reference>
                <Citation>Arch Ophthalmol. 2004 Apr;122(4):564-72</Citation>
                <ArticleIdList>
                    <ArticleId IdType="pubmed">15078675</ArticleId>
                </ArticleIdList>
            </Reference>
            <Reference>
                <Citation>Prog Retin Eye Res. 2004 Mar;23(2):229-49</Citation>
                <ArticleIdList>
                    <ArticleId IdType="pubmed">15094132</ArticleId>
                </ArticleIdList>
            </Reference>
            <Reference>
                <Citation>Mol Immunol. 2004 Jun;41(4):355-67</Citation>
                <ArticleIdList>
                    <ArticleId IdType="pubmed">15163532</ArticleId>
                </ArticleIdList>
            </Reference>
            <Reference>
                <Citation>Immunogenetics. 2004 May;56(2):77-82</Citation>
                <ArticleIdList>
                    <ArticleId IdType="pubmed">15118848</ArticleId>
                </ArticleIdList>
            </Reference>
            <Reference>
                <Citation>Am J Hum Genet. 2004 Aug;75(2):174-89</Citation>
                <ArticleIdList>
                    <ArticleId IdType="pubmed">15168325</ArticleId>
                </ArticleIdList>
            </Reference>
            <Reference>
                <Citation>Ophthalmic Genet. 2004 Jun;25(2):111-9</Citation>
                <ArticleIdList>
                    <ArticleId IdType="pubmed">15370542</ArticleId>
                </ArticleIdList>
            </Reference>
            <Reference>
                <Citation>Mol Vis. 2004 Sep 24;10:682-7</Citation>
                <ArticleIdList>
                    <ArticleId IdType="pubmed">15467524</ArticleId>
                </ArticleIdList>
            </Reference>
            <Reference>
                <Citation>Nat Genet. 2004 Nov;36(11):1129-30; author reply 1131</Citation>
                <ArticleIdList>
                    <ArticleId IdType="pubmed">15514657</ArticleId>
                </ArticleIdList>
            </Reference>
            <Reference>
                <Citation>Genetics. 1987 Oct;117(2):343-51</Citation>
                <ArticleIdList>
                    <ArticleId IdType="pubmed">2822535</ArticleId>
                </ArticleIdList>
            </Reference>
            <Reference>
                <Citation>Science. 1996 Sep 13;273(5281):1516-7</Citation>
                <ArticleIdList>
                    <ArticleId IdType="pubmed">8801636</ArticleId>
                </ArticleIdList>
            </Reference>
            <Reference>
                <Citation>FASEB J. 2000 May;14(7):835-46</Citation>
                <ArticleIdList>
                    <ArticleId IdType="pubmed">10783137</ArticleId>
                </ArticleIdList>
            </Reference>
            <Reference>
                <Citation>Genet Epidemiol. 2000 Jul;19(1):18-29</Citation>
                <ArticleIdList>
                    <ArticleId IdType="pubmed">10861894</ArticleId>
                </ArticleIdList>
            </Reference>
            <Reference>
                <Citation>Ophthalmology. 2000 Dec;107(12):2224-32</Citation>
                <ArticleIdList>
                    <ArticleId IdType="pubmed">11097601</ArticleId>
                </ArticleIdList>
            </Reference>
            <Reference>
                <Citation>Eye (Lond). 2001 Jun;15(Pt 3):390-5</Citation>
                <ArticleIdList>
                    <ArticleId IdType="pubmed">11450763</ArticleId>
                </ArticleIdList>
            </Reference>
            <Reference>
                <Citation>Prog Retin Eye Res. 2001 Nov;20(6):705-32</Citation>
                <ArticleIdList>
                    <ArticleId IdType="pubmed">11587915</ArticleId>
                </ArticleIdList>
            </Reference>
            <Reference>
                <Citation>Arch Ophthalmol. 2001 Oct;119(10):1417-36</Citation>
                <ArticleIdList>
                    <ArticleId IdType="pubmed">11594942</ArticleId>
                </ArticleIdList>
            </Reference>
            <Reference>
                <Citation>Exp Eye Res. 2001 Dec;73(6):887-96</Citation>
                <ArticleIdList>
                    <ArticleId IdType="pubmed">11846519</ArticleId>
                </ArticleIdList>
            </Reference>
            <Reference>
                <Citation>Science. 2002 Jun 21;296(5576):2225-9</Citation>
                <ArticleIdList>
                    <ArticleId IdType="pubmed">12029063</ArticleId>
                </ArticleIdList>
            </Reference>
        </ReferenceList>
    </PubmedData>
</PubmedArticle>

</PubmedArticleSet>