<?xml version="1.0" ?>
<!DOCTYPE PubmedArticleSet PUBLIC "-//NLM//DTD PubMedArticle, 1st January 2019//EN" "https://dtd.nlm.nih.gov/ncbi/pubmed/out/pubmed_190101.dtd">
<PubmedArticleSet>
<PubmedArticle>
    <MedlineCitation Status="MEDLINE" Owner="NLM">
        <PMID Version="1">15761121</PMID>
        <DateCompleted>
            <Year>2005</Year>
            <Month>04</Month>
            <Day>28</Day>
        </DateCompleted>
        <DateRevised>
            <Year>2013</Year>
            <Month>11</Month>
            <Day>21</Day>
        </DateRevised>
        <Article PubModel="Print-Electronic">
            <Journal>
                <ISSN IssnType="Electronic">1095-9203</ISSN>
                <JournalIssue CitedMedium="Internet">
                    <Volume>308</Volume>
                    <Issue>5720</Issue>
                    <PubDate>
                        <Year>2005</Year>
                        <Month>Apr</Month>
                        <Day>15</Day>
                    </PubDate>
                </JournalIssue>
                <Title>Science (New York, N.Y.)</Title>
                <ISOAbbreviation>Science</ISOAbbreviation>
            </Journal>
            <ArticleTitle>Complement factor H polymorphism and age-related macular degeneration.</ArticleTitle>
            <Pagination>
                <MedlinePgn>421-4</MedlinePgn>
            </Pagination>
            <Abstract>
                <AbstractText>Age-related macular degeneration (AMD) is a common, late-onset, and complex trait with multiple risk factors. Concentrating on a region harboring a locus for AMD on 1q25-31, the ARMD1 locus, we tested single-nucleotide polymorphisms for association with AMD in two independent case-control populations. Significant association (P = 4.95 x 10(-10)) was identified within the regulation of complement activation locus and was centered over a tyrosine-402 --&gt; histidine-402 protein polymorphism in the gene encoding complement factor H. Possession of at least one histidine at amino acid position 402 increased the risk of AMD 2.7-fold and may account for 50% of the attributable risk of AMD.</AbstractText>
            </Abstract>
            <AuthorList CompleteYN="Y">
                <Author ValidYN="Y">
                    <LastName>Edwards</LastName>
                    <ForeName>Albert O</ForeName>
                    <Initials>AO</Initials>
                    <AffiliationInfo>
                        <Affiliation>Department of Ophthalmology and McDermott Center for Human Growth and Development, University of Texas Southwestern Medical Center (UTSWMC), 5323 Harry Hines Boulevard, Dallas, TX 75390, USA. albert-edwards@swbell.net</Affiliation>
                    </AffiliationInfo>
                </Author>
                <Author ValidYN="Y">
                    <LastName>Ritter</LastName>
                    <ForeName>Robert</ForeName>
                    <Initials>R</Initials>
                    <Suffix>3rd</Suffix>
                </Author>
                <Author ValidYN="Y">
                    <LastName>Abel</LastName>
                    <ForeName>Kenneth J</ForeName>
                    <Initials>KJ</Initials>
                </Author>
                <Author ValidYN="Y">
                    <LastName>Manning</LastName>
                    <ForeName>Alisa</ForeName>
                    <Initials>A</Initials>
                </Author>
                <Author ValidYN="Y">
                    <LastName>Panhuysen</LastName>
                    <ForeName>Carolien</ForeName>
                    <Initials>C</Initials>
                </Author>
                <Author ValidYN="Y">
                    <LastName>Farrer</LastName>
                    <ForeName>Lindsay A</ForeName>
                    <Initials>LA</Initials>
                </Author>
            </AuthorList>
            <Language>eng</Language>
            <GrantList CompleteYN="Y">
                <Grant>
                    <GrantID>EY014467</GrantID>
                    <Acronym>EY</Acronym>
                    <Agency>NEI NIH HHS</Agency>
                    <Country>United States</Country>
                </Grant>
            </GrantList>
            <PublicationTypeList>
                <PublicationType UI="D016428">Journal Article</PublicationType>
                <PublicationType UI="D013485">Research Support, Non-U.S. Gov't</PublicationType>
                <PublicationType UI="D013487">Research Support, U.S. Gov't, P.H.S.</PublicationType>
            </PublicationTypeList>
            <ArticleDate DateType="Electronic">
                <Year>2005</Year>
                <Month>03</Month>
                <Day>10</Day>
            </ArticleDate>
        </Article>
        <MedlineJournalInfo>
            <Country>United States</Country>
            <MedlineTA>Science</MedlineTA>
            <NlmUniqueID>0404511</NlmUniqueID>
            <ISSNLinking>0036-8075</ISSNLinking>
        </MedlineJournalInfo>
        <ChemicalList>
            <Chemical>
                <RegistryNumber>0</RegistryNumber>
                <NameOfSubstance UI="C493495">complement factor H, human</NameOfSubstance>
            </Chemical>
            <Chemical>
                <RegistryNumber>42HK56048U</RegistryNumber>
                <NameOfSubstance UI="D014443">Tyrosine</NameOfSubstance>
            </Chemical>
            <Chemical>
                <RegistryNumber>4QD397987E</RegistryNumber>
                <NameOfSubstance UI="D006639">Histidine</NameOfSubstance>
            </Chemical>
            <Chemical>
                <RegistryNumber>80295-65-4</RegistryNumber>
                <NameOfSubstance UI="D017242">Complement Factor H</NameOfSubstance>
            </Chemical>
        </ChemicalList>
        <CitationSubset>IM</CitationSubset>
        <CommentsCorrectionsList>
            <CommentsCorrections RefType="CommentIn">
                <RefSource>Science. 2005 Apr 15;308(5720):362-4</RefSource>
                <PMID Version="1">15769856</PMID>
            </CommentsCorrections>
        </CommentsCorrectionsList>
        <MeshHeadingList>
            <MeshHeading>
                <DescriptorName UI="D000368" MajorTopicYN="N">Aged</DescriptorName>
            </MeshHeading>
            <MeshHeading>
                <DescriptorName UI="D000483" MajorTopicYN="N">Alleles</DescriptorName>
            </MeshHeading>
            <MeshHeading>
                <DescriptorName UI="D019943" MajorTopicYN="N">Amino Acid Substitution</DescriptorName>
            </MeshHeading>
            <MeshHeading>
                <DescriptorName UI="D016022" MajorTopicYN="N">Case-Control Studies</DescriptorName>
            </MeshHeading>
            <MeshHeading>
                <DescriptorName UI="D002878" MajorTopicYN="N">Chromosomes, Human, Pair 1</DescriptorName>
                <QualifierName UI="Q000235" MajorTopicYN="N">genetics</QualifierName>
            </MeshHeading>
            <MeshHeading>
                <DescriptorName UI="D003167" MajorTopicYN="N">Complement Activation</DescriptorName>
                <QualifierName UI="Q000235" MajorTopicYN="N">genetics</QualifierName>
            </MeshHeading>
            <MeshHeading>
                <DescriptorName UI="D017242" MajorTopicYN="N">Complement Factor H</DescriptorName>
                <QualifierName UI="Q000235" MajorTopicYN="Y">genetics</QualifierName>
                <QualifierName UI="Q000502" MajorTopicYN="N">physiology</QualifierName>
            </MeshHeading>
            <MeshHeading>
                <DescriptorName UI="D005260" MajorTopicYN="N">Female</DescriptorName>
            </MeshHeading>
            <MeshHeading>
                <DescriptorName UI="D005787" MajorTopicYN="N">Gene Frequency</DescriptorName>
            </MeshHeading>
            <MeshHeading>
                <DescriptorName UI="D020022" MajorTopicYN="N">Genetic Predisposition to Disease</DescriptorName>
            </MeshHeading>
            <MeshHeading>
                <DescriptorName UI="D014644" MajorTopicYN="N">Genetic Variation</DescriptorName>
            </MeshHeading>
            <MeshHeading>
                <DescriptorName UI="D005838" MajorTopicYN="N">Genotype</DescriptorName>
            </MeshHeading>
            <MeshHeading>
                <DescriptorName UI="D006239" MajorTopicYN="N">Haplotypes</DescriptorName>
            </MeshHeading>
            <MeshHeading>
                <DescriptorName UI="D006639" MajorTopicYN="N">Histidine</DescriptorName>
            </MeshHeading>
            <MeshHeading>
                <DescriptorName UI="D006720" MajorTopicYN="N">Homozygote</DescriptorName>
            </MeshHeading>
            <MeshHeading>
                <DescriptorName UI="D006801" MajorTopicYN="N">Humans</DescriptorName>
            </MeshHeading>
            <MeshHeading>
                <DescriptorName UI="D015810" MajorTopicYN="N">Linkage Disequilibrium</DescriptorName>
            </MeshHeading>
            <MeshHeading>
                <DescriptorName UI="D008268" MajorTopicYN="N">Macular Degeneration</DescriptorName>
                <QualifierName UI="Q000209" MajorTopicYN="N">etiology</QualifierName>
                <QualifierName UI="Q000235" MajorTopicYN="Y">genetics</QualifierName>
            </MeshHeading>
            <MeshHeading>
                <DescriptorName UI="D008297" MajorTopicYN="N">Male</DescriptorName>
            </MeshHeading>
            <MeshHeading>
                <DescriptorName UI="D008875" MajorTopicYN="N">Middle Aged</DescriptorName>
            </MeshHeading>
            <MeshHeading>
                <DescriptorName UI="D005810" MajorTopicYN="N">Multigene Family</DescriptorName>
            </MeshHeading>
            <MeshHeading>
                <DescriptorName UI="D020641" MajorTopicYN="Y">Polymorphism, Single Nucleotide</DescriptorName>
            </MeshHeading>
            <MeshHeading>
                <DescriptorName UI="D012307" MajorTopicYN="N">Risk Factors</DescriptorName>
            </MeshHeading>
            <MeshHeading>
                <DescriptorName UI="D014443" MajorTopicYN="N">Tyrosine</DescriptorName>
            </MeshHeading>
        </MeshHeadingList>
    </MedlineCitation>
    <PubmedData>
        <History>
            <PubMedPubDate PubStatus="pubmed">
                <Year>2005</Year>
                <Month>3</Month>
                <Day>12</Day>
                <Hour>9</Hour>
                <Minute>0</Minute>
            </PubMedPubDate>
            <PubMedPubDate PubStatus="medline">
                <Year>2005</Year>
                <Month>4</Month>
                <Day>29</Day>
                <Hour>9</Hour>
                <Minute>0</Minute>
            </PubMedPubDate>
            <PubMedPubDate PubStatus="entrez">
                <Year>2005</Year>
                <Month>3</Month>
                <Day>12</Day>
                <Hour>9</Hour>
                <Minute>0</Minute>
            </PubMedPubDate>
        </History>
        <PublicationStatus>ppublish</PublicationStatus>
        <ArticleIdList>
            <ArticleId IdType="pubmed">15761121</ArticleId>
            <ArticleId IdType="pii">1110189</ArticleId>
            <ArticleId IdType="doi">10.1126/science.1110189</ArticleId>
        </ArticleIdList>
    </PubmedData>
</PubmedArticle>

</PubmedArticleSet>