<?xml version="1.0" ?>
<!DOCTYPE PubmedArticleSet PUBLIC "-//NLM//DTD PubMedArticle, 1st January 2019//EN" "https://dtd.nlm.nih.gov/ncbi/pubmed/out/pubmed_190101.dtd">
<PubmedArticleSet>
<PubmedArticle>
    <MedlineCitation Status="MEDLINE" Owner="NLM">
        <PMID Version="1">15895326</PMID>
        <DateCompleted>
            <Year>2005</Year>
            <Month>08</Month>
            <Day>29</Day>
        </DateCompleted>
        <DateRevised>
            <Year>2020</Year>
            <Month>08</Month>
            <Day>24</Day>
        </DateRevised>
        <Article PubModel="Print-Electronic">
            <Journal>
                <ISSN IssnType="Print">0002-9297</ISSN>
                <JournalIssue CitedMedium="Print">
                    <Volume>77</Volume>
                    <Issue>1</Issue>
                    <PubDate>
                        <Year>2005</Year>
                        <Month>Jul</Month>
                    </PubDate>
                </JournalIssue>
                <Title>American journal of human genetics</Title>
                <ISOAbbreviation>Am J Hum Genet</ISOAbbreviation>
            </Journal>
            <ArticleTitle>Strong association of the Y402H variant in complement factor H at 1q32 with susceptibility to age-related macular degeneration.</ArticleTitle>
            <Pagination>
                <MedlinePgn>149-53</MedlinePgn>
            </Pagination>
            <Abstract>
                <AbstractText>Using a large sample of cases and controls from a single center, we show that a T--&gt;C substitution in exon 9 (Y402H) of the complement factor H gene is strongly associated with susceptibility to age-related macular degeneration, the most common cause of blindness in the elderly. Frequency of the C allele was 0.61 in cases, versus 0.34 in age-matched controls (P&lt;1x10(-24)). Genotype frequencies also differ markedly between cases and controls (chi2=112.68 [2 degrees of freedom]; P&lt;1x10(-24)). A multiplicative model fits the data well, and we estimate the population frequency of the high-risk C allele to be 0.39 (95% confidence interval 0.36-0.42) and the genotype relative risk to be 2.44 (95% confidence interval 2.08-2.83) for TC heterozygotes and 5.93 (95% confidence interval 4.33-8.02) for CC homozygotes.</AbstractText>
            </Abstract>
            <AuthorList CompleteYN="Y">
                <Author ValidYN="Y">
                    <LastName>Zareparsi</LastName>
                    <ForeName>Sepideh</ForeName>
                    <Initials>S</Initials>
                    <AffiliationInfo>
                        <Affiliation>Department of Ophthalmology and Visual Sciences, University of Michigan, Ann Arbor, MI, USA.</Affiliation>
                    </AffiliationInfo>
                </Author>
                <Author ValidYN="Y">
                    <LastName>Branham</LastName>
                    <ForeName>Kari E H</ForeName>
                    <Initials>KE</Initials>
                </Author>
                <Author ValidYN="Y">
                    <LastName>Li</LastName>
                    <ForeName>Mingyao</ForeName>
                    <Initials>M</Initials>
                </Author>
                <Author ValidYN="Y">
                    <LastName>Shah</LastName>
                    <ForeName>Sapna</ForeName>
                    <Initials>S</Initials>
                </Author>
                <Author ValidYN="Y">
                    <LastName>Klein</LastName>
                    <ForeName>Robert J</ForeName>
                    <Initials>RJ</Initials>
                </Author>
                <Author ValidYN="Y">
                    <LastName>Ott</LastName>
                    <ForeName>Jurg</ForeName>
                    <Initials>J</Initials>
                </Author>
                <Author ValidYN="Y">
                    <LastName>Hoh</LastName>
                    <ForeName>Josephine</ForeName>
                    <Initials>J</Initials>
                </Author>
                <Author ValidYN="Y">
                    <LastName>Abecasis</LastName>
                    <ForeName>Gonçalo R</ForeName>
                    <Initials>GR</Initials>
                </Author>
                <Author ValidYN="Y">
                    <LastName>Swaroop</LastName>
                    <ForeName>Anand</ForeName>
                    <Initials>A</Initials>
                </Author>
            </AuthorList>
            <Language>eng</Language>
            <GrantList CompleteYN="Y">
                <Grant>
                    <GrantID>F32 EY014085</GrantID>
                    <Acronym>EY</Acronym>
                    <Agency>NEI NIH HHS</Agency>
                    <Country>United States</Country>
                </Grant>
                <Grant>
                    <GrantID>R01 EY015771</GrantID>
                    <Acronym>EY</Acronym>
                    <Agency>NEI NIH HHS</Agency>
                    <Country>United States</Country>
                </Grant>
                <Grant>
                    <GrantID>K25 HG000060</GrantID>
                    <Acronym>HG</Acronym>
                    <Agency>NHGRI NIH HHS</Agency>
                    <Country>United States</Country>
                </Grant>
                <Grant>
                    <GrantID>R01-EY15771</GrantID>
                    <Acronym>EY</Acronym>
                    <Agency>NEI NIH HHS</Agency>
                    <Country>United States</Country>
                </Grant>
                <Grant>
                    <GrantID>F32-EY014085</GrantID>
                    <Acronym>EY</Acronym>
                    <Agency>NEI NIH HHS</Agency>
                    <Country>United States</Country>
                </Grant>
                <Grant>
                    <GrantID>K25-HG000060</GrantID>
                    <Acronym>HG</Acronym>
                    <Agency>NHGRI NIH HHS</Agency>
                    <Country>United States</Country>
                </Grant>
                <Grant>
                    <GrantID>P30 EY007003</GrantID>
                    <Acronym>EY</Acronym>
                    <Agency>NEI NIH HHS</Agency>
                    <Country>United States</Country>
                </Grant>
                <Grant>
                    <GrantID>P30-EY007003</GrantID>
                    <Acronym>EY</Acronym>
                    <Agency>NEI NIH HHS</Agency>
                    <Country>United States</Country>
                </Grant>
            </GrantList>
            <PublicationTypeList>
                <PublicationType UI="D016428">Journal Article</PublicationType>
                <PublicationType UI="D052061">Research Support, N.I.H., Extramural</PublicationType>
                <PublicationType UI="D013485">Research Support, Non-U.S. Gov't</PublicationType>
                <PublicationType UI="D013487">Research Support, U.S. Gov't, P.H.S.</PublicationType>
            </PublicationTypeList>
            <ArticleDate DateType="Electronic">
                <Year>2005</Year>
                <Month>05</Month>
                <Day>13</Day>
            </ArticleDate>
        </Article>
        <MedlineJournalInfo>
            <Country>United States</Country>
            <MedlineTA>Am J Hum Genet</MedlineTA>
            <NlmUniqueID>0370475</NlmUniqueID>
            <ISSNLinking>0002-9297</ISSNLinking>
        </MedlineJournalInfo>
        <ChemicalList>
            <Chemical>
                <RegistryNumber>0</RegistryNumber>
                <NameOfSubstance UI="C493495">complement factor H, human</NameOfSubstance>
            </Chemical>
            <Chemical>
                <RegistryNumber>80295-65-4</RegistryNumber>
                <NameOfSubstance UI="D017242">Complement Factor H</NameOfSubstance>
            </Chemical>
        </ChemicalList>
        <CitationSubset>IM</CitationSubset>
        <MeshHeadingList>
            <MeshHeading>
                <DescriptorName UI="D000368" MajorTopicYN="N">Aged</DescriptorName>
            </MeshHeading>
            <MeshHeading>
                <DescriptorName UI="D016022" MajorTopicYN="N">Case-Control Studies</DescriptorName>
            </MeshHeading>
            <MeshHeading>
                <DescriptorName UI="D002878" MajorTopicYN="N">Chromosomes, Human, Pair 1</DescriptorName>
            </MeshHeading>
            <MeshHeading>
                <DescriptorName UI="D017242" MajorTopicYN="N">Complement Factor H</DescriptorName>
                <QualifierName UI="Q000235" MajorTopicYN="Y">genetics</QualifierName>
            </MeshHeading>
            <MeshHeading>
                <DescriptorName UI="D005787" MajorTopicYN="N">Gene Frequency</DescriptorName>
            </MeshHeading>
            <MeshHeading>
                <DescriptorName UI="D020022" MajorTopicYN="Y">Genetic Predisposition to Disease</DescriptorName>
            </MeshHeading>
            <MeshHeading>
                <DescriptorName UI="D006801" MajorTopicYN="N">Humans</DescriptorName>
            </MeshHeading>
            <MeshHeading>
                <DescriptorName UI="D008268" MajorTopicYN="N">Macular Degeneration</DescriptorName>
                <QualifierName UI="Q000235" MajorTopicYN="Y">genetics</QualifierName>
            </MeshHeading>
            <MeshHeading>
                <DescriptorName UI="D008957" MajorTopicYN="N">Models, Genetic</DescriptorName>
            </MeshHeading>
            <MeshHeading>
                <DescriptorName UI="D011110" MajorTopicYN="Y">Polymorphism, Genetic</DescriptorName>
            </MeshHeading>
            <MeshHeading>
                <DescriptorName UI="D012306" MajorTopicYN="N">Risk</DescriptorName>
            </MeshHeading>
        </MeshHeadingList>
    </MedlineCitation>
    <PubmedData>
        <History>
            <PubMedPubDate PubStatus="received">
                <Year>2005</Year>
                <Month>03</Month>
                <Day>21</Day>
            </PubMedPubDate>
            <PubMedPubDate PubStatus="accepted">
                <Year>2005</Year>
                <Month>04</Month>
                <Day>27</Day>
            </PubMedPubDate>
            <PubMedPubDate PubStatus="pubmed">
                <Year>2005</Year>
                <Month>5</Month>
                <Day>17</Day>
                <Hour>9</Hour>
                <Minute>0</Minute>
            </PubMedPubDate>
            <PubMedPubDate PubStatus="medline">
                <Year>2005</Year>
                <Month>8</Month>
                <Day>30</Day>
                <Hour>9</Hour>
                <Minute>0</Minute>
            </PubMedPubDate>
            <PubMedPubDate PubStatus="entrez">
                <Year>2005</Year>
                <Month>5</Month>
                <Day>17</Day>
                <Hour>9</Hour>
                <Minute>0</Minute>
            </PubMedPubDate>
        </History>
        <PublicationStatus>ppublish</PublicationStatus>
        <ArticleIdList>
            <ArticleId IdType="pubmed">15895326</ArticleId>
            <ArticleId IdType="pii">S0002-9297(07)60911-2</ArticleId>
            <ArticleId IdType="doi">10.1086/431426</ArticleId>
            <ArticleId IdType="pmc">PMC1226187</ArticleId>
        </ArticleIdList>
        <ReferenceList>
            <Reference>
                <Citation>Am J Hum Genet. 1998 Jul;63(1):200-6</Citation>
                <ArticleIdList>
                    <ArticleId IdType="pubmed">9634502</ArticleId>
                </ArticleIdList>
            </Reference>
            <Reference>
                <Citation>Hum Mol Genet. 2005 Jun 1;14(11):1449-55</Citation>
                <ArticleIdList>
                    <ArticleId IdType="pubmed">15829498</ArticleId>
                </ArticleIdList>
            </Reference>
            <Reference>
                <Citation>Nat Genet. 1999 Jun;22(2):199-202</Citation>
                <ArticleIdList>
                    <ArticleId IdType="pubmed">10369267</ArticleId>
                </ArticleIdList>
            </Reference>
            <Reference>
                <Citation>FASEB J. 2000 May;14(7):835-46</Citation>
                <ArticleIdList>
                    <ArticleId IdType="pubmed">10783137</ArticleId>
                </ArticleIdList>
            </Reference>
            <Reference>
                <Citation>Hum Mol Genet. 2000 May 22;9(9):1329-49</Citation>
                <ArticleIdList>
                    <ArticleId IdType="pubmed">10814715</ArticleId>
                </ArticleIdList>
            </Reference>
            <Reference>
                <Citation>Ophthalmology. 2000 Dec;107(12):2224-32</Citation>
                <ArticleIdList>
                    <ArticleId IdType="pubmed">11097601</ArticleId>
                </ArticleIdList>
            </Reference>
            <Reference>
                <Citation>Prog Retin Eye Res. 2001 Nov;20(6):705-32</Citation>
                <ArticleIdList>
                    <ArticleId IdType="pubmed">11587915</ArticleId>
                </ArticleIdList>
            </Reference>
            <Reference>
                <Citation>Hum Mol Genet. 2001 Oct 1;10(20):2285-92</Citation>
                <ArticleIdList>
                    <ArticleId IdType="pubmed">11673412</ArticleId>
                </ArticleIdList>
            </Reference>
            <Reference>
                <Citation>Am J Hum Genet. 2001 Dec;69(6):1357-69</Citation>
                <ArticleIdList>
                    <ArticleId IdType="pubmed">11593451</ArticleId>
                </ArticleIdList>
            </Reference>
            <Reference>
                <Citation>Exp Eye Res. 2001 Dec;73(6):887-96</Citation>
                <ArticleIdList>
                    <ArticleId IdType="pubmed">11846519</ArticleId>
                </ArticleIdList>
            </Reference>
            <Reference>
                <Citation>Proc Natl Acad Sci U S A. 2002 Oct 1;99(20):13067-72</Citation>
                <ArticleIdList>
                    <ArticleId IdType="pubmed">12242346</ArticleId>
                </ArticleIdList>
            </Reference>
            <Reference>
                <Citation>Nat Genet. 2003 Feb;33(2):177-82</Citation>
                <ArticleIdList>
                    <ArticleId IdType="pubmed">12524541</ArticleId>
                </ArticleIdList>
            </Reference>
            <Reference>
                <Citation>Ophthalmic Genet. 2002 Dec;23(4):209-23</Citation>
                <ArticleIdList>
                    <ArticleId IdType="pubmed">12567264</ArticleId>
                </ArticleIdList>
            </Reference>
            <Reference>
                <Citation>Eur J Immunol. 2003 Apr;33(4):962-9</Citation>
                <ArticleIdList>
                    <ArticleId IdType="pubmed">12672062</ArticleId>
                </ArticleIdList>
            </Reference>
            <Reference>
                <Citation>Am J Hum Genet. 2003 Sep;73(3):540-50</Citation>
                <ArticleIdList>
                    <ArticleId IdType="pubmed">12900797</ArticleId>
                </ArticleIdList>
            </Reference>
            <Reference>
                <Citation>Am J Hum Genet. 2003 Oct;73(4):780-90</Citation>
                <ArticleIdList>
                    <ArticleId IdType="pubmed">12945014</ArticleId>
                </ArticleIdList>
            </Reference>
            <Reference>
                <Citation>Hum Mol Genet. 2003 Dec 15;12(24):3315-23</Citation>
                <ArticleIdList>
                    <ArticleId IdType="pubmed">14570714</ArticleId>
                </ArticleIdList>
            </Reference>
            <Reference>
                <Citation>Am J Hum Genet. 2004 Jan;74(1):20-39</Citation>
                <ArticleIdList>
                    <ArticleId IdType="pubmed">14691731</ArticleId>
                </ArticleIdList>
            </Reference>
            <Reference>
                <Citation>JAMA. 2004 Feb 11;291(6):704-10</Citation>
                <ArticleIdList>
                    <ArticleId IdType="pubmed">14871913</ArticleId>
                </ArticleIdList>
            </Reference>
            <Reference>
                <Citation>Am J Hum Genet. 2004 Mar;74(3):482-94</Citation>
                <ArticleIdList>
                    <ArticleId IdType="pubmed">14968411</ArticleId>
                </ArticleIdList>
            </Reference>
            <Reference>
                <Citation>Arch Ophthalmol. 2004 Apr;122(4):564-72</Citation>
                <ArticleIdList>
                    <ArticleId IdType="pubmed">15078675</ArticleId>
                </ArticleIdList>
            </Reference>
            <Reference>
                <Citation>Invest Ophthalmol Vis Sci. 2004 May;45(5):1306-10</Citation>
                <ArticleIdList>
                    <ArticleId IdType="pubmed">15111581</ArticleId>
                </ArticleIdList>
            </Reference>
            <Reference>
                <Citation>Invest Ophthalmol Vis Sci. 2004 May;45(5):1311-5</Citation>
                <ArticleIdList>
                    <ArticleId IdType="pubmed">15111582</ArticleId>
                </ArticleIdList>
            </Reference>
            <Reference>
                <Citation>BMC Genet. 2004 Jul 6;5:18</Citation>
                <ArticleIdList>
                    <ArticleId IdType="pubmed">15238159</ArticleId>
                </ArticleIdList>
            </Reference>
            <Reference>
                <Citation>N Engl J Med. 2004 Jul 22;351(4):346-53</Citation>
                <ArticleIdList>
                    <ArticleId IdType="pubmed">15269314</ArticleId>
                </ArticleIdList>
            </Reference>
            <Reference>
                <Citation>Am J Hum Genet. 2004 Aug;75(2):174-89</Citation>
                <ArticleIdList>
                    <ArticleId IdType="pubmed">15168325</ArticleId>
                </ArticleIdList>
            </Reference>
            <Reference>
                <Citation>Ophthalmic Genet. 2004 Jun;25(2):111-9</Citation>
                <ArticleIdList>
                    <ArticleId IdType="pubmed">15370542</ArticleId>
                </ArticleIdList>
            </Reference>
            <Reference>
                <Citation>Am J Hum Genet. 1990 Feb;46(2):222-8</Citation>
                <ArticleIdList>
                    <ArticleId IdType="pubmed">2301392</ArticleId>
                </ArticleIdList>
            </Reference>
            <Reference>
                <Citation>Science. 2005 Apr 15;308(5720):419-21</Citation>
                <ArticleIdList>
                    <ArticleId IdType="pubmed">15761120</ArticleId>
                </ArticleIdList>
            </Reference>
            <Reference>
                <Citation>Science. 2005 Apr 15;308(5720):421-4</Citation>
                <ArticleIdList>
                    <ArticleId IdType="pubmed">15761121</ArticleId>
                </ArticleIdList>
            </Reference>
            <Reference>
                <Citation>Science. 2005 Apr 15;308(5720):385-9</Citation>
                <ArticleIdList>
                    <ArticleId IdType="pubmed">15761122</ArticleId>
                </ArticleIdList>
            </Reference>
            <Reference>
                <Citation>Am J Hum Genet. 2005 Jun;76(6):967-86</Citation>
                <ArticleIdList>
                    <ArticleId IdType="pubmed">15834813</ArticleId>
                </ArticleIdList>
            </Reference>
            <Reference>
                <Citation>Am J Hum Genet. 2005 Jun;76(6):934-49</Citation>
                <ArticleIdList>
                    <ArticleId IdType="pubmed">15877278</ArticleId>
                </ArticleIdList>
            </Reference>
            <Reference>
                <Citation>Hum Hered. 2005;59(2):118-24</Citation>
                <ArticleIdList>
                    <ArticleId IdType="pubmed">15838181</ArticleId>
                </ArticleIdList>
            </Reference>
            <Reference>
                <Citation>Arch Ophthalmol. 1998 Aug;116(8):1082-8</Citation>
                <ArticleIdList>
                    <ArticleId IdType="pubmed">9715689</ArticleId>
                </ArticleIdList>
            </Reference>
        </ReferenceList>
    </PubmedData>
</PubmedArticle>

</PubmedArticleSet>