<?xml version="1.0" ?>
<!DOCTYPE PubmedArticleSet PUBLIC "-//NLM//DTD PubMedArticle, 1st January 2019//EN" "https://dtd.nlm.nih.gov/ncbi/pubmed/out/pubmed_190101.dtd">
<PubmedArticleSet>
<PubmedArticle>
    <MedlineCitation Status="MEDLINE" Owner="NLM">
        <PMID Version="1">16174643</PMID>
        <DateCompleted>
            <Year>2006</Year>
            <Month>06</Month>
            <Day>05</Day>
        </DateCompleted>
        <DateRevised>
            <Year>2007</Year>
            <Month>06</Month>
            <Day>26</Day>
        </DateRevised>
        <Article PubModel="Print-Electronic">
            <Journal>
                <ISSN IssnType="Print">0964-6906</ISSN>
                <JournalIssue CitedMedium="Print">
                    <Volume>14</Volume>
                    <Issue>21</Issue>
                    <PubDate>
                        <Year>2005</Year>
                        <Month>Nov</Month>
                        <Day>01</Day>
                    </PubDate>
                </JournalIssue>
                <Title>Human molecular genetics</Title>
                <ISOAbbreviation>Hum Mol Genet</ISOAbbreviation>
            </Journal>
            <ArticleTitle>Hypothetical LOC387715 is a second major susceptibility gene for age-related macular degeneration, contributing independently of complement factor H to disease risk.</ArticleTitle>
            <Pagination>
                <MedlinePgn>3227-36</MedlinePgn>
            </Pagination>
            <Abstract>
                <AbstractText>Age-related macular degeneration (AMD) is a multifactorial disease and a prevalent cause of visual impairment in developed countries. Risk factors include environmental components and genetic determinants. The complement factor H (CFH) has been the first major susceptibility gene for AMD identified within 1q32. Here, we focused on a second region of interest in 10q26 where a recent meta-analysis revealed strongest evidence for linkage to AMD at a genome-wide significance level. Within an interval of 22 Mb, we have analyzed 93 single nucleotide polymorphisms for allelic association with AMD in two independent case-control cohorts of German origin (AMD(combined) n=1166; controls(combined) n=945). Significant association was found across a 60 kb region of high linkage disequilibrium harboring two genes PLEKHA1 and hypothetical LOC387715. The strongest association (P=10(-34)) centered over a frequent coding polymorphism, Ala69Ser, at LOC387715, strongly implicating this gene in the pathogenesis of AMD. Besides abundant expression in placenta, we demonstrate weak expression of LOC387715 in the human retina. At present, however, there is no functional information on this gene, which appears to have evolved recently within the primate lineage. The joint contribution of the common risk allele at LOC387715, Ala69Ser, and at CFH, Tyr402His, was assessed in our case-control population, which suggests an additive model indicating an independent contribution of the two gene loci to disease risk. Our data show a disease odds ratio of 57.6 (95% CI: 37.2, 89.0) conferred by homozygosity for risk alleles at both CFH and LOC387715 when compared with the baseline non-risk genotype.</AbstractText>
            </Abstract>
            <AuthorList CompleteYN="Y">
                <Author ValidYN="Y">
                    <LastName>Rivera</LastName>
                    <ForeName>Andrea</ForeName>
                    <Initials>A</Initials>
                    <AffiliationInfo>
                        <Affiliation>Institute of Human Genetics, University of Regensburg, Germany.</Affiliation>
                    </AffiliationInfo>
                </Author>
                <Author ValidYN="Y">
                    <LastName>Fisher</LastName>
                    <ForeName>Sheila A</ForeName>
                    <Initials>SA</Initials>
                </Author>
                <Author ValidYN="Y">
                    <LastName>Fritsche</LastName>
                    <ForeName>Lars G</ForeName>
                    <Initials>LG</Initials>
                </Author>
                <Author ValidYN="Y">
                    <LastName>Keilhauer</LastName>
                    <ForeName>Claudia N</ForeName>
                    <Initials>CN</Initials>
                </Author>
                <Author ValidYN="Y">
                    <LastName>Lichtner</LastName>
                    <ForeName>Peter</ForeName>
                    <Initials>P</Initials>
                </Author>
                <Author ValidYN="Y">
                    <LastName>Meitinger</LastName>
                    <ForeName>Thomas</ForeName>
                    <Initials>T</Initials>
                </Author>
                <Author ValidYN="Y">
                    <LastName>Weber</LastName>
                    <ForeName>Bernhard H F</ForeName>
                    <Initials>BH</Initials>
                </Author>
            </AuthorList>
            <Language>eng</Language>
            <PublicationTypeList>
                <PublicationType UI="D003160">Comparative Study</PublicationType>
                <PublicationType UI="D016428">Journal Article</PublicationType>
                <PublicationType UI="D013485">Research Support, Non-U.S. Gov't</PublicationType>
            </PublicationTypeList>
            <ArticleDate DateType="Electronic">
                <Year>2005</Year>
                <Month>09</Month>
                <Day>20</Day>
            </ArticleDate>
        </Article>
        <MedlineJournalInfo>
            <Country>England</Country>
            <MedlineTA>Hum Mol Genet</MedlineTA>
            <NlmUniqueID>9208958</NlmUniqueID>
            <ISSNLinking>0964-6906</ISSNLinking>
        </MedlineJournalInfo>
        <ChemicalList>
            <Chemical>
                <RegistryNumber>0</RegistryNumber>
                <NameOfSubstance UI="C514392">ARMS2 protein, human</NameOfSubstance>
            </Chemical>
            <Chemical>
                <RegistryNumber>0</RegistryNumber>
                <NameOfSubstance UI="D017931">DNA Primers</NameOfSubstance>
            </Chemical>
            <Chemical>
                <RegistryNumber>0</RegistryNumber>
                <NameOfSubstance UI="D047908">Intracellular Signaling Peptides and Proteins</NameOfSubstance>
            </Chemical>
            <Chemical>
                <RegistryNumber>0</RegistryNumber>
                <NameOfSubstance UI="D008565">Membrane Proteins</NameOfSubstance>
            </Chemical>
            <Chemical>
                <RegistryNumber>0</RegistryNumber>
                <NameOfSubstance UI="C435927">PLEKHA1 protein, human</NameOfSubstance>
            </Chemical>
            <Chemical>
                <RegistryNumber>0</RegistryNumber>
                <NameOfSubstance UI="D011506">Proteins</NameOfSubstance>
            </Chemical>
            <Chemical>
                <RegistryNumber>0</RegistryNumber>
                <NameOfSubstance UI="C493495">complement factor H, human</NameOfSubstance>
            </Chemical>
            <Chemical>
                <RegistryNumber>80295-65-4</RegistryNumber>
                <NameOfSubstance UI="D017242">Complement Factor H</NameOfSubstance>
            </Chemical>
        </ChemicalList>
        <CitationSubset>IM</CitationSubset>
        <MeshHeadingList>
            <MeshHeading>
                <DescriptorName UI="D001483" MajorTopicYN="N">Base Sequence</DescriptorName>
            </MeshHeading>
            <MeshHeading>
                <DescriptorName UI="D002879" MajorTopicYN="N">Chromosomes, Human, Pair 10</DescriptorName>
                <QualifierName UI="Q000235" MajorTopicYN="Y">genetics</QualifierName>
            </MeshHeading>
            <MeshHeading>
                <DescriptorName UI="D017242" MajorTopicYN="N">Complement Factor H</DescriptorName>
                <QualifierName UI="Q000235" MajorTopicYN="N">genetics</QualifierName>
            </MeshHeading>
            <MeshHeading>
                <DescriptorName UI="D017931" MajorTopicYN="N">DNA Primers</DescriptorName>
            </MeshHeading>
            <MeshHeading>
                <DescriptorName UI="D005787" MajorTopicYN="N">Gene Frequency</DescriptorName>
            </MeshHeading>
            <MeshHeading>
                <DescriptorName UI="D020022" MajorTopicYN="N">Genetic Predisposition to Disease</DescriptorName>
                <QualifierName UI="Q000235" MajorTopicYN="Y">genetics</QualifierName>
            </MeshHeading>
            <MeshHeading>
                <DescriptorName UI="D005838" MajorTopicYN="N">Genotype</DescriptorName>
            </MeshHeading>
            <MeshHeading>
                <DescriptorName UI="D005858" MajorTopicYN="N" Type="Geographic">Germany</DescriptorName>
            </MeshHeading>
            <MeshHeading>
                <DescriptorName UI="D006239" MajorTopicYN="N">Haplotypes</DescriptorName>
                <QualifierName UI="Q000235" MajorTopicYN="N">genetics</QualifierName>
            </MeshHeading>
            <MeshHeading>
                <DescriptorName UI="D006801" MajorTopicYN="N">Humans</DescriptorName>
            </MeshHeading>
            <MeshHeading>
                <DescriptorName UI="D047908" MajorTopicYN="N">Intracellular Signaling Peptides and Proteins</DescriptorName>
                <QualifierName UI="Q000235" MajorTopicYN="N">genetics</QualifierName>
            </MeshHeading>
            <MeshHeading>
                <DescriptorName UI="D015810" MajorTopicYN="N">Linkage Disequilibrium</DescriptorName>
            </MeshHeading>
            <MeshHeading>
                <DescriptorName UI="D008268" MajorTopicYN="N">Macular Degeneration</DescriptorName>
                <QualifierName UI="Q000235" MajorTopicYN="Y">genetics</QualifierName>
                <QualifierName UI="Q000473" MajorTopicYN="N">pathology</QualifierName>
            </MeshHeading>
            <MeshHeading>
                <DescriptorName UI="D008565" MajorTopicYN="N">Membrane Proteins</DescriptorName>
                <QualifierName UI="Q000235" MajorTopicYN="N">genetics</QualifierName>
            </MeshHeading>
            <MeshHeading>
                <DescriptorName UI="D008969" MajorTopicYN="N">Molecular Sequence Data</DescriptorName>
            </MeshHeading>
            <MeshHeading>
                <DescriptorName UI="D016017" MajorTopicYN="N">Odds Ratio</DescriptorName>
            </MeshHeading>
            <MeshHeading>
                <DescriptorName UI="D010920" MajorTopicYN="N">Placenta</DescriptorName>
                <QualifierName UI="Q000378" MajorTopicYN="N">metabolism</QualifierName>
            </MeshHeading>
            <MeshHeading>
                <DescriptorName UI="D020641" MajorTopicYN="N">Polymorphism, Single Nucleotide</DescriptorName>
                <QualifierName UI="Q000235" MajorTopicYN="N">genetics</QualifierName>
            </MeshHeading>
            <MeshHeading>
                <DescriptorName UI="D011506" MajorTopicYN="N">Proteins</DescriptorName>
                <QualifierName UI="Q000235" MajorTopicYN="N">genetics</QualifierName>
            </MeshHeading>
            <MeshHeading>
                <DescriptorName UI="D012160" MajorTopicYN="N">Retina</DescriptorName>
                <QualifierName UI="Q000378" MajorTopicYN="N">metabolism</QualifierName>
            </MeshHeading>
            <MeshHeading>
                <DescriptorName UI="D020133" MajorTopicYN="N">Reverse Transcriptase Polymerase Chain Reaction</DescriptorName>
            </MeshHeading>
            <MeshHeading>
                <DescriptorName UI="D017422" MajorTopicYN="N">Sequence Analysis, DNA</DescriptorName>
            </MeshHeading>
        </MeshHeadingList>
    </MedlineCitation>
    <PubmedData>
        <History>
            <PubMedPubDate PubStatus="pubmed">
                <Year>2005</Year>
                <Month>9</Month>
                <Day>22</Day>
                <Hour>9</Hour>
                <Minute>0</Minute>
            </PubMedPubDate>
            <PubMedPubDate PubStatus="medline">
                <Year>2006</Year>
                <Month>6</Month>
                <Day>6</Day>
                <Hour>9</Hour>
                <Minute>0</Minute>
            </PubMedPubDate>
            <PubMedPubDate PubStatus="entrez">
                <Year>2005</Year>
                <Month>9</Month>
                <Day>22</Day>
                <Hour>9</Hour>
                <Minute>0</Minute>
            </PubMedPubDate>
        </History>
        <PublicationStatus>ppublish</PublicationStatus>
        <ArticleIdList>
            <ArticleId IdType="pubmed">16174643</ArticleId>
            <ArticleId IdType="pii">ddi353</ArticleId>
            <ArticleId IdType="doi">10.1093/hmg/ddi353</ArticleId>
        </ArticleIdList>
    </PubmedData>
</PubmedArticle>

</PubmedArticleSet>