<?xml version="1.0" ?>
<!DOCTYPE PubmedArticleSet PUBLIC "-//NLM//DTD PubMedArticle, 1st January 2019//EN" "https://dtd.nlm.nih.gov/ncbi/pubmed/out/pubmed_190101.dtd">
<PubmedArticleSet>
<PubmedArticle>
    <MedlineCitation Status="MEDLINE" Owner="NLM">
        <PMID Version="1">16300415</PMID>
        <DateCompleted>
            <Year>2007</Year>
            <Month>11</Month>
            <Day>01</Day>
        </DateCompleted>
        <DateRevised>
            <Year>2018</Year>
            <Month>11</Month>
            <Day>13</Day>
        </DateRevised>
        <Article PubModel="Print-Electronic">
            <Journal>
                <ISSN IssnType="Electronic">1549-1676</ISSN>
                <JournalIssue CitedMedium="Internet">
                    <Volume>3</Volume>
                    <Issue>1</Issue>
                    <PubDate>
                        <Year>2006</Year>
                        <Month>Jan</Month>
                    </PubDate>
                </JournalIssue>
                <Title>PLoS medicine</Title>
                <ISOAbbreviation>PLoS Med</ISOAbbreviation>
            </Journal>
            <ArticleTitle>CFH Y402H confers similar risk of soft drusen and both forms of advanced AMD.</ArticleTitle>
            <Pagination>
                <MedlinePgn>e5</MedlinePgn>
            </Pagination>
            <Abstract>
                <AbstractText Label="BACKGROUND" NlmCategory="BACKGROUND">Age-related macular degeneration (AMD) is the most common cause of irreversible visual impairment in the developed world. The two forms of advanced AMD, geographic atrophy and neovascular AMD, represent different pathological processes in the macula that lead to loss of central vision. Soft drusen, characterized by deposits in the macula without visual loss, are considered to be a precursor of advanced AMD. Recently, it has been proposed that a common missense variant, Y402H, in the Complement Factor H (CFH) gene increases the risk for advanced AMD. However, its impact on soft drusen, GA, or neovascular AMD--or the relationship between them--is unclear.</AbstractText>
                <AbstractText Label="METHODS AND FINDINGS" NlmCategory="RESULTS">We genotyped 581 Icelandic patients with advanced AMD (278 neovascular AMD, 203 GA, and 100 with mixed neovascular AMD/GA), and 435 with early AMD (of whom 220 had soft drusen). A second cohort of 431 US patients from Utah, 322 with advanced AMD (244 neovascular AMD and 78 GA) and 109 early-AMD cases with soft drusen, were analyzed. We confirmed that the CFH Y402H variant shows significant association to advanced AMD, with odds ratio of 2.39 in Icelandic patients (p = 5.9 x 10(-12)) and odds ratio of 2.14 in US patients from Utah (p = 2.0 x 10(-9)) with advanced AMD. Furthermore, we show that the Y402H variant confers similar risk of soft drusen and both forms of advanced AMD (GA or neovascular AMD).</AbstractText>
                <AbstractText Label="CONCLUSION" NlmCategory="CONCLUSIONS">Soft drusen occur prior to progression to advanced AMD and represent a histological feature shared by neovascular AMD and GA. Our results suggest that CFH is a major risk factor of soft drusen, and additional genetic factors and/or environmental factors may be required for progression to advanced AMD.</AbstractText>
            </Abstract>
            <AuthorList CompleteYN="Y">
                <Author ValidYN="Y">
                    <LastName>Magnusson</LastName>
                    <ForeName>Kristinn P</ForeName>
                    <Initials>KP</Initials>
                    <AffiliationInfo>
                        <Affiliation>DeCODE Genetics, Reykjavik, Iceland. kristinn.p.magnusson@decode.is</Affiliation>
                    </AffiliationInfo>
                </Author>
                <Author ValidYN="Y">
                    <LastName>Duan</LastName>
                    <ForeName>Shan</ForeName>
                    <Initials>S</Initials>
                </Author>
                <Author ValidYN="Y">
                    <LastName>Sigurdsson</LastName>
                    <ForeName>Haraldur</ForeName>
                    <Initials>H</Initials>
                </Author>
                <Author ValidYN="Y">
                    <LastName>Petursson</LastName>
                    <ForeName>Hjorvar</ForeName>
                    <Initials>H</Initials>
                </Author>
                <Author ValidYN="Y">
                    <LastName>Yang</LastName>
                    <ForeName>Zhenglin</ForeName>
                    <Initials>Z</Initials>
                </Author>
                <Author ValidYN="Y">
                    <LastName>Zhao</LastName>
                    <ForeName>Yu</ForeName>
                    <Initials>Y</Initials>
                </Author>
                <Author ValidYN="Y">
                    <LastName>Bernstein</LastName>
                    <ForeName>Paul S</ForeName>
                    <Initials>PS</Initials>
                </Author>
                <Author ValidYN="Y">
                    <LastName>Ge</LastName>
                    <ForeName>Jian</ForeName>
                    <Initials>J</Initials>
                </Author>
                <Author ValidYN="Y">
                    <LastName>Jonasson</LastName>
                    <ForeName>Fridbert</ForeName>
                    <Initials>F</Initials>
                </Author>
                <Author ValidYN="Y">
                    <LastName>Stefansson</LastName>
                    <ForeName>Einar</ForeName>
                    <Initials>E</Initials>
                </Author>
                <Author ValidYN="Y">
                    <LastName>Helgadottir</LastName>
                    <ForeName>Gudleif</ForeName>
                    <Initials>G</Initials>
                </Author>
                <Author ValidYN="Y">
                    <LastName>Zabriskie</LastName>
                    <ForeName>Norman A</ForeName>
                    <Initials>NA</Initials>
                </Author>
                <Author ValidYN="Y">
                    <LastName>Jonsson</LastName>
                    <ForeName>Thorlakur</ForeName>
                    <Initials>T</Initials>
                </Author>
                <Author ValidYN="Y">
                    <LastName>Björnsson</LastName>
                    <ForeName>Asgeir</ForeName>
                    <Initials>A</Initials>
                </Author>
                <Author ValidYN="Y">
                    <LastName>Thorlacius</LastName>
                    <ForeName>Theodora</ForeName>
                    <Initials>T</Initials>
                </Author>
                <Author ValidYN="Y">
                    <LastName>Jonsson</LastName>
                    <ForeName>Palmi V</ForeName>
                    <Initials>PV</Initials>
                </Author>
                <Author ValidYN="Y">
                    <LastName>Thorleifsson</LastName>
                    <ForeName>Gudmar</ForeName>
                    <Initials>G</Initials>
                </Author>
                <Author ValidYN="Y">
                    <LastName>Kong</LastName>
                    <ForeName>Augustine</ForeName>
                    <Initials>A</Initials>
                </Author>
                <Author ValidYN="Y">
                    <LastName>Stefansson</LastName>
                    <ForeName>Hreinn</ForeName>
                    <Initials>H</Initials>
                </Author>
                <Author ValidYN="Y">
                    <LastName>Zhang</LastName>
                    <ForeName>Kang</ForeName>
                    <Initials>K</Initials>
                </Author>
                <Author ValidYN="Y">
                    <LastName>Stefansson</LastName>
                    <ForeName>Kari</ForeName>
                    <Initials>K</Initials>
                </Author>
                <Author ValidYN="Y">
                    <LastName>Gulcher</LastName>
                    <ForeName>Jeffrey R</ForeName>
                    <Initials>JR</Initials>
                </Author>
            </AuthorList>
            <Language>eng</Language>
            <DataBankList CompleteYN="Y">
                <DataBank>
                    <DataBankName>OMIM</DataBankName>
                    <AccessionNumberList>
                        <AccessionNumber>134370</AccessionNumber>
                        <AccessionNumber>603075</AccessionNumber>
                    </AccessionNumberList>
                </DataBank>
            </DataBankList>
            <GrantList CompleteYN="Y">
                <Grant>
                    <GrantID>M01-RR00064</GrantID>
                    <Acronym>RR</Acronym>
                    <Agency>NCRR NIH HHS</Agency>
                    <Country>United States</Country>
                </Grant>
                <Grant>
                    <GrantID>P30EY014800</GrantID>
                    <Acronym>EY</Acronym>
                    <Agency>NEI NIH HHS</Agency>
                    <Country>United States</Country>
                </Grant>
                <Grant>
                    <GrantID>R01 EY014448</GrantID>
                    <Acronym>EY</Acronym>
                    <Agency>NEI NIH HHS</Agency>
                    <Country>United States</Country>
                </Grant>
                <Grant>
                    <GrantID>R01EY14428</GrantID>
                    <Acronym>EY</Acronym>
                    <Agency>NEI NIH HHS</Agency>
                    <Country>United States</Country>
                </Grant>
                <Grant>
                    <GrantID>R01 EY014428</GrantID>
                    <Acronym>EY</Acronym>
                    <Agency>NEI NIH HHS</Agency>
                    <Country>United States</Country>
                </Grant>
                <Grant>
                    <GrantID>R01EY14448</GrantID>
                    <Acronym>EY</Acronym>
                    <Agency>NEI NIH HHS</Agency>
                    <Country>United States</Country>
                </Grant>
                <Grant>
                    <GrantID>M01 RR000064</GrantID>
                    <Acronym>RR</Acronym>
                    <Agency>NCRR NIH HHS</Agency>
                    <Country>United States</Country>
                </Grant>
                <Grant>
                    <GrantID>P30 EY014800</GrantID>
                    <Acronym>EY</Acronym>
                    <Agency>NEI NIH HHS</Agency>
                    <Country>United States</Country>
                </Grant>
            </GrantList>
            <PublicationTypeList>
                <PublicationType UI="D016428">Journal Article</PublicationType>
                <PublicationType UI="D052061">Research Support, N.I.H., Extramural</PublicationType>
                <PublicationType UI="D013485">Research Support, Non-U.S. Gov't</PublicationType>
            </PublicationTypeList>
            <ArticleDate DateType="Electronic">
                <Year>2005</Year>
                <Month>11</Month>
                <Day>29</Day>
            </ArticleDate>
        </Article>
        <MedlineJournalInfo>
            <Country>United States</Country>
            <MedlineTA>PLoS Med</MedlineTA>
            <NlmUniqueID>101231360</NlmUniqueID>
            <ISSNLinking>1549-1277</ISSNLinking>
        </MedlineJournalInfo>
        <ChemicalList>
            <Chemical>
                <RegistryNumber>0</RegistryNumber>
                <NameOfSubstance UI="C493495">complement factor H, human</NameOfSubstance>
            </Chemical>
            <Chemical>
                <RegistryNumber>80295-65-4</RegistryNumber>
                <NameOfSubstance UI="D017242">Complement Factor H</NameOfSubstance>
            </Chemical>
        </ChemicalList>
        <CitationSubset>IM</CitationSubset>
        <MeshHeadingList>
            <MeshHeading>
                <DescriptorName UI="D017242" MajorTopicYN="N">Complement Factor H</DescriptorName>
                <QualifierName UI="Q000235" MajorTopicYN="N">genetics</QualifierName>
            </MeshHeading>
            <MeshHeading>
                <DescriptorName UI="D020022" MajorTopicYN="N">Genetic Predisposition to Disease</DescriptorName>
            </MeshHeading>
            <MeshHeading>
                <DescriptorName UI="D006801" MajorTopicYN="N">Humans</DescriptorName>
            </MeshHeading>
            <MeshHeading>
                <DescriptorName UI="D007055" MajorTopicYN="N" Type="Geographic">Iceland</DescriptorName>
            </MeshHeading>
            <MeshHeading>
                <DescriptorName UI="D008268" MajorTopicYN="N">Macular Degeneration</DescriptorName>
                <QualifierName UI="Q000235" MajorTopicYN="Y">genetics</QualifierName>
            </MeshHeading>
            <MeshHeading>
                <DescriptorName UI="D009154" MajorTopicYN="N">Mutation</DescriptorName>
            </MeshHeading>
            <MeshHeading>
                <DescriptorName UI="D016017" MajorTopicYN="N">Odds Ratio</DescriptorName>
            </MeshHeading>
            <MeshHeading>
                <DescriptorName UI="D015593" MajorTopicYN="N">Retinal Drusen</DescriptorName>
                <QualifierName UI="Q000235" MajorTopicYN="Y">genetics</QualifierName>
            </MeshHeading>
            <MeshHeading>
                <DescriptorName UI="D012307" MajorTopicYN="N">Risk Factors</DescriptorName>
            </MeshHeading>
            <MeshHeading>
                <DescriptorName UI="D014589" MajorTopicYN="N" Type="Geographic">Utah</DescriptorName>
            </MeshHeading>
        </MeshHeadingList>
    </MedlineCitation>
    <PubmedData>
        <History>
            <PubMedPubDate PubStatus="received">
                <Year>2005</Year>
                <Month>05</Month>
                <Day>23</Day>
            </PubMedPubDate>
            <PubMedPubDate PubStatus="accepted">
                <Year>2005</Year>
                <Month>09</Month>
                <Day>27</Day>
            </PubMedPubDate>
            <PubMedPubDate PubStatus="pubmed">
                <Year>2005</Year>
                <Month>11</Month>
                <Day>23</Day>
                <Hour>9</Hour>
                <Minute>0</Minute>
            </PubMedPubDate>
            <PubMedPubDate PubStatus="medline">
                <Year>2007</Year>
                <Month>11</Month>
                <Day>2</Day>
                <Hour>9</Hour>
                <Minute>0</Minute>
            </PubMedPubDate>
            <PubMedPubDate PubStatus="entrez">
                <Year>2005</Year>
                <Month>11</Month>
                <Day>23</Day>
                <Hour>9</Hour>
                <Minute>0</Minute>
            </PubMedPubDate>
        </History>
        <PublicationStatus>ppublish</PublicationStatus>
        <ArticleIdList>
            <ArticleId IdType="pubmed">16300415</ArticleId>
            <ArticleId IdType="pii">05-PLME-RA-0303R1</ArticleId>
            <ArticleId IdType="doi">10.1371/journal.pmed.0030005</ArticleId>
            <ArticleId IdType="pmc">PMC1288033</ArticleId>
        </ArticleIdList>
        <ReferenceList>
            <Reference>
                <Citation>Arch Ophthalmol. 2003 Mar;121(3):379-85</Citation>
                <ArticleIdList>
                    <ArticleId IdType="pubmed">12617709</ArticleId>
                </ArticleIdList>
            </Reference>
            <Reference>
                <Citation>Gerontologist. 1990 Jun;30(3):293-307</Citation>
                <ArticleIdList>
                    <ArticleId IdType="pubmed">2354790</ArticleId>
                </ArticleIdList>
            </Reference>
            <Reference>
                <Citation>Am J Hum Genet. 2003 Sep;73(3):540-50</Citation>
                <ArticleIdList>
                    <ArticleId IdType="pubmed">12900797</ArticleId>
                </ArticleIdList>
            </Reference>
            <Reference>
                <Citation>Hum Hered. 1992;42(6):337-46</Citation>
                <ArticleIdList>
                    <ArticleId IdType="pubmed">1493912</ArticleId>
                </ArticleIdList>
            </Reference>
            <Reference>
                <Citation>Surv Ophthalmol. 1995 Mar-Apr;39(5):367-74</Citation>
                <ArticleIdList>
                    <ArticleId IdType="pubmed">7604360</ArticleId>
                </ArticleIdList>
            </Reference>
            <Reference>
                <Citation>Ophthalmology. 1995 Oct;102(10):1450-60</Citation>
                <ArticleIdList>
                    <ArticleId IdType="pubmed">9097791</ArticleId>
                </ArticleIdList>
            </Reference>
            <Reference>
                <Citation>Arch Ophthalmol. 1998 Aug;116(8):1082-8</Citation>
                <ArticleIdList>
                    <ArticleId IdType="pubmed">9715689</ArticleId>
                </ArticleIdList>
            </Reference>
            <Reference>
                <Citation>Genome Res. 1998 Dec;8(12):1273-88</Citation>
                <ArticleIdList>
                    <ArticleId IdType="pubmed">9872982</ArticleId>
                </ArticleIdList>
            </Reference>
            <Reference>
                <Citation>Ophthalmology. 1999 Jun;106(6):1049-55</Citation>
                <ArticleIdList>
                    <ArticleId IdType="pubmed">10366070</ArticleId>
                </ArticleIdList>
            </Reference>
            <Reference>
                <Citation>Ophthalmology. 2005 Jan;112(1):132-8</Citation>
                <ArticleIdList>
                    <ArticleId IdType="pubmed">15629833</ArticleId>
                </ArticleIdList>
            </Reference>
            <Reference>
                <Citation>Arch Ophthalmol. 2005 Mar;123(3):321-7</Citation>
                <ArticleIdList>
                    <ArticleId IdType="pubmed">15767473</ArticleId>
                </ArticleIdList>
            </Reference>
            <Reference>
                <Citation>Nat Rev Drug Discov. 2005 Mar;4(3):187-8</Citation>
                <ArticleIdList>
                    <ArticleId IdType="pubmed">15770779</ArticleId>
                </ArticleIdList>
            </Reference>
            <Reference>
                <Citation>Science. 2005 Apr 15;308(5720):419-21</Citation>
                <ArticleIdList>
                    <ArticleId IdType="pubmed">15761120</ArticleId>
                </ArticleIdList>
            </Reference>
            <Reference>
                <Citation>Science. 2005 Apr 15;308(5720):421-4</Citation>
                <ArticleIdList>
                    <ArticleId IdType="pubmed">15761121</ArticleId>
                </ArticleIdList>
            </Reference>
            <Reference>
                <Citation>Science. 2005 Apr 15;308(5720):385-9</Citation>
                <ArticleIdList>
                    <ArticleId IdType="pubmed">15761122</ArticleId>
                </ArticleIdList>
            </Reference>
            <Reference>
                <Citation>Proc Natl Acad Sci U S A. 2005 May 17;102(20):7227-32</Citation>
                <ArticleIdList>
                    <ArticleId IdType="pubmed">15870199</ArticleId>
                </ArticleIdList>
            </Reference>
            <Reference>
                <Citation>Am J Hum Genet. 2005 Jul;77(1):149-53</Citation>
                <ArticleIdList>
                    <ArticleId IdType="pubmed">15895326</ArticleId>
                </ArticleIdList>
            </Reference>
            <Reference>
                <Citation>FASEB J. 2000 May;14(7):835-46</Citation>
                <ArticleIdList>
                    <ArticleId IdType="pubmed">10783137</ArticleId>
                </ArticleIdList>
            </Reference>
            <Reference>
                <Citation>Eur J Hum Genet. 2000 Oct;8(10):739-42</Citation>
                <ArticleIdList>
                    <ArticleId IdType="pubmed">11039572</ArticleId>
                </ArticleIdList>
            </Reference>
            <Reference>
                <Citation>Eye (Lond). 2001 Jun;15(Pt 3):390-5</Citation>
                <ArticleIdList>
                    <ArticleId IdType="pubmed">11450763</ArticleId>
                </ArticleIdList>
            </Reference>
            <Reference>
                <Citation>Arch Ophthalmol. 2001 Aug;119(8):1191-9</Citation>
                <ArticleIdList>
                    <ArticleId IdType="pubmed">11483088</ArticleId>
                </ArticleIdList>
            </Reference>
            <Reference>
                <Citation>Prog Retin Eye Res. 2001 Nov;20(6):705-32</Citation>
                <ArticleIdList>
                    <ArticleId IdType="pubmed">11587915</ArticleId>
                </ArticleIdList>
            </Reference>
            <Reference>
                <Citation>Am J Ophthalmol. 2001 Nov;132(5):682-92</Citation>
                <ArticleIdList>
                    <ArticleId IdType="pubmed">11704029</ArticleId>
                </ArticleIdList>
            </Reference>
            <Reference>
                <Citation>Exp Eye Res. 2001 Dec;73(6):887-96</Citation>
                <ArticleIdList>
                    <ArticleId IdType="pubmed">11846519</ArticleId>
                </ArticleIdList>
            </Reference>
            <Reference>
                <Citation>Ophthalmology. 2002 Apr;109(4):730-6</Citation>
                <ArticleIdList>
                    <ArticleId IdType="pubmed">11927430</ArticleId>
                </ArticleIdList>
            </Reference>
            <Reference>
                <Citation>Am J Ophthalmol. 2002 Sep;134(3):411-31</Citation>
                <ArticleIdList>
                    <ArticleId IdType="pubmed">12208254</ArticleId>
                </ArticleIdList>
            </Reference>
            <Reference>
                <Citation>Ophthalmology. 2002 Oct;109(10):1767-79</Citation>
                <ArticleIdList>
                    <ArticleId IdType="pubmed">12359593</ArticleId>
                </ArticleIdList>
            </Reference>
            <Reference>
                <Citation>Proc Natl Acad Sci U S A. 2002 Nov 12;99(23):14682-7</Citation>
                <ArticleIdList>
                    <ArticleId IdType="pubmed">12391305</ArticleId>
                </ArticleIdList>
            </Reference>
            <Reference>
                <Citation>Am J Hum Genet. 2003 Oct;73(4):780-90</Citation>
                <ArticleIdList>
                    <ArticleId IdType="pubmed">12945014</ArticleId>
                </ArticleIdList>
            </Reference>
            <Reference>
                <Citation>Nature. 2003 Dec 18;426(6968):789-96</Citation>
                <ArticleIdList>
                    <ArticleId IdType="pubmed">14685227</ArticleId>
                </ArticleIdList>
            </Reference>
            <Reference>
                <Citation>Am J Hum Genet. 2004 Jan;74(1):20-39</Citation>
                <ArticleIdList>
                    <ArticleId IdType="pubmed">14691731</ArticleId>
                </ArticleIdList>
            </Reference>
            <Reference>
                <Citation>Am J Hum Genet. 2004 Mar;74(3):482-94</Citation>
                <ArticleIdList>
                    <ArticleId IdType="pubmed">14968411</ArticleId>
                </ArticleIdList>
            </Reference>
            <Reference>
                <Citation>Am J Ophthalmol. 2004 Mar;137(3):486-95</Citation>
                <ArticleIdList>
                    <ArticleId IdType="pubmed">15013873</ArticleId>
                </ArticleIdList>
            </Reference>
            <Reference>
                <Citation>Ophthalmology. 2004 Apr;111(4):706-11</Citation>
                <ArticleIdList>
                    <ArticleId IdType="pubmed">15051202</ArticleId>
                </ArticleIdList>
            </Reference>
            <Reference>
                <Citation>BMC Genet. 2004 Jul 6;5:18</Citation>
                <ArticleIdList>
                    <ArticleId IdType="pubmed">15238159</ArticleId>
                </ArticleIdList>
            </Reference>
            <Reference>
                <Citation>Ann Hum Genet. 1987 Jul;51(Pt 3):227-33</Citation>
                <ArticleIdList>
                    <ArticleId IdType="pubmed">3500674</ArticleId>
                </ArticleIdList>
            </Reference>
            <Reference>
                <Citation>Eur J Immunol. 2003 Apr;33(4):962-9</Citation>
                <ArticleIdList>
                    <ArticleId IdType="pubmed">12672062</ArticleId>
                </ArticleIdList>
            </Reference>
        </ReferenceList>
    </PubmedData>
</PubmedArticle>

</PubmedArticleSet>