<?xml version="1.0" ?>
<!DOCTYPE PubmedArticleSet PUBLIC "-//NLM//DTD PubMedArticle, 1st January 2019//EN" "https://dtd.nlm.nih.gov/ncbi/pubmed/out/pubmed_190101.dtd">
<PubmedArticleSet>
<PubmedArticle>
    <MedlineCitation Status="MEDLINE" Owner="NLM">
        <PMID Version="1">16379025</PMID>
        <DateCompleted>
            <Year>2006</Year>
            <Month>04</Month>
            <Day>13</Day>
        </DateCompleted>
        <DateRevised>
            <Year>2006</Year>
            <Month>11</Month>
            <Day>15</Day>
        </DateRevised>
        <Article PubModel="Electronic">
            <Journal>
                <ISSN IssnType="Electronic">1090-0535</ISSN>
                <JournalIssue CitedMedium="Internet">
                    <Volume>11</Volume>
                    <PubDate>
                        <Year>2005</Year>
                        <Month>Dec</Month>
                        <Day>19</Day>
                    </PubDate>
                </JournalIssue>
                <Title>Molecular vision</Title>
                <ISOAbbreviation>Mol Vis</ISOAbbreviation>
            </Journal>
            <ArticleTitle>Y402H complement factor H polymorphism associated with exudative age-related macular degeneration in the French population.</ArticleTitle>
            <Pagination>
                <MedlinePgn>1135-40</MedlinePgn>
            </Pagination>
            <Abstract>
                <AbstractText Label="PURPOSE" NlmCategory="OBJECTIVE">Identification of genetic factors for age-related macular degeneration (AMD) is of crucial importance in this common cause of blindness. A positive association between Y402H polymorphism of the complement factor H (CFH) gene and AMD has been recently reported in North American populations but not yet in European populations. The exudative form of AMD is rapidly progressive and usually associated with a severe prognosis. Our purpose was to investigate this association in a French population specifically affected with exudative AMD, in a case-control study.</AbstractText>
                <AbstractText Label="METHODS" NlmCategory="METHODS">Two series of unrelated exudative AMD patients, sporadic cases (n=60, mean age 74.9+/-5.7) and familial cases (n=81, mean age 74.0+/-9.4) were compared with healthy controls (n=91, mean age 74.6+/-6.3). The coding region of exon 9 of CFH was examined for the Y402H polymorphism by PCR-direct sequencing.</AbstractText>
                <AbstractText Label="RESULTS" NlmCategory="RESULTS">The 1,279-C allele frequencies were significantly higher in exudative AMD patients than controls (0.564 compared to 0.302; p&lt;0.0001). Genotypic distribution of the Y402H polymorphism was significantly different between sporadic cases compared to controls (chi2=14.48 with 2 df, p&lt;0.0007) and between familial cases compared to controls (chi2=23.78 with 2 df, p&lt;0.0001). The odds ratio (OR) for exudative AMD was 3.00 CI95% (1.60-5.62) for heterozygotes (CT) and 6.93 CI95% (3.11-15.46) for homozygotes (CC).</AbstractText>
                <AbstractText Label="CONCLUSIONS" NlmCategory="CONCLUSIONS">These results suggest the contribution of the Y402H polymorphism of the CFH gene to exudative AMD susceptibility also in the French population. This relationship with the CFH may lead to early detection and new strategies for prevention and treatment of AMD.</AbstractText>
            </Abstract>
            <AuthorList CompleteYN="Y">
                <Author ValidYN="Y">
                    <LastName>Souied</LastName>
                    <ForeName>Eric H</ForeName>
                    <Initials>EH</Initials>
                    <AffiliationInfo>
                        <Affiliation>Creteil University Eye Clinic, Faculte de Medecine Henri Mondor, Creteil, France. eric.souied@chicreteil.fr</Affiliation>
                    </AffiliationInfo>
                </Author>
                <Author ValidYN="Y">
                    <LastName>Leveziel</LastName>
                    <ForeName>Nicolas</ForeName>
                    <Initials>N</Initials>
                </Author>
                <Author ValidYN="Y">
                    <LastName>Richard</LastName>
                    <ForeName>Florence</ForeName>
                    <Initials>F</Initials>
                </Author>
                <Author ValidYN="Y">
                    <LastName>Dragon-Durey</LastName>
                    <ForeName>Marie-Agnès</ForeName>
                    <Initials>MA</Initials>
                </Author>
                <Author ValidYN="Y">
                    <LastName>Coscas</LastName>
                    <ForeName>Gabriel</ForeName>
                    <Initials>G</Initials>
                </Author>
                <Author ValidYN="Y">
                    <LastName>Soubrane</LastName>
                    <ForeName>Gisèle</ForeName>
                    <Initials>G</Initials>
                </Author>
                <Author ValidYN="Y">
                    <LastName>Benlian</LastName>
                    <ForeName>Pascale</ForeName>
                    <Initials>P</Initials>
                </Author>
                <Author ValidYN="Y">
                    <LastName>Fremeaux-Bacchi</LastName>
                    <ForeName>Veronique</ForeName>
                    <Initials>V</Initials>
                </Author>
            </AuthorList>
            <Language>eng</Language>
            <PublicationTypeList>
                <PublicationType UI="D016428">Journal Article</PublicationType>
                <PublicationType UI="D013485">Research Support, Non-U.S. Gov't</PublicationType>
            </PublicationTypeList>
            <ArticleDate DateType="Electronic">
                <Year>2005</Year>
                <Month>12</Month>
                <Day>19</Day>
            </ArticleDate>
        </Article>
        <MedlineJournalInfo>
            <Country>United States</Country>
            <MedlineTA>Mol Vis</MedlineTA>
            <NlmUniqueID>9605351</NlmUniqueID>
            <ISSNLinking>1090-0535</ISSNLinking>
        </MedlineJournalInfo>
        <ChemicalList>
            <Chemical>
                <RegistryNumber>0</RegistryNumber>
                <NameOfSubstance UI="C493495">complement factor H, human</NameOfSubstance>
            </Chemical>
            <Chemical>
                <RegistryNumber>80295-65-4</RegistryNumber>
                <NameOfSubstance UI="D017242">Complement Factor H</NameOfSubstance>
            </Chemical>
        </ChemicalList>
        <CitationSubset>IM</CitationSubset>
        <MeshHeadingList>
            <MeshHeading>
                <DescriptorName UI="D000368" MajorTopicYN="N">Aged</DescriptorName>
            </MeshHeading>
            <MeshHeading>
                <DescriptorName UI="D017242" MajorTopicYN="N">Complement Factor H</DescriptorName>
                <QualifierName UI="Q000235" MajorTopicYN="N">genetics</QualifierName>
            </MeshHeading>
            <MeshHeading>
                <DescriptorName UI="D004252" MajorTopicYN="N">DNA Mutational Analysis</DescriptorName>
            </MeshHeading>
            <MeshHeading>
                <DescriptorName UI="D044465" MajorTopicYN="N">European Continental Ancestry Group</DescriptorName>
            </MeshHeading>
            <MeshHeading>
                <DescriptorName UI="D005091" MajorTopicYN="N">Exons</DescriptorName>
                <QualifierName UI="Q000235" MajorTopicYN="N">genetics</QualifierName>
            </MeshHeading>
            <MeshHeading>
                <DescriptorName UI="D005122" MajorTopicYN="N">Exudates and Transudates</DescriptorName>
            </MeshHeading>
            <MeshHeading>
                <DescriptorName UI="D005260" MajorTopicYN="N">Female</DescriptorName>
            </MeshHeading>
            <MeshHeading>
                <DescriptorName UI="D005602" MajorTopicYN="N" Type="Geographic">France</DescriptorName>
                <QualifierName UI="Q000453" MajorTopicYN="N">epidemiology</QualifierName>
            </MeshHeading>
            <MeshHeading>
                <DescriptorName UI="D005787" MajorTopicYN="N">Gene Frequency</DescriptorName>
            </MeshHeading>
            <MeshHeading>
                <DescriptorName UI="D006801" MajorTopicYN="N">Humans</DescriptorName>
            </MeshHeading>
            <MeshHeading>
                <DescriptorName UI="D008268" MajorTopicYN="N">Macular Degeneration</DescriptorName>
                <QualifierName UI="Q000208" MajorTopicYN="N">ethnology</QualifierName>
                <QualifierName UI="Q000235" MajorTopicYN="Y">genetics</QualifierName>
            </MeshHeading>
            <MeshHeading>
                <DescriptorName UI="D008297" MajorTopicYN="N">Male</DescriptorName>
            </MeshHeading>
            <MeshHeading>
                <DescriptorName UI="D009154" MajorTopicYN="N">Mutation</DescriptorName>
            </MeshHeading>
            <MeshHeading>
                <DescriptorName UI="D016017" MajorTopicYN="N">Odds Ratio</DescriptorName>
            </MeshHeading>
            <MeshHeading>
                <DescriptorName UI="D016133" MajorTopicYN="N">Polymerase Chain Reaction</DescriptorName>
            </MeshHeading>
            <MeshHeading>
                <DescriptorName UI="D020641" MajorTopicYN="Y">Polymorphism, Single Nucleotide</DescriptorName>
            </MeshHeading>
            <MeshHeading>
                <DescriptorName UI="D017422" MajorTopicYN="N">Sequence Analysis, DNA</DescriptorName>
            </MeshHeading>
        </MeshHeadingList>
    </MedlineCitation>
    <PubmedData>
        <History>
            <PubMedPubDate PubStatus="pubmed">
                <Year>2005</Year>
                <Month>12</Month>
                <Day>28</Day>
                <Hour>9</Hour>
                <Minute>0</Minute>
            </PubMedPubDate>
            <PubMedPubDate PubStatus="medline">
                <Year>2006</Year>
                <Month>4</Month>
                <Day>14</Day>
                <Hour>9</Hour>
                <Minute>0</Minute>
            </PubMedPubDate>
            <PubMedPubDate PubStatus="entrez">
                <Year>2005</Year>
                <Month>12</Month>
                <Day>28</Day>
                <Hour>9</Hour>
                <Minute>0</Minute>
            </PubMedPubDate>
        </History>
        <PublicationStatus>epublish</PublicationStatus>
        <ArticleIdList>
            <ArticleId IdType="pubmed">16379025</ArticleId>
            <ArticleId IdType="pii">v11/a131</ArticleId>
        </ArticleIdList>
    </PubmedData>
</PubmedArticle>

</PubmedArticleSet>