<?xml version="1.0" ?>
<!DOCTYPE PubmedArticleSet PUBLIC "-//NLM//DTD PubMedArticle, 1st January 2019//EN" "https://dtd.nlm.nih.gov/ncbi/pubmed/out/pubmed_190101.dtd">
<PubmedArticleSet>
<PubmedArticle>
    <MedlineCitation Status="MEDLINE" Owner="NLM">
        <PMID Version="1">7819171</PMID>
        <DateCompleted>
            <Year>1995</Year>
            <Month>02</Month>
            <Day>16</Day>
        </DateCompleted>
        <DateRevised>
            <Year>2019</Year>
            <Month>05</Month>
            <Day>01</Day>
        </DateRevised>
        <Article PubModel="Print">
            <Journal>
                <ISSN IssnType="Print">0007-1161</ISSN>
                <JournalIssue CitedMedium="Print">
                    <Volume>78</Volume>
                    <Issue>12</Issue>
                    <PubDate>
                        <Year>1994</Year>
                        <Month>Dec</Month>
                    </PubDate>
                </JournalIssue>
                <Title>The British journal of ophthalmology</Title>
                <ISOAbbreviation>Br J Ophthalmol</ISOAbbreviation>
            </Journal>
            <ArticleTitle>Additive effect of latanoprost, a prostaglandin F2 alpha analogue, and timolol in patients with elevated intraocular pressure.</ArticleTitle>
            <Pagination>
                <MedlinePgn>899-902</MedlinePgn>
            </Pagination>
            <Abstract>
                <AbstractText>A randomised observer masked clinical study was conducted to assess the additive effect of latanoprost (13,14-dihydro-17-phenyl-18,19,20-trinorprostaglandin F2 alpha-isopropylester) to timolol maleate in patients with elevated intraocular pressure (IOP). Patients were randomly assigned to two treatment groups. One group (n = 10) received timolol, the other group (n = 9) received latanoprost twice daily for 1 week. After 1 week all patients received both timolol and latanoprost. Eyes treated with timolol (mean diurnal IOP (SD) day 0, 24.2 (2.8) mm Hg) and latanoprost (mean diurnal IOP day 0, 28.5 (5.6) mm Hg) showed an IOP reduction of 5.9 (2.3) mm Hg (24%) and 8.9 (2.5) mm Hg (31%), respectively after the first week. Adding latanoprost to the eyes treated with timolol as well as timolol to the eyes receiving latanoprost gave a further reduction of 2.6 (1.1) mm Hg (13%) and 2.6 (2.2) mm Hg (14%), respectively. Only mild transient hyperaemia was observed in patients receiving latanoprost. The results indicate that latanoprost and timolol can be combined successfully and that complete or almost complete additivity is reached even at pressure levels below 20 mm Hg.</AbstractText>
            </Abstract>
            <AuthorList CompleteYN="Y">
                <Author ValidYN="Y">
                    <LastName>Rulo</LastName>
                    <ForeName>A H</ForeName>
                    <Initials>AH</Initials>
                    <AffiliationInfo>
                        <Affiliation>Glaucoma Center, University of Amsterdam, The Netherlands.</Affiliation>
                    </AffiliationInfo>
                </Author>
                <Author ValidYN="Y">
                    <LastName>Greve</LastName>
                    <ForeName>E L</ForeName>
                    <Initials>EL</Initials>
                </Author>
                <Author ValidYN="Y">
                    <LastName>Hoyng</LastName>
                    <ForeName>P F</ForeName>
                    <Initials>PF</Initials>
                </Author>
            </AuthorList>
            <Language>eng</Language>
            <PublicationTypeList>
                <PublicationType UI="D016430">Clinical Trial</PublicationType>
                <PublicationType UI="D016428">Journal Article</PublicationType>
                <PublicationType UI="D016449">Randomized Controlled Trial</PublicationType>
            </PublicationTypeList>
        </Article>
        <MedlineJournalInfo>
            <Country>England</Country>
            <MedlineTA>Br J Ophthalmol</MedlineTA>
            <NlmUniqueID>0421041</NlmUniqueID>
            <ISSNLinking>0007-1161</ISSNLinking>
        </MedlineJournalInfo>
        <ChemicalList>
            <Chemical>
                <RegistryNumber>0</RegistryNumber>
                <NameOfSubstance UI="D011461">Prostaglandins F, Synthetic</NameOfSubstance>
            </Chemical>
            <Chemical>
                <RegistryNumber>6Z5B6HVF6O</RegistryNumber>
                <NameOfSubstance UI="D000077338">Latanoprost</NameOfSubstance>
            </Chemical>
            <Chemical>
                <RegistryNumber>817W3C6175</RegistryNumber>
                <NameOfSubstance UI="D013999">Timolol</NameOfSubstance>
            </Chemical>
        </ChemicalList>
        <CitationSubset>IM</CitationSubset>
        <MeshHeadingList>
            <MeshHeading>
                <DescriptorName UI="D000328" MajorTopicYN="N">Adult</DescriptorName>
            </MeshHeading>
            <MeshHeading>
                <DescriptorName UI="D000368" MajorTopicYN="N">Aged</DescriptorName>
            </MeshHeading>
            <MeshHeading>
                <DescriptorName UI="D000369" MajorTopicYN="N">Aged, 80 and over</DescriptorName>
            </MeshHeading>
            <MeshHeading>
                <DescriptorName UI="D003228" MajorTopicYN="N">Conjunctiva</DescriptorName>
                <QualifierName UI="Q000098" MajorTopicYN="N">blood supply</QualifierName>
            </MeshHeading>
            <MeshHeading>
                <DescriptorName UI="D004357" MajorTopicYN="N">Drug Synergism</DescriptorName>
            </MeshHeading>
            <MeshHeading>
                <DescriptorName UI="D004359" MajorTopicYN="N">Drug Therapy, Combination</DescriptorName>
            </MeshHeading>
            <MeshHeading>
                <DescriptorName UI="D005260" MajorTopicYN="N">Female</DescriptorName>
            </MeshHeading>
            <MeshHeading>
                <DescriptorName UI="D005902" MajorTopicYN="N">Glaucoma, Open-Angle</DescriptorName>
                <QualifierName UI="Q000188" MajorTopicYN="Y">drug therapy</QualifierName>
            </MeshHeading>
            <MeshHeading>
                <DescriptorName UI="D006801" MajorTopicYN="N">Humans</DescriptorName>
            </MeshHeading>
            <MeshHeading>
                <DescriptorName UI="D006940" MajorTopicYN="N">Hyperemia</DescriptorName>
                <QualifierName UI="Q000139" MajorTopicYN="N">chemically induced</QualifierName>
            </MeshHeading>
            <MeshHeading>
                <DescriptorName UI="D000077338" MajorTopicYN="N">Latanoprost</DescriptorName>
            </MeshHeading>
            <MeshHeading>
                <DescriptorName UI="D008297" MajorTopicYN="N">Male</DescriptorName>
            </MeshHeading>
            <MeshHeading>
                <DescriptorName UI="D008875" MajorTopicYN="N">Middle Aged</DescriptorName>
            </MeshHeading>
            <MeshHeading>
                <DescriptorName UI="D009798" MajorTopicYN="N">Ocular Hypertension</DescriptorName>
                <QualifierName UI="Q000188" MajorTopicYN="Y">drug therapy</QualifierName>
            </MeshHeading>
            <MeshHeading>
                <DescriptorName UI="D011461" MajorTopicYN="N">Prostaglandins F, Synthetic</DescriptorName>
                <QualifierName UI="Q000009" MajorTopicYN="N">adverse effects</QualifierName>
                <QualifierName UI="Q000627" MajorTopicYN="Y">therapeutic use</QualifierName>
            </MeshHeading>
            <MeshHeading>
                <DescriptorName UI="D013999" MajorTopicYN="N">Timolol</DescriptorName>
                <QualifierName UI="Q000009" MajorTopicYN="N">adverse effects</QualifierName>
                <QualifierName UI="Q000627" MajorTopicYN="Y">therapeutic use</QualifierName>
            </MeshHeading>
        </MeshHeadingList>
    </MedlineCitation>
    <PubmedData>
        <History>
            <PubMedPubDate PubStatus="pubmed">
                <Year>1994</Year>
                <Month>12</Month>
                <Day>1</Day>
            </PubMedPubDate>
            <PubMedPubDate PubStatus="medline">
                <Year>1994</Year>
                <Month>12</Month>
                <Day>1</Day>
                <Hour>0</Hour>
                <Minute>1</Minute>
            </PubMedPubDate>
            <PubMedPubDate PubStatus="entrez">
                <Year>1994</Year>
                <Month>12</Month>
                <Day>1</Day>
                <Hour>0</Hour>
                <Minute>0</Minute>
            </PubMedPubDate>
        </History>
        <PublicationStatus>ppublish</PublicationStatus>
        <ArticleIdList>
            <ArticleId IdType="pubmed">7819171</ArticleId>
            <ArticleId IdType="pmc">PMC504988</ArticleId>
            <ArticleId IdType="doi">10.1136/bjo.78.12.899</ArticleId>
        </ArticleIdList>
        <ReferenceList>
            <Reference>
                <Citation>Br J Ophthalmol. 1992 Apr;76(4):214-7</Citation>
                <ArticleIdList>
                    <ArticleId IdType="pubmed">1390487</ArticleId>
                </ArticleIdList>
            </Reference>
            <Reference>
                <Citation>Arch Ophthalmol. 1991 Nov;109(11):1564-8</Citation>
                <ArticleIdList>
                    <ArticleId IdType="pubmed">1755739</ArticleId>
                </ArticleIdList>
            </Reference>
            <Reference>
                <Citation>Ophthalmology. 1993 Sep;100(9):1297-304</Citation>
                <ArticleIdList>
                    <ArticleId IdType="pubmed">8371915</ArticleId>
                </ArticleIdList>
            </Reference>
            <Reference>
                <Citation>Ophthalmology. 1993 Sep;100(9):1305-11</Citation>
                <ArticleIdList>
                    <ArticleId IdType="pubmed">8371916</ArticleId>
                </ArticleIdList>
            </Reference>
            <Reference>
                <Citation>Graefes Arch Clin Exp Ophthalmol. 1985;222(3):139-41</Citation>
                <ArticleIdList>
                    <ArticleId IdType="pubmed">3856545</ArticleId>
                </ArticleIdList>
            </Reference>
            <Reference>
                <Citation>Am J Ophthalmol. 1988 Jan 15;105(1):30-4</Citation>
                <ArticleIdList>
                    <ArticleId IdType="pubmed">3337191</ArticleId>
                </ArticleIdList>
            </Reference>
            <Reference>
                <Citation>Curr Eye Res. 1989 Feb;8(2):131-8</Citation>
                <ArticleIdList>
                    <ArticleId IdType="pubmed">2540937</ArticleId>
                </ArticleIdList>
            </Reference>
            <Reference>
                <Citation>Br J Ophthalmol. 1989 Jun;73(6):419-26</Citation>
                <ArticleIdList>
                    <ArticleId IdType="pubmed">2751973</ArticleId>
                </ArticleIdList>
            </Reference>
            <Reference>
                <Citation>Ophthalmology. 1989 Sep;96(9):1329-36; discussion 1336-7</Citation>
                <ArticleIdList>
                    <ArticleId IdType="pubmed">2780003</ArticleId>
                </ArticleIdList>
            </Reference>
            <Reference>
                <Citation>Prog Clin Biol Res. 1989;312:349-68</Citation>
                <ArticleIdList>
                    <ArticleId IdType="pubmed">2508127</ArticleId>
                </ArticleIdList>
            </Reference>
            <Reference>
                <Citation>Prog Clin Biol Res. 1989;312:369-78</Citation>
                <ArticleIdList>
                    <ArticleId IdType="pubmed">2508128</ArticleId>
                </ArticleIdList>
            </Reference>
            <Reference>
                <Citation>Prog Clin Biol Res. 1989;312:387-416</Citation>
                <ArticleIdList>
                    <ArticleId IdType="pubmed">2678146</ArticleId>
                </ArticleIdList>
            </Reference>
            <Reference>
                <Citation>Exp Eye Res. 1990 Apr;50(4):419-28</Citation>
                <ArticleIdList>
                    <ArticleId IdType="pubmed">2338124</ArticleId>
                </ArticleIdList>
            </Reference>
            <Reference>
                <Citation>Arch Ophthalmol. 1990 Aug;108(8):1102-5</Citation>
                <ArticleIdList>
                    <ArticleId IdType="pubmed">2383198</ArticleId>
                </ArticleIdList>
            </Reference>
            <Reference>
                <Citation>Acta Ophthalmol (Copenh). 1990 Jun;68(3):341-3</Citation>
                <ArticleIdList>
                    <ArticleId IdType="pubmed">2392914</ArticleId>
                </ArticleIdList>
            </Reference>
            <Reference>
                <Citation>Invest Ophthalmol Vis Sci. 1990 Nov;31(11):2466-70</Citation>
                <ArticleIdList>
                    <ArticleId IdType="pubmed">2243010</ArticleId>
                </ArticleIdList>
            </Reference>
            <Reference>
                <Citation>Ophthalmology. 1991 Jul;98(7):1079-82</Citation>
                <ArticleIdList>
                    <ArticleId IdType="pubmed">1891217</ArticleId>
                </ArticleIdList>
            </Reference>
            <Reference>
                <Citation>Arch Ophthalmol. 1993 May;111(5):657-61</Citation>
                <ArticleIdList>
                    <ArticleId IdType="pubmed">8489449</ArticleId>
                </ArticleIdList>
            </Reference>
        </ReferenceList>
    </PubmedData>
</PubmedArticle>

</PubmedArticleSet>