<?xml version="1.0" ?>
<!DOCTYPE PubmedArticleSet PUBLIC "-//NLM//DTD PubMedArticle, 1st January 2019//EN" "https://dtd.nlm.nih.gov/ncbi/pubmed/out/pubmed_190101.dtd">
<PubmedArticleSet>
<PubmedArticle>
    <MedlineCitation Status="MEDLINE" Owner="NLM">
        <PMID Version="1">9034838</PMID>
        <DateCompleted>
            <Year>1997</Year>
            <Month>04</Month>
            <Day>16</Day>
        </DateCompleted>
        <DateRevised>
            <Year>2019</Year>
            <Month>09</Month>
            <Day>05</Day>
        </DateRevised>
        <Article PubModel="Print">
            <Journal>
                <ISSN IssnType="Print">0721-832X</ISSN>
                <JournalIssue CitedMedium="Print">
                    <Volume>235</Volume>
                    <Issue>1</Issue>
                    <PubDate>
                        <Year>1997</Year>
                        <Month>Jan</Month>
                    </PubDate>
                </JournalIssue>
                <Title>Graefe's archive for clinical and experimental ophthalmology = Albrecht von Graefes Archiv fur klinische und experimentelle Ophthalmologie</Title>
                <ISOAbbreviation>Graefes Arch Clin Exp Ophthalmol</ISOAbbreviation>
            </Journal>
            <ArticleTitle>The effect of latanoprost 0.005% once daily versus 0.0015% twice daily on intraocular pressure and aqueous humour protein concentration in glaucoma patients. A randomized, double-masked comparison with timolol 0.5%.</ArticleTitle>
            <Pagination>
                <MedlinePgn>20-6</MedlinePgn>
            </Pagination>
            <Abstract>
                <AbstractText Label="BACKGROUND" NlmCategory="BACKGROUND">Latanoprost is a PGF2 alpha analogue which reduces the intraocular pressure (IOP) by increasing the uveoscleral outflow. The objective of this study was to investigate the effect of two different regimens of latanoprost on the diurnal IOP and also the effect of latanoprost on the blood-aqueous barrier measured with a laser flare cell meter (Kowa FM-500). Moreover, the safety aspects of the two regimens regarding hyperemia were studied.</AbstractText>
                <AbstractText Label="METHODS" NlmCategory="METHODS">A double-masked, randomized study was performed in 30 patients (9 males, 21 females; mean age 61.9 years) with primary open-angle glaucoma or pseudoexfoliation glaucoma. Twenty patients were treated with latanoprost 0.0015% twice daily or 0.005% once daily for 3 weeks in a cross-over design. Ten patients received timolol 0.5% twice daily as control.</AbstractText>
                <AbstractText Label="RESULTS" NlmCategory="RESULTS">Latanoprost 0.005% once daily reduced IOP (+/- SEM) more effectively than latanoprost 0.0015% twice daily (9.8 +/- 0.9 mm Hg and 6.7 +/- 0.9 mm Hg, respectively). There was a statistically significant increase in the aqueous humour protein concentration within the timolol group (P = 0.004), but not within the latanoprost group (P = 0.97). There was no statistically significant difference in the change in aqueous humour protein concentration from baseline between latanoprost and timolol groups (P = 0.08). No statistically significant difference in conjunctival hyperemia between the two latanoprost regimens was found (P = 0.37).</AbstractText>
                <AbstractText Label="CONCLUSION" NlmCategory="CONCLUSIONS">Latanoprost 0.005% once daily reduced IOP more effectively than latanoprost 0.0015% twice daily (P &lt; 0.001). Latanoprost had no statistically or clinically significant effect on the blood-aqueous barrier. There was no difference in hyperemia between the two regimens. Both concentrations of latanoprost reduced IOP at least as well as timolol 0.5% eye drops.</AbstractText>
            </Abstract>
            <AuthorList CompleteYN="Y">
                <Author ValidYN="Y">
                    <LastName>Diestelhorst</LastName>
                    <ForeName>M</ForeName>
                    <Initials>M</Initials>
                    <AffiliationInfo>
                        <Affiliation>Department of Ophthalmology, University of Cologne, Germany.</Affiliation>
                    </AffiliationInfo>
                </Author>
                <Author ValidYN="Y">
                    <LastName>Roters</LastName>
                    <ForeName>S</ForeName>
                    <Initials>S</Initials>
                </Author>
                <Author ValidYN="Y">
                    <LastName>Krieglstein</LastName>
                    <ForeName>G K</ForeName>
                    <Initials>GK</Initials>
                </Author>
            </AuthorList>
            <Language>eng</Language>
            <PublicationTypeList>
                <PublicationType UI="D016430">Clinical Trial</PublicationType>
                <PublicationType UI="D003160">Comparative Study</PublicationType>
                <PublicationType UI="D016428">Journal Article</PublicationType>
                <PublicationType UI="D016449">Randomized Controlled Trial</PublicationType>
                <PublicationType UI="D013485">Research Support, Non-U.S. Gov't</PublicationType>
            </PublicationTypeList>
        </Article>
        <MedlineJournalInfo>
            <Country>Germany</Country>
            <MedlineTA>Graefes Arch Clin Exp Ophthalmol</MedlineTA>
            <NlmUniqueID>8205248</NlmUniqueID>
            <ISSNLinking>0721-832X</ISSNLinking>
        </MedlineJournalInfo>
        <ChemicalList>
            <Chemical>
                <RegistryNumber>0</RegistryNumber>
                <NameOfSubstance UI="D000319">Adrenergic beta-Antagonists</NameOfSubstance>
            </Chemical>
            <Chemical>
                <RegistryNumber>0</RegistryNumber>
                <NameOfSubstance UI="D005136">Eye Proteins</NameOfSubstance>
            </Chemical>
            <Chemical>
                <RegistryNumber>0</RegistryNumber>
                <NameOfSubstance UI="D009883">Ophthalmic Solutions</NameOfSubstance>
            </Chemical>
            <Chemical>
                <RegistryNumber>0</RegistryNumber>
                <NameOfSubstance UI="D011461">Prostaglandins F, Synthetic</NameOfSubstance>
            </Chemical>
            <Chemical>
                <RegistryNumber>6Z5B6HVF6O</RegistryNumber>
                <NameOfSubstance UI="D000077338">Latanoprost</NameOfSubstance>
            </Chemical>
            <Chemical>
                <RegistryNumber>817W3C6175</RegistryNumber>
                <NameOfSubstance UI="D013999">Timolol</NameOfSubstance>
            </Chemical>
        </ChemicalList>
        <CitationSubset>IM</CitationSubset>
        <MeshHeadingList>
            <MeshHeading>
                <DescriptorName UI="D000319" MajorTopicYN="N">Adrenergic beta-Antagonists</DescriptorName>
                <QualifierName UI="Q000008" MajorTopicYN="N">administration &amp; dosage</QualifierName>
            </MeshHeading>
            <MeshHeading>
                <DescriptorName UI="D000328" MajorTopicYN="N">Adult</DescriptorName>
            </MeshHeading>
            <MeshHeading>
                <DescriptorName UI="D000368" MajorTopicYN="N">Aged</DescriptorName>
            </MeshHeading>
            <MeshHeading>
                <DescriptorName UI="D001082" MajorTopicYN="N">Aqueous Humor</DescriptorName>
                <QualifierName UI="Q000378" MajorTopicYN="Y">metabolism</QualifierName>
            </MeshHeading>
            <MeshHeading>
                <DescriptorName UI="D018916" MajorTopicYN="N">Blood-Aqueous Barrier</DescriptorName>
                <QualifierName UI="Q000187" MajorTopicYN="N">drug effects</QualifierName>
            </MeshHeading>
            <MeshHeading>
                <DescriptorName UI="D018592" MajorTopicYN="N">Cross-Over Studies</DescriptorName>
            </MeshHeading>
            <MeshHeading>
                <DescriptorName UI="D004311" MajorTopicYN="N">Double-Blind Method</DescriptorName>
            </MeshHeading>
            <MeshHeading>
                <DescriptorName UI="D005136" MajorTopicYN="N">Eye Proteins</DescriptorName>
                <QualifierName UI="Q000378" MajorTopicYN="Y">metabolism</QualifierName>
            </MeshHeading>
            <MeshHeading>
                <DescriptorName UI="D005260" MajorTopicYN="N">Female</DescriptorName>
            </MeshHeading>
            <MeshHeading>
                <DescriptorName UI="D005901" MajorTopicYN="N">Glaucoma</DescriptorName>
                <QualifierName UI="Q000188" MajorTopicYN="Y">drug therapy</QualifierName>
                <QualifierName UI="Q000378" MajorTopicYN="N">metabolism</QualifierName>
            </MeshHeading>
            <MeshHeading>
                <DescriptorName UI="D006801" MajorTopicYN="N">Humans</DescriptorName>
            </MeshHeading>
            <MeshHeading>
                <DescriptorName UI="D007429" MajorTopicYN="N">Intraocular Pressure</DescriptorName>
                <QualifierName UI="Q000187" MajorTopicYN="Y">drug effects</QualifierName>
            </MeshHeading>
            <MeshHeading>
                <DescriptorName UI="D000077338" MajorTopicYN="N">Latanoprost</DescriptorName>
            </MeshHeading>
            <MeshHeading>
                <DescriptorName UI="D008297" MajorTopicYN="N">Male</DescriptorName>
            </MeshHeading>
            <MeshHeading>
                <DescriptorName UI="D008875" MajorTopicYN="N">Middle Aged</DescriptorName>
            </MeshHeading>
            <MeshHeading>
                <DescriptorName UI="D009883" MajorTopicYN="N">Ophthalmic Solutions</DescriptorName>
            </MeshHeading>
            <MeshHeading>
                <DescriptorName UI="D011461" MajorTopicYN="N">Prostaglandins F, Synthetic</DescriptorName>
                <QualifierName UI="Q000008" MajorTopicYN="Y">administration &amp; dosage</QualifierName>
                <QualifierName UI="Q000009" MajorTopicYN="N">adverse effects</QualifierName>
            </MeshHeading>
            <MeshHeading>
                <DescriptorName UI="D013999" MajorTopicYN="N">Timolol</DescriptorName>
                <QualifierName UI="Q000008" MajorTopicYN="N">administration &amp; dosage</QualifierName>
            </MeshHeading>
        </MeshHeadingList>
    </MedlineCitation>
    <PubmedData>
        <History>
            <PubMedPubDate PubStatus="pubmed">
                <Year>1997</Year>
                <Month>1</Month>
                <Day>1</Day>
            </PubMedPubDate>
            <PubMedPubDate PubStatus="medline">
                <Year>1997</Year>
                <Month>1</Month>
                <Day>1</Day>
                <Hour>0</Hour>
                <Minute>1</Minute>
            </PubMedPubDate>
            <PubMedPubDate PubStatus="entrez">
                <Year>1997</Year>
                <Month>1</Month>
                <Day>1</Day>
                <Hour>0</Hour>
                <Minute>0</Minute>
            </PubMedPubDate>
        </History>
        <PublicationStatus>ppublish</PublicationStatus>
        <ArticleIdList>
            <ArticleId IdType="pubmed">9034838</ArticleId>
            <ArticleId IdType="doi">10.1007/BF01007833</ArticleId>
        </ArticleIdList>
        <ReferenceList>
            <Reference>
                <Citation>Br J Ophthalmol. 1995 Jan;79(1):12-6</Citation>
                <ArticleIdList>
                    <ArticleId IdType="pubmed">7880782</ArticleId>
                </ArticleIdList>
            </Reference>
            <Reference>
                <Citation>Arch Ophthalmol. 1991 Nov;109(11):1564-8</Citation>
                <ArticleIdList>
                    <ArticleId IdType="pubmed">1755739</ArticleId>
                </ArticleIdList>
            </Reference>
            <Reference>
                <Citation>Exp Eye Res. 1989 May;48(5):707-16</Citation>
                <ArticleIdList>
                    <ArticleId IdType="pubmed">2737263</ArticleId>
                </ArticleIdList>
            </Reference>
            <Reference>
                <Citation>Arch Ophthalmol. 1993 Oct;111(10):1351-8</Citation>
                <ArticleIdList>
                    <ArticleId IdType="pubmed">8216015</ArticleId>
                </ArticleIdList>
            </Reference>
            <Reference>
                <Citation>Ophthalmology. 1993 Sep;100(9):1305-11</Citation>
                <ArticleIdList>
                    <ArticleId IdType="pubmed">8371916</ArticleId>
                </ArticleIdList>
            </Reference>
            <Reference>
                <Citation>Prog Clin Biol Res. 1989;312:349-68</Citation>
                <ArticleIdList>
                    <ArticleId IdType="pubmed">2508127</ArticleId>
                </ArticleIdList>
            </Reference>
            <Reference>
                <Citation>Br J Ophthalmol. 1992 Apr;76(4):214-7</Citation>
                <ArticleIdList>
                    <ArticleId IdType="pubmed">1390487</ArticleId>
                </ArticleIdList>
            </Reference>
            <Reference>
                <Citation>Br J Ophthalmol. 1989 Jun;73(6):419-26</Citation>
                <ArticleIdList>
                    <ArticleId IdType="pubmed">2751973</ArticleId>
                </ArticleIdList>
            </Reference>
            <Reference>
                <Citation>Surv Ophthalmol. 1997 Feb;41 Suppl 2:S125-8</Citation>
                <ArticleIdList>
                    <ArticleId IdType="pubmed">9154288</ArticleId>
                </ArticleIdList>
            </Reference>
            <Reference>
                <Citation>Ophthalmology. 1996 Jan;103(1):126-37</Citation>
                <ArticleIdList>
                    <ArticleId IdType="pubmed">8628543</ArticleId>
                </ArticleIdList>
            </Reference>
            <Reference>
                <Citation>Fortschr Ophthalmol. 1990;87(6):623-9</Citation>
                <ArticleIdList>
                    <ArticleId IdType="pubmed">2086407</ArticleId>
                </ArticleIdList>
            </Reference>
            <Reference>
                <Citation>Jpn J Ophthalmol. 1993;37(3):259-69</Citation>
                <ArticleIdList>
                    <ArticleId IdType="pubmed">8295363</ArticleId>
                </ArticleIdList>
            </Reference>
            <Reference>
                <Citation>Arch Ophthalmol. 1993 May;111(5):662-5</Citation>
                <ArticleIdList>
                    <ArticleId IdType="pubmed">8489450</ArticleId>
                </ArticleIdList>
            </Reference>
            <Reference>
                <Citation>Arch Ophthalmol. 1986 Jun;104(6):899-900</Citation>
                <ArticleIdList>
                    <ArticleId IdType="pubmed">3521561</ArticleId>
                </ArticleIdList>
            </Reference>
            <Reference>
                <Citation>Ophthalmology. 1996 Jan;103(1):138-47</Citation>
                <ArticleIdList>
                    <ArticleId IdType="pubmed">8628544</ArticleId>
                </ArticleIdList>
            </Reference>
            <Reference>
                <Citation>Curr Eye Res. 1987 Aug;6(8):1035-44</Citation>
                <ArticleIdList>
                    <ArticleId IdType="pubmed">3478175</ArticleId>
                </ArticleIdList>
            </Reference>
            <Reference>
                <Citation>Ophthalmology. 1993 Sep;100(9):1312-6; discussion 1316-7</Citation>
                <ArticleIdList>
                    <ArticleId IdType="pubmed">8371917</ArticleId>
                </ArticleIdList>
            </Reference>
            <Reference>
                <Citation>Exp Eye Res. 1990 Jul;51(1):87-91</Citation>
                <ArticleIdList>
                    <ArticleId IdType="pubmed">2373185</ArticleId>
                </ArticleIdList>
            </Reference>
            <Reference>
                <Citation>Acta Ophthalmol Scand. 1995 Jun;73(3):233-6</Citation>
                <ArticleIdList>
                    <ArticleId IdType="pubmed">7493234</ArticleId>
                </ArticleIdList>
            </Reference>
            <Reference>
                <Citation>Jpn J Ophthalmol. 1993;37(3):270-4</Citation>
                <ArticleIdList>
                    <ArticleId IdType="pubmed">8295364</ArticleId>
                </ArticleIdList>
            </Reference>
            <Reference>
                <Citation>Ophthalmology. 1995 Dec;102(12):1743-52</Citation>
                <ArticleIdList>
                    <ArticleId IdType="pubmed">9098273</ArticleId>
                </ArticleIdList>
            </Reference>
            <Reference>
                <Citation>Graefes Arch Clin Exp Ophthalmol. 1985;222(3):139-41</Citation>
                <ArticleIdList>
                    <ArticleId IdType="pubmed">3856545</ArticleId>
                </ArticleIdList>
            </Reference>
            <Reference>
                <Citation>Ophthalmology. 1993 Sep;100(9):1297-304</Citation>
                <ArticleIdList>
                    <ArticleId IdType="pubmed">8371915</ArticleId>
                </ArticleIdList>
            </Reference>
            <Reference>
                <Citation>Prog Clin Biol Res. 1989;312:477-81</Citation>
                <ArticleIdList>
                    <ArticleId IdType="pubmed">2678151</ArticleId>
                </ArticleIdList>
            </Reference>
            <Reference>
                <Citation>Exp Eye Res. 1989 Sep;49(3):389-402</Citation>
                <ArticleIdList>
                    <ArticleId IdType="pubmed">2792235</ArticleId>
                </ArticleIdList>
            </Reference>
            <Reference>
                <Citation>Br J Ophthalmol. 1989 Dec;73(12):975-9</Citation>
                <ArticleIdList>
                    <ArticleId IdType="pubmed">2611194</ArticleId>
                </ArticleIdList>
            </Reference>
            <Reference>
                <Citation>J Cataract Refract Surg. 1996;22 Suppl 1:788-93</Citation>
                <ArticleIdList>
                    <ArticleId IdType="pubmed">9279673</ArticleId>
                </ArticleIdList>
            </Reference>
        </ReferenceList>
    </PubmedData>
</PubmedArticle>

</PubmedArticleSet>