<?xml version="1.0" ?>
<!DOCTYPE PubmedArticleSet PUBLIC "-//NLM//DTD PubMedArticle, 1st January 2019//EN" "https://dtd.nlm.nih.gov/ncbi/pubmed/out/pubmed_190101.dtd">
<PubmedArticleSet>
<PubmedArticle>
    <MedlineCitation Status="MEDLINE" Owner="NLM">
        <PMID Version="1">20921927</PMID>
        <DateCompleted>
            <Year>2011</Year>
            <Month>03</Month>
            <Day>25</Day>
        </DateCompleted>
        <DateRevised>
            <Year>2017</Year>
            <Month>09</Month>
            <Day>22</Day>
        </DateRevised>
        <Article PubModel="Print">
            <Journal>
                <ISSN IssnType="Electronic">1539-2864</ISSN>
                <JournalIssue CitedMedium="Internet">
                    <Volume>31</Volume>
                    <Issue>2</Issue>
                    <PubDate>
                        <Year>2011</Year>
                        <Month>Feb</Month>
                    </PubDate>
                </JournalIssue>
                <Title>Retina (Philadelphia, Pa.)</Title>
                <ISOAbbreviation>Retina</ISOAbbreviation>
            </Journal>
            <ArticleTitle>Nidek MP1 is able to detect subtle decline in function in inherited and age-related atrophic macular disease with stable visual acuity.</ArticleTitle>
            <Pagination>
                <MedlinePgn>371-9</MedlinePgn>
            </Pagination>
            <ELocationID EIdType="doi" ValidYN="Y">10.1097/IAE.0b013e3181e46af3</ELocationID>
            <Abstract>
                <AbstractText Label="PURPOSE" NlmCategory="OBJECTIVE">To investigate whether the Nidek MP1 microperimeter (NAVIS software Version 1.7; Nidek Technologies, Padua, Italy) can detect functional decline in progressive atrophic macular disease with stable visual acuity.</AbstractText>
                <AbstractText Label="METHODS" NlmCategory="METHODS">Nine eyes of nine patients with stable acuity but progressive inherited or age-related atrophic macular disease evident on fundus autofluorescence imaging were reviewed. Each patient underwent 3 consecutive microperimetry tests at baseline, 6 months, and 12 months. Acuity, fixation, and microperimetry tests were performed at each visit. Changes in acuity, fixation stability, and macular sensitivity were analyzed. To detect regional change in retinal sensitivity, the test grid was divided into clusters based on either topographical or functional features. The mean sensitivities within each zone were also compared across the three visits.</AbstractText>
                <AbstractText Label="RESULTS" NlmCategory="RESULTS">In this cohort, there was no significant change in visual acuity, fixation stability, and macular sensitivity over 1 year. However, significant decline in mean sensitivity within the central macula and test loci adjacent to dense scotoma was found (P = 0.004 and 0.002, respectively). In contrast, mean sensitivity elsewhere remained stable.</AbstractText>
                <AbstractText Label="CONCLUSION" NlmCategory="CONCLUSIONS">The MP1 can detect significant change in regional retinal sensitivity within 12 months in patients with progressive atrophic macular disease and stable acuity. Individualized analysis of regional sensitivity may be a useful method for quantifying microperimetry.</AbstractText>
            </Abstract>
            <AuthorList CompleteYN="Y">
                <Author ValidYN="Y">
                    <LastName>Chen</LastName>
                    <ForeName>Fred K</ForeName>
                    <Initials>FK</Initials>
                    <AffiliationInfo>
                        <Affiliation>Moorfields Eye Hospital, London, United Kingdom.</Affiliation>
                    </AffiliationInfo>
                </Author>
                <Author ValidYN="Y">
                    <LastName>Patel</LastName>
                    <ForeName>Praveen J</ForeName>
                    <Initials>PJ</Initials>
                </Author>
                <Author ValidYN="Y">
                    <LastName>Webster</LastName>
                    <ForeName>Andrew R</ForeName>
                    <Initials>AR</Initials>
                </Author>
                <Author ValidYN="Y">
                    <LastName>Coffey</LastName>
                    <ForeName>Peter J</ForeName>
                    <Initials>PJ</Initials>
                </Author>
                <Author ValidYN="Y">
                    <LastName>Tufail</LastName>
                    <ForeName>Adnan</ForeName>
                    <Initials>A</Initials>
                </Author>
                <Author ValidYN="Y">
                    <LastName>Da Cruz</LastName>
                    <ForeName>Lyndon</ForeName>
                    <Initials>L</Initials>
                </Author>
            </AuthorList>
            <Language>eng</Language>
            <GrantList CompleteYN="Y">
                <Grant>
                    <GrantID>G1000730</GrantID>
                    <Agency>Medical Research Council</Agency>
                    <Country>United Kingdom</Country>
                </Grant>
            </GrantList>
            <PublicationTypeList>
                <PublicationType UI="D016428">Journal Article</PublicationType>
            </PublicationTypeList>
        </Article>
        <MedlineJournalInfo>
            <Country>United States</Country>
            <MedlineTA>Retina</MedlineTA>
            <NlmUniqueID>8309919</NlmUniqueID>
            <ISSNLinking>0275-004X</ISSNLinking>
        </MedlineJournalInfo>
        <CitationSubset>IM</CitationSubset>
        <MeshHeadingList>
            <MeshHeading>
                <DescriptorName UI="D000328" MajorTopicYN="N">Adult</DescriptorName>
            </MeshHeading>
            <MeshHeading>
                <DescriptorName UI="D000368" MajorTopicYN="N">Aged</DescriptorName>
            </MeshHeading>
            <MeshHeading>
                <DescriptorName UI="D018450" MajorTopicYN="N">Disease Progression</DescriptorName>
            </MeshHeading>
            <MeshHeading>
                <DescriptorName UI="D005260" MajorTopicYN="N">Female</DescriptorName>
            </MeshHeading>
            <MeshHeading>
                <DescriptorName UI="D005403" MajorTopicYN="N">Fixation, Ocular</DescriptorName>
                <QualifierName UI="Q000502" MajorTopicYN="N">physiology</QualifierName>
            </MeshHeading>
            <MeshHeading>
                <DescriptorName UI="D057092" MajorTopicYN="N">Geographic Atrophy</DescriptorName>
                <QualifierName UI="Q000175" MajorTopicYN="N">diagnosis</QualifierName>
                <QualifierName UI="Q000503" MajorTopicYN="N">physiopathology</QualifierName>
            </MeshHeading>
            <MeshHeading>
                <DescriptorName UI="D006801" MajorTopicYN="N">Humans</DescriptorName>
            </MeshHeading>
            <MeshHeading>
                <DescriptorName UI="D008268" MajorTopicYN="N">Macular Degeneration</DescriptorName>
                <QualifierName UI="Q000175" MajorTopicYN="N">diagnosis</QualifierName>
                <QualifierName UI="Q000503" MajorTopicYN="N">physiopathology</QualifierName>
            </MeshHeading>
            <MeshHeading>
                <DescriptorName UI="D008297" MajorTopicYN="N">Male</DescriptorName>
            </MeshHeading>
            <MeshHeading>
                <DescriptorName UI="D008875" MajorTopicYN="N">Middle Aged</DescriptorName>
            </MeshHeading>
            <MeshHeading>
                <DescriptorName UI="D009887" MajorTopicYN="N">Ophthalmoscopy</DescriptorName>
            </MeshHeading>
            <MeshHeading>
                <DescriptorName UI="D012164" MajorTopicYN="N">Retinal Diseases</DescriptorName>
                <QualifierName UI="Q000175" MajorTopicYN="Y">diagnosis</QualifierName>
                <QualifierName UI="Q000503" MajorTopicYN="N">physiopathology</QualifierName>
            </MeshHeading>
            <MeshHeading>
                <DescriptorName UI="D058499" MajorTopicYN="N">Retinal Dystrophies</DescriptorName>
                <QualifierName UI="Q000175" MajorTopicYN="N">diagnosis</QualifierName>
                <QualifierName UI="Q000503" MajorTopicYN="N">physiopathology</QualifierName>
            </MeshHeading>
            <MeshHeading>
                <DescriptorName UI="D012189" MajorTopicYN="N">Retrospective Studies</DescriptorName>
            </MeshHeading>
            <MeshHeading>
                <DescriptorName UI="D012607" MajorTopicYN="N">Scotoma</DescriptorName>
                <QualifierName UI="Q000175" MajorTopicYN="Y">diagnosis</QualifierName>
                <QualifierName UI="Q000503" MajorTopicYN="N">physiopathology</QualifierName>
            </MeshHeading>
            <MeshHeading>
                <DescriptorName UI="D014792" MajorTopicYN="N">Visual Acuity</DescriptorName>
                <QualifierName UI="Q000502" MajorTopicYN="Y">physiology</QualifierName>
            </MeshHeading>
            <MeshHeading>
                <DescriptorName UI="D058609" MajorTopicYN="N">Visual Field Tests</DescriptorName>
                <QualifierName UI="Q000379" MajorTopicYN="Y">methods</QualifierName>
            </MeshHeading>
            <MeshHeading>
                <DescriptorName UI="D014794" MajorTopicYN="N">Visual Fields</DescriptorName>
                <QualifierName UI="Q000502" MajorTopicYN="N">physiology</QualifierName>
            </MeshHeading>
        </MeshHeadingList>
    </MedlineCitation>
    <PubmedData>
        <History>
            <PubMedPubDate PubStatus="entrez">
                <Year>2010</Year>
                <Month>10</Month>
                <Day>6</Day>
                <Hour>6</Hour>
                <Minute>0</Minute>
            </PubMedPubDate>
            <PubMedPubDate PubStatus="pubmed">
                <Year>2010</Year>
                <Month>10</Month>
                <Day>6</Day>
                <Hour>6</Hour>
                <Minute>0</Minute>
            </PubMedPubDate>
            <PubMedPubDate PubStatus="medline">
                <Year>2011</Year>
                <Month>3</Month>
                <Day>26</Day>
                <Hour>6</Hour>
                <Minute>0</Minute>
            </PubMedPubDate>
        </History>
        <PublicationStatus>ppublish</PublicationStatus>
        <ArticleIdList>
            <ArticleId IdType="pubmed">20921927</ArticleId>
            <ArticleId IdType="doi">10.1097/IAE.0b013e3181e46af3</ArticleId>
        </ArticleIdList>
    </PubmedData>
</PubmedArticle>

</PubmedArticleSet>