<?xml version="1.0" ?>
<!DOCTYPE PubmedArticleSet PUBLIC "-//NLM//DTD PubMedArticle, 1st January 2019//EN" "https://dtd.nlm.nih.gov/ncbi/pubmed/out/pubmed_190101.dtd">
<PubmedArticleSet>
<PubmedArticle>
    <MedlineCitation Status="MEDLINE" Owner="NLM">
        <PMID Version="1">20926818</PMID>
        <DateCompleted>
            <Year>2011</Year>
            <Month>04</Month>
            <Day>01</Day>
        </DateCompleted>
        <DateRevised>
            <Year>2018</Year>
            <Month>11</Month>
            <Day>13</Day>
        </DateRevised>
        <Article PubModel="Electronic-Print">
            <Journal>
                <ISSN IssnType="Electronic">1552-5783</ISSN>
                <JournalIssue CitedMedium="Internet">
                    <Volume>52</Volume>
                    <Issue>2</Issue>
                    <PubDate>
                        <Year>2011</Year>
                        <Month>Feb</Month>
                    </PubDate>
                </JournalIssue>
                <Title>Investigative ophthalmology &amp; visual science</Title>
                <ISOAbbreviation>Invest Ophthalmol Vis Sci</ISOAbbreviation>
            </Journal>
            <ArticleTitle>Changes in retinal sensitivity in geographic atrophy progression as measured by microperimetry.</ArticleTitle>
            <Pagination>
                <MedlinePgn>1119-26</MedlinePgn>
            </Pagination>
            <ELocationID EIdType="doi" ValidYN="Y">10.1167/iovs.10-6075</ELocationID>
            <Abstract>
                <AbstractText Label="PURPOSE" NlmCategory="OBJECTIVE">To characterize changes in macular sensitivity during geographic atrophy (GA) progression using microperimetry.</AbstractText>
                <AbstractText Label="METHODS" NlmCategory="METHODS">Retinal sensitivity in the macular area was evaluated by microperimetry in 10 patients with bilateral GA, with adequate data obtained in 9 of 10 patients (n = 18 eyes). Patients had been enrolled in an interventional trial in which one eye had been randomized to treatment and the other eye observed. No treatment effect with regard to GA growth and microperimetric measurements was detected, and all eyes were analyzed. Microperimetric assessments of the central 20° of the macula were performed every 6 months over 24 months. Parameters analyzed included number of scotomatous points, mean retinal sensitivity of responding points, and fixation stability. Autofluorescence imaging and fundus photography were also obtained.</AbstractText>
                <AbstractText Label="RESULTS" NlmCategory="RESULTS">Microperimetric parameters demonstrated statistically significant changes as a function of time. Mean number of scotomatous points increased significantly with time (P = 0.004) at a rate of 4.4 points/year. Mean retinal sensitivities of all points, all responding points, and all perilesional points all decreased significantly with time (P &lt; 0.003), as did fixation quality within the 2° and 4° circles (P &lt; 0.002). The growth of GA lesion area was associated with the changes in the number of scotomatous points (P = 0.01) but not with changes in the other microperimetric parameters.</AbstractText>
                <AbstractText Label="CONCLUSIONS" NlmCategory="CONCLUSIONS">Macular sensitivity and fixation quality undergo progressive change during the GA progression, reflecting alterations in macular function extending beyond the GA lesion proper. Microperimetric measurements may provide useful functional outcome measures for the clinical study of GA.</AbstractText>
            </Abstract>
            <AuthorList CompleteYN="Y">
                <Author ValidYN="Y">
                    <LastName>Meleth</LastName>
                    <ForeName>Annal D</ForeName>
                    <Initials>AD</Initials>
                    <AffiliationInfo>
                        <Affiliation>Division of Epidemiology and Clinical Applications, National Institutes of Health, Bethesda 20892, USA.</Affiliation>
                    </AffiliationInfo>
                </Author>
                <Author ValidYN="Y">
                    <LastName>Mettu</LastName>
                    <ForeName>Pradeep</ForeName>
                    <Initials>P</Initials>
                </Author>
                <Author ValidYN="Y">
                    <LastName>Agrón</LastName>
                    <ForeName>Elvira</ForeName>
                    <Initials>E</Initials>
                </Author>
                <Author ValidYN="Y">
                    <LastName>Chew</LastName>
                    <ForeName>Emily Y</ForeName>
                    <Initials>EY</Initials>
                </Author>
                <Author ValidYN="Y">
                    <LastName>Sadda</LastName>
                    <ForeName>Srinivas R</ForeName>
                    <Initials>SR</Initials>
                </Author>
                <Author ValidYN="Y">
                    <LastName>Ferris</LastName>
                    <ForeName>Frederick L</ForeName>
                    <Initials>FL</Initials>
                </Author>
                <Author ValidYN="Y">
                    <LastName>Wong</LastName>
                    <ForeName>Wai T</ForeName>
                    <Initials>WT</Initials>
                </Author>
            </AuthorList>
            <Language>eng</Language>
            <DataBankList CompleteYN="Y">
                <DataBank>
                    <DataBankName>ClinicalTrials.gov</DataBankName>
                    <AccessionNumberList>
                        <AccessionNumber>NCT00306488</AccessionNumber>
                    </AccessionNumberList>
                </DataBank>
            </DataBankList>
            <GrantList CompleteYN="Y">
                <Grant>
                    <Agency>Intramural NIH HHS</Agency>
                    <Country>United States</Country>
                </Grant>
            </GrantList>
            <PublicationTypeList>
                <PublicationType UI="D017427">Clinical Trial, Phase II</PublicationType>
                <PublicationType UI="D016428">Journal Article</PublicationType>
                <PublicationType UI="D052060">Research Support, N.I.H., Intramural</PublicationType>
            </PublicationTypeList>
            <ArticleDate DateType="Electronic">
                <Year>2011</Year>
                <Month>02</Month>
                <Day>28</Day>
            </ArticleDate>
        </Article>
        <MedlineJournalInfo>
            <Country>United States</Country>
            <MedlineTA>Invest Ophthalmol Vis Sci</MedlineTA>
            <NlmUniqueID>7703701</NlmUniqueID>
            <ISSNLinking>0146-0404</ISSNLinking>
        </MedlineJournalInfo>
        <CitationSubset>IM</CitationSubset>
        <MeshHeadingList>
            <MeshHeading>
                <DescriptorName UI="D000368" MajorTopicYN="N">Aged</DescriptorName>
            </MeshHeading>
            <MeshHeading>
                <DescriptorName UI="D000369" MajorTopicYN="N">Aged, 80 and over</DescriptorName>
            </MeshHeading>
            <MeshHeading>
                <DescriptorName UI="D018450" MajorTopicYN="N">Disease Progression</DescriptorName>
            </MeshHeading>
            <MeshHeading>
                <DescriptorName UI="D005260" MajorTopicYN="N">Female</DescriptorName>
            </MeshHeading>
            <MeshHeading>
                <DescriptorName UI="D057092" MajorTopicYN="N">Geographic Atrophy</DescriptorName>
                <QualifierName UI="Q000503" MajorTopicYN="Y">physiopathology</QualifierName>
            </MeshHeading>
            <MeshHeading>
                <DescriptorName UI="D006801" MajorTopicYN="N">Humans</DescriptorName>
            </MeshHeading>
            <MeshHeading>
                <DescriptorName UI="D008297" MajorTopicYN="N">Male</DescriptorName>
            </MeshHeading>
            <MeshHeading>
                <DescriptorName UI="D012160" MajorTopicYN="N">Retina</DescriptorName>
                <QualifierName UI="Q000503" MajorTopicYN="Y">physiopathology</QualifierName>
            </MeshHeading>
            <MeshHeading>
                <DescriptorName UI="D012607" MajorTopicYN="N">Scotoma</DescriptorName>
                <QualifierName UI="Q000503" MajorTopicYN="Y">physiopathology</QualifierName>
            </MeshHeading>
            <MeshHeading>
                <DescriptorName UI="D014792" MajorTopicYN="N">Visual Acuity</DescriptorName>
                <QualifierName UI="Q000502" MajorTopicYN="N">physiology</QualifierName>
            </MeshHeading>
            <MeshHeading>
                <DescriptorName UI="D058609" MajorTopicYN="N">Visual Field Tests</DescriptorName>
            </MeshHeading>
        </MeshHeadingList>
    </MedlineCitation>
    <PubmedData>
        <History>
            <PubMedPubDate PubStatus="entrez">
                <Year>2010</Year>
                <Month>10</Month>
                <Day>8</Day>
                <Hour>6</Hour>
                <Minute>0</Minute>
            </PubMedPubDate>
            <PubMedPubDate PubStatus="pubmed">
                <Year>2010</Year>
                <Month>10</Month>
                <Day>12</Day>
                <Hour>6</Hour>
                <Minute>0</Minute>
            </PubMedPubDate>
            <PubMedPubDate PubStatus="medline">
                <Year>2011</Year>
                <Month>4</Month>
                <Day>2</Day>
                <Hour>6</Hour>
                <Minute>0</Minute>
            </PubMedPubDate>
        </History>
        <PublicationStatus>epublish</PublicationStatus>
        <ArticleIdList>
            <ArticleId IdType="pubmed">20926818</ArticleId>
            <ArticleId IdType="pii">iovs.10-6075</ArticleId>
            <ArticleId IdType="doi">10.1167/iovs.10-6075</ArticleId>
            <ArticleId IdType="pmc">PMC3053096</ArticleId>
        </ArticleIdList>
        <ReferenceList>
            <Reference>
                <Citation>Invest Ophthalmol Vis Sci. 2010 Aug;51(8):3846-52</Citation>
                <ArticleIdList>
                    <ArticleId IdType="pubmed">20357194</ArticleId>
                </ArticleIdList>
            </Reference>
            <Reference>
                <Citation>Curr Opin Ophthalmol. 2010 May;21(3):190-6</Citation>
                <ArticleIdList>
                    <ArticleId IdType="pubmed">20216419</ArticleId>
                </ArticleIdList>
            </Reference>
            <Reference>
                <Citation>Ophthalmology. 2010 Aug;117(8):1571-6, 1576.e1</Citation>
                <ArticleIdList>
                    <ArticleId IdType="pubmed">20472294</ArticleId>
                </ArticleIdList>
            </Reference>
            <Reference>
                <Citation>Invest Ophthalmol Vis Sci. 2010 Dec;51(12):6131-9</Citation>
                <ArticleIdList>
                    <ArticleId IdType="pubmed">20574018</ArticleId>
                </ArticleIdList>
            </Reference>
            <Reference>
                <Citation>Ophthalmic Epidemiol. 2005 Dec;12(6):353-62</Citation>
                <ArticleIdList>
                    <ArticleId IdType="pubmed">16283987</ArticleId>
                </ArticleIdList>
            </Reference>
            <Reference>
                <Citation>Am J Ophthalmol. 2005 Dec;140(6):1085-93</Citation>
                <ArticleIdList>
                    <ArticleId IdType="pubmed">16376656</ArticleId>
                </ArticleIdList>
            </Reference>
            <Reference>
                <Citation>Invest Ophthalmol Vis Sci. 2006 Jun;47(6):2655-61</Citation>
                <ArticleIdList>
                    <ArticleId IdType="pubmed">16723483</ArticleId>
                </ArticleIdList>
            </Reference>
            <Reference>
                <Citation>Ophthalmologe. 2006 Sep;103(9):791-7</Citation>
                <ArticleIdList>
                    <ArticleId IdType="pubmed">16874536</ArticleId>
                </ArticleIdList>
            </Reference>
            <Reference>
                <Citation>Retina. 2007 Jan;27(1):21-9</Citation>
                <ArticleIdList>
                    <ArticleId IdType="pubmed">17218911</ArticleId>
                </ArticleIdList>
            </Reference>
            <Reference>
                <Citation>Am J Ophthalmol. 2007 Mar;143(3):463-72</Citation>
                <ArticleIdList>
                    <ArticleId IdType="pubmed">17239336</ArticleId>
                </ArticleIdList>
            </Reference>
            <Reference>
                <Citation>Can J Ophthalmol. 2007 Oct;42(5):743-5</Citation>
                <ArticleIdList>
                    <ArticleId IdType="pubmed">17823641</ArticleId>
                </ArticleIdList>
            </Reference>
            <Reference>
                <Citation>Am J Ophthalmol. 2008 Jan;145(1):169-175</Citation>
                <ArticleIdList>
                    <ArticleId IdType="pubmed">17981256</ArticleId>
                </ArticleIdList>
            </Reference>
            <Reference>
                <Citation>Retina. 2008 Jan;28(1):125-33</Citation>
                <ArticleIdList>
                    <ArticleId IdType="pubmed">18185148</ArticleId>
                </ArticleIdList>
            </Reference>
            <Reference>
                <Citation>Ophthalmology. 2008 Sep;115(9):1480-8, 1488.e1-2</Citation>
                <ArticleIdList>
                    <ArticleId IdType="pubmed">18486216</ArticleId>
                </ArticleIdList>
            </Reference>
            <Reference>
                <Citation>Invest Ophthalmol Vis Sci. 2008 Sep;49(9):4137-44</Citation>
                <ArticleIdList>
                    <ArticleId IdType="pubmed">18487363</ArticleId>
                </ArticleIdList>
            </Reference>
            <Reference>
                <Citation>Prog Retin Eye Res. 2008 Sep;27(5):536-48</Citation>
                <ArticleIdList>
                    <ArticleId IdType="pubmed">18723109</ArticleId>
                </ArticleIdList>
            </Reference>
            <Reference>
                <Citation>Retina. 2000;20(2):162-9</Citation>
                <ArticleIdList>
                    <ArticleId IdType="pubmed">10783949</ArticleId>
                </ArticleIdList>
            </Reference>
            <Reference>
                <Citation>Invest Ophthalmol Vis Sci. 2001 Apr;42(5):1051-6</Citation>
                <ArticleIdList>
                    <ArticleId IdType="pubmed">11274085</ArticleId>
                </ArticleIdList>
            </Reference>
            <Reference>
                <Citation>Ophthalmology. 2001 Apr;108(4):697-704</Citation>
                <ArticleIdList>
                    <ArticleId IdType="pubmed">11297486</ArticleId>
                </ArticleIdList>
            </Reference>
            <Reference>
                <Citation>Invest Ophthalmol Vis Sci. 2004 Feb;45(2):574-83</Citation>
                <ArticleIdList>
                    <ArticleId IdType="pubmed">14744901</ArticleId>
                </ArticleIdList>
            </Reference>
            <Reference>
                <Citation>Eye (Lond). 1988;2 ( Pt 5):552-77</Citation>
                <ArticleIdList>
                    <ArticleId IdType="pubmed">2476333</ArticleId>
                </ArticleIdList>
            </Reference>
            <Reference>
                <Citation>Ophthalmology. 1991 May;98(5 Suppl):741-56</Citation>
                <ArticleIdList>
                    <ArticleId IdType="pubmed">2062510</ArticleId>
                </ArticleIdList>
            </Reference>
            <Reference>
                <Citation>Ophthalmology. 1996 Jun;103(6):871-7</Citation>
                <ArticleIdList>
                    <ArticleId IdType="pubmed">8643241</ArticleId>
                </ArticleIdList>
            </Reference>
            <Reference>
                <Citation>Ophthalmology. 1996 Sep;103(9):1458-66</Citation>
                <ArticleIdList>
                    <ArticleId IdType="pubmed">8841306</ArticleId>
                </ArticleIdList>
            </Reference>
            <Reference>
                <Citation>Ophthalmology. 1997 Oct;104(10):1677-91</Citation>
                <ArticleIdList>
                    <ArticleId IdType="pubmed">9331210</ArticleId>
                </ArticleIdList>
            </Reference>
            <Reference>
                <Citation>Invest Ophthalmol Vis Sci. 1999 Jul;40(8):1761-9</Citation>
                <ArticleIdList>
                    <ArticleId IdType="pubmed">10393046</ArticleId>
                </ArticleIdList>
            </Reference>
            <Reference>
                <Citation>Ophthalmology. 1999 Sep;106(9):1768-79</Citation>
                <ArticleIdList>
                    <ArticleId IdType="pubmed">10485549</ArticleId>
                </ArticleIdList>
            </Reference>
            <Reference>
                <Citation>Invest Ophthalmol Vis Sci. 2004 Dec;45(12):4470-6</Citation>
                <ArticleIdList>
                    <ArticleId IdType="pubmed">15557456</ArticleId>
                </ArticleIdList>
            </Reference>
            <Reference>
                <Citation>Ophthalmology. 2005 May;112(5):848-54</Citation>
                <ArticleIdList>
                    <ArticleId IdType="pubmed">15878065</ArticleId>
                </ArticleIdList>
            </Reference>
            <Reference>
                <Citation>Am J Ophthalmol. 2008 Nov;146(5):692-9</Citation>
                <ArticleIdList>
                    <ArticleId IdType="pubmed">18672224</ArticleId>
                </ArticleIdList>
            </Reference>
            <Reference>
                <Citation>Ophthalmic Res. 2009;41(1):9-13</Citation>
                <ArticleIdList>
                    <ArticleId IdType="pubmed">18849636</ArticleId>
                </ArticleIdList>
            </Reference>
            <Reference>
                <Citation>Arch Ophthalmol. 2009 Apr;127(4):533-40</Citation>
                <ArticleIdList>
                    <ArticleId IdType="pubmed">19365036</ArticleId>
                </ArticleIdList>
            </Reference>
            <Reference>
                <Citation>Retina. 2009 May;29(5):651-6</Citation>
                <ArticleIdList>
                    <ArticleId IdType="pubmed">19262440</ArticleId>
                </ArticleIdList>
            </Reference>
            <Reference>
                <Citation>Clin Experiment Ophthalmol. 2009 Apr;37(3):275-85</Citation>
                <ArticleIdList>
                    <ArticleId IdType="pubmed">19459869</ArticleId>
                </ArticleIdList>
            </Reference>
            <Reference>
                <Citation>Invest Ophthalmol Vis Sci. 2009 Jul;50(7):3464-72</Citation>
                <ArticleIdList>
                    <ArticleId IdType="pubmed">19324853</ArticleId>
                </ArticleIdList>
            </Reference>
            <Reference>
                <Citation>Arch Ophthalmol. 2009 Sep;127(9):1168-74</Citation>
                <ArticleIdList>
                    <ArticleId IdType="pubmed">19752426</ArticleId>
                </ArticleIdList>
            </Reference>
            <Reference>
                <Citation>Am J Ophthalmol. 2009 Oct;148(4):573-83</Citation>
                <ArticleIdList>
                    <ArticleId IdType="pubmed">19573860</ArticleId>
                </ArticleIdList>
            </Reference>
            <Reference>
                <Citation>PLoS One. 2009;4(10):e7418</Citation>
                <ArticleIdList>
                    <ArticleId IdType="pubmed">19823576</ArticleId>
                </ArticleIdList>
            </Reference>
            <Reference>
                <Citation>Retina. 2009 Oct;29(9):1314-20</Citation>
                <ArticleIdList>
                    <ArticleId IdType="pubmed">19491718</ArticleId>
                </ArticleIdList>
            </Reference>
            <Reference>
                <Citation>Vis Neurosci. 2009 Nov;26(5-6):487-94</Citation>
                <ArticleIdList>
                    <ArticleId IdType="pubmed">20003597</ArticleId>
                </ArticleIdList>
            </Reference>
            <Reference>
                <Citation>Graefes Arch Clin Exp Ophthalmol. 2010 May;248(5):651-8</Citation>
                <ArticleIdList>
                    <ArticleId IdType="pubmed">20024687</ArticleId>
                </ArticleIdList>
            </Reference>
            <Reference>
                <Citation>Ophthalmology. 2010 Aug;117(8):1554-9, 1559.e1</Citation>
                <ArticleIdList>
                    <ArticleId IdType="pubmed">20381870</ArticleId>
                </ArticleIdList>
            </Reference>
        </ReferenceList>
    </PubmedData>
</PubmedArticle>

</PubmedArticleSet>