<?xml version="1.0" ?>
<!DOCTYPE PubmedArticleSet PUBLIC "-//NLM//DTD PubMedArticle, 1st January 2019//EN" "https://dtd.nlm.nih.gov/ncbi/pubmed/out/pubmed_190101.dtd">
<PubmedArticleSet>
<PubmedArticle>
    <MedlineCitation Status="MEDLINE" Owner="NLM">
        <PMID Version="1">23410728</PMID>
        <DateCompleted>
            <Year>2013</Year>
            <Month>06</Month>
            <Day>17</Day>
        </DateCompleted>
        <DateRevised>
            <Year>2013</Year>
            <Month>04</Month>
            <Day>17</Day>
        </DateRevised>
        <Article PubModel="Print-Electronic">
            <Journal>
                <ISSN IssnType="Electronic">1468-2079</ISSN>
                <JournalIssue CitedMedium="Internet">
                    <Volume>97</Volume>
                    <Issue>5</Issue>
                    <PubDate>
                        <Year>2013</Year>
                        <Month>May</Month>
                    </PubDate>
                </JournalIssue>
                <Title>The British journal of ophthalmology</Title>
                <ISOAbbreviation>Br J Ophthalmol</ISOAbbreviation>
            </Journal>
            <ArticleTitle>Fundus autofluorescence and microperimetry in progressing geographic atrophy secondary to age-related macular degeneration.</ArticleTitle>
            <Pagination>
                <MedlinePgn>622-6</MedlinePgn>
            </Pagination>
            <ELocationID EIdType="doi" ValidYN="Y">10.1136/bjophthalmol-2012-302633</ELocationID>
            <Abstract>
                <AbstractText Label="PURPOSE" NlmCategory="OBJECTIVE">To prospectively analyse microperimetry, standard short-wavelength fundus autofluorescent (SW-FAF) and near infrared-wavelength FAF (NIR-FAF) changes in eyes with geographic atrophy (GA) secondary to age-related macular degeneration.</AbstractText>
                <AbstractText Label="METHODS" NlmCategory="METHODS">Twenty consecutive eyes (14 patients) affected by GA were enrolled. Repeated microperimetric examinations and FAF images were obtained over a mean follow-up period of 12.3±4.5 months.</AbstractText>
                <AbstractText Label="RESULTS" NlmCategory="RESULTS">GA area was always wider on NIR-FAF versus SW-FAF images (5.05±2.40 mm(2) vs 4.45±2.41 mm(2), p=0.005 baseline; 5.78±2.87 mm(2) vs 5.21±2.77 mm(2), p&lt;0.0001 follow-up). Mean retinal sensitivity significantly decreased during follow-up from 7.68±3.92 dB to 6.71±4.37 dB (p=0.0013). 47.3% of the relative dense scotomas (≤5 dB) progressed to dense scotoma (0 dB). Retinal areas showing relative dense scotoma and characterised by hypo-SW-FAF or hyper-NIR-FAF at baseline had a higher risk of evolving to dense scotoma compared with normo-FAF and hyper-FAF on SW-FAF (OR=2.62 and 2.77, respectively), or normo-FAF at NIR-FAF (OR=2.96).</AbstractText>
                <AbstractText Label="CONCLUSIONS" NlmCategory="CONCLUSIONS">SW-FAF, compared with NIR-FAF, underestimates GA area at baseline and at follow-up. The enlargement rate of progression based on NIR-FAF is not greater than on SW-FAF. Different SW-FAF and NIR-FAF patterns show different relative risk of progression from relative to dense scotoma. Microperimetry, SW-FAF and NIR-FAF should be combined to obtain adequate morphological and functional prospective information.</AbstractText>
            </Abstract>
            <AuthorList CompleteYN="Y">
                <Author ValidYN="Y">
                    <LastName>Pilotto</LastName>
                    <ForeName>Elisabetta</ForeName>
                    <Initials>E</Initials>
                    <AffiliationInfo>
                        <Affiliation>Department of Ophthalmology, University of Padova, via Giustiniani 2, Padova 35128, Italy.</Affiliation>
                    </AffiliationInfo>
                </Author>
                <Author ValidYN="Y">
                    <LastName>Guidolin</LastName>
                    <ForeName>Francesca</ForeName>
                    <Initials>F</Initials>
                </Author>
                <Author ValidYN="Y">
                    <LastName>Convento</LastName>
                    <ForeName>Enrica</ForeName>
                    <Initials>E</Initials>
                </Author>
                <Author ValidYN="Y">
                    <LastName>Spedicato</LastName>
                    <ForeName>Luigi</ForeName>
                    <Initials>L</Initials>
                </Author>
                <Author ValidYN="Y">
                    <LastName>Vujosevic</LastName>
                    <ForeName>Stela</ForeName>
                    <Initials>S</Initials>
                </Author>
                <Author ValidYN="Y">
                    <LastName>Cavarzeran</LastName>
                    <ForeName>Fabiano</ForeName>
                    <Initials>F</Initials>
                </Author>
                <Author ValidYN="Y">
                    <LastName>Midena</LastName>
                    <ForeName>Edoardo</ForeName>
                    <Initials>E</Initials>
                </Author>
            </AuthorList>
            <Language>eng</Language>
            <PublicationTypeList>
                <PublicationType UI="D016428">Journal Article</PublicationType>
            </PublicationTypeList>
            <ArticleDate DateType="Electronic">
                <Year>2013</Year>
                <Month>02</Month>
                <Day>14</Day>
            </ArticleDate>
        </Article>
        <MedlineJournalInfo>
            <Country>England</Country>
            <MedlineTA>Br J Ophthalmol</MedlineTA>
            <NlmUniqueID>0421041</NlmUniqueID>
            <ISSNLinking>0007-1161</ISSNLinking>
        </MedlineJournalInfo>
        <ChemicalList>
            <Chemical>
                <RegistryNumber>0</RegistryNumber>
                <NameOfSubstance UI="D008062">Lipofuscin</NameOfSubstance>
            </Chemical>
        </ChemicalList>
        <CitationSubset>IM</CitationSubset>
        <MeshHeadingList>
            <MeshHeading>
                <DescriptorName UI="D000368" MajorTopicYN="N">Aged</DescriptorName>
            </MeshHeading>
            <MeshHeading>
                <DescriptorName UI="D000369" MajorTopicYN="N">Aged, 80 and over</DescriptorName>
            </MeshHeading>
            <MeshHeading>
                <DescriptorName UI="D018450" MajorTopicYN="N">Disease Progression</DescriptorName>
            </MeshHeading>
            <MeshHeading>
                <DescriptorName UI="D005260" MajorTopicYN="N">Female</DescriptorName>
            </MeshHeading>
            <MeshHeading>
                <DescriptorName UI="D005451" MajorTopicYN="N">Fluorescein Angiography</DescriptorName>
            </MeshHeading>
            <MeshHeading>
                <DescriptorName UI="D005500" MajorTopicYN="N">Follow-Up Studies</DescriptorName>
            </MeshHeading>
            <MeshHeading>
                <DescriptorName UI="D005654" MajorTopicYN="N">Fundus Oculi</DescriptorName>
            </MeshHeading>
            <MeshHeading>
                <DescriptorName UI="D057092" MajorTopicYN="N">Geographic Atrophy</DescriptorName>
                <QualifierName UI="Q000175" MajorTopicYN="Y">diagnosis</QualifierName>
                <QualifierName UI="Q000209" MajorTopicYN="N">etiology</QualifierName>
            </MeshHeading>
            <MeshHeading>
                <DescriptorName UI="D006801" MajorTopicYN="N">Humans</DescriptorName>
            </MeshHeading>
            <MeshHeading>
                <DescriptorName UI="D008062" MajorTopicYN="N">Lipofuscin</DescriptorName>
                <QualifierName UI="Q000378" MajorTopicYN="N">metabolism</QualifierName>
            </MeshHeading>
            <MeshHeading>
                <DescriptorName UI="D008268" MajorTopicYN="N">Macular Degeneration</DescriptorName>
                <QualifierName UI="Q000150" MajorTopicYN="Y">complications</QualifierName>
            </MeshHeading>
            <MeshHeading>
                <DescriptorName UI="D008297" MajorTopicYN="N">Male</DescriptorName>
            </MeshHeading>
            <MeshHeading>
                <DescriptorName UI="D061848" MajorTopicYN="N">Optical Imaging</DescriptorName>
            </MeshHeading>
            <MeshHeading>
                <DescriptorName UI="D011446" MajorTopicYN="N">Prospective Studies</DescriptorName>
            </MeshHeading>
            <MeshHeading>
                <DescriptorName UI="D055213" MajorTopicYN="N">Retinal Pigment Epithelium</DescriptorName>
                <QualifierName UI="Q000378" MajorTopicYN="N">metabolism</QualifierName>
            </MeshHeading>
            <MeshHeading>
                <DescriptorName UI="D012307" MajorTopicYN="N">Risk Factors</DescriptorName>
            </MeshHeading>
            <MeshHeading>
                <DescriptorName UI="D012607" MajorTopicYN="N">Scotoma</DescriptorName>
                <QualifierName UI="Q000175" MajorTopicYN="Y">diagnosis</QualifierName>
                <QualifierName UI="Q000209" MajorTopicYN="N">etiology</QualifierName>
            </MeshHeading>
            <MeshHeading>
                <DescriptorName UI="D041623" MajorTopicYN="N">Tomography, Optical Coherence</DescriptorName>
            </MeshHeading>
            <MeshHeading>
                <DescriptorName UI="D014792" MajorTopicYN="N">Visual Acuity</DescriptorName>
                <QualifierName UI="Q000502" MajorTopicYN="N">physiology</QualifierName>
            </MeshHeading>
            <MeshHeading>
                <DescriptorName UI="D058609" MajorTopicYN="N">Visual Field Tests</DescriptorName>
            </MeshHeading>
        </MeshHeadingList>
    </MedlineCitation>
    <PubmedData>
        <History>
            <PubMedPubDate PubStatus="entrez">
                <Year>2013</Year>
                <Month>2</Month>
                <Day>16</Day>
                <Hour>6</Hour>
                <Minute>0</Minute>
            </PubMedPubDate>
            <PubMedPubDate PubStatus="pubmed">
                <Year>2013</Year>
                <Month>2</Month>
                <Day>16</Day>
                <Hour>6</Hour>
                <Minute>0</Minute>
            </PubMedPubDate>
            <PubMedPubDate PubStatus="medline">
                <Year>2013</Year>
                <Month>6</Month>
                <Day>19</Day>
                <Hour>6</Hour>
                <Minute>0</Minute>
            </PubMedPubDate>
        </History>
        <PublicationStatus>ppublish</PublicationStatus>
        <ArticleIdList>
            <ArticleId IdType="pubmed">23410728</ArticleId>
            <ArticleId IdType="pii">bjophthalmol-2012-302633</ArticleId>
            <ArticleId IdType="doi">10.1136/bjophthalmol-2012-302633</ArticleId>
        </ArticleIdList>
    </PubmedData>
</PubmedArticle>

</PubmedArticleSet>