<?xml version="1.0" ?>
<!DOCTYPE PubmedArticleSet PUBLIC "-//NLM//DTD PubMedArticle, 1st January 2019//EN" "https://dtd.nlm.nih.gov/ncbi/pubmed/out/pubmed_190101.dtd">
<PubmedArticleSet>
<PubmedArticle>
    <MedlineCitation Status="MEDLINE" Owner="NLM">
        <PMID Version="1">24093185</PMID>
        <DateCompleted>
            <Year>2014</Year>
            <Month>03</Month>
            <Day>19</Day>
        </DateCompleted>
        <DateRevised>
            <Year>2016</Year>
            <Month>10</Month>
            <Day>13</Day>
        </DateRevised>
        <Article PubModel="Print">
            <Journal>
                <ISSN IssnType="Electronic">1715-3360</ISSN>
                <JournalIssue CitedMedium="Internet">
                    <Volume>48</Volume>
                    <Issue>5</Issue>
                    <PubDate>
                        <Year>2013</Year>
                        <Month>Oct</Month>
                    </PubDate>
                </JournalIssue>
                <Title>Canadian journal of ophthalmology. Journal canadien d'ophtalmologie</Title>
                <ISOAbbreviation>Can J Ophthalmol</ISOAbbreviation>
            </Journal>
            <ArticleTitle>Microperimetry, fundus autofluorescence, and retinal layer changes in progressing geographic atrophy.</ArticleTitle>
            <Pagination>
                <MedlinePgn>386-93</MedlinePgn>
            </Pagination>
            <ELocationID EIdType="doi" ValidYN="Y">10.1016/j.jcjo.2013.03.022</ELocationID>
            <ELocationID EIdType="pii" ValidYN="Y">S0008-4182(13)00178-6</ELocationID>
            <Abstract>
                <AbstractText Label="OBJECTIVE" NlmCategory="OBJECTIVE">To analyze correlation among microperimetry, inner and outer retinal layers, and fundus autofluorescence (FAF) changes in eyes with progressing geographic atrophy (GA) secondary to age-related macular degeneration.</AbstractText>
                <AbstractText Label="METHODS" NlmCategory="METHODS">Microperimetry, spectral-domain optical coherence tomography (SD-OCT), standard short-wavelength FAF (SW-FAF), and near-infrared-wavelength FAF (NIR-FAF) were performed for all patients at both baseline and follow-up visits. FAF pattern, integrity of photoreceptor inner segment/outer segment (IS/OS) junction, total retinal thickness (RT), inner retinal layers (IRL), and outer retinal layers (ORL) thickness changes of every microperimetry extrafoveal tested point were analyzed.</AbstractText>
                <AbstractText Label="RESULTS" NlmCategory="RESULTS">A total of 366 microperimetry tested points were analyzed (6 patients, 7 eyes). Mean retinal sensitivity significantly decreased (p = 0.0149), and the percentage of dense scotomas significantly increased (p = 0.0125). Mean RT and mean ORL thickness significantly decreased (both p &lt; 0.0001). Mean IRL thickness significantly increased (p = 0.0001). The decrease of ORL thickness was inversely correlated to the IRL thinning (rho = -0.710). FAF pattern at baseline was correlated to RT and ORL thickness (both p &lt; 0.0001) and was significantly correlated to the risk to evolve to dense scotoma during follow-up (p = 0.0001 at SW-FAF, p &lt; 0.0001 at NIR-FAF). Tested points showing at baseline the loss of photoreceptor IS/OS junction had a greater risk for evolving to dense scotoma compared with those with intact photoreceptor IS/OS junction (odds ratio 3.56, 95% CI 2.41-5.27).</AbstractText>
                <AbstractText Label="CONCLUSIONS" NlmCategory="CONCLUSIONS">Retinal sensitivity changes are correlated to IRL and ORL thickness changes, and to photoreceptor IS/OS junction integrity. FAF patterns remain a relevant factor in predicting GA evolution. Microperimetry, SW-FAF and NIR-FAF, and SD-OCT should be combined to obtain adequate morphologic and functional prospective information.</AbstractText>
                <CopyrightInformation>© 2013 Canadian Ophthalmological Society. Published by Elsevier Inc. All rights reserved.</CopyrightInformation>
            </Abstract>
            <AuthorList CompleteYN="Y">
                <Author ValidYN="Y">
                    <LastName>Pilotto</LastName>
                    <ForeName>Elisabetta</ForeName>
                    <Initials>E</Initials>
                    <AffiliationInfo>
                        <Affiliation>Department of Ophthalmology, University of Padova, Padova.</Affiliation>
                    </AffiliationInfo>
                </Author>
                <Author ValidYN="Y">
                    <LastName>Benetti</LastName>
                    <ForeName>Elisa</ForeName>
                    <Initials>E</Initials>
                </Author>
                <Author ValidYN="Y">
                    <LastName>Convento</LastName>
                    <ForeName>Enrica</ForeName>
                    <Initials>E</Initials>
                </Author>
                <Author ValidYN="Y">
                    <LastName>Guidolin</LastName>
                    <ForeName>Francesca</ForeName>
                    <Initials>F</Initials>
                </Author>
                <Author ValidYN="Y">
                    <LastName>Longhin</LastName>
                    <ForeName>Evelyn</ForeName>
                    <Initials>E</Initials>
                </Author>
                <Author ValidYN="Y">
                    <LastName>Parrozzani</LastName>
                    <ForeName>Raffaele</ForeName>
                    <Initials>R</Initials>
                </Author>
                <Author ValidYN="Y">
                    <LastName>Midena</LastName>
                    <ForeName>Edoardo</ForeName>
                    <Initials>E</Initials>
                </Author>
            </AuthorList>
            <Language>eng</Language>
            <PublicationTypeList>
                <PublicationType UI="D016428">Journal Article</PublicationType>
            </PublicationTypeList>
        </Article>
        <MedlineJournalInfo>
            <Country>England</Country>
            <MedlineTA>Can J Ophthalmol</MedlineTA>
            <NlmUniqueID>0045312</NlmUniqueID>
            <ISSNLinking>0008-4182</ISSNLinking>
        </MedlineJournalInfo>
        <CitationSubset>IM</CitationSubset>
        <MeshHeadingList>
            <MeshHeading>
                <DescriptorName UI="D000368" MajorTopicYN="N">Aged</DescriptorName>
            </MeshHeading>
            <MeshHeading>
                <DescriptorName UI="D000369" MajorTopicYN="N">Aged, 80 and over</DescriptorName>
            </MeshHeading>
            <MeshHeading>
                <DescriptorName UI="D018450" MajorTopicYN="N">Disease Progression</DescriptorName>
            </MeshHeading>
            <MeshHeading>
                <DescriptorName UI="D005260" MajorTopicYN="N">Female</DescriptorName>
            </MeshHeading>
            <MeshHeading>
                <DescriptorName UI="D005451" MajorTopicYN="N">Fluorescein Angiography</DescriptorName>
                <QualifierName UI="Q000379" MajorTopicYN="Y">methods</QualifierName>
            </MeshHeading>
            <MeshHeading>
                <DescriptorName UI="D057092" MajorTopicYN="N">Geographic Atrophy</DescriptorName>
                <QualifierName UI="Q000175" MajorTopicYN="N">diagnosis</QualifierName>
                <QualifierName UI="Q000503" MajorTopicYN="Y">physiopathology</QualifierName>
            </MeshHeading>
            <MeshHeading>
                <DescriptorName UI="D006801" MajorTopicYN="N">Humans</DescriptorName>
            </MeshHeading>
            <MeshHeading>
                <DescriptorName UI="D008268" MajorTopicYN="N">Macular Degeneration</DescriptorName>
                <QualifierName UI="Q000175" MajorTopicYN="N">diagnosis</QualifierName>
                <QualifierName UI="Q000503" MajorTopicYN="N">physiopathology</QualifierName>
            </MeshHeading>
            <MeshHeading>
                <DescriptorName UI="D008297" MajorTopicYN="N">Male</DescriptorName>
            </MeshHeading>
            <MeshHeading>
                <DescriptorName UI="D012160" MajorTopicYN="N">Retina</DescriptorName>
                <QualifierName UI="Q000503" MajorTopicYN="Y">physiopathology</QualifierName>
            </MeshHeading>
            <MeshHeading>
                <DescriptorName UI="D055211" MajorTopicYN="N">Retinal Photoreceptor Cell Inner Segment</DescriptorName>
                <QualifierName UI="Q000473" MajorTopicYN="Y">pathology</QualifierName>
            </MeshHeading>
            <MeshHeading>
                <DescriptorName UI="D055214" MajorTopicYN="N">Retinal Photoreceptor Cell Outer Segment</DescriptorName>
                <QualifierName UI="Q000473" MajorTopicYN="Y">pathology</QualifierName>
            </MeshHeading>
            <MeshHeading>
                <DescriptorName UI="D013223" MajorTopicYN="N">Statistics as Topic</DescriptorName>
            </MeshHeading>
            <MeshHeading>
                <DescriptorName UI="D041623" MajorTopicYN="N">Tomography, Optical Coherence</DescriptorName>
                <QualifierName UI="Q000379" MajorTopicYN="Y">methods</QualifierName>
            </MeshHeading>
            <MeshHeading>
                <DescriptorName UI="D014792" MajorTopicYN="N">Visual Acuity</DescriptorName>
                <QualifierName UI="Q000502" MajorTopicYN="N">physiology</QualifierName>
            </MeshHeading>
            <MeshHeading>
                <DescriptorName UI="D058609" MajorTopicYN="N">Visual Field Tests</DescriptorName>
                <QualifierName UI="Q000379" MajorTopicYN="Y">methods</QualifierName>
            </MeshHeading>
            <MeshHeading>
                <DescriptorName UI="D014794" MajorTopicYN="N">Visual Fields</DescriptorName>
            </MeshHeading>
        </MeshHeadingList>
    </MedlineCitation>
    <PubmedData>
        <History>
            <PubMedPubDate PubStatus="received">
                <Year>2013</Year>
                <Month>02</Month>
                <Day>08</Day>
            </PubMedPubDate>
            <PubMedPubDate PubStatus="accepted">
                <Year>2013</Year>
                <Month>04</Month>
                <Day>18</Day>
            </PubMedPubDate>
            <PubMedPubDate PubStatus="entrez">
                <Year>2013</Year>
                <Month>10</Month>
                <Day>8</Day>
                <Hour>6</Hour>
                <Minute>0</Minute>
            </PubMedPubDate>
            <PubMedPubDate PubStatus="pubmed">
                <Year>2013</Year>
                <Month>10</Month>
                <Day>8</Day>
                <Hour>6</Hour>
                <Minute>0</Minute>
            </PubMedPubDate>
            <PubMedPubDate PubStatus="medline">
                <Year>2014</Year>
                <Month>3</Month>
                <Day>22</Day>
                <Hour>6</Hour>
                <Minute>0</Minute>
            </PubMedPubDate>
        </History>
        <PublicationStatus>ppublish</PublicationStatus>
        <ArticleIdList>
            <ArticleId IdType="pubmed">24093185</ArticleId>
            <ArticleId IdType="pii">S0008-4182(13)00178-6</ArticleId>
            <ArticleId IdType="doi">10.1016/j.jcjo.2013.03.022</ArticleId>
        </ArticleIdList>
    </PubmedData>
</PubmedArticle>

</PubmedArticleSet>