<?xml version="1.0" ?>
<!DOCTYPE PubmedArticleSet PUBLIC "-//NLM//DTD PubMedArticle, 1st January 2019//EN" "https://dtd.nlm.nih.gov/ncbi/pubmed/out/pubmed_190101.dtd">
<PubmedArticleSet>
<PubmedArticle>
    <MedlineCitation Status="MEDLINE" Owner="NLM">
        <PMID Version="1">25632841</PMID>
        <DateCompleted>
            <Year>2015</Year>
            <Month>06</Month>
            <Day>26</Day>
        </DateCompleted>
        <DateRevised>
            <Year>2015</Year>
            <Month>04</Month>
            <Day>10</Day>
        </DateRevised>
        <Article PubModel="Print">
            <Journal>
                <ISSN IssnType="Electronic">2168-6173</ISSN>
                <JournalIssue CitedMedium="Internet">
                    <Volume>133</Volume>
                    <Issue>4</Issue>
                    <PubDate>
                        <Year>2015</Year>
                        <Month>Apr</Month>
                    </PubDate>
                </JournalIssue>
                <Title>JAMA ophthalmology</Title>
                <ISOAbbreviation>JAMA Ophthalmol</ISOAbbreviation>
            </Journal>
            <ArticleTitle>Longitudinal changes in microperimetry and low luminance visual acuity in age-related macular degeneration.</ArticleTitle>
            <Pagination>
                <MedlinePgn>442-8</MedlinePgn>
            </Pagination>
            <ELocationID EIdType="doi" ValidYN="Y">10.1001/jamaophthalmol.2014.5963</ELocationID>
            <Abstract>
                <AbstractText Label="IMPORTANCE" NlmCategory="OBJECTIVE">There is a need for more sensitive measures of disease in intermediate age-related macular degeneration (AMD) to evaluate novel interventions more effectively and expediently.</AbstractText>
                <AbstractText Label="OBJECTIVE" NlmCategory="OBJECTIVE">To determine if microperimetry and low luminance visual acuity can detect functional changes over a short duration of follow-up.</AbstractText>
                <AbstractText Label="DESIGN, SETTING, AND PARTICIPANTS" NlmCategory="METHODS">Prospective longitudinal examination of 49 participants with consecutive AMD and 10 healthy participants in a research clinic from May 1, 2012, to December 31, 2013. Forty-one participants had intermediate AMD, 8 had nonfoveal geographic atrophy due to AMD. Participants underwent microperimetry examinations in 1 eye during a 12-month period at 6-month intervals for participants with AMD and at baseline and 12 months for control participants; low luminance visual acuity was performed at baseline and at 12 months for all participants. Changes in pathological features of intermediate AMD eyes were determined using side-by-side comparisons of color fundus photographs from the initial and final visit as remaining stable, progressed, or improved.</AbstractText>
                <AbstractText Label="MAIN OUTCOMES AND MEASURES" NlmCategory="METHODS">Microperimetric sensitivity and low luminance visual acuity.</AbstractText>
                <AbstractText Label="RESULTS" NlmCategory="RESULTS">A reduction in mean (SE) microperimetric pointwise sensitivity was identified at 12 months compared with the baseline for intermediate AMD eyes graded as stable (-0.31 dB [0.10 dB]; P = .003) or worsened (-0.42 dB [0.12 dB]; P &lt; .001) and an improvement in mean (SE) pointwise sensitivity was identified in eyes graded as improved (1.13 dB [0.23 dB]; P &lt; .001). A reduction in mean (SE) pointwise sensitivity was identified in eyes with nonfoveal geographic atrophy at both 6 months (-1.41 dB [0.22 dB]; P &lt; .001) and 12 months compared with the baseline (-2.56 dB [0.22 dB]; P &lt; .001) while a change in mean (SE) pointwise sensitivity was not identified over the 12-month period for control participants (-0.11 dB [0.11 dB]; P = .34). No changes in best-corrected visual acuity or low luminance visual acuity were identified in all groups over the 12-month period (P ≥ .07).</AbstractText>
                <AbstractText Label="CONCLUSIONS AND RELEVANCE" NlmCategory="CONCLUSIONS">Microperimetry detected subtle changes in visual function over a 12-month period in eyes with intermediate AMD but visual acuity measures did not identify any such changes. These findings suggest that microperimetry is worth exploring as a method for assessing the efficacy of novel interventions for intermediate AMD potentially requiring a shorter duration of follow-up.</AbstractText>
            </Abstract>
            <AuthorList CompleteYN="Y">
                <Author ValidYN="Y">
                    <LastName>Wu</LastName>
                    <ForeName>Zhichao</ForeName>
                    <Initials>Z</Initials>
                    <AffiliationInfo>
                        <Affiliation>Centre for Eye Research Australia, University of Melbourne, Royal Victorian Eye and Ear Hospital, Victoria, Australia.</Affiliation>
                    </AffiliationInfo>
                </Author>
                <Author ValidYN="Y">
                    <LastName>Ayton</LastName>
                    <ForeName>Lauren N</ForeName>
                    <Initials>LN</Initials>
                    <AffiliationInfo>
                        <Affiliation>Centre for Eye Research Australia, University of Melbourne, Royal Victorian Eye and Ear Hospital, Victoria, Australia.</Affiliation>
                    </AffiliationInfo>
                </Author>
                <Author ValidYN="Y">
                    <LastName>Luu</LastName>
                    <ForeName>Chi D</ForeName>
                    <Initials>CD</Initials>
                    <AffiliationInfo>
                        <Affiliation>Centre for Eye Research Australia, University of Melbourne, Royal Victorian Eye and Ear Hospital, Victoria, Australia.</Affiliation>
                    </AffiliationInfo>
                </Author>
                <Author ValidYN="Y">
                    <LastName>Guymer</LastName>
                    <ForeName>Robyn H</ForeName>
                    <Initials>RH</Initials>
                    <AffiliationInfo>
                        <Affiliation>Centre for Eye Research Australia, University of Melbourne, Royal Victorian Eye and Ear Hospital, Victoria, Australia.</Affiliation>
                    </AffiliationInfo>
                </Author>
            </AuthorList>
            <Language>eng</Language>
            <PublicationTypeList>
                <PublicationType UI="D016428">Journal Article</PublicationType>
                <PublicationType UI="D013485">Research Support, Non-U.S. Gov't</PublicationType>
            </PublicationTypeList>
        </Article>
        <MedlineJournalInfo>
            <Country>United States</Country>
            <MedlineTA>JAMA Ophthalmol</MedlineTA>
            <NlmUniqueID>101589539</NlmUniqueID>
            <ISSNLinking>2168-6165</ISSNLinking>
        </MedlineJournalInfo>
        <CitationSubset>AIM</CitationSubset>
        <CitationSubset>IM</CitationSubset>
        <MeshHeadingList>
            <MeshHeading>
                <DescriptorName UI="D000368" MajorTopicYN="N">Aged</DescriptorName>
            </MeshHeading>
            <MeshHeading>
                <DescriptorName UI="D000369" MajorTopicYN="N">Aged, 80 and over</DescriptorName>
            </MeshHeading>
            <MeshHeading>
                <DescriptorName UI="D018450" MajorTopicYN="N">Disease Progression</DescriptorName>
            </MeshHeading>
            <MeshHeading>
                <DescriptorName UI="D005260" MajorTopicYN="N">Female</DescriptorName>
            </MeshHeading>
            <MeshHeading>
                <DescriptorName UI="D005500" MajorTopicYN="N">Follow-Up Studies</DescriptorName>
            </MeshHeading>
            <MeshHeading>
                <DescriptorName UI="D057092" MajorTopicYN="N">Geographic Atrophy</DescriptorName>
                <QualifierName UI="Q000175" MajorTopicYN="N">diagnosis</QualifierName>
                <QualifierName UI="Q000503" MajorTopicYN="Y">physiopathology</QualifierName>
            </MeshHeading>
            <MeshHeading>
                <DescriptorName UI="D006801" MajorTopicYN="N">Humans</DescriptorName>
            </MeshHeading>
            <MeshHeading>
                <DescriptorName UI="D008027" MajorTopicYN="N">Light</DescriptorName>
            </MeshHeading>
            <MeshHeading>
                <DescriptorName UI="D008297" MajorTopicYN="N">Male</DescriptorName>
            </MeshHeading>
            <MeshHeading>
                <DescriptorName UI="D008875" MajorTopicYN="N">Middle Aged</DescriptorName>
            </MeshHeading>
            <MeshHeading>
                <DescriptorName UI="D064847" MajorTopicYN="N">Multimodal Imaging</DescriptorName>
            </MeshHeading>
            <MeshHeading>
                <DescriptorName UI="D012680" MajorTopicYN="N">Sensitivity and Specificity</DescriptorName>
            </MeshHeading>
            <MeshHeading>
                <DescriptorName UI="D041623" MajorTopicYN="N">Tomography, Optical Coherence</DescriptorName>
            </MeshHeading>
            <MeshHeading>
                <DescriptorName UI="D014792" MajorTopicYN="N">Visual Acuity</DescriptorName>
                <QualifierName UI="Q000502" MajorTopicYN="Y">physiology</QualifierName>
            </MeshHeading>
            <MeshHeading>
                <DescriptorName UI="D058609" MajorTopicYN="Y">Visual Field Tests</DescriptorName>
            </MeshHeading>
            <MeshHeading>
                <DescriptorName UI="D014794" MajorTopicYN="N">Visual Fields</DescriptorName>
                <QualifierName UI="Q000502" MajorTopicYN="Y">physiology</QualifierName>
            </MeshHeading>
            <MeshHeading>
                <DescriptorName UI="D057135" MajorTopicYN="N">Wet Macular Degeneration</DescriptorName>
                <QualifierName UI="Q000175" MajorTopicYN="N">diagnosis</QualifierName>
                <QualifierName UI="Q000503" MajorTopicYN="Y">physiopathology</QualifierName>
            </MeshHeading>
        </MeshHeadingList>
    </MedlineCitation>
    <PubmedData>
        <History>
            <PubMedPubDate PubStatus="entrez">
                <Year>2015</Year>
                <Month>1</Month>
                <Day>31</Day>
                <Hour>6</Hour>
                <Minute>0</Minute>
            </PubMedPubDate>
            <PubMedPubDate PubStatus="pubmed">
                <Year>2015</Year>
                <Month>1</Month>
                <Day>31</Day>
                <Hour>6</Hour>
                <Minute>0</Minute>
            </PubMedPubDate>
            <PubMedPubDate PubStatus="medline">
                <Year>2015</Year>
                <Month>6</Month>
                <Day>27</Day>
                <Hour>6</Hour>
                <Minute>0</Minute>
            </PubMedPubDate>
        </History>
        <PublicationStatus>ppublish</PublicationStatus>
        <ArticleIdList>
            <ArticleId IdType="pubmed">25632841</ArticleId>
            <ArticleId IdType="pii">2091792</ArticleId>
            <ArticleId IdType="doi">10.1001/jamaophthalmol.2014.5963</ArticleId>
        </ArticleIdList>
    </PubmedData>
</PubmedArticle>

</PubmedArticleSet>