<?xml version="1.0" ?>
<!DOCTYPE PubmedArticleSet PUBLIC "-//NLM//DTD PubMedArticle, 1st January 2019//EN" "https://dtd.nlm.nih.gov/ncbi/pubmed/out/pubmed_190101.dtd">
<PubmedArticleSet>
<PubmedArticle>
    <MedlineCitation Status="MEDLINE" Owner="NLM">
        <PMID Version="1">28472362</PMID>
        <DateCompleted>
            <Year>2017</Year>
            <Month>07</Month>
            <Day>19</Day>
        </DateCompleted>
        <DateRevised>
            <Year>2019</Year>
            <Month>10</Month>
            <Day>08</Day>
        </DateRevised>
        <Article PubModel="Print">
            <Journal>
                <ISSN IssnType="Electronic">2168-6173</ISSN>
                <JournalIssue CitedMedium="Internet">
                    <Volume>135</Volume>
                    <Issue>6</Issue>
                    <PubDate>
                        <Year>2017</Year>
                        <Month>06</Month>
                        <Day>01</Day>
                    </PubDate>
                </JournalIssue>
                <Title>JAMA ophthalmology</Title>
                <ISOAbbreviation>JAMA Ophthalmol</ISOAbbreviation>
            </Journal>
            <ArticleTitle>Association of Diabetic Macular Edema and Proliferative Diabetic Retinopathy With Cardiovascular Disease: A Systematic Review and Meta-analysis.</ArticleTitle>
            <Pagination>
                <MedlinePgn>586-593</MedlinePgn>
            </Pagination>
            <ELocationID EIdType="doi" ValidYN="Y">10.1001/jamaophthalmol.2017.0988</ELocationID>
            <Abstract>
                <AbstractText Label="Importance">Previous studies on the relationship between diabetic retinopathy (DR) and cardiovascular disease (CVD) focused on the early stages of DR. Understanding whether patients with type 2 diabetes and severe stages of DR (diabetic macular edema [DME] and proliferative diabetic retinopathy [PDR]) have a higher risk of CVD will allow physicians to more effectively counsel patients.</AbstractText>
                <AbstractText Label="Objective">To examine the association of severe stages of DR (DME and PDR) with incident CVD in patients with type 2 diabetes.</AbstractText>
                <AbstractText Label="Data Sources">English-language publications were reviewed for articles evaluating the relationship of DR and CVD in MEDLINE, EMBASE, Current Contents, and the Cochrane Library from inception (January 1, 1950) to December 31, 2014, using the search terms diabetic retinopathy OR macular edema AND stroke OR cerebrovascular disease OR coronary artery disease OR heart failure OR myocardial infarction OR angina pectoris OR acute coronary syndrome OR coronary artery disease OR cardiomyopathy.</AbstractText>
                <AbstractText Label="Study Selection">Among 656 studies screened for eligibility, 7604 individuals were included from 8 prospective population-based studies with data on photographic-based DR grading, follow-up visits, and well-defined incident CVD end point.</AbstractText>
                <AbstractText Label="Data Extraction and Synthesis">Two independent reviewers conducted a systematic search of the 4 databases, and a single pooled database was developed. Incidence rate ratios (IRRs) were estimated for patients with DME, PDR, and vision-threatening DR, compared with persons without these conditions, by using individual participant data followed by a standard inverse-variance meta-analysis (2-step analysis). The review and analyses were performed from January 1, 2009, to January 1, 2017.</AbstractText>
                <AbstractText Label="Main Outcome and Measures">Incident CVD, including coronary heart disease, stroke, or death from cardiovascular causes.</AbstractText>
                <AbstractText Label="Results">Among 7604 patients with type 2 diabetes, the prevalence of DME was 4.6% and PDR, 7.4%. After a mean follow-up of 5.9 years (range, 3.2-10.1 years), 1203 incident CVD events, including 916 coronary heart disease cases, were reported. Persons with DME or PDR were more likely to have incident CVD (IRR, 1.39; 95% CI, 1.16-1.67) and fatal CVD (IRR, 2.33; 95% CI, 1.49-3.67) compared with those without DME or PDR.</AbstractText>
                <AbstractText Label="Conclusions and Relevance">Patients with type 2 diabetes and DME or PDR have an increased risk of incident CVD, which suggests that these persons should be followed up more closely to prevent CVD.</AbstractText>
            </Abstract>
            <AuthorList CompleteYN="Y">
                <Author ValidYN="Y">
                    <LastName>Xie</LastName>
                    <ForeName>Jing</ForeName>
                    <Initials>J</Initials>
                    <AffiliationInfo>
                        <Affiliation>Centre for Eye Research Australia, University of Melbourne, East Melbourne, Victoria, Australia.</Affiliation>
                    </AffiliationInfo>
                </Author>
                <Author ValidYN="Y">
                    <LastName>Ikram</LastName>
                    <ForeName>M Kamran</ForeName>
                    <Initials>MK</Initials>
                    <AffiliationInfo>
                        <Affiliation>Singapore Eye Research Institute, Singapore National Eye Centre, National University of Singapore, Singapore3Duke-NUS Medical School, National University of Singapore, Singapore.</Affiliation>
                    </AffiliationInfo>
                </Author>
                <Author ValidYN="Y">
                    <LastName>Cotch</LastName>
                    <ForeName>Mary Frances</ForeName>
                    <Initials>MF</Initials>
                    <AffiliationInfo>
                        <Affiliation>Division of Epidemiology and Clinical Applications, National Eye Institute, Intramural Research Program, National Institutes of Health, Bethesda, Maryland.</Affiliation>
                    </AffiliationInfo>
                </Author>
                <Author ValidYN="Y">
                    <LastName>Klein</LastName>
                    <ForeName>Barbara</ForeName>
                    <Initials>B</Initials>
                    <AffiliationInfo>
                        <Affiliation>Department of Ophthalmology and Visual Sciences, University of Wisconsin School of Medicine and Public Health, Madison.</Affiliation>
                    </AffiliationInfo>
                </Author>
                <Author ValidYN="Y">
                    <LastName>Varma</LastName>
                    <ForeName>Rohit</ForeName>
                    <Initials>R</Initials>
                    <AffiliationInfo>
                        <Affiliation>Department of Ophthalmology and Visual Sciences, University of Illinois College of Medicine at Chicago, Chicago.</Affiliation>
                    </AffiliationInfo>
                </Author>
                <Author ValidYN="Y">
                    <LastName>Shaw</LastName>
                    <ForeName>Jonathan E</ForeName>
                    <Initials>JE</Initials>
                    <AffiliationInfo>
                        <Affiliation>Baker Heart and Diabetes Institute, Melbourne, Victoria, Australia.</Affiliation>
                    </AffiliationInfo>
                </Author>
                <Author ValidYN="Y">
                    <LastName>Klein</LastName>
                    <ForeName>Ronald</ForeName>
                    <Initials>R</Initials>
                    <AffiliationInfo>
                        <Affiliation>Department of Ophthalmology and Visual Sciences, University of Wisconsin School of Medicine and Public Health, Madison.</Affiliation>
                    </AffiliationInfo>
                </Author>
                <Author ValidYN="Y">
                    <LastName>Mitchell</LastName>
                    <ForeName>Paul</ForeName>
                    <Initials>P</Initials>
                    <AffiliationInfo>
                        <Affiliation>Centre for Vision Research, Westmead Insitute for Medical Research and University of Sydney, Sydney, New South Wales, Australia.</Affiliation>
                    </AffiliationInfo>
                </Author>
                <Author ValidYN="Y">
                    <LastName>Lamoureux</LastName>
                    <ForeName>Ecosse L</ForeName>
                    <Initials>EL</Initials>
                    <AffiliationInfo>
                        <Affiliation>Singapore Eye Research Institute, Singapore National Eye Centre, National University of Singapore, Singapore3Duke-NUS Medical School, National University of Singapore, Singapore.</Affiliation>
                    </AffiliationInfo>
                </Author>
                <Author ValidYN="Y">
                    <LastName>Wong</LastName>
                    <ForeName>Tien Yin</ForeName>
                    <Initials>TY</Initials>
                    <AffiliationInfo>
                        <Affiliation>Singapore Eye Research Institute, Singapore National Eye Centre, National University of Singapore, Singapore3Duke-NUS Medical School, National University of Singapore, Singapore.</Affiliation>
                    </AffiliationInfo>
                </Author>
            </AuthorList>
            <Language>eng</Language>
            <GrantList CompleteYN="Y">
                <Grant>
                    <GrantID>Z01 EY000426-05</GrantID>
                    <Agency>Intramural NIH HHS</Agency>
                    <Country>United States</Country>
                </Grant>
                <Grant>
                    <GrantID>Z99 EY999999</GrantID>
                    <Agency>Intramural NIH HHS</Agency>
                    <Country>United States</Country>
                </Grant>
                <Grant>
                    <GrantID>ZIA EY000403-13</GrantID>
                    <Agency>Intramural NIH HHS</Agency>
                    <Country>United States</Country>
                </Grant>
                <Grant>
                    <GrantID>ZIA EY000426-10</GrantID>
                    <Agency>Intramural NIH HHS</Agency>
                    <Country>United States</Country>
                </Grant>
                <Grant>
                    <GrantID>ZIA EY000426-13</GrantID>
                    <Agency>Intramural NIH HHS</Agency>
                    <Country>United States</Country>
                </Grant>
                <Grant>
                    <GrantID>ZIA EY000403-14</GrantID>
                    <Agency>Intramural NIH HHS</Agency>
                    <Country>United States</Country>
                </Grant>
                <Grant>
                    <GrantID>ZIA EY000426-08</GrantID>
                    <Agency>Intramural NIH HHS</Agency>
                    <Country>United States</Country>
                </Grant>
                <Grant>
                    <GrantID>ZIA EY000403-11</GrantID>
                    <Agency>Intramural NIH HHS</Agency>
                    <Country>United States</Country>
                </Grant>
                <Grant>
                    <GrantID>Z01 EY000426-04</GrantID>
                    <Agency>Intramural NIH HHS</Agency>
                    <Country>United States</Country>
                </Grant>
                <Grant>
                    <GrantID>ZIA EY000426-11</GrantID>
                    <Agency>Intramural NIH HHS</Agency>
                    <Country>United States</Country>
                </Grant>
                <Grant>
                    <GrantID>ZIA EY000403-10</GrantID>
                    <Agency>Intramural NIH HHS</Agency>
                    <Country>United States</Country>
                </Grant>
                <Grant>
                    <GrantID>ZIA EY000403-09</GrantID>
                    <Agency>Intramural NIH HHS</Agency>
                    <Country>United States</Country>
                </Grant>
                <Grant>
                    <GrantID>Z01 EY000403-06</GrantID>
                    <Agency>Intramural NIH HHS</Agency>
                    <Country>United States</Country>
                </Grant>
                <Grant>
                    <GrantID>ZIA EY000403-08</GrantID>
                    <Agency>Intramural NIH HHS</Agency>
                    <Country>United States</Country>
                </Grant>
                <Grant>
                    <GrantID>Z01 EY000403-07</GrantID>
                    <Agency>Intramural NIH HHS</Agency>
                    <Country>United States</Country>
                </Grant>
                <Grant>
                    <GrantID>ZIA EY000426-09</GrantID>
                    <Agency>Intramural NIH HHS</Agency>
                    <Country>United States</Country>
                </Grant>
                <Grant>
                    <GrantID>ZIA EY000426-07</GrantID>
                    <Agency>Intramural NIH HHS</Agency>
                    <Country>United States</Country>
                </Grant>
                <Grant>
                    <GrantID>ZIA EY000426-12</GrantID>
                    <Agency>Intramural NIH HHS</Agency>
                    <Country>United States</Country>
                </Grant>
                <Grant>
                    <GrantID>ZIA EY000426-06</GrantID>
                    <Agency>Intramural NIH HHS</Agency>
                    <Country>United States</Country>
                </Grant>
                <Grant>
                    <GrantID>ZIA EY000403-15</GrantID>
                    <Agency>Intramural NIH HHS</Agency>
                    <Country>United States</Country>
                </Grant>
                <Grant>
                    <GrantID>ZIA EY000403-12</GrantID>
                    <Agency>Intramural NIH HHS</Agency>
                    <Country>United States</Country>
                </Grant>
            </GrantList>
            <PublicationTypeList>
                <PublicationType UI="D016428">Journal Article</PublicationType>
                <PublicationType UI="D017418">Meta-Analysis</PublicationType>
                <PublicationType UI="D016454">Review</PublicationType>
                <PublicationType UI="D000078182">Systematic Review</PublicationType>
            </PublicationTypeList>
        </Article>
        <MedlineJournalInfo>
            <Country>United States</Country>
            <MedlineTA>JAMA Ophthalmol</MedlineTA>
            <NlmUniqueID>101589539</NlmUniqueID>
            <ISSNLinking>2168-6165</ISSNLinking>
        </MedlineJournalInfo>
        <CitationSubset>AIM</CitationSubset>
        <CitationSubset>IM</CitationSubset>
        <MeshHeadingList>
            <MeshHeading>
                <DescriptorName UI="D002318" MajorTopicYN="N">Cardiovascular Diseases</DescriptorName>
                <QualifierName UI="Q000453" MajorTopicYN="N">epidemiology</QualifierName>
                <QualifierName UI="Q000209" MajorTopicYN="Y">etiology</QualifierName>
            </MeshHeading>
            <MeshHeading>
                <DescriptorName UI="D003930" MajorTopicYN="N">Diabetic Retinopathy</DescriptorName>
                <QualifierName UI="Q000150" MajorTopicYN="Y">complications</QualifierName>
            </MeshHeading>
            <MeshHeading>
                <DescriptorName UI="D014943" MajorTopicYN="N">Global Health</DescriptorName>
            </MeshHeading>
            <MeshHeading>
                <DescriptorName UI="D006801" MajorTopicYN="N">Humans</DescriptorName>
            </MeshHeading>
            <MeshHeading>
                <DescriptorName UI="D015994" MajorTopicYN="N">Incidence</DescriptorName>
            </MeshHeading>
            <MeshHeading>
                <DescriptorName UI="D008269" MajorTopicYN="N">Macular Edema</DescriptorName>
                <QualifierName UI="Q000150" MajorTopicYN="Y">complications</QualifierName>
            </MeshHeading>
            <MeshHeading>
                <DescriptorName UI="D012307" MajorTopicYN="N">Risk Factors</DescriptorName>
            </MeshHeading>
        </MeshHeadingList>
    </MedlineCitation>
    <PubmedData>
        <History>
            <PubMedPubDate PubStatus="pubmed">
                <Year>2017</Year>
                <Month>5</Month>
                <Day>5</Day>
                <Hour>6</Hour>
                <Minute>0</Minute>
            </PubMedPubDate>
            <PubMedPubDate PubStatus="medline">
                <Year>2017</Year>
                <Month>7</Month>
                <Day>20</Day>
                <Hour>6</Hour>
                <Minute>0</Minute>
            </PubMedPubDate>
            <PubMedPubDate PubStatus="entrez">
                <Year>2017</Year>
                <Month>5</Month>
                <Day>5</Day>
                <Hour>6</Hour>
                <Minute>0</Minute>
            </PubMedPubDate>
        </History>
        <PublicationStatus>ppublish</PublicationStatus>
        <ArticleIdList>
            <ArticleId IdType="pubmed">28472362</ArticleId>
            <ArticleId IdType="pii">2624760</ArticleId>
            <ArticleId IdType="doi">10.1001/jamaophthalmol.2017.0988</ArticleId>
            <ArticleId IdType="pmc">PMC5593137</ArticleId>
            <ArticleId IdType="mid">NIHMS897631</ArticleId>
        </ArticleIdList>
        <ReferenceList>
            <Reference>
                <Citation>Cardiovasc Toxicol. 2001;1(3):181-93</Citation>
                <ArticleIdList>
                    <ArticleId IdType="pubmed">12213971</ArticleId>
                </ArticleIdList>
            </Reference>
            <Reference>
                <Citation>Circ Res. 2003 Feb 7;92 (2):151-8</Citation>
                <ArticleIdList>
                    <ArticleId IdType="pubmed">12574142</ArticleId>
                </ArticleIdList>
            </Reference>
            <Reference>
                <Citation>Arch Ophthalmol. 1999 Nov;117(11):1487-95</Citation>
                <ArticleIdList>
                    <ArticleId IdType="pubmed">10565517</ArticleId>
                </ArticleIdList>
            </Reference>
            <Reference>
                <Citation>Prog Retin Eye Res. 2008 Mar;27(2):161-76</Citation>
                <ArticleIdList>
                    <ArticleId IdType="pubmed">18249026</ArticleId>
                </ArticleIdList>
            </Reference>
            <Reference>
                <Citation>N Engl J Med. 2007 Feb 15;356(7):747-8; author reply 749-50</Citation>
                <ArticleIdList>
                    <ArticleId IdType="pubmed">17301310</ArticleId>
                </ArticleIdList>
            </Reference>
            <Reference>
                <Citation>Ophthalmology. 1991 Aug;98(8):1310-5</Citation>
                <ArticleIdList>
                    <ArticleId IdType="pubmed">1923372</ArticleId>
                </ArticleIdList>
            </Reference>
            <Reference>
                <Citation>Ophthalmology. 1998 Mar;105(3):406-11</Citation>
                <ArticleIdList>
                    <ArticleId IdType="pubmed">9499768</ArticleId>
                </ArticleIdList>
            </Reference>
            <Reference>
                <Citation>Diabetes Care. 2007 Jul;30(7):1742-6</Citation>
                <ArticleIdList>
                    <ArticleId IdType="pubmed">17389333</ArticleId>
                </ArticleIdList>
            </Reference>
            <Reference>
                <Citation>Am J Epidemiol. 1989 Apr;129(4):687-702</Citation>
                <ArticleIdList>
                    <ArticleId IdType="pubmed">2646917</ArticleId>
                </ArticleIdList>
            </Reference>
            <Reference>
                <Citation>Am J Cardiol. 2001 Feb 15;87(4):456-9, A6</Citation>
                <ArticleIdList>
                    <ArticleId IdType="pubmed">11179535</ArticleId>
                </ArticleIdList>
            </Reference>
            <Reference>
                <Citation>Curr Opin Ophthalmol. 2009 May;20(3):158-65</Citation>
                <ArticleIdList>
                    <ArticleId IdType="pubmed">19417570</ArticleId>
                </ArticleIdList>
            </Reference>
            <Reference>
                <Citation>BMC Med Res Methodol. 2012 Mar 23;12:34</Citation>
                <ArticleIdList>
                    <ArticleId IdType="pubmed">22443286</ArticleId>
                </ArticleIdList>
            </Reference>
            <Reference>
                <Citation>Ophthalmology. 2004 Jun;111(6):1121-31</Citation>
                <ArticleIdList>
                    <ArticleId IdType="pubmed">15177962</ArticleId>
                </ArticleIdList>
            </Reference>
            <Reference>
                <Citation>Diabetes Res Clin Pract. 2002 Aug;57(2):119-29</Citation>
                <ArticleIdList>
                    <ArticleId IdType="pubmed">12062857</ArticleId>
                </ArticleIdList>
            </Reference>
            <Reference>
                <Citation>Circulation. 2005 Mar 15;111(10):1313-20</Citation>
                <ArticleIdList>
                    <ArticleId IdType="pubmed">15769774</ArticleId>
                </ArticleIdList>
            </Reference>
            <Reference>
                <Citation>Am J Physiol Heart Circ Physiol. 2007 Oct;293(4):H2479-86</Citation>
                <ArticleIdList>
                    <ArticleId IdType="pubmed">17644579</ArticleId>
                </ArticleIdList>
            </Reference>
            <Reference>
                <Citation>Cardiovasc Hematol Agents Med Chem. 2007 Jul;5(3):236-40</Citation>
                <ArticleIdList>
                    <ArticleId IdType="pubmed">17630950</ArticleId>
                </ArticleIdList>
            </Reference>
            <Reference>
                <Citation>Am J Med. 2010 Jun;123(6):556.e1-9</Citation>
                <ArticleIdList>
                    <ArticleId IdType="pubmed">20569763</ArticleId>
                </ArticleIdList>
            </Reference>
            <Reference>
                <Citation>Int J Cardiol. 2008 Jul 4;127(2):262-5</Citation>
                <ArticleIdList>
                    <ArticleId IdType="pubmed">17477985</ArticleId>
                </ArticleIdList>
            </Reference>
            <Reference>
                <Citation>Curr Hypertens Rep. 2007 Dec;9(6):467-73</Citation>
                <ArticleIdList>
                    <ArticleId IdType="pubmed">18367010</ArticleId>
                </ArticleIdList>
            </Reference>
            <Reference>
                <Citation>Chest. 2015 Apr;147(4):1103-1110</Citation>
                <ArticleIdList>
                    <ArticleId IdType="pubmed">25412290</ArticleId>
                </ArticleIdList>
            </Reference>
            <Reference>
                <Citation>Ophthalmology. 1996 Mar;103(3):357-64</Citation>
                <ArticleIdList>
                    <ArticleId IdType="pubmed">8600410</ArticleId>
                </ArticleIdList>
            </Reference>
            <Reference>
                <Citation>J Am Coll Cardiol. 1997 Oct;30(4):935-41</Citation>
                <ArticleIdList>
                    <ArticleId IdType="pubmed">9316521</ArticleId>
                </ArticleIdList>
            </Reference>
            <Reference>
                <Citation>Diabetes Care. 2002 Nov;25(11):2032-6</Citation>
                <ArticleIdList>
                    <ArticleId IdType="pubmed">12401752</ArticleId>
                </ArticleIdList>
            </Reference>
            <Reference>
                <Citation>Am J Hypertens. 2004 Dec;17(12 Pt 2):31S-38S</Citation>
                <ArticleIdList>
                    <ArticleId IdType="pubmed">15607433</ArticleId>
                </ArticleIdList>
            </Reference>
            <Reference>
                <Citation>Diabetes Obes Metab. 2008 Sep;10(9):739-46</Citation>
                <ArticleIdList>
                    <ArticleId IdType="pubmed">17941867</ArticleId>
                </ArticleIdList>
            </Reference>
            <Reference>
                <Citation>Curr Neurovasc Res. 2006 Feb;3(1):73-7</Citation>
                <ArticleIdList>
                    <ArticleId IdType="pubmed">16472128</ArticleId>
                </ArticleIdList>
            </Reference>
            <Reference>
                <Citation>Semin Ophthalmol. 2007 Jul-Sep;22(3):201-4</Citation>
                <ArticleIdList>
                    <ArticleId IdType="pubmed">17763246</ArticleId>
                </ArticleIdList>
            </Reference>
            <Reference>
                <Citation>Diabetes Care. 1992 Dec;15(12):1875-91</Citation>
                <ArticleIdList>
                    <ArticleId IdType="pubmed">1464243</ArticleId>
                </ArticleIdList>
            </Reference>
            <Reference>
                <Citation>Arch Ophthalmol. 1994 Sep;112(9):1217-28</Citation>
                <ArticleIdList>
                    <ArticleId IdType="pubmed">7619101</ArticleId>
                </ArticleIdList>
            </Reference>
            <Reference>
                <Citation>Diabetes Care. 2013 Dec;36(12 ):4140-6</Citation>
                <ArticleIdList>
                    <ArticleId IdType="pubmed">24101700</ArticleId>
                </ArticleIdList>
            </Reference>
            <Reference>
                <Citation>Diabetes Care. 2011 May;34(5):1238-44</Citation>
                <ArticleIdList>
                    <ArticleId IdType="pubmed">21525504</ArticleId>
                </ArticleIdList>
            </Reference>
            <Reference>
                <Citation>Diabetes Care. 2012 Mar;35(3):556-64</Citation>
                <ArticleIdList>
                    <ArticleId IdType="pubmed">22301125</ArticleId>
                </ArticleIdList>
            </Reference>
            <Reference>
                <Citation>Ophthalmology. 2012 Jul;119(7):1388-98</Citation>
                <ArticleIdList>
                    <ArticleId IdType="pubmed">22555112</ArticleId>
                </ArticleIdList>
            </Reference>
            <Reference>
                <Citation>Ann Epidemiol. 1991 Feb;1(3):263-76</Citation>
                <ArticleIdList>
                    <ArticleId IdType="pubmed">1669507</ArticleId>
                </ArticleIdList>
            </Reference>
            <Reference>
                <Citation>Stroke. 2013 Aug;44(8):2121-7</Citation>
                <ArticleIdList>
                    <ArticleId IdType="pubmed">23715958</ArticleId>
                </ArticleIdList>
            </Reference>
            <Reference>
                <Citation>Diabetes Care. 1996 Mar;19(3):257-67</Citation>
                <ArticleIdList>
                    <ArticleId IdType="pubmed">8742574</ArticleId>
                </ArticleIdList>
            </Reference>
            <Reference>
                <Citation>Pharmacol Ther. 2006 Aug;111(2):384-99</Citation>
                <ArticleIdList>
                    <ArticleId IdType="pubmed">16343639</ArticleId>
                </ArticleIdList>
            </Reference>
        </ReferenceList>
    </PubmedData>
</PubmedArticle>

</PubmedArticleSet>