<?xml version="1.0" ?>
<!DOCTYPE PubmedArticleSet PUBLIC "-//NLM//DTD PubMedArticle, 1st January 2019//EN" "https://dtd.nlm.nih.gov/ncbi/pubmed/out/pubmed_190101.dtd">
<PubmedArticleSet>
<PubmedArticle>
    <MedlineCitation Status="MEDLINE" Owner="NLM">
        <PMID Version="1">8795759</PMID>
        <DateCompleted>
            <Year>1996</Year>
            <Month>11</Month>
            <Day>12</Day>
        </DateCompleted>
        <DateRevised>
            <Year>2013</Year>
            <Month>11</Month>
            <Day>21</Day>
        </DateRevised>
        <Article PubModel="Print">
            <Journal>
                <ISSN IssnType="Print">1057-0829</ISSN>
                <JournalIssue CitedMedium="Print">
                    <Volume>5</Volume>
                    <Issue>3</Issue>
                    <PubDate>
                        <Year>1996</Year>
                        <Month>Jun</Month>
                    </PubDate>
                </JournalIssue>
                <Title>Journal of glaucoma</Title>
                <ISOAbbreviation>J Glaucoma</ISOAbbreviation>
            </Journal>
            <ArticleTitle>Low-dose mitomycin C trabeculectomy in patients with advanced glaucoma.</ArticleTitle>
            <Pagination>
                <MedlinePgn>193-9</MedlinePgn>
            </Pagination>
            <Abstract>
                <AbstractText Label="PURPOSE" NlmCategory="OBJECTIVE">The purpose of this study was to analyze the efficacy and safety of low-dose (0.2 mg/ml) intraoperative mitomycin C in primary trabeculectomy.</AbstractText>
                <AbstractText Label="METHODS" NlmCategory="METHODS">Twenty-eight eyes of 28 patients with advanced primary open-angle glaucoma undergoing primary trabeculectomy were randomized to either mitomycin C (0.2 mg/ml) or saline solution intraoperatively for 3 min. Intraocular pressure was measured at 1 day; 1 week; 1, 3, and 6 months postoperatively; and at the final visit.</AbstractText>
                <AbstractText Label="RESULTS" NlmCategory="RESULTS">Mean follow-up was 17.0 +/- 5.6 months for the mitomycin C group and 15.7 +/- 5.1 months for the control group. Mean intraocular pressures were significantly lower in the treated group on the first postoperative day (p = 0.021), at the 6-month interval (p = 0.001), and at the final visit (p = 0.001). At the last follow-up examination, intraocular pressure was &lt; or = 15 mm Hg in 12 (85.7%) of the mitomycin C-treated eyes and in four (28.6%) of the control eyes (p = 0.002). Life table analysis showed a significantly higher probability of intraocular pressure control in the mitomycin C group than in the control group (p = 0.0065). Choroidal effusion was observed in five (35.7%) treated eyes and two (14.3%) control eyes, whereas shallow anterior chamber were present in five (35.7%) treated eyes and one control eye (7.1%).</AbstractText>
                <AbstractText Label="CONCLUSION" NlmCategory="CONCLUSIONS">Despite inducing a higher short-term complication rate, low-dose mitomycin C may be an alternative in the treatment of eyes with advanced glaucomatous damage requiring low final intraocular pressures.</AbstractText>
            </Abstract>
            <AuthorList CompleteYN="Y">
                <Author ValidYN="Y">
                    <LastName>Costa</LastName>
                    <ForeName>V P</ForeName>
                    <Initials>VP</Initials>
                    <AffiliationInfo>
                        <Affiliation>Department of Ophthalmology, University of Campinas (UNICAMP), Brazil.</Affiliation>
                    </AffiliationInfo>
                </Author>
                <Author ValidYN="Y">
                    <LastName>Comegno</LastName>
                    <ForeName>P E</ForeName>
                    <Initials>PE</Initials>
                </Author>
                <Author ValidYN="Y">
                    <LastName>Vasconcelos</LastName>
                    <ForeName>J P</ForeName>
                    <Initials>JP</Initials>
                </Author>
                <Author ValidYN="Y">
                    <LastName>Malta</LastName>
                    <ForeName>R F</ForeName>
                    <Initials>RF</Initials>
                </Author>
                <Author ValidYN="Y">
                    <LastName>José</LastName>
                    <ForeName>N K</ForeName>
                    <Initials>NK</Initials>
                </Author>
            </AuthorList>
            <Language>eng</Language>
            <PublicationTypeList>
                <PublicationType UI="D016430">Clinical Trial</PublicationType>
                <PublicationType UI="D016428">Journal Article</PublicationType>
                <PublicationType UI="D016449">Randomized Controlled Trial</PublicationType>
            </PublicationTypeList>
        </Article>
        <MedlineJournalInfo>
            <Country>United States</Country>
            <MedlineTA>J Glaucoma</MedlineTA>
            <NlmUniqueID>9300903</NlmUniqueID>
            <ISSNLinking>1057-0829</ISSNLinking>
        </MedlineJournalInfo>
        <ChemicalList>
            <Chemical>
                <RegistryNumber>0</RegistryNumber>
                <NameOfSubstance UI="D000477">Alkylating Agents</NameOfSubstance>
            </Chemical>
            <Chemical>
                <RegistryNumber>0</RegistryNumber>
                <NameOfSubstance UI="D009883">Ophthalmic Solutions</NameOfSubstance>
            </Chemical>
            <Chemical>
                <RegistryNumber>50SG953SK6</RegistryNumber>
                <NameOfSubstance UI="D016685">Mitomycin</NameOfSubstance>
            </Chemical>
        </ChemicalList>
        <CitationSubset>IM</CitationSubset>
        <MeshHeadingList>
            <MeshHeading>
                <DescriptorName UI="D000368" MajorTopicYN="N">Aged</DescriptorName>
            </MeshHeading>
            <MeshHeading>
                <DescriptorName UI="D000477" MajorTopicYN="N">Alkylating Agents</DescriptorName>
                <QualifierName UI="Q000009" MajorTopicYN="N">adverse effects</QualifierName>
                <QualifierName UI="Q000627" MajorTopicYN="Y">therapeutic use</QualifierName>
            </MeshHeading>
            <MeshHeading>
                <DescriptorName UI="D004305" MajorTopicYN="N">Dose-Response Relationship, Drug</DescriptorName>
            </MeshHeading>
            <MeshHeading>
                <DescriptorName UI="D005260" MajorTopicYN="N">Female</DescriptorName>
            </MeshHeading>
            <MeshHeading>
                <DescriptorName UI="D005901" MajorTopicYN="N">Glaucoma</DescriptorName>
                <QualifierName UI="Q000188" MajorTopicYN="Y">drug therapy</QualifierName>
                <QualifierName UI="Q000503" MajorTopicYN="N">physiopathology</QualifierName>
                <QualifierName UI="Q000601" MajorTopicYN="Y">surgery</QualifierName>
            </MeshHeading>
            <MeshHeading>
                <DescriptorName UI="D006801" MajorTopicYN="N">Humans</DescriptorName>
            </MeshHeading>
            <MeshHeading>
                <DescriptorName UI="D007429" MajorTopicYN="N">Intraocular Pressure</DescriptorName>
                <QualifierName UI="Q000187" MajorTopicYN="N">drug effects</QualifierName>
            </MeshHeading>
            <MeshHeading>
                <DescriptorName UI="D007430" MajorTopicYN="N">Intraoperative Care</DescriptorName>
            </MeshHeading>
            <MeshHeading>
                <DescriptorName UI="D008297" MajorTopicYN="N">Male</DescriptorName>
            </MeshHeading>
            <MeshHeading>
                <DescriptorName UI="D008875" MajorTopicYN="N">Middle Aged</DescriptorName>
            </MeshHeading>
            <MeshHeading>
                <DescriptorName UI="D016685" MajorTopicYN="N">Mitomycin</DescriptorName>
                <QualifierName UI="Q000009" MajorTopicYN="N">adverse effects</QualifierName>
                <QualifierName UI="Q000627" MajorTopicYN="Y">therapeutic use</QualifierName>
            </MeshHeading>
            <MeshHeading>
                <DescriptorName UI="D009883" MajorTopicYN="N">Ophthalmic Solutions</DescriptorName>
            </MeshHeading>
            <MeshHeading>
                <DescriptorName UI="D011183" MajorTopicYN="N">Postoperative Complications</DescriptorName>
            </MeshHeading>
            <MeshHeading>
                <DescriptorName UI="D016019" MajorTopicYN="N">Survival Analysis</DescriptorName>
            </MeshHeading>
            <MeshHeading>
                <DescriptorName UI="D014130" MajorTopicYN="Y">Trabeculectomy</DescriptorName>
            </MeshHeading>
        </MeshHeadingList>
    </MedlineCitation>
    <PubmedData>
        <History>
            <PubMedPubDate PubStatus="pubmed">
                <Year>1996</Year>
                <Month>6</Month>
                <Day>1</Day>
            </PubMedPubDate>
            <PubMedPubDate PubStatus="medline">
                <Year>1996</Year>
                <Month>6</Month>
                <Day>1</Day>
                <Hour>0</Hour>
                <Minute>1</Minute>
            </PubMedPubDate>
            <PubMedPubDate PubStatus="entrez">
                <Year>1996</Year>
                <Month>6</Month>
                <Day>1</Day>
                <Hour>0</Hour>
                <Minute>0</Minute>
            </PubMedPubDate>
        </History>
        <PublicationStatus>ppublish</PublicationStatus>
        <ArticleIdList>
            <ArticleId IdType="pubmed">8795759</ArticleId>
        </ArticleIdList>
    </PubmedData>
</PubmedArticle>

</PubmedArticleSet>