<?xml version="1.0" ?>
<!DOCTYPE PubmedArticleSet PUBLIC "-//NLM//DTD PubMedArticle, 1st January 2019//EN" "https://dtd.nlm.nih.gov/ncbi/pubmed/out/pubmed_190101.dtd">
<PubmedArticleSet>
<PubmedArticle>
    <MedlineCitation Status="MEDLINE" Owner="NLM">
        <PMID Version="1">8942892</PMID>
        <DateCompleted>
            <Year>1996</Year>
            <Month>12</Month>
            <Day>20</Day>
        </DateCompleted>
        <DateRevised>
            <Year>2019</Year>
            <Month>07</Month>
            <Day>26</Day>
        </DateRevised>
        <Article PubModel="Print">
            <Journal>
                <ISSN IssnType="Print">0161-6420</ISSN>
                <JournalIssue CitedMedium="Print">
                    <Volume>103</Volume>
                    <Issue>11</Issue>
                    <PubDate>
                        <Year>1996</Year>
                        <Month>Nov</Month>
                    </PubDate>
                </JournalIssue>
                <Title>Ophthalmology</Title>
                <ISOAbbreviation>Ophthalmology</ISOAbbreviation>
            </Journal>
            <ArticleTitle>A placebo-controlled, double-masked evaluation of mitomycin C in combined glaucoma and cataract procedures.</ArticleTitle>
            <Pagination>
                <MedlinePgn>1934-42</MedlinePgn>
            </Pagination>
            <Abstract>
                <AbstractText Label="PURPOSE" NlmCategory="OBJECTIVE">This study was performed to determine if adjunctive use of mitomycin C (MMC) would increase the success of combined phacoemulsification, intraocular lens implantation, and trabeculectomy surgery with releasable sutures.</AbstractText>
                <AbstractText Label="METHODS" NlmCategory="METHODS">Seventy-two eyes with cataract and glaucoma, requiring surgery for decreased vision, uncontrolled intraocular pressure, or to obtain a better view of the optic nerve, were randomized to receive a 2.5-minute subconjunctival exposure to either MMC (0.5 mg/ml) or placebo balanced salt solution. Postoperative evaluations at 3, 6, and 12 months were performed by a masked observer who recorded visual acuity, intraocular pressure, glaucoma medications, presence of filtering blebs, and complications. Endothelial cell counts were measured before and 3 months after surgery.</AbstractText>
                <AbstractText Label="RESULTS" NlmCategory="RESULTS">The MMC group had significantly greater reduction in mean intraocular pressure through the first 12 months of follow-up (7.05-7.65 mmHg versus 2.62-3.84 mmHg; P = 0.001-0.028). In addition, through the first 6 months of follow-up, the MMC group required significantly fewer medications (0.4-0.5 versus 1.1-1.2; P = 0.002-0.004). Requirements for additional glaucoma surgery were less in the MMC group (4/ 36) than in the placebo group (7/35) (P = 0.301). Filtering blebs were significantly larger at 6 and 12 months (P = 0.002 and P = 0.001, respectively), and would leaks were more common (P = 0.101) in the MMC group. The mean decrease in endothelial cell count at month 3 was slightly, although not significantly, greater in the MMC treatment group (206.9 versus 91.3 cells/mm2* P = 0.377).</AbstractText>
                <AbstractText Label="CONCLUSION" NlmCategory="CONCLUSIONS">The increased success of the glaucoma procedure in the MMC group together with relatively minor toxicity, suggests its use is beneficial in combined glaucoma-cataract surgery.</AbstractText>
            </Abstract>
            <AuthorList CompleteYN="Y">
                <Author ValidYN="Y">
                    <LastName>Cohen</LastName>
                    <ForeName>J S</ForeName>
                    <Initials>JS</Initials>
                    <AffiliationInfo>
                        <Affiliation>Glaucoma Service, Cincinnati Eye Institute, OH 45242, USA.</Affiliation>
                    </AffiliationInfo>
                </Author>
                <Author ValidYN="Y">
                    <LastName>Greff</LastName>
                    <ForeName>L J</ForeName>
                    <Initials>LJ</Initials>
                </Author>
                <Author ValidYN="Y">
                    <LastName>Novack</LastName>
                    <ForeName>G D</ForeName>
                    <Initials>GD</Initials>
                </Author>
                <Author ValidYN="Y">
                    <LastName>Wind</LastName>
                    <ForeName>B E</ForeName>
                    <Initials>BE</Initials>
                </Author>
            </AuthorList>
            <Language>eng</Language>
            <PublicationTypeList>
                <PublicationType UI="D016430">Clinical Trial</PublicationType>
                <PublicationType UI="D016428">Journal Article</PublicationType>
                <PublicationType UI="D016449">Randomized Controlled Trial</PublicationType>
                <PublicationType UI="D013485">Research Support, Non-U.S. Gov't</PublicationType>
            </PublicationTypeList>
        </Article>
        <MedlineJournalInfo>
            <Country>United States</Country>
            <MedlineTA>Ophthalmology</MedlineTA>
            <NlmUniqueID>7802443</NlmUniqueID>
            <ISSNLinking>0161-6420</ISSNLinking>
        </MedlineJournalInfo>
        <ChemicalList>
            <Chemical>
                <RegistryNumber>0</RegistryNumber>
                <NameOfSubstance UI="D019384">Nucleic Acid Synthesis Inhibitors</NameOfSubstance>
            </Chemical>
            <Chemical>
                <RegistryNumber>50SG953SK6</RegistryNumber>
                <NameOfSubstance UI="D016685">Mitomycin</NameOfSubstance>
            </Chemical>
        </ChemicalList>
        <CitationSubset>IM</CitationSubset>
        <MeshHeadingList>
            <MeshHeading>
                <DescriptorName UI="D000368" MajorTopicYN="N">Aged</DescriptorName>
            </MeshHeading>
            <MeshHeading>
                <DescriptorName UI="D000369" MajorTopicYN="N">Aged, 80 and over</DescriptorName>
            </MeshHeading>
            <MeshHeading>
                <DescriptorName UI="D002452" MajorTopicYN="N">Cell Count</DescriptorName>
            </MeshHeading>
            <MeshHeading>
                <DescriptorName UI="D017024" MajorTopicYN="N">Chemotherapy, Adjuvant</DescriptorName>
            </MeshHeading>
            <MeshHeading>
                <DescriptorName UI="D004311" MajorTopicYN="N">Double-Blind Method</DescriptorName>
            </MeshHeading>
            <MeshHeading>
                <DescriptorName UI="D004728" MajorTopicYN="N">Endothelium, Corneal</DescriptorName>
                <QualifierName UI="Q000166" MajorTopicYN="N">cytology</QualifierName>
            </MeshHeading>
            <MeshHeading>
                <DescriptorName UI="D005260" MajorTopicYN="N">Female</DescriptorName>
            </MeshHeading>
            <MeshHeading>
                <DescriptorName UI="D005500" MajorTopicYN="N">Follow-Up Studies</DescriptorName>
            </MeshHeading>
            <MeshHeading>
                <DescriptorName UI="D005901" MajorTopicYN="N">Glaucoma</DescriptorName>
                <QualifierName UI="Q000188" MajorTopicYN="N">drug therapy</QualifierName>
                <QualifierName UI="Q000601" MajorTopicYN="Y">surgery</QualifierName>
            </MeshHeading>
            <MeshHeading>
                <DescriptorName UI="D006801" MajorTopicYN="N">Humans</DescriptorName>
            </MeshHeading>
            <MeshHeading>
                <DescriptorName UI="D007429" MajorTopicYN="N">Intraocular Pressure</DescriptorName>
            </MeshHeading>
            <MeshHeading>
                <DescriptorName UI="D007910" MajorTopicYN="Y">Lenses, Intraocular</DescriptorName>
            </MeshHeading>
            <MeshHeading>
                <DescriptorName UI="D008297" MajorTopicYN="N">Male</DescriptorName>
            </MeshHeading>
            <MeshHeading>
                <DescriptorName UI="D008875" MajorTopicYN="N">Middle Aged</DescriptorName>
            </MeshHeading>
            <MeshHeading>
                <DescriptorName UI="D016685" MajorTopicYN="N">Mitomycin</DescriptorName>
                <QualifierName UI="Q000627" MajorTopicYN="Y">therapeutic use</QualifierName>
            </MeshHeading>
            <MeshHeading>
                <DescriptorName UI="D019384" MajorTopicYN="N">Nucleic Acid Synthesis Inhibitors</DescriptorName>
                <QualifierName UI="Q000627" MajorTopicYN="Y">therapeutic use</QualifierName>
            </MeshHeading>
            <MeshHeading>
                <DescriptorName UI="D018918" MajorTopicYN="Y">Phacoemulsification</DescriptorName>
            </MeshHeading>
            <MeshHeading>
                <DescriptorName UI="D011183" MajorTopicYN="N">Postoperative Complications</DescriptorName>
            </MeshHeading>
            <MeshHeading>
                <DescriptorName UI="D014130" MajorTopicYN="Y">Trabeculectomy</DescriptorName>
            </MeshHeading>
            <MeshHeading>
                <DescriptorName UI="D014792" MajorTopicYN="N">Visual Acuity</DescriptorName>
            </MeshHeading>
        </MeshHeadingList>
    </MedlineCitation>
    <PubmedData>
        <History>
            <PubMedPubDate PubStatus="pubmed">
                <Year>1996</Year>
                <Month>11</Month>
                <Day>1</Day>
            </PubMedPubDate>
            <PubMedPubDate PubStatus="medline">
                <Year>1996</Year>
                <Month>11</Month>
                <Day>1</Day>
                <Hour>0</Hour>
                <Minute>1</Minute>
            </PubMedPubDate>
            <PubMedPubDate PubStatus="entrez">
                <Year>1996</Year>
                <Month>11</Month>
                <Day>1</Day>
                <Hour>0</Hour>
                <Minute>0</Minute>
            </PubMedPubDate>
        </History>
        <PublicationStatus>ppublish</PublicationStatus>
        <ArticleIdList>
            <ArticleId IdType="pubmed">8942892</ArticleId>
            <ArticleId IdType="pii">S0161-6420(96)30405-3</ArticleId>
            <ArticleId IdType="doi">10.1016/s0161-6420(96)30405-3</ArticleId>
        </ArticleIdList>
    </PubmedData>
</PubmedArticle>

</PubmedArticleSet>