<?xml version="1.0" ?>
<!DOCTYPE PubmedArticleSet PUBLIC "-//NLM//DTD PubMedArticle, 1st January 2019//EN" "https://dtd.nlm.nih.gov/ncbi/pubmed/out/pubmed_190101.dtd">
<PubmedArticleSet>
<PubmedArticle>
    <MedlineCitation Status="MEDLINE" Owner="NLM">
        <PMID Version="1">9097805</PMID>
        <DateCompleted>
            <Year>1997</Year>
            <Month>05</Month>
            <Day>06</Day>
        </DateCompleted>
        <DateRevised>
            <Year>2019</Year>
            <Month>07</Month>
            <Day>26</Day>
        </DateRevised>
        <Article PubModel="Print">
            <Journal>
                <ISSN IssnType="Print">0161-6420</ISSN>
                <JournalIssue CitedMedium="Print">
                    <Volume>102</Volume>
                    <Issue>10</Issue>
                    <PubDate>
                        <Year>1995</Year>
                        <Month>Oct</Month>
                    </PubDate>
                </JournalIssue>
                <Title>Ophthalmology</Title>
                <ISOAbbreviation>Ophthalmology</ISOAbbreviation>
            </Journal>
            <ArticleTitle>Adjunctive subconjunctival mitomycin C in glaucoma triple procedure.</ArticleTitle>
            <Pagination>
                <MedlinePgn>1550-8</MedlinePgn>
            </Pagination>
            <Abstract>
                <AbstractText Label="PURPOSE" NlmCategory="OBJECTIVE">To evaluate the potential benefit of adjunctive subconjunctival mitomycin in patients with primary open-angle glaucoma undergoing primary trabeculectomy combined with phacoemulsification and intraocular lens implantation.</AbstractText>
                <AbstractText Label="METHODS" NlmCategory="METHODS">Seventy-eight eyes of 78 patients with primary open-angle glaucoma with visually symptomatic cataracts and no previous incisional surgery were randomized to receive either no mitomycin C or a subconjunctival application of 1-, 3-, or 5-minute mitomycin C (0.5 mg/ml).</AbstractText>
                <AbstractText Label="RESULTS" NlmCategory="RESULTS">Follow-up (mean +/- standard deviation) was 21.0 +/- 7.7 months. The mean postoperative intraocular pressures were significantly lower with significantly less medications than the preoperative values at each follow-up time (1, 3, 6, 9, 12, 15 months, and last follow-up) for all groups (P &lt; 0.05 for each). However, there was no significant difference at each follow-up time in intraocular pressure, medications, or best-corrected visual acuity among the four groups or between the control and the total mitomycin C group.</AbstractText>
                <AbstractText Label="CONCLUSION" NlmCategory="CONCLUSIONS">Adjunctive subconjunctival mitomycin C did not further improve the final intraocular pressure outcome of the primary trabeculectomy combined with phacoemulsification and intraocular lens implantation in patients with primary open-angle glaucoma. Future studies will determine the appropriate role, if any, for adjunctive mitomycin C in selected primary glaucoma triple procedures.</AbstractText>
            </Abstract>
            <AuthorList CompleteYN="Y">
                <Author ValidYN="Y">
                    <LastName>Shin</LastName>
                    <ForeName>D H</ForeName>
                    <Initials>DH</Initials>
                    <AffiliationInfo>
                        <Affiliation>Kresge Eye Institute, Wayne State University School of Medicine, Detroit, MI 48201-1423, USA.</Affiliation>
                    </AffiliationInfo>
                </Author>
                <Author ValidYN="Y">
                    <LastName>Simone</LastName>
                    <ForeName>P A</ForeName>
                    <Initials>PA</Initials>
                </Author>
                <Author ValidYN="Y">
                    <LastName>Song</LastName>
                    <ForeName>M S</ForeName>
                    <Initials>MS</Initials>
                </Author>
                <Author ValidYN="Y">
                    <LastName>Reed</LastName>
                    <ForeName>S Y</ForeName>
                    <Initials>SY</Initials>
                </Author>
                <Author ValidYN="Y">
                    <LastName>Juzych</LastName>
                    <ForeName>M S</ForeName>
                    <Initials>MS</Initials>
                </Author>
                <Author ValidYN="Y">
                    <LastName>Kim</LastName>
                    <ForeName>C</ForeName>
                    <Initials>C</Initials>
                </Author>
                <Author ValidYN="Y">
                    <LastName>Hughes</LastName>
                    <ForeName>B A</ForeName>
                    <Initials>BA</Initials>
                </Author>
            </AuthorList>
            <Language>eng</Language>
            <PublicationTypeList>
                <PublicationType UI="D016430">Clinical Trial</PublicationType>
                <PublicationType UI="D016420">Comment</PublicationType>
                <PublicationType UI="D016428">Journal Article</PublicationType>
                <PublicationType UI="D016449">Randomized Controlled Trial</PublicationType>
                <PublicationType UI="D013485">Research Support, Non-U.S. Gov't</PublicationType>
            </PublicationTypeList>
        </Article>
        <MedlineJournalInfo>
            <Country>United States</Country>
            <MedlineTA>Ophthalmology</MedlineTA>
            <NlmUniqueID>7802443</NlmUniqueID>
            <ISSNLinking>0161-6420</ISSNLinking>
        </MedlineJournalInfo>
        <ChemicalList>
            <Chemical>
                <RegistryNumber>0</RegistryNumber>
                <NameOfSubstance UI="D000903">Antibiotics, Antineoplastic</NameOfSubstance>
            </Chemical>
            <Chemical>
                <RegistryNumber>50SG953SK6</RegistryNumber>
                <NameOfSubstance UI="D016685">Mitomycin</NameOfSubstance>
            </Chemical>
        </ChemicalList>
        <CitationSubset>IM</CitationSubset>
        <CommentsCorrectionsList>
            <CommentsCorrections RefType="CommentIn">
                <RefSource>Ophthalmology. 1996 Mar;103(3):347-8</RefSource>
                <PMID Version="1">8600401</PMID>
            </CommentsCorrections>
            <CommentsCorrections RefType="CommentOn">
                <RefSource>Ophthalmology. 1996 Mar;103(3):347-8</RefSource>
                <PMID Version="1">8600401</PMID>
            </CommentsCorrections>
        </CommentsCorrectionsList>
        <MeshHeadingList>
            <MeshHeading>
                <DescriptorName UI="D000368" MajorTopicYN="N">Aged</DescriptorName>
            </MeshHeading>
            <MeshHeading>
                <DescriptorName UI="D000903" MajorTopicYN="N">Antibiotics, Antineoplastic</DescriptorName>
                <QualifierName UI="Q000008" MajorTopicYN="Y">administration &amp; dosage</QualifierName>
            </MeshHeading>
            <MeshHeading>
                <DescriptorName UI="D002386" MajorTopicYN="N">Cataract</DescriptorName>
                <QualifierName UI="Q000150" MajorTopicYN="N">complications</QualifierName>
            </MeshHeading>
            <MeshHeading>
                <DescriptorName UI="D017024" MajorTopicYN="N">Chemotherapy, Adjuvant</DescriptorName>
            </MeshHeading>
            <MeshHeading>
                <DescriptorName UI="D003228" MajorTopicYN="N">Conjunctiva</DescriptorName>
            </MeshHeading>
            <MeshHeading>
                <DescriptorName UI="D005260" MajorTopicYN="N">Female</DescriptorName>
            </MeshHeading>
            <MeshHeading>
                <DescriptorName UI="D005500" MajorTopicYN="N">Follow-Up Studies</DescriptorName>
            </MeshHeading>
            <MeshHeading>
                <DescriptorName UI="D005902" MajorTopicYN="N">Glaucoma, Open-Angle</DescriptorName>
                <QualifierName UI="Q000150" MajorTopicYN="N">complications</QualifierName>
                <QualifierName UI="Q000188" MajorTopicYN="N">drug therapy</QualifierName>
                <QualifierName UI="Q000601" MajorTopicYN="Y">surgery</QualifierName>
            </MeshHeading>
            <MeshHeading>
                <DescriptorName UI="D006801" MajorTopicYN="N">Humans</DescriptorName>
            </MeshHeading>
            <MeshHeading>
                <DescriptorName UI="D007429" MajorTopicYN="N">Intraocular Pressure</DescriptorName>
            </MeshHeading>
            <MeshHeading>
                <DescriptorName UI="D007910" MajorTopicYN="Y">Lenses, Intraocular</DescriptorName>
            </MeshHeading>
            <MeshHeading>
                <DescriptorName UI="D008297" MajorTopicYN="N">Male</DescriptorName>
            </MeshHeading>
            <MeshHeading>
                <DescriptorName UI="D016685" MajorTopicYN="N">Mitomycin</DescriptorName>
                <QualifierName UI="Q000008" MajorTopicYN="Y">administration &amp; dosage</QualifierName>
            </MeshHeading>
            <MeshHeading>
                <DescriptorName UI="D018918" MajorTopicYN="Y">Phacoemulsification</DescriptorName>
            </MeshHeading>
            <MeshHeading>
                <DescriptorName UI="D011446" MajorTopicYN="N">Prospective Studies</DescriptorName>
            </MeshHeading>
            <MeshHeading>
                <DescriptorName UI="D014130" MajorTopicYN="Y">Trabeculectomy</DescriptorName>
            </MeshHeading>
            <MeshHeading>
                <DescriptorName UI="D014792" MajorTopicYN="N">Visual Acuity</DescriptorName>
            </MeshHeading>
        </MeshHeadingList>
    </MedlineCitation>
    <PubmedData>
        <History>
            <PubMedPubDate PubStatus="pubmed">
                <Year>1995</Year>
                <Month>10</Month>
                <Day>1</Day>
            </PubMedPubDate>
            <PubMedPubDate PubStatus="medline">
                <Year>1995</Year>
                <Month>10</Month>
                <Day>1</Day>
                <Hour>0</Hour>
                <Minute>1</Minute>
            </PubMedPubDate>
            <PubMedPubDate PubStatus="entrez">
                <Year>1995</Year>
                <Month>10</Month>
                <Day>1</Day>
                <Hour>0</Hour>
                <Minute>0</Minute>
            </PubMedPubDate>
        </History>
        <PublicationStatus>ppublish</PublicationStatus>
        <ArticleIdList>
            <ArticleId IdType="pubmed">9097805</ArticleId>
            <ArticleId IdType="pii">S0161-6420(95)30832-9</ArticleId>
            <ArticleId IdType="doi">10.1016/s0161-6420(95)30832-9</ArticleId>
        </ArticleIdList>
    </PubmedData>
</PubmedArticle>

</PubmedArticleSet>