<?xml version="1.0" ?>
<!DOCTYPE PubmedArticleSet PUBLIC "-//NLM//DTD PubMedArticle, 1st January 2019//EN" "https://dtd.nlm.nih.gov/ncbi/pubmed/out/pubmed_190101.dtd">
<PubmedArticleSet>
<PubmedArticle>
    <MedlineCitation Status="MEDLINE" Owner="NLM">
        <PMID Version="1">9101194</PMID>
        <DateCompleted>
            <Year>1997</Year>
            <Month>07</Month>
            <Day>03</Day>
        </DateCompleted>
        <DateRevised>
            <Year>2017</Year>
            <Month>12</Month>
            <Day>06</Day>
        </DateRevised>
        <Article PubModel="Print">
            <Journal>
                <ISSN IssnType="Print">1120-6721</ISSN>
                <JournalIssue CitedMedium="Print">
                    <Volume>7</Volume>
                    <Issue>1</Issue>
                    <PubDate>
                        <MedlineDate>1997 Jan-Mar</MedlineDate>
                    </PubDate>
                </JournalIssue>
                <Title>European journal of ophthalmology</Title>
                <ISOAbbreviation>Eur J Ophthalmol</ISOAbbreviation>
            </Journal>
            <ArticleTitle>Low-dosage mitomycin C as an adjunct to trabeculectomy. A prospective controlled study.</ArticleTitle>
            <Pagination>
                <MedlinePgn>40-8</MedlinePgn>
            </Pagination>
            <Abstract>
                <AbstractText Label="PURPOSE" NlmCategory="OBJECTIVE">To assess the advantages and adverse effects of intraoperative low-dose Mitomycin C in filtering glaucoma surgery.</AbstractText>
                <AbstractText Label="METHODS" NlmCategory="METHODS">Sixty eyes of 48 patients undergoing surgery for uncontrolled glaucoma were randomized to two groups: one underwent standard trabeculectomy, the other had trabeculectomy with intraoperative application of 0.1 mg/ml mitomycin C. Follow-up was at least one year.</AbstractText>
                <AbstractText Label="RESULTS" NlmCategory="RESULTS">The success rate (IOP &lt; 18 mmHg) was 96.6% in the mitomycin C group and 73.3% in the control group. Mean IOP at one year of successful cases was 11.1 +/- 3.1 mmHg in the mitomycin C group and 16.4 +/- 6.1 mmHg in controls (p &lt; 0.0001). Two patients in the mitomycin C group (6.6%) and six (20%) in the control group needed antiglaucomatous drugs to keep IOP below 18 mmHg.</AbstractText>
                <AbstractText Label="CONCLUSIONS" NlmCategory="CONCLUSIONS">Mitomycin C is a useful adjunct to glaucoma surgery. Adverse effects at the dosage used are mainly due to hypotony and are preventable with two-layer suture. Low-dose mitomycin C may be useful in standard primary trabeculectomy.</AbstractText>
            </Abstract>
            <AuthorList CompleteYN="Y">
                <Author ValidYN="Y">
                    <LastName>Martini</LastName>
                    <ForeName>E</ForeName>
                    <Initials>E</Initials>
                    <AffiliationInfo>
                        <Affiliation>Department of Physiopathologic Optics, University of Bologna, Italy.</Affiliation>
                    </AffiliationInfo>
                </Author>
                <Author ValidYN="Y">
                    <LastName>Laffi</LastName>
                    <ForeName>G L</ForeName>
                    <Initials>GL</Initials>
                </Author>
                <Author ValidYN="Y">
                    <LastName>Sprovieri</LastName>
                    <ForeName>C</ForeName>
                    <Initials>C</Initials>
                </Author>
                <Author ValidYN="Y">
                    <LastName>Scorolli</LastName>
                    <ForeName>L</ForeName>
                    <Initials>L</Initials>
                </Author>
            </AuthorList>
            <Language>eng</Language>
            <PublicationTypeList>
                <PublicationType UI="D016430">Clinical Trial</PublicationType>
                <PublicationType UI="D003160">Comparative Study</PublicationType>
                <PublicationType UI="D016428">Journal Article</PublicationType>
                <PublicationType UI="D016449">Randomized Controlled Trial</PublicationType>
            </PublicationTypeList>
        </Article>
        <MedlineJournalInfo>
            <Country>United States</Country>
            <MedlineTA>Eur J Ophthalmol</MedlineTA>
            <NlmUniqueID>9110772</NlmUniqueID>
            <ISSNLinking>1120-6721</ISSNLinking>
        </MedlineJournalInfo>
        <ChemicalList>
            <Chemical>
                <RegistryNumber>0</RegistryNumber>
                <NameOfSubstance UI="D000903">Antibiotics, Antineoplastic</NameOfSubstance>
            </Chemical>
            <Chemical>
                <RegistryNumber>0</RegistryNumber>
                <NameOfSubstance UI="D009883">Ophthalmic Solutions</NameOfSubstance>
            </Chemical>
            <Chemical>
                <RegistryNumber>50SG953SK6</RegistryNumber>
                <NameOfSubstance UI="D016685">Mitomycin</NameOfSubstance>
            </Chemical>
        </ChemicalList>
        <CitationSubset>IM</CitationSubset>
        <MeshHeadingList>
            <MeshHeading>
                <DescriptorName UI="D000287" MajorTopicYN="N">Administration, Topical</DescriptorName>
            </MeshHeading>
            <MeshHeading>
                <DescriptorName UI="D000328" MajorTopicYN="N">Adult</DescriptorName>
            </MeshHeading>
            <MeshHeading>
                <DescriptorName UI="D000368" MajorTopicYN="N">Aged</DescriptorName>
            </MeshHeading>
            <MeshHeading>
                <DescriptorName UI="D000369" MajorTopicYN="N">Aged, 80 and over</DescriptorName>
            </MeshHeading>
            <MeshHeading>
                <DescriptorName UI="D000903" MajorTopicYN="N">Antibiotics, Antineoplastic</DescriptorName>
                <QualifierName UI="Q000008" MajorTopicYN="Y">administration &amp; dosage</QualifierName>
                <QualifierName UI="Q000627" MajorTopicYN="N">therapeutic use</QualifierName>
            </MeshHeading>
            <MeshHeading>
                <DescriptorName UI="D017024" MajorTopicYN="N">Chemotherapy, Adjuvant</DescriptorName>
            </MeshHeading>
            <MeshHeading>
                <DescriptorName UI="D002908" MajorTopicYN="N">Chronic Disease</DescriptorName>
            </MeshHeading>
            <MeshHeading>
                <DescriptorName UI="D005260" MajorTopicYN="N">Female</DescriptorName>
            </MeshHeading>
            <MeshHeading>
                <DescriptorName UI="D005500" MajorTopicYN="N">Follow-Up Studies</DescriptorName>
            </MeshHeading>
            <MeshHeading>
                <DescriptorName UI="D005902" MajorTopicYN="N">Glaucoma, Open-Angle</DescriptorName>
                <QualifierName UI="Q000188" MajorTopicYN="Y">drug therapy</QualifierName>
                <QualifierName UI="Q000503" MajorTopicYN="N">physiopathology</QualifierName>
                <QualifierName UI="Q000601" MajorTopicYN="N">surgery</QualifierName>
            </MeshHeading>
            <MeshHeading>
                <DescriptorName UI="D006801" MajorTopicYN="N">Humans</DescriptorName>
            </MeshHeading>
            <MeshHeading>
                <DescriptorName UI="D007429" MajorTopicYN="N">Intraocular Pressure</DescriptorName>
            </MeshHeading>
            <MeshHeading>
                <DescriptorName UI="D008297" MajorTopicYN="N">Male</DescriptorName>
            </MeshHeading>
            <MeshHeading>
                <DescriptorName UI="D008875" MajorTopicYN="N">Middle Aged</DescriptorName>
            </MeshHeading>
            <MeshHeading>
                <DescriptorName UI="D016685" MajorTopicYN="N">Mitomycin</DescriptorName>
                <QualifierName UI="Q000008" MajorTopicYN="Y">administration &amp; dosage</QualifierName>
                <QualifierName UI="Q000009" MajorTopicYN="N">adverse effects</QualifierName>
                <QualifierName UI="Q000627" MajorTopicYN="N">therapeutic use</QualifierName>
            </MeshHeading>
            <MeshHeading>
                <DescriptorName UI="D009883" MajorTopicYN="N">Ophthalmic Solutions</DescriptorName>
            </MeshHeading>
            <MeshHeading>
                <DescriptorName UI="D011446" MajorTopicYN="N">Prospective Studies</DescriptorName>
            </MeshHeading>
            <MeshHeading>
                <DescriptorName UI="D014130" MajorTopicYN="Y">Trabeculectomy</DescriptorName>
            </MeshHeading>
            <MeshHeading>
                <DescriptorName UI="D016896" MajorTopicYN="N">Treatment Outcome</DescriptorName>
            </MeshHeading>
            <MeshHeading>
                <DescriptorName UI="D014792" MajorTopicYN="N">Visual Acuity</DescriptorName>
            </MeshHeading>
            <MeshHeading>
                <DescriptorName UI="D014794" MajorTopicYN="N">Visual Fields</DescriptorName>
            </MeshHeading>
        </MeshHeadingList>
    </MedlineCitation>
    <PubmedData>
        <History>
            <PubMedPubDate PubStatus="pubmed">
                <Year>1997</Year>
                <Month>1</Month>
                <Day>1</Day>
            </PubMedPubDate>
            <PubMedPubDate PubStatus="medline">
                <Year>1997</Year>
                <Month>1</Month>
                <Day>1</Day>
                <Hour>0</Hour>
                <Minute>1</Minute>
            </PubMedPubDate>
            <PubMedPubDate PubStatus="entrez">
                <Year>1997</Year>
                <Month>1</Month>
                <Day>1</Day>
                <Hour>0</Hour>
                <Minute>0</Minute>
            </PubMedPubDate>
        </History>
        <PublicationStatus>ppublish</PublicationStatus>
        <ArticleIdList>
            <ArticleId IdType="pubmed">9101194</ArticleId>
        </ArticleIdList>
    </PubmedData>
</PubmedArticle>

</PubmedArticleSet>