<?xml version="1.0" ?>
<!DOCTYPE PubmedArticleSet PUBLIC "-//NLM//DTD PubMedArticle, 1st January 2019//EN" "https://dtd.nlm.nih.gov/ncbi/pubmed/out/pubmed_190101.dtd">
<PubmedArticleSet>
<PubmedArticle>
    <MedlineCitation Status="MEDLINE" Owner="NLM">
        <PMID Version="1">9112171</PMID>
        <DateCompleted>
            <Year>1997</Year>
            <Month>07</Month>
            <Day>17</Day>
        </DateCompleted>
        <DateRevised>
            <Year>2019</Year>
            <Month>10</Month>
            <Day>24</Day>
        </DateRevised>
        <Article PubModel="Print">
            <Journal>
                <ISSN IssnType="Print">0165-5701</ISSN>
                <JournalIssue CitedMedium="Print">
                    <Volume>20</Volume>
                    <Issue>1-3</Issue>
                    <PubDate>
                        <MedlineDate>1996-1997</MedlineDate>
                    </PubDate>
                </JournalIssue>
                <Title>International ophthalmology</Title>
                <ISOAbbreviation>Int Ophthalmol</ISOAbbreviation>
            </Journal>
            <ArticleTitle>A fluorophotometric study of corneal endothelium after trabeculectomy using different concentrations of Mitomycin-C.</ArticleTitle>
            <Pagination>
                <MedlinePgn>95-9</MedlinePgn>
            </Pagination>
            <Abstract>
                <AbstractText>The aim of the study was to determine the corneal endothelial permeability coefficient (Pac) in subjects after trabeculectomies using different concentrations of Mitomycin-C (MMC). MMC, a highly toxic drug, is not without drawbacks and complications such as corneal damage. To ascertain a possible relationship between a level of endothelial permeability (Pac) and concentrations of MMC used, we performed, in a prospective study, trabeculectomies in cases of primary open-angle glaucoma (POAG), younger than 50 years, with either concentrations of 0.5 mg/ml of MMC (group 1: 11 eyes) or 0.2 mg/ml of MMC (group 2: 10 eyes). Group 3 consisted of 8 patients after a typical trabeculectomy without MMC and served as a control group (8 eyes). In all groups, before surgery and again 1, 3 and 6 months after surgery, corneal endothelial permeability (Pac) was determined by using anterior segment fluorophotometry (Fluorotron Master). The thickness of the cornea (CT) was measured with a DGH Technology ultrasonic pachymeter. One month after surgery the mean values of Pac were statistically significantly higher in groups 1 and 2 (group 1: 4.78 x 10(-4) cm/min, group 2: 4.67 x 10(-4) cm/min) in comparison with the control group (group 3: 3.37 x 10(-4) cm/min), but the differences between groups 1 and 2 were not statistically significant (p = 0.05). Six months after operation the mean values of Pac in all groups were normalized. In eyes that underwent trabeculectomy with MMC, higher concentrations of MMC were likely to have a transient adverse effect on corneal endothelial permeability. In light of the resulting toxic intraocular effect of MMC, the damage in the function of the corneal endothelial barrier is greater with greater concentrations of MMC.</AbstractText>
            </Abstract>
            <AuthorList CompleteYN="Y">
                <Author ValidYN="Y">
                    <LastName>Szymanski</LastName>
                    <ForeName>A</ForeName>
                    <Initials>A</Initials>
                    <AffiliationInfo>
                        <Affiliation>Silesian School of Medicine, Department of Ophthalmology, Poland.</Affiliation>
                    </AffiliationInfo>
                </Author>
                <Author ValidYN="Y">
                    <LastName>Gierek-Lapinska</LastName>
                    <ForeName>A</ForeName>
                    <Initials>A</Initials>
                </Author>
                <Author ValidYN="Y">
                    <LastName>Koziak</LastName>
                    <ForeName>M</ForeName>
                    <Initials>M</Initials>
                </Author>
                <Author ValidYN="Y">
                    <LastName>Gierek-Ciaciura</LastName>
                    <ForeName>S</ForeName>
                    <Initials>S</Initials>
                </Author>
            </AuthorList>
            <Language>eng</Language>
            <PublicationTypeList>
                <PublicationType UI="D016430">Clinical Trial</PublicationType>
                <PublicationType UI="D003160">Comparative Study</PublicationType>
                <PublicationType UI="D016428">Journal Article</PublicationType>
                <PublicationType UI="D016449">Randomized Controlled Trial</PublicationType>
            </PublicationTypeList>
        </Article>
        <MedlineJournalInfo>
            <Country>Netherlands</Country>
            <MedlineTA>Int Ophthalmol</MedlineTA>
            <NlmUniqueID>7904294</NlmUniqueID>
            <ISSNLinking>0165-5701</ISSNLinking>
        </MedlineJournalInfo>
        <ChemicalList>
            <Chemical>
                <RegistryNumber>0</RegistryNumber>
                <NameOfSubstance UI="D000903">Antibiotics, Antineoplastic</NameOfSubstance>
            </Chemical>
            <Chemical>
                <RegistryNumber>0</RegistryNumber>
                <NameOfSubstance UI="D005452">Fluoresceins</NameOfSubstance>
            </Chemical>
            <Chemical>
                <RegistryNumber>0</RegistryNumber>
                <NameOfSubstance UI="D009883">Ophthalmic Solutions</NameOfSubstance>
            </Chemical>
            <Chemical>
                <RegistryNumber>50SG953SK6</RegistryNumber>
                <NameOfSubstance UI="D016685">Mitomycin</NameOfSubstance>
            </Chemical>
            <Chemical>
                <RegistryNumber>TPY09G7XIR</RegistryNumber>
                <NameOfSubstance UI="D019793">Fluorescein</NameOfSubstance>
            </Chemical>
        </ChemicalList>
        <CitationSubset>IM</CitationSubset>
        <MeshHeadingList>
            <MeshHeading>
                <DescriptorName UI="D000328" MajorTopicYN="N">Adult</DescriptorName>
            </MeshHeading>
            <MeshHeading>
                <DescriptorName UI="D000903" MajorTopicYN="N">Antibiotics, Antineoplastic</DescriptorName>
                <QualifierName UI="Q000008" MajorTopicYN="Y">administration &amp; dosage</QualifierName>
            </MeshHeading>
            <MeshHeading>
                <DescriptorName UI="D002463" MajorTopicYN="N">Cell Membrane Permeability</DescriptorName>
                <QualifierName UI="Q000187" MajorTopicYN="N">drug effects</QualifierName>
            </MeshHeading>
            <MeshHeading>
                <DescriptorName UI="D017024" MajorTopicYN="N">Chemotherapy, Adjuvant</DescriptorName>
            </MeshHeading>
            <MeshHeading>
                <DescriptorName UI="D004305" MajorTopicYN="N">Dose-Response Relationship, Drug</DescriptorName>
            </MeshHeading>
            <MeshHeading>
                <DescriptorName UI="D004728" MajorTopicYN="N">Endothelium, Corneal</DescriptorName>
                <QualifierName UI="Q000098" MajorTopicYN="N">blood supply</QualifierName>
                <QualifierName UI="Q000378" MajorTopicYN="Y">metabolism</QualifierName>
            </MeshHeading>
            <MeshHeading>
                <DescriptorName UI="D005260" MajorTopicYN="N">Female</DescriptorName>
            </MeshHeading>
            <MeshHeading>
                <DescriptorName UI="D019793" MajorTopicYN="N">Fluorescein</DescriptorName>
            </MeshHeading>
            <MeshHeading>
                <DescriptorName UI="D005452" MajorTopicYN="N">Fluoresceins</DescriptorName>
            </MeshHeading>
            <MeshHeading>
                <DescriptorName UI="D015590" MajorTopicYN="Y">Fluorophotometry</DescriptorName>
            </MeshHeading>
            <MeshHeading>
                <DescriptorName UI="D005902" MajorTopicYN="N">Glaucoma, Open-Angle</DescriptorName>
                <QualifierName UI="Q000378" MajorTopicYN="Y">metabolism</QualifierName>
                <QualifierName UI="Q000601" MajorTopicYN="N">surgery</QualifierName>
            </MeshHeading>
            <MeshHeading>
                <DescriptorName UI="D006801" MajorTopicYN="N">Humans</DescriptorName>
            </MeshHeading>
            <MeshHeading>
                <DescriptorName UI="D007429" MajorTopicYN="N">Intraocular Pressure</DescriptorName>
            </MeshHeading>
            <MeshHeading>
                <DescriptorName UI="D008297" MajorTopicYN="N">Male</DescriptorName>
            </MeshHeading>
            <MeshHeading>
                <DescriptorName UI="D008875" MajorTopicYN="N">Middle Aged</DescriptorName>
            </MeshHeading>
            <MeshHeading>
                <DescriptorName UI="D016685" MajorTopicYN="N">Mitomycin</DescriptorName>
                <QualifierName UI="Q000008" MajorTopicYN="Y">administration &amp; dosage</QualifierName>
            </MeshHeading>
            <MeshHeading>
                <DescriptorName UI="D009883" MajorTopicYN="N">Ophthalmic Solutions</DescriptorName>
            </MeshHeading>
            <MeshHeading>
                <DescriptorName UI="D011446" MajorTopicYN="N">Prospective Studies</DescriptorName>
            </MeshHeading>
            <MeshHeading>
                <DescriptorName UI="D014130" MajorTopicYN="Y">Trabeculectomy</DescriptorName>
            </MeshHeading>
        </MeshHeadingList>
    </MedlineCitation>
    <PubmedData>
        <History>
            <PubMedPubDate PubStatus="pubmed">
                <Year>1996</Year>
                <Month>1</Month>
                <Day>1</Day>
            </PubMedPubDate>
            <PubMedPubDate PubStatus="medline">
                <Year>1996</Year>
                <Month>1</Month>
                <Day>1</Day>
                <Hour>0</Hour>
                <Minute>1</Minute>
            </PubMedPubDate>
            <PubMedPubDate PubStatus="entrez">
                <Year>1996</Year>
                <Month>1</Month>
                <Day>1</Day>
                <Hour>0</Hour>
                <Minute>0</Minute>
            </PubMedPubDate>
        </History>
        <PublicationStatus>ppublish</PublicationStatus>
        <ArticleIdList>
            <ArticleId IdType="pubmed">9112171</ArticleId>
            <ArticleId IdType="doi">10.1007/BF00212953</ArticleId>
        </ArticleIdList>
        <ReferenceList>
            <Reference>
                <Citation>Ophthalmic Surg. 1994 Apr;25(4):240-4</Citation>
                <ArticleIdList>
                    <ArticleId IdType="pubmed">8015777</ArticleId>
                </ArticleIdList>
            </Reference>
            <Reference>
                <Citation>Am J Ophthalmol. 1968 Oct;66(4):673-9</Citation>
                <ArticleIdList>
                    <ArticleId IdType="pubmed">4891876</ArticleId>
                </ArticleIdList>
            </Reference>
            <Reference>
                <Citation>Curr Eye Res. 1992 Jun;11(6):565-70</Citation>
                <ArticleIdList>
                    <ArticleId IdType="pubmed">1505200</ArticleId>
                </ArticleIdList>
            </Reference>
            <Reference>
                <Citation>Ophthalmology. 1993 Nov;100(11):1624-8</Citation>
                <ArticleIdList>
                    <ArticleId IdType="pubmed">8233386</ArticleId>
                </ArticleIdList>
            </Reference>
            <Reference>
                <Citation>Exp Eye Res. 1978 Aug;27(2):135-42</Citation>
                <ArticleIdList>
                    <ArticleId IdType="pubmed">680032</ArticleId>
                </ArticleIdList>
            </Reference>
            <Reference>
                <Citation>Ophthalmology. 1992 Dec;99(12):1809-14</Citation>
                <ArticleIdList>
                    <ArticleId IdType="pubmed">1480395</ArticleId>
                </ArticleIdList>
            </Reference>
            <Reference>
                <Citation>Exp Eye Res. 1966 Jul;5(3):208-20</Citation>
                <ArticleIdList>
                    <ArticleId IdType="pubmed">5914653</ArticleId>
                </ArticleIdList>
            </Reference>
            <Reference>
                <Citation>Ophthalmology. 1992 Feb;99(2):203-7</Citation>
                <ArticleIdList>
                    <ArticleId IdType="pubmed">1553208</ArticleId>
                </ArticleIdList>
            </Reference>
            <Reference>
                <Citation>Int Ophthalmol. 1995;19(1):51-6</Citation>
                <ArticleIdList>
                    <ArticleId IdType="pubmed">8537197</ArticleId>
                </ArticleIdList>
            </Reference>
            <Reference>
                <Citation>Arch Ophthalmol. 1991 Dec;109(12):1635</Citation>
                <ArticleIdList>
                    <ArticleId IdType="pubmed">1841559</ArticleId>
                </ArticleIdList>
            </Reference>
        </ReferenceList>
    </PubmedData>
</PubmedArticle>

</PubmedArticleSet>