<?xml version="1.0" ?>
<!DOCTYPE PubmedArticleSet PUBLIC "-//NLM//DTD PubMedArticle, 1st January 2019//EN" "https://dtd.nlm.nih.gov/ncbi/pubmed/out/pubmed_190101.dtd">
<PubmedArticleSet>
<PubmedArticle>
    <MedlineCitation Status="MEDLINE" Owner="NLM">
        <PMID Version="1">9544650</PMID>
        <DateCompleted>
            <Year>1998</Year>
            <Month>04</Month>
            <Day>14</Day>
        </DateCompleted>
        <DateRevised>
            <Year>2013</Year>
            <Month>11</Month>
            <Day>21</Day>
        </DateRevised>
        <Article PubModel="Print">
            <Journal>
                <ISSN IssnType="Print">0161-6420</ISSN>
                <JournalIssue CitedMedium="Print">
                    <Volume>105</Volume>
                    <Issue>4</Issue>
                    <PubDate>
                        <Year>1998</Year>
                        <Month>Apr</Month>
                    </PubDate>
                </JournalIssue>
                <Title>Ophthalmology</Title>
                <ISOAbbreviation>Ophthalmology</ISOAbbreviation>
            </Journal>
            <ArticleTitle>The role of adjunctive mitomycin C in secondary glaucoma triple procedure as compared to primary glaucoma triple procedure.</ArticleTitle>
            <Pagination>
                <MedlinePgn>740-5</MedlinePgn>
            </Pagination>
            <Abstract>
                <AbstractText Label="OBJECTIVE" NlmCategory="OBJECTIVE">This study aimed to investigate whether previously failed glaucoma filtration surgery is a risk factor for filtration failure of subsequent trabeculectomy combined with cataract surgery and to determine the role of adjunctive mitomycin C (MMC) in the secondary glaucoma triple procedure (SGTP) as compared to primary glaucoma triple procedure (PGTP).</AbstractText>
                <AbstractText Label="DESIGN" NlmCategory="METHODS">A prospective, controlled study that was randomized with respect to assignment to adjunctive MMC and a case-control design with respect to comparisons between SGTP and PGTP was studied.</AbstractText>
                <AbstractText Label="PARTICIPANTS" NlmCategory="METHODS">The SGTP group consisted of 49 eyes of 49 consecutive patients with primary open-angle glaucoma with a history of glaucoma filtration surgery requiring glaucoma medical therapy and in need of cataract surgery, randomized to adjunctive MMC (SGTP MMC subgroup of 21 eyes) and no adjunctive MMC (SGTP control subgroup of 28 eyes). The PGTP group consisted of 49 PGTP cases closely matched to the SGTP cases with respect to age, race, gender, MMC use, C:D ratio, and systemic diseases.</AbstractText>
                <AbstractText Label="INTERVENTION" NlmCategory="METHODS">Trabeculectomy combined with phacoemulsification and a small incision (5 x 6 mm), all polymethylmethacrylate posterior chamber intraocular lens implantation with or without adjunctive MMC (0.5 mg/ml for 1 minute), was performed.</AbstractText>
                <AbstractText Label="MAIN OUTCOME MEASURES" NlmCategory="METHODS">Surgery failure was defined as the need of an additional intraocular procedure or the need of more than one medication to achieve intraocular pressure control to the target level. Intragroup and intergroup comparisons were made with respect to filtration outcome among the SGTP and PGTP patients.</AbstractText>
                <AbstractText Label="RESULTS" NlmCategory="RESULTS">Without adjunctive MMC, filtration success was significantly less in SGTP than in PGTP (P = 0.03). Adjunctive MMC significantly increased the success rate of SGTP (P = 0.02) but not that of PGTP (P = 0.89) over the average follow-up period of 2 years.</AbstractText>
                <AbstractText Label="CONCLUSIONS" NlmCategory="CONCLUSIONS">Previously failed glaucoma filtration surgery is a significant risk factor for the filtration failure of combined surgery. Intraoperative use of adjunctive MMC significantly improves the filtration success rate of SGTP.</AbstractText>
            </Abstract>
            <AuthorList CompleteYN="Y">
                <Author ValidYN="Y">
                    <LastName>Shin</LastName>
                    <ForeName>D H</ForeName>
                    <Initials>DH</Initials>
                    <AffiliationInfo>
                        <Affiliation>Kresge Eye Institute, Wayne State University School of Medicine, Detroit, Michigan 48201-1423, USA.</Affiliation>
                    </AffiliationInfo>
                </Author>
                <Author ValidYN="Y">
                    <LastName>Kim</LastName>
                    <ForeName>Y Y</ForeName>
                    <Initials>YY</Initials>
                </Author>
                <Author ValidYN="Y">
                    <LastName>Sheth</LastName>
                    <ForeName>N</ForeName>
                    <Initials>N</Initials>
                </Author>
                <Author ValidYN="Y">
                    <LastName>Ren</LastName>
                    <ForeName>J</ForeName>
                    <Initials>J</Initials>
                </Author>
                <Author ValidYN="Y">
                    <LastName>Shah</LastName>
                    <ForeName>M</ForeName>
                    <Initials>M</Initials>
                </Author>
                <Author ValidYN="Y">
                    <LastName>Kim</LastName>
                    <ForeName>C</ForeName>
                    <Initials>C</Initials>
                </Author>
                <Author ValidYN="Y">
                    <LastName>Yang</LastName>
                    <ForeName>K J</ForeName>
                    <Initials>KJ</Initials>
                </Author>
            </AuthorList>
            <Language>eng</Language>
            <PublicationTypeList>
                <PublicationType UI="D016430">Clinical Trial</PublicationType>
                <PublicationType UI="D003160">Comparative Study</PublicationType>
                <PublicationType UI="D016428">Journal Article</PublicationType>
                <PublicationType UI="D016449">Randomized Controlled Trial</PublicationType>
                <PublicationType UI="D013485">Research Support, Non-U.S. Gov't</PublicationType>
            </PublicationTypeList>
        </Article>
        <MedlineJournalInfo>
            <Country>United States</Country>
            <MedlineTA>Ophthalmology</MedlineTA>
            <NlmUniqueID>7802443</NlmUniqueID>
            <ISSNLinking>0161-6420</ISSNLinking>
        </MedlineJournalInfo>
        <ChemicalList>
            <Chemical>
                <RegistryNumber>50SG953SK6</RegistryNumber>
                <NameOfSubstance UI="D016685">Mitomycin</NameOfSubstance>
            </Chemical>
            <Chemical>
                <RegistryNumber>9011-14-7</RegistryNumber>
                <NameOfSubstance UI="D019904">Polymethyl Methacrylate</NameOfSubstance>
            </Chemical>
        </ChemicalList>
        <CitationSubset>IM</CitationSubset>
        <MeshHeadingList>
            <MeshHeading>
                <DescriptorName UI="D000328" MajorTopicYN="N">Adult</DescriptorName>
            </MeshHeading>
            <MeshHeading>
                <DescriptorName UI="D000368" MajorTopicYN="N">Aged</DescriptorName>
            </MeshHeading>
            <MeshHeading>
                <DescriptorName UI="D000369" MajorTopicYN="N">Aged, 80 and over</DescriptorName>
            </MeshHeading>
            <MeshHeading>
                <DescriptorName UI="D017024" MajorTopicYN="N">Chemotherapy, Adjuvant</DescriptorName>
            </MeshHeading>
            <MeshHeading>
                <DescriptorName UI="D005260" MajorTopicYN="N">Female</DescriptorName>
            </MeshHeading>
            <MeshHeading>
                <DescriptorName UI="D005902" MajorTopicYN="N">Glaucoma, Open-Angle</DescriptorName>
                <QualifierName UI="Q000188" MajorTopicYN="Y">drug therapy</QualifierName>
                <QualifierName UI="Q000601" MajorTopicYN="Y">surgery</QualifierName>
            </MeshHeading>
            <MeshHeading>
                <DescriptorName UI="D006801" MajorTopicYN="N">Humans</DescriptorName>
            </MeshHeading>
            <MeshHeading>
                <DescriptorName UI="D007429" MajorTopicYN="N">Intraocular Pressure</DescriptorName>
            </MeshHeading>
            <MeshHeading>
                <DescriptorName UI="D019654" MajorTopicYN="Y">Lens Implantation, Intraocular</DescriptorName>
            </MeshHeading>
            <MeshHeading>
                <DescriptorName UI="D008297" MajorTopicYN="N">Male</DescriptorName>
            </MeshHeading>
            <MeshHeading>
                <DescriptorName UI="D008875" MajorTopicYN="N">Middle Aged</DescriptorName>
            </MeshHeading>
            <MeshHeading>
                <DescriptorName UI="D016685" MajorTopicYN="N">Mitomycin</DescriptorName>
                <QualifierName UI="Q000627" MajorTopicYN="Y">therapeutic use</QualifierName>
            </MeshHeading>
            <MeshHeading>
                <DescriptorName UI="D018918" MajorTopicYN="Y">Phacoemulsification</DescriptorName>
            </MeshHeading>
            <MeshHeading>
                <DescriptorName UI="D019904" MajorTopicYN="N">Polymethyl Methacrylate</DescriptorName>
            </MeshHeading>
            <MeshHeading>
                <DescriptorName UI="D011446" MajorTopicYN="N">Prospective Studies</DescriptorName>
            </MeshHeading>
            <MeshHeading>
                <DescriptorName UI="D012307" MajorTopicYN="N">Risk Factors</DescriptorName>
            </MeshHeading>
            <MeshHeading>
                <DescriptorName UI="D014130" MajorTopicYN="Y">Trabeculectomy</DescriptorName>
            </MeshHeading>
            <MeshHeading>
                <DescriptorName UI="D017211" MajorTopicYN="N">Treatment Failure</DescriptorName>
            </MeshHeading>
            <MeshHeading>
                <DescriptorName UI="D016896" MajorTopicYN="N">Treatment Outcome</DescriptorName>
            </MeshHeading>
        </MeshHeadingList>
    </MedlineCitation>
    <PubmedData>
        <History>
            <PubMedPubDate PubStatus="pubmed">
                <Year>1998</Year>
                <Month>4</Month>
                <Day>17</Day>
            </PubMedPubDate>
            <PubMedPubDate PubStatus="medline">
                <Year>1998</Year>
                <Month>4</Month>
                <Day>17</Day>
                <Hour>0</Hour>
                <Minute>1</Minute>
            </PubMedPubDate>
            <PubMedPubDate PubStatus="entrez">
                <Year>1998</Year>
                <Month>4</Month>
                <Day>17</Day>
                <Hour>0</Hour>
                <Minute>0</Minute>
            </PubMedPubDate>
        </History>
        <PublicationStatus>ppublish</PublicationStatus>
        <ArticleIdList>
            <ArticleId IdType="pubmed">9544650</ArticleId>
            <ArticleId IdType="pii">S0161-6420(98)94032-5</ArticleId>
            <ArticleId IdType="doi">10.1016/S0161-6420(98)94032-5</ArticleId>
        </ArticleIdList>
    </PubmedData>
</PubmedArticle>

</PubmedArticleSet>