<?xml version="1.0" ?>
<!DOCTYPE PubmedArticleSet PUBLIC "-//NLM//DTD PubMedArticle, 1st January 2019//EN" "https://dtd.nlm.nih.gov/ncbi/pubmed/out/pubmed_190101.dtd">
<PubmedArticleSet>
<PubmedArticle>
    <MedlineCitation Status="MEDLINE" Owner="NLM">
        <PMID Version="1">11166532</PMID>
        <DateCompleted>
            <Year>2001</Year>
            <Month>03</Month>
            <Day>22</Day>
        </DateCompleted>
        <DateRevised>
            <Year>2019</Year>
            <Month>08</Month>
            <Day>31</Day>
        </DateRevised>
        <Article PubModel="Print">
            <Journal>
                <ISSN IssnType="Print">0895-4356</ISSN>
                <JournalIssue CitedMedium="Print">
                    <Volume>54</Volume>
                    <Issue>2</Issue>
                    <PubDate>
                        <Year>2001</Year>
                        <Month>Feb</Month>
                    </PubDate>
                </JournalIssue>
                <Title>Journal of clinical epidemiology</Title>
                <ISOAbbreviation>J Clin Epidemiol</ISOAbbreviation>
            </Journal>
            <ArticleTitle>Risk factors for open-angle glaucoma: a case-control study.</ArticleTitle>
            <Pagination>
                <MedlinePgn>166-71</MedlinePgn>
            </Pagination>
            <Abstract>
                <AbstractText>The objective of this study was to identify possible risk factors associated with open-angle glaucoma (OAG). A case-control study included patients seen at an ophthalmologic clinic. Cases were all consecutive new patients with either unilateral or bilateral OAG detected during the study period. Controls were a random sample of all other patients aged 30 or more, seen in the same department in the same period. Data on demographic, anthropometric and diet habits as well as medical characteristics were collected from 144 patients by medical examination and interview. The study took place at the University Department of Ophthalmology and general private practice of ophthalmology, both in the city of Kinshasa. Forty consecutive patients with OAG and 104 controls were chosen randomly between all consecutive non OAG patients. Odds ratio (OR) are presented for the relation between OAG and age, sex, ethnicity, family history of glaucoma, the length of stay in Kinshasa, body mass index, hypertension, diabetes mellitus, cigarette smoking, alcohol, diet habits. Adjusted odds ratio resulting from stepwise logistic regression was employed. Results indicate: family history of glaucoma (OR, 18; 95% CI, 5.80-59.00; P &lt; 0.001), age (OR, 1.05; 95% CI, 1.01-1.09; P = 0.025), body mass index (OR, 1.09; 95% CI, 1.01-1.18; P = 0.05), hyperopia (OR, 2.9; 95% CI, 1.05-7.08; P = 0.03), Mongo ethnic group (OR, 3.5; 95% CI, 1.11-12.20; P = 0.03) and consumption of rice (OR, 4.6; 95% CI, 1.65-12.20; P = 0.004) conferred a significantly greater risk of OAG. This study seems confirm that Mongo ethnic group is associated with an increased risk of OAG.</AbstractText>
            </Abstract>
            <AuthorList CompleteYN="Y">
                <Author ValidYN="Y">
                    <LastName>Kaimbo</LastName>
                    <ForeName>D K</ForeName>
                    <Initials>DK</Initials>
                    <AffiliationInfo>
                        <Affiliation>Department of Ophthalmology, University of Kinshasa, Democratic Republic of Congo.</Affiliation>
                    </AffiliationInfo>
                </Author>
                <Author ValidYN="Y">
                    <LastName>Buntinx</LastName>
                    <ForeName>F</ForeName>
                    <Initials>F</Initials>
                </Author>
                <Author ValidYN="Y">
                    <LastName>Missotten</LastName>
                    <ForeName>L</ForeName>
                    <Initials>L</Initials>
                </Author>
            </AuthorList>
            <Language>eng</Language>
            <PublicationTypeList>
                <PublicationType UI="D016428">Journal Article</PublicationType>
            </PublicationTypeList>
        </Article>
        <MedlineJournalInfo>
            <Country>United States</Country>
            <MedlineTA>J Clin Epidemiol</MedlineTA>
            <NlmUniqueID>8801383</NlmUniqueID>
            <ISSNLinking>0895-4356</ISSNLinking>
        </MedlineJournalInfo>
        <CitationSubset>IM</CitationSubset>
        <MeshHeadingList>
            <MeshHeading>
                <DescriptorName UI="D000328" MajorTopicYN="N">Adult</DescriptorName>
            </MeshHeading>
            <MeshHeading>
                <DescriptorName UI="D017677" MajorTopicYN="N">Age Distribution</DescriptorName>
            </MeshHeading>
            <MeshHeading>
                <DescriptorName UI="D000368" MajorTopicYN="N">Aged</DescriptorName>
            </MeshHeading>
            <MeshHeading>
                <DescriptorName UI="D000369" MajorTopicYN="N">Aged, 80 and over</DescriptorName>
            </MeshHeading>
            <MeshHeading>
                <DescriptorName UI="D000704" MajorTopicYN="N">Analysis of Variance</DescriptorName>
            </MeshHeading>
            <MeshHeading>
                <DescriptorName UI="D015992" MajorTopicYN="N">Body Mass Index</DescriptorName>
            </MeshHeading>
            <MeshHeading>
                <DescriptorName UI="D016022" MajorTopicYN="N">Case-Control Studies</DescriptorName>
            </MeshHeading>
            <MeshHeading>
                <DescriptorName UI="D015023" MajorTopicYN="N" Type="Geographic">Democratic Republic of the Congo</DescriptorName>
                <QualifierName UI="Q000453" MajorTopicYN="N">epidemiology</QualifierName>
            </MeshHeading>
            <MeshHeading>
                <DescriptorName UI="D004032" MajorTopicYN="N">Diet</DescriptorName>
                <QualifierName UI="Q000009" MajorTopicYN="N">adverse effects</QualifierName>
            </MeshHeading>
            <MeshHeading>
                <DescriptorName UI="D005902" MajorTopicYN="N">Glaucoma, Open-Angle</DescriptorName>
                <QualifierName UI="Q000175" MajorTopicYN="N">diagnosis</QualifierName>
                <QualifierName UI="Q000453" MajorTopicYN="N">epidemiology</QualifierName>
                <QualifierName UI="Q000209" MajorTopicYN="Y">etiology</QualifierName>
            </MeshHeading>
            <MeshHeading>
                <DescriptorName UI="D006801" MajorTopicYN="N">Humans</DescriptorName>
            </MeshHeading>
            <MeshHeading>
                <DescriptorName UI="D006956" MajorTopicYN="N">Hyperopia</DescriptorName>
                <QualifierName UI="Q000150" MajorTopicYN="N">complications</QualifierName>
            </MeshHeading>
            <MeshHeading>
                <DescriptorName UI="D016015" MajorTopicYN="N">Logistic Models</DescriptorName>
            </MeshHeading>
            <MeshHeading>
                <DescriptorName UI="D008875" MajorTopicYN="N">Middle Aged</DescriptorName>
            </MeshHeading>
            <MeshHeading>
                <DescriptorName UI="D010808" MajorTopicYN="N">Physical Examination</DescriptorName>
            </MeshHeading>
            <MeshHeading>
                <DescriptorName UI="D012307" MajorTopicYN="N">Risk Factors</DescriptorName>
            </MeshHeading>
            <MeshHeading>
                <DescriptorName UI="D017678" MajorTopicYN="N">Sex Distribution</DescriptorName>
            </MeshHeading>
        </MeshHeadingList>
    </MedlineCitation>
    <PubmedData>
        <History>
            <PubMedPubDate PubStatus="pubmed">
                <Year>2001</Year>
                <Month>2</Month>
                <Day>13</Day>
                <Hour>11</Hour>
                <Minute>0</Minute>
            </PubMedPubDate>
            <PubMedPubDate PubStatus="medline">
                <Year>2001</Year>
                <Month>3</Month>
                <Day>27</Day>
                <Hour>10</Hour>
                <Minute>1</Minute>
            </PubMedPubDate>
            <PubMedPubDate PubStatus="entrez">
                <Year>2001</Year>
                <Month>2</Month>
                <Day>13</Day>
                <Hour>11</Hour>
                <Minute>0</Minute>
            </PubMedPubDate>
        </History>
        <PublicationStatus>ppublish</PublicationStatus>
        <ArticleIdList>
            <ArticleId IdType="pubmed">11166532</ArticleId>
            <ArticleId IdType="pii">S0895-4356(00)00291-2</ArticleId>
            <ArticleId IdType="doi">10.1016/s0895-4356(00)00291-2</ArticleId>
        </ArticleIdList>
    </PubmedData>
</PubmedArticle>

</PubmedArticleSet>