<?xml version="1.0" ?>
<!DOCTYPE PubmedArticleSet PUBLIC "-//NLM//DTD PubMedArticle, 1st January 2019//EN" "https://dtd.nlm.nih.gov/ncbi/pubmed/out/pubmed_190101.dtd">
<PubmedArticleSet>
<PubmedArticle>
    <MedlineCitation Status="MEDLINE" Owner="NLM">
        <PMID Version="1">11735794</PMID>
        <DateCompleted>
            <Year>2001</Year>
            <Month>12</Month>
            <Day>20</Day>
        </DateCompleted>
        <DateRevised>
            <Year>2019</Year>
            <Month>07</Month>
            <Day>04</Day>
        </DateRevised>
        <Article PubModel="Print">
            <Journal>
                <ISSN IssnType="Print">0003-9950</ISSN>
                <JournalIssue CitedMedium="Print">
                    <Volume>119</Volume>
                    <Issue>12</Issue>
                    <PubDate>
                        <Year>2001</Year>
                        <Month>Dec</Month>
                    </PubDate>
                </JournalIssue>
                <Title>Archives of ophthalmology (Chicago, Ill. : 1960)</Title>
                <ISOAbbreviation>Arch Ophthalmol</ISOAbbreviation>
            </Journal>
            <ArticleTitle>The prevalence of glaucoma in a population-based study of Hispanic subjects: Proyecto VER.</ArticleTitle>
            <Pagination>
                <MedlinePgn>1819-26</MedlinePgn>
            </Pagination>
            <Abstract>
                <AbstractText Label="OBJECTIVE" NlmCategory="OBJECTIVE">To determine the prevalence of glaucoma in a population-based sample of Hispanic adults older than 40 years.</AbstractText>
                <AbstractText Label="METHODS" NlmCategory="METHODS">Using 1990 census data for Arizona, groups of persons living in sections of the city in Nogales and Tucson were randomly selected with a probability proportional to the Hispanic population older than 40 years. We tried to recruit all eligible adults in homes with 1 self-described Hispanic adult. Detailed ocular examinations at a local clinic included visual acuity testing, applanation tonometry, gonioscopy, an optic disc evaluation, and a threshold visual field test. Open-angle glaucoma (OAG) was defined using a proposed international system for prevalence surveys, including threshold visual field defect and optic disc damage. Angle-closure glaucoma was defined as bilateral appositional angle closure, combined with optic nerve damage (judged by field and disc as for OAG).</AbstractText>
                <AbstractText Label="RESULTS" NlmCategory="RESULTS">Examinations were conducted in 72% (4774/6658) of eligible persons, with a 1.97% prevalence (95% confidence interval, 1.58%-2.36%) of OAG (94 persons). The age-specific OAG prevalence increased nonlinearly from 0.50% in those aged 41 to 49 years to 12.63% in those 80 years and older. Angle-closure glaucoma was detected in 5 persons (0.10%). Sex, blood pressure, and cigarette smoking were not significant OAG risk factors. Only 36 (38%) of the 94 persons with OAG were aware of their OAG before the study. Screening results with an intraocular pressure higher than 22 mm Hg (in the eye with a higher pressure) would miss 80% of the OAG cases.</AbstractText>
                <AbstractText Label="CONCLUSIONS" NlmCategory="CONCLUSIONS">The prevalence of OAG in Hispanic persons was intermediate between reported values for white and black persons. The prevalence increased more quickly with increasing age than in other ethnic groups. Glaucoma was the leading cause of bilateral blindness.</AbstractText>
            </Abstract>
            <AuthorList CompleteYN="Y">
                <Author ValidYN="Y">
                    <LastName>Quigley</LastName>
                    <ForeName>H A</ForeName>
                    <Initials>HA</Initials>
                    <AffiliationInfo>
                        <Affiliation>Dana Center for Preventive Ophthalmology, Wilmer Institute, The Johns Hopkins Hospital, 600 N Wolfe St, Baltimore, MD 21287, USA. hquigley@jhmi.edu</Affiliation>
                    </AffiliationInfo>
                </Author>
                <Author ValidYN="Y">
                    <LastName>West</LastName>
                    <ForeName>S K</ForeName>
                    <Initials>SK</Initials>
                </Author>
                <Author ValidYN="Y">
                    <LastName>Rodriguez</LastName>
                    <ForeName>J</ForeName>
                    <Initials>J</Initials>
                </Author>
                <Author ValidYN="Y">
                    <LastName>Munoz</LastName>
                    <ForeName>B</ForeName>
                    <Initials>B</Initials>
                </Author>
                <Author ValidYN="Y">
                    <LastName>Klein</LastName>
                    <ForeName>R</ForeName>
                    <Initials>R</Initials>
                </Author>
                <Author ValidYN="Y">
                    <LastName>Snyder</LastName>
                    <ForeName>R</ForeName>
                    <Initials>R</Initials>
                </Author>
            </AuthorList>
            <Language>eng</Language>
            <GrantList CompleteYN="Y">
                <Grant>
                    <GrantID>EY01765</GrantID>
                    <Acronym>EY</Acronym>
                    <Agency>NEI NIH HHS</Agency>
                    <Country>United States</Country>
                </Grant>
                <Grant>
                    <GrantID>EY11283</GrantID>
                    <Acronym>EY</Acronym>
                    <Agency>NEI NIH HHS</Agency>
                    <Country>United States</Country>
                </Grant>
            </GrantList>
            <PublicationTypeList>
                <PublicationType UI="D016428">Journal Article</PublicationType>
                <PublicationType UI="D013487">Research Support, U.S. Gov't, P.H.S.</PublicationType>
            </PublicationTypeList>
        </Article>
        <MedlineJournalInfo>
            <Country>United States</Country>
            <MedlineTA>Arch Ophthalmol</MedlineTA>
            <NlmUniqueID>7706534</NlmUniqueID>
            <ISSNLinking>0003-9950</ISSNLinking>
        </MedlineJournalInfo>
        <CitationSubset>AIM</CitationSubset>
        <CitationSubset>IM</CitationSubset>
        <MeshHeadingList>
            <MeshHeading>
                <DescriptorName UI="D000328" MajorTopicYN="N">Adult</DescriptorName>
            </MeshHeading>
            <MeshHeading>
                <DescriptorName UI="D017677" MajorTopicYN="N">Age Distribution</DescriptorName>
            </MeshHeading>
            <MeshHeading>
                <DescriptorName UI="D000368" MajorTopicYN="N">Aged</DescriptorName>
            </MeshHeading>
            <MeshHeading>
                <DescriptorName UI="D000369" MajorTopicYN="N">Aged, 80 and over</DescriptorName>
            </MeshHeading>
            <MeshHeading>
                <DescriptorName UI="D001130" MajorTopicYN="N" Type="Geographic">Arizona</DescriptorName>
                <QualifierName UI="Q000453" MajorTopicYN="N">epidemiology</QualifierName>
            </MeshHeading>
            <MeshHeading>
                <DescriptorName UI="D001766" MajorTopicYN="N">Blindness</DescriptorName>
                <QualifierName UI="Q000453" MajorTopicYN="N">epidemiology</QualifierName>
            </MeshHeading>
            <MeshHeading>
                <DescriptorName UI="D001794" MajorTopicYN="N">Blood Pressure</DescriptorName>
            </MeshHeading>
            <MeshHeading>
                <DescriptorName UI="D005260" MajorTopicYN="N">Female</DescriptorName>
            </MeshHeading>
            <MeshHeading>
                <DescriptorName UI="D015812" MajorTopicYN="N">Glaucoma, Angle-Closure</DescriptorName>
                <QualifierName UI="Q000208" MajorTopicYN="Y">ethnology</QualifierName>
            </MeshHeading>
            <MeshHeading>
                <DescriptorName UI="D005902" MajorTopicYN="N">Glaucoma, Open-Angle</DescriptorName>
                <QualifierName UI="Q000208" MajorTopicYN="Y">ethnology</QualifierName>
            </MeshHeading>
            <MeshHeading>
                <DescriptorName UI="D006630" MajorTopicYN="Y">Hispanic Americans</DescriptorName>
            </MeshHeading>
            <MeshHeading>
                <DescriptorName UI="D006801" MajorTopicYN="N">Humans</DescriptorName>
            </MeshHeading>
            <MeshHeading>
                <DescriptorName UI="D007429" MajorTopicYN="N">Intraocular Pressure</DescriptorName>
            </MeshHeading>
            <MeshHeading>
                <DescriptorName UI="D008297" MajorTopicYN="N">Male</DescriptorName>
            </MeshHeading>
            <MeshHeading>
                <DescriptorName UI="D008875" MajorTopicYN="N">Middle Aged</DescriptorName>
            </MeshHeading>
            <MeshHeading>
                <DescriptorName UI="D011153" MajorTopicYN="N">Population</DescriptorName>
            </MeshHeading>
            <MeshHeading>
                <DescriptorName UI="D015995" MajorTopicYN="N">Prevalence</DescriptorName>
            </MeshHeading>
            <MeshHeading>
                <DescriptorName UI="D012307" MajorTopicYN="N">Risk Factors</DescriptorName>
            </MeshHeading>
            <MeshHeading>
                <DescriptorName UI="D017678" MajorTopicYN="N">Sex Distribution</DescriptorName>
            </MeshHeading>
            <MeshHeading>
                <DescriptorName UI="D014786" MajorTopicYN="N">Vision Disorders</DescriptorName>
                <QualifierName UI="Q000453" MajorTopicYN="N">epidemiology</QualifierName>
            </MeshHeading>
            <MeshHeading>
                <DescriptorName UI="D014792" MajorTopicYN="N">Visual Acuity</DescriptorName>
            </MeshHeading>
            <MeshHeading>
                <DescriptorName UI="D014794" MajorTopicYN="N">Visual Fields</DescriptorName>
            </MeshHeading>
        </MeshHeadingList>
    </MedlineCitation>
    <PubmedData>
        <History>
            <PubMedPubDate PubStatus="pubmed">
                <Year>2001</Year>
                <Month>12</Month>
                <Day>26</Day>
                <Hour>10</Hour>
                <Minute>0</Minute>
            </PubMedPubDate>
            <PubMedPubDate PubStatus="medline">
                <Year>2002</Year>
                <Month>1</Month>
                <Day>5</Day>
                <Hour>10</Hour>
                <Minute>1</Minute>
            </PubMedPubDate>
            <PubMedPubDate PubStatus="entrez">
                <Year>2001</Year>
                <Month>12</Month>
                <Day>26</Day>
                <Hour>10</Hour>
                <Minute>0</Minute>
            </PubMedPubDate>
        </History>
        <PublicationStatus>ppublish</PublicationStatus>
        <ArticleIdList>
            <ArticleId IdType="pubmed">11735794</ArticleId>
            <ArticleId IdType="pii">eeb00045</ArticleId>
            <ArticleId IdType="doi">10.1001/archopht.119.12.1819</ArticleId>
        </ArticleIdList>
    </PubmedData>
</PubmedArticle>

</PubmedArticleSet>