<?xml version="1.0" ?>
<!DOCTYPE PubmedArticleSet PUBLIC "-//NLM//DTD PubMedArticle, 1st January 2019//EN" "https://dtd.nlm.nih.gov/ncbi/pubmed/out/pubmed_190101.dtd">
<PubmedArticleSet>
<PubmedArticle>
    <MedlineCitation Status="MEDLINE" Owner="NLM">
        <PMID Version="1">1301452</PMID>
        <DateCompleted>
            <Year>1993</Year>
            <Month>06</Month>
            <Day>01</Day>
        </DateCompleted>
        <DateRevised>
            <Year>2017</Year>
            <Month>02</Month>
            <Day>14</Day>
        </DateRevised>
        <Article PubModel="Print">
            <Journal>
                <ISSN IssnType="Print">1011-8942</ISSN>
                <JournalIssue CitedMedium="Print">
                    <Volume>6</Volume>
                    <Issue>2</Issue>
                    <PubDate>
                        <Year>1992</Year>
                        <Month>Dec</Month>
                    </PubDate>
                </JournalIssue>
                <Title>Korean journal of ophthalmology : KJO</Title>
                <ISOAbbreviation>Korean J Ophthalmol</ISOAbbreviation>
            </Journal>
            <ArticleTitle>Glaucoma risk factors in primary open-angle glaucoma patients compared to ocular hypertensives and control subjects.</ArticleTitle>
            <Pagination>
                <MedlinePgn>91-9</MedlinePgn>
            </Pagination>
            <Abstract>
                <AbstractText>To investigate the risk factors for glaucoma, we reviewed the clinical record of 361 primary open-angle glaucoma (POAG) patients, 178 ocular hypertensives (OH), and 927 controls without POAG or OH, randomly selected from an urban medical center eye clinic. Old age defined as &gt; or = 55 year, (odds ratio ratio (OR) = 3.13 95% confidence interval (CI): 2.06-4.76, P &lt; .0001), black race (OR = 2.58, 95% CI: 1.79-3.74, p &lt; .0001), hypertension (OR = 1.709, 95% CI: 1.15-2.51, P &lt; .0108), and diabetes mellitus (OR = 1.83, 95% CI: 1.08-3.09, P = .0308) were identified as significant risk factors in POAG compared to OH. Old Age (OR = 4.94, 95% CI: 3.62-6.76, p &lt; .0001), and black race (OR = 2.04, 95% CI: 1.59-2.61, P &lt; .0001), HTN (OR = 1.63, 95% CI: 1.26-2.11, P = .0002), and DM (OR = 1.40 95% CI: 1.02-1.92 P = .0450) were also significant risk factors when compared to normal controls. However, when the 361 POAG patients were compared to 361 controls matched with respect to age, race, and sex, hypertension and diabetes mellitus did not appear to be independent risk factors. Family history of glaucoma was found to be a risk factors more significantly for OH (OR = 6.79, 95% CI: 4.39-10.50, P &lt; .0001) than for POAG (OR = 2.83, 95% CI: 1.90-4.21, P &lt; .0001) compared to the matched control subjects.(ABSTRACT TRUNCATED AT 250 WORDS)</AbstractText>
            </Abstract>
            <AuthorList CompleteYN="Y">
                <Author ValidYN="Y">
                    <LastName>Uhm</LastName>
                    <ForeName>K B</ForeName>
                    <Initials>KB</Initials>
                    <AffiliationInfo>
                        <Affiliation>Department of Ophthalmology School of Medicine, Hanyang University, Seoul, Korea.</Affiliation>
                    </AffiliationInfo>
                </Author>
                <Author ValidYN="Y">
                    <LastName>Shin</LastName>
                    <ForeName>D H</ForeName>
                    <Initials>DH</Initials>
                </Author>
            </AuthorList>
            <Language>eng</Language>
            <PublicationTypeList>
                <PublicationType UI="D003160">Comparative Study</PublicationType>
                <PublicationType UI="D016428">Journal Article</PublicationType>
            </PublicationTypeList>
        </Article>
        <MedlineJournalInfo>
            <Country>Korea (South)</Country>
            <MedlineTA>Korean J Ophthalmol</MedlineTA>
            <NlmUniqueID>8804513</NlmUniqueID>
            <ISSNLinking>1011-8942</ISSNLinking>
        </MedlineJournalInfo>
        <CitationSubset>IM</CitationSubset>
        <MeshHeadingList>
            <MeshHeading>
                <DescriptorName UI="D044383" MajorTopicYN="N">African Continental Ancestry Group</DescriptorName>
            </MeshHeading>
            <MeshHeading>
                <DescriptorName UI="D000367" MajorTopicYN="N">Age Factors</DescriptorName>
            </MeshHeading>
            <MeshHeading>
                <DescriptorName UI="D000368" MajorTopicYN="N">Aged</DescriptorName>
            </MeshHeading>
            <MeshHeading>
                <DescriptorName UI="D000369" MajorTopicYN="N">Aged, 80 and over</DescriptorName>
            </MeshHeading>
            <MeshHeading>
                <DescriptorName UI="D048909" MajorTopicYN="N">Diabetes Complications</DescriptorName>
            </MeshHeading>
            <MeshHeading>
                <DescriptorName UI="D005260" MajorTopicYN="N">Female</DescriptorName>
            </MeshHeading>
            <MeshHeading>
                <DescriptorName UI="D005902" MajorTopicYN="N">Glaucoma, Open-Angle</DescriptorName>
                <QualifierName UI="Q000208" MajorTopicYN="N">ethnology</QualifierName>
                <QualifierName UI="Q000209" MajorTopicYN="Y">etiology</QualifierName>
            </MeshHeading>
            <MeshHeading>
                <DescriptorName UI="D006801" MajorTopicYN="N">Humans</DescriptorName>
            </MeshHeading>
            <MeshHeading>
                <DescriptorName UI="D006973" MajorTopicYN="N">Hypertension</DescriptorName>
                <QualifierName UI="Q000150" MajorTopicYN="N">complications</QualifierName>
            </MeshHeading>
            <MeshHeading>
                <DescriptorName UI="D008297" MajorTopicYN="N">Male</DescriptorName>
            </MeshHeading>
            <MeshHeading>
                <DescriptorName UI="D008875" MajorTopicYN="N">Middle Aged</DescriptorName>
            </MeshHeading>
            <MeshHeading>
                <DescriptorName UI="D009798" MajorTopicYN="N">Ocular Hypertension</DescriptorName>
                <QualifierName UI="Q000208" MajorTopicYN="N">ethnology</QualifierName>
                <QualifierName UI="Q000209" MajorTopicYN="Y">etiology</QualifierName>
            </MeshHeading>
            <MeshHeading>
                <DescriptorName UI="D016017" MajorTopicYN="N">Odds Ratio</DescriptorName>
            </MeshHeading>
            <MeshHeading>
                <DescriptorName UI="D015995" MajorTopicYN="N">Prevalence</DescriptorName>
            </MeshHeading>
            <MeshHeading>
                <DescriptorName UI="D011897" MajorTopicYN="N">Random Allocation</DescriptorName>
            </MeshHeading>
            <MeshHeading>
                <DescriptorName UI="D012307" MajorTopicYN="N">Risk Factors</DescriptorName>
            </MeshHeading>
        </MeshHeadingList>
    </MedlineCitation>
    <PubmedData>
        <History>
            <PubMedPubDate PubStatus="pubmed">
                <Year>1992</Year>
                <Month>12</Month>
                <Day>1</Day>
            </PubMedPubDate>
            <PubMedPubDate PubStatus="medline">
                <Year>1992</Year>
                <Month>12</Month>
                <Day>1</Day>
                <Hour>0</Hour>
                <Minute>1</Minute>
            </PubMedPubDate>
            <PubMedPubDate PubStatus="entrez">
                <Year>1992</Year>
                <Month>12</Month>
                <Day>1</Day>
                <Hour>0</Hour>
                <Minute>0</Minute>
            </PubMedPubDate>
        </History>
        <PublicationStatus>ppublish</PublicationStatus>
        <ArticleIdList>
            <ArticleId IdType="pubmed">1301452</ArticleId>
            <ArticleId IdType="doi">10.3341/kjo.1992.6.2.91</ArticleId>
        </ArticleIdList>
    </PubmedData>
</PubmedArticle>

</PubmedArticleSet>