<?xml version="1.0" ?>
<!DOCTYPE PubmedArticleSet PUBLIC "-//NLM//DTD PubMedArticle, 1st January 2019//EN" "https://dtd.nlm.nih.gov/ncbi/pubmed/out/pubmed_190101.dtd">
<PubmedArticleSet>
<PubmedArticle>
    <MedlineCitation Status="MEDLINE" Owner="NLM">
        <PMID Version="1">3395491</PMID>
        <DateCompleted>
            <Year>1988</Year>
            <Month>09</Month>
            <Day>02</Day>
        </DateCompleted>
        <DateRevised>
            <Year>2007</Year>
            <Month>11</Month>
            <Day>14</Day>
        </DateRevised>
        <Article PubModel="Print">
            <Journal>
                <ISSN IssnType="Print">0749-3797</ISSN>
                <JournalIssue CitedMedium="Print">
                    <Volume>4</Volume>
                    <Issue>2</Issue>
                    <PubDate>
                        <MedlineDate>1988 Mar-Apr</MedlineDate>
                    </PubDate>
                </JournalIssue>
                <Title>American journal of preventive medicine</Title>
                <ISOAbbreviation>Am J Prev Med</ISOAbbreviation>
            </Journal>
            <ArticleTitle>Risk factors for primary open angle glaucoma.</ArticleTitle>
            <Pagination>
                <MedlinePgn>110-4</MedlinePgn>
            </Pagination>
            <Abstract>
                <AbstractText>Ninety-four individuals with well-documented glaucomatous visual field loss were matched by age, race, and sex to 94 controls. Both groups completed a detailed interview about past and current ocular and systemic diseases. We also ascertained medication, alcohol, and cigarette use. Blood pressure measurements were taken at the time of the interview. Diabetes showed the closest association with glaucoma [odds ratio, 2.80 (1.01,7.77]). A history of hypertension and/or medication use was not associated with glaucoma, but elevated diastolic blood pressure showed some association [odds ratio, 2.40 (0.85,6.81]). Separate analyses for whites and blacks showed diabetes to be a risk factor for both groups. Diastolic blood pressure and alcohol use appeared to be more strongly associated with glaucoma among whites, but these results should be cautiously interpreted because of the small numbers available for subgroup analysis.</AbstractText>
            </Abstract>
            <AuthorList CompleteYN="Y">
                <Author ValidYN="Y">
                    <LastName>Katz</LastName>
                    <ForeName>J</ForeName>
                    <Initials>J</Initials>
                    <AffiliationInfo>
                        <Affiliation>Dana Center for Preventive Ophthalmology, Wilmer Institute, Johns Hopkins Medical Institutions, Baltimore, MD 21205.</Affiliation>
                    </AffiliationInfo>
                </Author>
                <Author ValidYN="Y">
                    <LastName>Sommer</LastName>
                    <ForeName>A</ForeName>
                    <Initials>A</Initials>
                </Author>
            </AuthorList>
            <Language>eng</Language>
            <GrantList CompleteYN="Y">
                <Grant>
                    <GrantID>EY03605</GrantID>
                    <Acronym>EY</Acronym>
                    <Agency>NEI NIH HHS</Agency>
                    <Country>United States</Country>
                </Grant>
            </GrantList>
            <PublicationTypeList>
                <PublicationType UI="D016428">Journal Article</PublicationType>
                <PublicationType UI="D013487">Research Support, U.S. Gov't, P.H.S.</PublicationType>
            </PublicationTypeList>
        </Article>
        <MedlineJournalInfo>
            <Country>Netherlands</Country>
            <MedlineTA>Am J Prev Med</MedlineTA>
            <NlmUniqueID>8704773</NlmUniqueID>
            <ISSNLinking>0749-3797</ISSNLinking>
        </MedlineJournalInfo>
        <CitationSubset>IM</CitationSubset>
        <MeshHeadingList>
            <MeshHeading>
                <DescriptorName UI="D000328" MajorTopicYN="N">Adult</DescriptorName>
            </MeshHeading>
            <MeshHeading>
                <DescriptorName UI="D044383" MajorTopicYN="N">African Continental Ancestry Group</DescriptorName>
            </MeshHeading>
            <MeshHeading>
                <DescriptorName UI="D000368" MajorTopicYN="N">Aged</DescriptorName>
            </MeshHeading>
            <MeshHeading>
                <DescriptorName UI="D048909" MajorTopicYN="N">Diabetes Complications</DescriptorName>
            </MeshHeading>
            <MeshHeading>
                <DescriptorName UI="D005260" MajorTopicYN="N">Female</DescriptorName>
            </MeshHeading>
            <MeshHeading>
                <DescriptorName UI="D005902" MajorTopicYN="N">Glaucoma, Open-Angle</DescriptorName>
                <QualifierName UI="Q000209" MajorTopicYN="Y">etiology</QualifierName>
            </MeshHeading>
            <MeshHeading>
                <DescriptorName UI="D006801" MajorTopicYN="N">Humans</DescriptorName>
            </MeshHeading>
            <MeshHeading>
                <DescriptorName UI="D006973" MajorTopicYN="N">Hypertension</DescriptorName>
                <QualifierName UI="Q000150" MajorTopicYN="N">complications</QualifierName>
            </MeshHeading>
            <MeshHeading>
                <DescriptorName UI="D008297" MajorTopicYN="N">Male</DescriptorName>
            </MeshHeading>
            <MeshHeading>
                <DescriptorName UI="D008875" MajorTopicYN="N">Middle Aged</DescriptorName>
            </MeshHeading>
            <MeshHeading>
                <DescriptorName UI="D012307" MajorTopicYN="N">Risk Factors</DescriptorName>
            </MeshHeading>
            <MeshHeading>
                <DescriptorName UI="D012907" MajorTopicYN="N">Smoking</DescriptorName>
                <QualifierName UI="Q000523" MajorTopicYN="N">psychology</QualifierName>
            </MeshHeading>
        </MeshHeadingList>
    </MedlineCitation>
    <PubmedData>
        <History>
            <PubMedPubDate PubStatus="pubmed">
                <Year>1988</Year>
                <Month>3</Month>
                <Day>1</Day>
            </PubMedPubDate>
            <PubMedPubDate PubStatus="medline">
                <Year>1988</Year>
                <Month>3</Month>
                <Day>1</Day>
                <Hour>0</Hour>
                <Minute>1</Minute>
            </PubMedPubDate>
            <PubMedPubDate PubStatus="entrez">
                <Year>1988</Year>
                <Month>3</Month>
                <Day>1</Day>
                <Hour>0</Hour>
                <Minute>0</Minute>
            </PubMedPubDate>
        </History>
        <PublicationStatus>ppublish</PublicationStatus>
        <ArticleIdList>
            <ArticleId IdType="pubmed">3395491</ArticleId>
        </ArticleIdList>
    </PubmedData>
</PubmedArticle>

</PubmedArticleSet>