<?xml version="1.0" ?>
<!DOCTYPE PubmedArticleSet PUBLIC "-//NLM//DTD PubMedArticle, 1st January 2019//EN" "https://dtd.nlm.nih.gov/ncbi/pubmed/out/pubmed_190101.dtd">
<PubmedArticleSet>
<PubmedArticle>
    <MedlineCitation Status="MEDLINE" Owner="NLM">
        <PMID Version="1">3632414</PMID>
        <DateCompleted>
            <Year>1987</Year>
            <Month>10</Month>
            <Day>13</Day>
        </DateCompleted>
        <DateRevised>
            <Year>2019</Year>
            <Month>07</Month>
            <Day>04</Day>
        </DateRevised>
        <Article PubModel="Print">
            <Journal>
                <ISSN IssnType="Print">0003-9950</ISSN>
                <JournalIssue CitedMedium="Print">
                    <Volume>105</Volume>
                    <Issue>8</Issue>
                    <PubDate>
                        <Year>1987</Year>
                        <Month>Aug</Month>
                    </PubDate>
                </JournalIssue>
                <Title>Archives of ophthalmology (Chicago, Ill. : 1960)</Title>
                <ISOAbbreviation>Arch Ophthalmol</ISOAbbreviation>
            </Journal>
            <ArticleTitle>A case-control study of risk factors in open angle glaucoma.</ArticleTitle>
            <Pagination>
                <MedlinePgn>1066-71</MedlinePgn>
            </Pagination>
            <Abstract>
                <AbstractText>In a case-control study using an exploratory health questionnaire, we examined the relationship between primary open angle glaucoma (POAG) and a variety of personal characteristics and potential toxic exposures in patients in a general eye service. There were 83 patients with definite POAG, 121 POAG suspects, and 237 controls. Using multiple logistic regression analysis for simultaneous evaluation of potential risk factors, we found that black race (rate ratio = 6.8; 95% confidence interval [CI] = 2.8 to 16.0) and untreated systolic hypertension (rate ratio = 5.8; 95% CI = 2.2 to 15) were the most important risk factors. Current cigarette smoking was also associated with glaucoma (rate ratio = 2.9; 95% CI = 1.3 to 6.6). Suggestive associations were found with family history of glaucoma, definite or borderline diabetes, and myopia. The effects of many of these personal characteristics and exposures as risk factors were also noted for the glaucoma suspect group, though not as strongly as for the definite glaucoma cases.</AbstractText>
            </Abstract>
            <AuthorList CompleteYN="Y">
                <Author ValidYN="Y">
                    <LastName>Wilson</LastName>
                    <ForeName>M R</ForeName>
                    <Initials>MR</Initials>
                </Author>
                <Author ValidYN="Y">
                    <LastName>Hertzmark</LastName>
                    <ForeName>E</ForeName>
                    <Initials>E</Initials>
                </Author>
                <Author ValidYN="Y">
                    <LastName>Walker</LastName>
                    <ForeName>A M</ForeName>
                    <Initials>AM</Initials>
                </Author>
                <Author ValidYN="Y">
                    <LastName>Childs-Shaw</LastName>
                    <ForeName>K</ForeName>
                    <Initials>K</Initials>
                </Author>
                <Author ValidYN="Y">
                    <LastName>Epstein</LastName>
                    <ForeName>D L</ForeName>
                    <Initials>DL</Initials>
                </Author>
            </AuthorList>
            <Language>eng</Language>
            <GrantList CompleteYN="Y">
                <Grant>
                    <GrantID>EY01894</GrantID>
                    <Acronym>EY</Acronym>
                    <Agency>NEI NIH HHS</Agency>
                    <Country>United States</Country>
                </Grant>
                <Grant>
                    <GrantID>EY0442</GrantID>
                    <Acronym>EY</Acronym>
                    <Agency>NEI NIH HHS</Agency>
                    <Country>United States</Country>
                </Grant>
            </GrantList>
            <PublicationTypeList>
                <PublicationType UI="D016428">Journal Article</PublicationType>
                <PublicationType UI="D013487">Research Support, U.S. Gov't, P.H.S.</PublicationType>
            </PublicationTypeList>
        </Article>
        <MedlineJournalInfo>
            <Country>United States</Country>
            <MedlineTA>Arch Ophthalmol</MedlineTA>
            <NlmUniqueID>7706534</NlmUniqueID>
            <ISSNLinking>0003-9950</ISSNLinking>
        </MedlineJournalInfo>
        <CitationSubset>AIM</CitationSubset>
        <CitationSubset>IM</CitationSubset>
        <MeshHeadingList>
            <MeshHeading>
                <DescriptorName UI="D044383" MajorTopicYN="N">African Continental Ancestry Group</DescriptorName>
            </MeshHeading>
            <MeshHeading>
                <DescriptorName UI="D000428" MajorTopicYN="N">Alcohol Drinking</DescriptorName>
            </MeshHeading>
            <MeshHeading>
                <DescriptorName UI="D048909" MajorTopicYN="N">Diabetes Complications</DescriptorName>
            </MeshHeading>
            <MeshHeading>
                <DescriptorName UI="D005902" MajorTopicYN="N">Glaucoma, Open-Angle</DescriptorName>
                <QualifierName UI="Q000209" MajorTopicYN="Y">etiology</QualifierName>
                <QualifierName UI="Q000235" MajorTopicYN="N">genetics</QualifierName>
            </MeshHeading>
            <MeshHeading>
                <DescriptorName UI="D006801" MajorTopicYN="N">Humans</DescriptorName>
            </MeshHeading>
            <MeshHeading>
                <DescriptorName UI="D006973" MajorTopicYN="N">Hypertension</DescriptorName>
                <QualifierName UI="Q000150" MajorTopicYN="N">complications</QualifierName>
            </MeshHeading>
            <MeshHeading>
                <DescriptorName UI="D009216" MajorTopicYN="N">Myopia</DescriptorName>
                <QualifierName UI="Q000150" MajorTopicYN="N">complications</QualifierName>
            </MeshHeading>
            <MeshHeading>
                <DescriptorName UI="D012306" MajorTopicYN="N">Risk</DescriptorName>
            </MeshHeading>
            <MeshHeading>
                <DescriptorName UI="D012907" MajorTopicYN="N">Smoking</DescriptorName>
            </MeshHeading>
        </MeshHeadingList>
    </MedlineCitation>
    <PubmedData>
        <History>
            <PubMedPubDate PubStatus="pubmed">
                <Year>1987</Year>
                <Month>8</Month>
                <Day>1</Day>
            </PubMedPubDate>
            <PubMedPubDate PubStatus="medline">
                <Year>1987</Year>
                <Month>8</Month>
                <Day>1</Day>
                <Hour>0</Hour>
                <Minute>1</Minute>
            </PubMedPubDate>
            <PubMedPubDate PubStatus="entrez">
                <Year>1987</Year>
                <Month>8</Month>
                <Day>1</Day>
                <Hour>0</Hour>
                <Minute>0</Minute>
            </PubMedPubDate>
        </History>
        <PublicationStatus>ppublish</PublicationStatus>
        <ArticleIdList>
            <ArticleId IdType="pubmed">3632414</ArticleId>
            <ArticleId IdType="doi">10.1001/archopht.1987.01060080068030</ArticleId>
        </ArticleIdList>
    </PubmedData>
</PubmedArticle>

</PubmedArticleSet>