<?xml version="1.0" ?>
<!DOCTYPE PubmedArticleSet PUBLIC "-//NLM//DTD PubMedArticle, 1st January 2019//EN" "https://dtd.nlm.nih.gov/ncbi/pubmed/out/pubmed_190101.dtd">
<PubmedArticleSet>
<PubmedArticle>
    <MedlineCitation Status="MEDLINE" Owner="NLM">
        <PMID Version="1">7831041</PMID>
        <DateCompleted>
            <Year>1995</Year>
            <Month>02</Month>
            <Day>17</Day>
        </DateCompleted>
        <DateRevised>
            <Year>2019</Year>
            <Month>07</Month>
            <Day>26</Day>
        </DateRevised>
        <Article PubModel="Print">
            <Journal>
                <ISSN IssnType="Print">0161-6420</ISSN>
                <JournalIssue CitedMedium="Print">
                    <Volume>102</Volume>
                    <Issue>1</Issue>
                    <PubDate>
                        <Year>1995</Year>
                        <Month>Jan</Month>
                    </PubDate>
                </JournalIssue>
                <Title>Ophthalmology</Title>
                <ISOAbbreviation>Ophthalmology</ISOAbbreviation>
            </Journal>
            <ArticleTitle>Diabetes, intraocular pressure, and primary open-angle glaucoma in the Baltimore Eye Survey.</ArticleTitle>
            <Pagination>
                <MedlinePgn>48-53</MedlinePgn>
            </Pagination>
            <Abstract>
                <AbstractText Label="BACKGROUND" NlmCategory="BACKGROUND">The association of diabetes with primary-open angle glaucoma (POAG) has been controversial and often confused by varying definitions of both diabetes and POAG. The purpose of this study is to evaluate this association in a population-based sample of subjects from the Baltimore Eye Survey.</AbstractText>
                <AbstractText Label="METHODS" NlmCategory="METHODS">A stratified sample of residents in 16 cluster areas of east Baltimore was recruited for a detailed ophthalmologic screening examination. A total of 5308 black subjects and white subjects participated. Of these participants, 161 received a diagnosis of POAG. During a detailed interview with each subject, diabetes was defined based on a reported history of diabetes. Persons with diabetes were classified as &quot;insulin-users&quot; and &quot;noninsulin-users&quot; based on their current method of treatment.</AbstractText>
                <AbstractText Label="RESULTS" NlmCategory="RESULTS">Diabetes was highly prevalent in this population, with 10.6% of white subjects and 17.2% of black subjects reporting a positive history. Diabetes was associated with higher intraocular pressure, but differences were not large (means, 17.4, 18.0, and 17.8 mmHg) among subjects without diabetes, those with diabetes who were not using insulin, and those with diabetes who were using insulin, respectively. Diabetes was not associated with POAG (age-race-adjusted odds ratio, 1.03; 95% confidence interval, 0.85, 1.25). This was true for both types of diabetes. Persons whose POAG had been diagnosed before the examination showed a positive association with diabetes (odds ratio, 1.7, 95% confidence interval, 1.03, 2.86), indicating that selection bias could explain the positive results of previous clinic-based investigations.</AbstractText>
                <AbstractText Label="CONCLUSION" NlmCategory="CONCLUSIONS">There is no evidence from this population-based investigation that supports an association between diabetes and POAG.</AbstractText>
            </Abstract>
            <AuthorList CompleteYN="Y">
                <Author ValidYN="Y">
                    <LastName>Tielsch</LastName>
                    <ForeName>J M</ForeName>
                    <Initials>JM</Initials>
                    <AffiliationInfo>
                        <Affiliation>Dana Center for Preventive Ophthalmology, Wilmer Eye Institute, Johns Hopkins University Schools of Medicine and Public Health, Baltimore, MD 21205.</Affiliation>
                    </AffiliationInfo>
                </Author>
                <Author ValidYN="Y">
                    <LastName>Katz</LastName>
                    <ForeName>J</ForeName>
                    <Initials>J</Initials>
                </Author>
                <Author ValidYN="Y">
                    <LastName>Quigley</LastName>
                    <ForeName>H A</ForeName>
                    <Initials>HA</Initials>
                </Author>
                <Author ValidYN="Y">
                    <LastName>Javitt</LastName>
                    <ForeName>J C</ForeName>
                    <Initials>JC</Initials>
                </Author>
                <Author ValidYN="Y">
                    <LastName>Sommer</LastName>
                    <ForeName>A</ForeName>
                    <Initials>A</Initials>
                </Author>
            </AuthorList>
            <Language>eng</Language>
            <GrantList CompleteYN="Y">
                <Grant>
                    <GrantID>EY05091</GrantID>
                    <Acronym>EY</Acronym>
                    <Agency>NEI NIH HHS</Agency>
                    <Country>United States</Country>
                </Grant>
                <Grant>
                    <GrantID>EY09672</GrantID>
                    <Acronym>EY</Acronym>
                    <Agency>NEI NIH HHS</Agency>
                    <Country>United States</Country>
                </Grant>
                <Grant>
                    <GrantID>RR04060</GrantID>
                    <Acronym>RR</Acronym>
                    <Agency>NCRR NIH HHS</Agency>
                    <Country>United States</Country>
                </Grant>
            </GrantList>
            <PublicationTypeList>
                <PublicationType UI="D016428">Journal Article</PublicationType>
                <PublicationType UI="D013487">Research Support, U.S. Gov't, P.H.S.</PublicationType>
            </PublicationTypeList>
        </Article>
        <MedlineJournalInfo>
            <Country>United States</Country>
            <MedlineTA>Ophthalmology</MedlineTA>
            <NlmUniqueID>7802443</NlmUniqueID>
            <ISSNLinking>0161-6420</ISSNLinking>
        </MedlineJournalInfo>
        <ChemicalList>
            <Chemical>
                <RegistryNumber>0</RegistryNumber>
                <NameOfSubstance UI="D007328">Insulin</NameOfSubstance>
            </Chemical>
        </ChemicalList>
        <CitationSubset>IM</CitationSubset>
        <MeshHeadingList>
            <MeshHeading>
                <DescriptorName UI="D000328" MajorTopicYN="N">Adult</DescriptorName>
            </MeshHeading>
            <MeshHeading>
                <DescriptorName UI="D044383" MajorTopicYN="N">African Continental Ancestry Group</DescriptorName>
            </MeshHeading>
            <MeshHeading>
                <DescriptorName UI="D000368" MajorTopicYN="N">Aged</DescriptorName>
            </MeshHeading>
            <MeshHeading>
                <DescriptorName UI="D000369" MajorTopicYN="N">Aged, 80 and over</DescriptorName>
            </MeshHeading>
            <MeshHeading>
                <DescriptorName UI="D015142" MajorTopicYN="N" Type="Geographic">Baltimore</DescriptorName>
            </MeshHeading>
            <MeshHeading>
                <DescriptorName UI="D048909" MajorTopicYN="Y">Diabetes Complications</DescriptorName>
            </MeshHeading>
            <MeshHeading>
                <DescriptorName UI="D003920" MajorTopicYN="N">Diabetes Mellitus</DescriptorName>
                <QualifierName UI="Q000453" MajorTopicYN="N">epidemiology</QualifierName>
                <QualifierName UI="Q000503" MajorTopicYN="Y">physiopathology</QualifierName>
            </MeshHeading>
            <MeshHeading>
                <DescriptorName UI="D044465" MajorTopicYN="N">European Continental Ancestry Group</DescriptorName>
            </MeshHeading>
            <MeshHeading>
                <DescriptorName UI="D005260" MajorTopicYN="N">Female</DescriptorName>
            </MeshHeading>
            <MeshHeading>
                <DescriptorName UI="D005902" MajorTopicYN="N">Glaucoma, Open-Angle</DescriptorName>
                <QualifierName UI="Q000150" MajorTopicYN="Y">complications</QualifierName>
            </MeshHeading>
            <MeshHeading>
                <DescriptorName UI="D006306" MajorTopicYN="N">Health Surveys</DescriptorName>
            </MeshHeading>
            <MeshHeading>
                <DescriptorName UI="D006801" MajorTopicYN="N">Humans</DescriptorName>
            </MeshHeading>
            <MeshHeading>
                <DescriptorName UI="D007328" MajorTopicYN="N">Insulin</DescriptorName>
                <QualifierName UI="Q000627" MajorTopicYN="N">therapeutic use</QualifierName>
            </MeshHeading>
            <MeshHeading>
                <DescriptorName UI="D007429" MajorTopicYN="Y">Intraocular Pressure</DescriptorName>
            </MeshHeading>
            <MeshHeading>
                <DescriptorName UI="D008297" MajorTopicYN="N">Male</DescriptorName>
            </MeshHeading>
            <MeshHeading>
                <DescriptorName UI="D008875" MajorTopicYN="N">Middle Aged</DescriptorName>
            </MeshHeading>
            <MeshHeading>
                <DescriptorName UI="D015995" MajorTopicYN="N">Prevalence</DescriptorName>
            </MeshHeading>
        </MeshHeadingList>
    </MedlineCitation>
    <PubmedData>
        <History>
            <PubMedPubDate PubStatus="pubmed">
                <Year>1995</Year>
                <Month>1</Month>
                <Day>1</Day>
            </PubMedPubDate>
            <PubMedPubDate PubStatus="medline">
                <Year>1995</Year>
                <Month>1</Month>
                <Day>1</Day>
                <Hour>0</Hour>
                <Minute>1</Minute>
            </PubMedPubDate>
            <PubMedPubDate PubStatus="entrez">
                <Year>1995</Year>
                <Month>1</Month>
                <Day>1</Day>
                <Hour>0</Hour>
                <Minute>0</Minute>
            </PubMedPubDate>
        </History>
        <PublicationStatus>ppublish</PublicationStatus>
        <ArticleIdList>
            <ArticleId IdType="pubmed">7831041</ArticleId>
            <ArticleId IdType="pii">S0161-6420(95)31055-X</ArticleId>
            <ArticleId IdType="doi">10.1016/s0161-6420(95)31055-x</ArticleId>
        </ArticleIdList>
    </PubmedData>
</PubmedArticle>

</PubmedArticleSet>