<?xml version="1.0" ?>
<!DOCTYPE PubmedArticleSet PUBLIC "-//NLM//DTD PubMedArticle, 1st January 2019//EN" "https://dtd.nlm.nih.gov/ncbi/pubmed/out/pubmed_190101.dtd">
<PubmedArticleSet>
<PubmedArticle>
    <MedlineCitation Status="MEDLINE" Owner="NLM">
        <PMID Version="1">7958037</PMID>
        <DateCompleted>
            <Year>1994</Year>
            <Month>12</Month>
            <Day>29</Day>
        </DateCompleted>
        <DateRevised>
            <Year>2009</Year>
            <Month>11</Month>
            <Day>03</Day>
        </DateRevised>
        <Article PubModel="Print">
            <Journal>
                <ISSN IssnType="Print">0950-222X</ISSN>
                <JournalIssue CitedMedium="Print">
                    <Volume>8 ( Pt 3)</Volume>
                    <PubDate>
                        <Year>1994</Year>
                    </PubDate>
                </JournalIssue>
                <Title>Eye (London, England)</Title>
                <ISOAbbreviation>Eye (Lond)</ISOAbbreviation>
            </Journal>
            <ArticleTitle>The African Caribbean Eye Survey: risk factors for glaucoma in a sample of African Caribbean people living in London.</ArticleTitle>
            <Pagination>
                <MedlinePgn>315-20</MedlinePgn>
            </Pagination>
            <Abstract>
                <AbstractText>The purpose of the study was to estimate the prevalence of and risk factors for chronic glaucoma in a sample of African Caribbean people over 35 years of age living in the London Borough of Haringey. A cross-sectional voluntary sample of persons were subjected to detailed ophthalmic assessment including automated tangent screen suprathreshold visual field testing, applanation tonometry and stereoscopic disc evaluation in 50 community-based survey clinics over an 8 month period. Cases and suspects were referred to Moorfields Eye Hospital for more detailed assessment and confirmation of the diagnosis. Of 873 eligible persons examined (out of a total of 1022), 32 definite cases of glaucoma were identified, a prevalence of 3.9%; 42% of these had been previously diagnosed. Approximately 10% of the sample required further assessment and follow-up when ocular hypertensives and glaucoma suspects were included. An age-standardised comparison with the findings of the Roscommon survey revealed a relative risk for glaucoma for Haringey blacks compared with Irish whites of 3.7. Significant risk factors for glaucoma included age, African birthplace and darker skin colour. Neither diabetes nor hypertension reached significance. Despite the lack of a population base, this study provides strong evidence that the 4 times greater risk of glaucoma estimated for American blacks compared with whites applies equally to the United Kingdom population. Community-based facilities are required to raise awareness of the risk among this ethnic minority in this country and case-finding resources should be provided to meet local needs.</AbstractText>
            </Abstract>
            <AuthorList CompleteYN="Y">
                <Author ValidYN="Y">
                    <LastName>Wormald</LastName>
                    <ForeName>R P</ForeName>
                    <Initials>RP</Initials>
                    <AffiliationInfo>
                        <Affiliation>Department of Preventive Ophthalmology, University of London, UK.</Affiliation>
                    </AffiliationInfo>
                </Author>
                <Author ValidYN="Y">
                    <LastName>Basauri</LastName>
                    <ForeName>E</ForeName>
                    <Initials>E</Initials>
                </Author>
                <Author ValidYN="Y">
                    <LastName>Wright</LastName>
                    <ForeName>L A</ForeName>
                    <Initials>LA</Initials>
                </Author>
                <Author ValidYN="Y">
                    <LastName>Evans</LastName>
                    <ForeName>J R</ForeName>
                    <Initials>JR</Initials>
                </Author>
            </AuthorList>
            <Language>eng</Language>
            <PublicationTypeList>
                <PublicationType UI="D016428">Journal Article</PublicationType>
                <PublicationType UI="D013485">Research Support, Non-U.S. Gov't</PublicationType>
            </PublicationTypeList>
        </Article>
        <MedlineJournalInfo>
            <Country>England</Country>
            <MedlineTA>Eye (Lond)</MedlineTA>
            <NlmUniqueID>8703986</NlmUniqueID>
            <ISSNLinking>0950-222X</ISSNLinking>
        </MedlineJournalInfo>
        <CitationSubset>IM</CitationSubset>
        <MeshHeadingList>
            <MeshHeading>
                <DescriptorName UI="D000349" MajorTopicYN="N" Type="Geographic">Africa</DescriptorName>
                <QualifierName UI="Q000208" MajorTopicYN="N">ethnology</QualifierName>
            </MeshHeading>
            <MeshHeading>
                <DescriptorName UI="D001766" MajorTopicYN="N">Blindness</DescriptorName>
                <QualifierName UI="Q000209" MajorTopicYN="N">etiology</QualifierName>
            </MeshHeading>
            <MeshHeading>
                <DescriptorName UI="D017691" MajorTopicYN="N" Type="Geographic">Caribbean Region</DescriptorName>
                <QualifierName UI="Q000208" MajorTopicYN="N">ethnology</QualifierName>
            </MeshHeading>
            <MeshHeading>
                <DescriptorName UI="D048909" MajorTopicYN="N">Diabetes Complications</DescriptorName>
            </MeshHeading>
            <MeshHeading>
                <DescriptorName UI="D005260" MajorTopicYN="N">Female</DescriptorName>
            </MeshHeading>
            <MeshHeading>
                <DescriptorName UI="D005901" MajorTopicYN="N">Glaucoma</DescriptorName>
                <QualifierName UI="Q000453" MajorTopicYN="Y">epidemiology</QualifierName>
            </MeshHeading>
            <MeshHeading>
                <DescriptorName UI="D006801" MajorTopicYN="N">Humans</DescriptorName>
            </MeshHeading>
            <MeshHeading>
                <DescriptorName UI="D006973" MajorTopicYN="N">Hypertension</DescriptorName>
                <QualifierName UI="Q000150" MajorTopicYN="N">complications</QualifierName>
            </MeshHeading>
            <MeshHeading>
                <DescriptorName UI="D008131" MajorTopicYN="N" Type="Geographic">London</DescriptorName>
                <QualifierName UI="Q000453" MajorTopicYN="N">epidemiology</QualifierName>
            </MeshHeading>
            <MeshHeading>
                <DescriptorName UI="D008297" MajorTopicYN="N">Male</DescriptorName>
            </MeshHeading>
            <MeshHeading>
                <DescriptorName UI="D008875" MajorTopicYN="N">Middle Aged</DescriptorName>
            </MeshHeading>
            <MeshHeading>
                <DescriptorName UI="D015999" MajorTopicYN="N">Multivariate Analysis</DescriptorName>
            </MeshHeading>
            <MeshHeading>
                <DescriptorName UI="D015995" MajorTopicYN="N">Prevalence</DescriptorName>
            </MeshHeading>
            <MeshHeading>
                <DescriptorName UI="D012307" MajorTopicYN="N">Risk Factors</DescriptorName>
            </MeshHeading>
            <MeshHeading>
                <DescriptorName UI="D012880" MajorTopicYN="N">Skin Pigmentation</DescriptorName>
            </MeshHeading>
            <MeshHeading>
                <DescriptorName UI="D014794" MajorTopicYN="N">Visual Fields</DescriptorName>
            </MeshHeading>
        </MeshHeadingList>
    </MedlineCitation>
    <PubmedData>
        <History>
            <PubMedPubDate PubStatus="pubmed">
                <Year>1994</Year>
                <Month>1</Month>
                <Day>1</Day>
            </PubMedPubDate>
            <PubMedPubDate PubStatus="medline">
                <Year>1994</Year>
                <Month>1</Month>
                <Day>1</Day>
                <Hour>0</Hour>
                <Minute>1</Minute>
            </PubMedPubDate>
            <PubMedPubDate PubStatus="entrez">
                <Year>1994</Year>
                <Month>1</Month>
                <Day>1</Day>
                <Hour>0</Hour>
                <Minute>0</Minute>
            </PubMedPubDate>
        </History>
        <PublicationStatus>ppublish</PublicationStatus>
        <ArticleIdList>
            <ArticleId IdType="pubmed">7958037</ArticleId>
            <ArticleId IdType="doi">10.1038/eye.1994.64</ArticleId>
        </ArticleIdList>
    </PubmedData>
</PubmedArticle>

</PubmedArticleSet>