<?xml version="1.0" ?>
<!DOCTYPE PubmedArticleSet PUBLIC "-//NLM//DTD PubMedArticle, 1st January 2019//EN" "https://dtd.nlm.nih.gov/ncbi/pubmed/out/pubmed_190101.dtd">
<PubmedArticleSet>
<PubmedArticle>
    <MedlineCitation Status="MEDLINE" Owner="NLM">
        <PMID Version="1">8790619</PMID>
        <DateCompleted>
            <Year>1996</Year>
            <Month>10</Month>
            <Day>21</Day>
        </DateCompleted>
        <DateRevised>
            <Year>2019</Year>
            <Month>11</Month>
            <Day>01</Day>
        </DateRevised>
        <Article PubModel="Print">
            <Journal>
                <ISSN IssnType="Print">0928-6586</ISSN>
                <JournalIssue CitedMedium="Print">
                    <Volume>1</Volume>
                    <Issue>3</Issue>
                    <PubDate>
                        <Year>1994</Year>
                        <Month>Dec</Month>
                    </PubDate>
                </JournalIssue>
                <Title>Ophthalmic epidemiology</Title>
                <ISOAbbreviation>Ophthalmic Epidemiol</ISOAbbreviation>
            </Journal>
            <ArticleTitle>Genetic risk factor in primary open-angle glaucoma: a case-control study.</ArticleTitle>
            <Pagination>
                <MedlinePgn>131-8</MedlinePgn>
            </Pagination>
            <Abstract>
                <AbstractText Label="PURPOSE" NlmCategory="OBJECTIVE">To evaluate the link between primary open-angle glaucoma (POAG) and potential genetic and environmental risk factors.</AbstractText>
                <AbstractText Label="METHODS" NlmCategory="METHODS">A case/control study was carried out using 175 POAG patients and 175 controls, all Caucasians of at least 40 years of age. The diagnosis of POAG was established based on the presence of characteristic defects in the visual field and on glaucomatous cupping. The presence of risk factors was established by means of a questionnaire.</AbstractText>
                <AbstractText Label="RESULTS" NlmCategory="RESULTS">Using a conditional logistic regression, we found that a family history of POAG in first-degree relatives was a major risk factor (OR = 7.67; 95% CI: [3.25-18.1]; p &lt; 10(-5)). We found no link between diabetes and POAG, high blood pressure and POAG, heart disease and POAG, myopia and POAG, or the use of alcohol or tobacco and POAG.</AbstractText>
                <AbstractText Label="CONCLUSION" NlmCategory="CONCLUSIONS">Our results indicate a strong genetic influence in the development of POAG and suggest the hypothesis of a polygenic or multifactorial mechanism.</AbstractText>
            </Abstract>
            <AuthorList CompleteYN="Y">
                <Author ValidYN="Y">
                    <LastName>Charliat</LastName>
                    <ForeName>G</ForeName>
                    <Initials>G</Initials>
                    <AffiliationInfo>
                        <Affiliation>Dept. Ophthalmology, Centre Hospitalier, Rethel, France.</Affiliation>
                    </AffiliationInfo>
                </Author>
                <Author ValidYN="Y">
                    <LastName>Jolly</LastName>
                    <ForeName>D</ForeName>
                    <Initials>D</Initials>
                </Author>
                <Author ValidYN="Y">
                    <LastName>Blanchard</LastName>
                    <ForeName>F</ForeName>
                    <Initials>F</Initials>
                </Author>
            </AuthorList>
            <Language>eng</Language>
            <PublicationTypeList>
                <PublicationType UI="D016428">Journal Article</PublicationType>
            </PublicationTypeList>
        </Article>
        <MedlineJournalInfo>
            <Country>England</Country>
            <MedlineTA>Ophthalmic Epidemiol</MedlineTA>
            <NlmUniqueID>9435674</NlmUniqueID>
            <ISSNLinking>0928-6586</ISSNLinking>
        </MedlineJournalInfo>
        <CitationSubset>IM</CitationSubset>
        <MeshHeadingList>
            <MeshHeading>
                <DescriptorName UI="D000328" MajorTopicYN="N">Adult</DescriptorName>
            </MeshHeading>
            <MeshHeading>
                <DescriptorName UI="D016022" MajorTopicYN="N">Case-Control Studies</DescriptorName>
            </MeshHeading>
            <MeshHeading>
                <DescriptorName UI="D005260" MajorTopicYN="N">Female</DescriptorName>
            </MeshHeading>
            <MeshHeading>
                <DescriptorName UI="D005902" MajorTopicYN="N">Glaucoma, Open-Angle</DescriptorName>
                <QualifierName UI="Q000235" MajorTopicYN="Y">genetics</QualifierName>
                <QualifierName UI="Q000503" MajorTopicYN="N">physiopathology</QualifierName>
            </MeshHeading>
            <MeshHeading>
                <DescriptorName UI="D006801" MajorTopicYN="N">Humans</DescriptorName>
            </MeshHeading>
            <MeshHeading>
                <DescriptorName UI="D007429" MajorTopicYN="N">Intraocular Pressure</DescriptorName>
            </MeshHeading>
            <MeshHeading>
                <DescriptorName UI="D008297" MajorTopicYN="N">Male</DescriptorName>
            </MeshHeading>
            <MeshHeading>
                <DescriptorName UI="D008875" MajorTopicYN="N">Middle Aged</DescriptorName>
            </MeshHeading>
            <MeshHeading>
                <DescriptorName UI="D012044" MajorTopicYN="N">Regression Analysis</DescriptorName>
            </MeshHeading>
            <MeshHeading>
                <DescriptorName UI="D012189" MajorTopicYN="N">Retrospective Studies</DescriptorName>
            </MeshHeading>
            <MeshHeading>
                <DescriptorName UI="D012307" MajorTopicYN="N">Risk Factors</DescriptorName>
            </MeshHeading>
            <MeshHeading>
                <DescriptorName UI="D011795" MajorTopicYN="N">Surveys and Questionnaires</DescriptorName>
            </MeshHeading>
        </MeshHeadingList>
    </MedlineCitation>
    <PubmedData>
        <History>
            <PubMedPubDate PubStatus="pubmed">
                <Year>1994</Year>
                <Month>12</Month>
                <Day>1</Day>
            </PubMedPubDate>
            <PubMedPubDate PubStatus="medline">
                <Year>1994</Year>
                <Month>12</Month>
                <Day>1</Day>
                <Hour>0</Hour>
                <Minute>1</Minute>
            </PubMedPubDate>
            <PubMedPubDate PubStatus="entrez">
                <Year>1994</Year>
                <Month>12</Month>
                <Day>1</Day>
                <Hour>0</Hour>
                <Minute>0</Minute>
            </PubMedPubDate>
        </History>
        <PublicationStatus>ppublish</PublicationStatus>
        <ArticleIdList>
            <ArticleId IdType="pubmed">8790619</ArticleId>
            <ArticleId IdType="doi">10.3109/09286589409047221</ArticleId>
        </ArticleIdList>
    </PubmedData>
</PubmedArticle>

</PubmedArticleSet>