<?xml version="1.0" ?>
<!DOCTYPE PubmedArticleSet PUBLIC "-//NLM//DTD PubMedArticle, 1st January 2019//EN" "https://dtd.nlm.nih.gov/ncbi/pubmed/out/pubmed_190101.dtd">
<PubmedArticleSet>
<PubmedArticle>
    <MedlineCitation Status="MEDLINE" Owner="NLM">
        <PMID Version="1">9111268</PMID>
        <DateCompleted>
            <Year>1997</Year>
            <Month>05</Month>
            <Day>14</Day>
        </DateCompleted>
        <DateRevised>
            <Year>2019</Year>
            <Month>07</Month>
            <Day>26</Day>
        </DateRevised>
        <Article PubModel="Print">
            <Journal>
                <ISSN IssnType="Print">0161-6420</ISSN>
                <JournalIssue CitedMedium="Print">
                    <Volume>104</Volume>
                    <Issue>4</Issue>
                    <PubDate>
                        <Year>1997</Year>
                        <Month>Apr</Month>
                    </PubDate>
                </JournalIssue>
                <Title>Ophthalmology</Title>
                <ISOAbbreviation>Ophthalmology</ISOAbbreviation>
            </Journal>
            <ArticleTitle>Open-angle glaucoma and diabetes: the Blue Mountains eye study, Australia.</ArticleTitle>
            <Pagination>
                <MedlinePgn>712-8</MedlinePgn>
            </Pagination>
            <Abstract>
                <AbstractText Label="PURPOSE" NlmCategory="OBJECTIVE">The authors explore the relationship between diabetes and open-angle glaucoma in a defined older Australian population.</AbstractText>
                <AbstractText Label="METHODS" NlmCategory="METHODS">Three thousand six hundred fifty-four people 49 to 96 years of age, living west of Sydney, underwent a detailed eye examination. This included automated perimetry, stereo optic disc photographs, and applanation tonometry; in addition, fasting plasma glucose levels were ascertained. Glaucoma was diagnosed if matching visual field and optic disc cupping were present, without reference to intraocular pressure (IOP) level. Ocular hypertension (OH) was diagnosed if IOP in either eye was &gt; or = 22 mm and glaucomatous disc and visual field changes were absent.</AbstractText>
                <AbstractText Label="RESULTS" NlmCategory="RESULTS">Glaucoma prevalence was increased in people with diabetes, diagnosed from history or elevated fasting plasma glucose level (5.5%), compared with those without diabetes (2.8%; age-gender adjusted odds ratio [OR] 2.12, 95% confidence intervals [CI] 1.18-3.79). Ocular hypertension was also more common in people with diabetes (6.7%), compared with those without diabetes (3.5%; OR 1.86, CI 1.09-3.20). Diabetes was present in 13.0% of people with glaucoma, compared with 6.9% of those without glaucoma. This increase was highest for previously diagnosed glaucoma cases (16.7%; OR 2.82, CI 1.35-5.87). However, in 67% of such cases, glaucoma was diagnosed before the diabetes. For those not receiving glaucoma treatment, IOP was consistently slightly higher in people with diabetes, with the age-gender adjusted mean IOP 0.6 mm higher.</AbstractText>
                <AbstractText Label="CONCLUSIONS" NlmCategory="CONCLUSIONS">The significant and consistent association between diabetes and glaucoma found in our study, which appeared independent of the effect of diabetes on IOP, suggests that there is a real association between these two diseases.</AbstractText>
            </Abstract>
            <AuthorList CompleteYN="Y">
                <Author ValidYN="Y">
                    <LastName>Mitchell</LastName>
                    <ForeName>P</ForeName>
                    <Initials>P</Initials>
                    <AffiliationInfo>
                        <Affiliation>Department of Ophthalmology, the University of Sydney, Australia.</Affiliation>
                    </AffiliationInfo>
                </Author>
                <Author ValidYN="Y">
                    <LastName>Smith</LastName>
                    <ForeName>W</ForeName>
                    <Initials>W</Initials>
                </Author>
                <Author ValidYN="Y">
                    <LastName>Chey</LastName>
                    <ForeName>T</ForeName>
                    <Initials>T</Initials>
                </Author>
                <Author ValidYN="Y">
                    <LastName>Healey</LastName>
                    <ForeName>P R</ForeName>
                    <Initials>PR</Initials>
                </Author>
            </AuthorList>
            <Language>eng</Language>
            <PublicationTypeList>
                <PublicationType UI="D016428">Journal Article</PublicationType>
                <PublicationType UI="D013485">Research Support, Non-U.S. Gov't</PublicationType>
            </PublicationTypeList>
        </Article>
        <MedlineJournalInfo>
            <Country>United States</Country>
            <MedlineTA>Ophthalmology</MedlineTA>
            <NlmUniqueID>7802443</NlmUniqueID>
            <ISSNLinking>0161-6420</ISSNLinking>
        </MedlineJournalInfo>
        <CitationSubset>IM</CitationSubset>
        <MeshHeadingList>
            <MeshHeading>
                <DescriptorName UI="D000368" MajorTopicYN="N">Aged</DescriptorName>
            </MeshHeading>
            <MeshHeading>
                <DescriptorName UI="D000369" MajorTopicYN="N">Aged, 80 and over</DescriptorName>
            </MeshHeading>
            <MeshHeading>
                <DescriptorName UI="D048909" MajorTopicYN="Y">Diabetes Complications</DescriptorName>
            </MeshHeading>
            <MeshHeading>
                <DescriptorName UI="D003920" MajorTopicYN="N">Diabetes Mellitus</DescriptorName>
                <QualifierName UI="Q000453" MajorTopicYN="N">epidemiology</QualifierName>
                <QualifierName UI="Q000503" MajorTopicYN="N">physiopathology</QualifierName>
            </MeshHeading>
            <MeshHeading>
                <DescriptorName UI="D005260" MajorTopicYN="N">Female</DescriptorName>
            </MeshHeading>
            <MeshHeading>
                <DescriptorName UI="D005902" MajorTopicYN="N">Glaucoma, Open-Angle</DescriptorName>
                <QualifierName UI="Q000150" MajorTopicYN="Y">complications</QualifierName>
                <QualifierName UI="Q000453" MajorTopicYN="N">epidemiology</QualifierName>
                <QualifierName UI="Q000503" MajorTopicYN="N">physiopathology</QualifierName>
            </MeshHeading>
            <MeshHeading>
                <DescriptorName UI="D006801" MajorTopicYN="N">Humans</DescriptorName>
            </MeshHeading>
            <MeshHeading>
                <DescriptorName UI="D007429" MajorTopicYN="N">Intraocular Pressure</DescriptorName>
            </MeshHeading>
            <MeshHeading>
                <DescriptorName UI="D008297" MajorTopicYN="N">Male</DescriptorName>
            </MeshHeading>
            <MeshHeading>
                <DescriptorName UI="D008875" MajorTopicYN="N">Middle Aged</DescriptorName>
            </MeshHeading>
            <MeshHeading>
                <DescriptorName UI="D009798" MajorTopicYN="N">Ocular Hypertension</DescriptorName>
                <QualifierName UI="Q000150" MajorTopicYN="N">complications</QualifierName>
                <QualifierName UI="Q000453" MajorTopicYN="N">epidemiology</QualifierName>
                <QualifierName UI="Q000503" MajorTopicYN="N">physiopathology</QualifierName>
            </MeshHeading>
            <MeshHeading>
                <DescriptorName UI="D015995" MajorTopicYN="N">Prevalence</DescriptorName>
            </MeshHeading>
        </MeshHeadingList>
    </MedlineCitation>
    <PubmedData>
        <History>
            <PubMedPubDate PubStatus="pubmed">
                <Year>1997</Year>
                <Month>4</Month>
                <Day>1</Day>
            </PubMedPubDate>
            <PubMedPubDate PubStatus="medline">
                <Year>1997</Year>
                <Month>4</Month>
                <Day>1</Day>
                <Hour>0</Hour>
                <Minute>1</Minute>
            </PubMedPubDate>
            <PubMedPubDate PubStatus="entrez">
                <Year>1997</Year>
                <Month>4</Month>
                <Day>1</Day>
                <Hour>0</Hour>
                <Minute>0</Minute>
            </PubMedPubDate>
        </History>
        <PublicationStatus>ppublish</PublicationStatus>
        <ArticleIdList>
            <ArticleId IdType="pubmed">9111268</ArticleId>
            <ArticleId IdType="pii">S0161-6420(97)30247-4</ArticleId>
            <ArticleId IdType="doi">10.1016/s0161-6420(97)30247-4</ArticleId>
        </ArticleIdList>
    </PubmedData>
</PubmedArticle>

</PubmedArticleSet>