<?xml version="1.0" ?>
<!DOCTYPE PubmedArticleSet PUBLIC "-//NLM//DTD PubMedArticle, 1st January 2019//EN" "https://dtd.nlm.nih.gov/ncbi/pubmed/out/pubmed_190101.dtd">
<PubmedArticleSet>
<PubmedArticle>
    <MedlineCitation Status="MEDLINE" Owner="NLM">
        <PMID Version="1">16905558</PMID>
        <DateCompleted>
            <Year>2006</Year>
            <Month>11</Month>
            <Day>08</Day>
        </DateCompleted>
        <DateRevised>
            <Year>2018</Year>
            <Month>12</Month>
            <Day>01</Day>
        </DateRevised>
        <Article PubModel="Print-Electronic">
            <Journal>
                <ISSN IssnType="Print">0964-6906</ISSN>
                <JournalIssue CitedMedium="Print">
                    <Volume>15</Volume>
                    <Issue>18</Issue>
                    <PubDate>
                        <Year>2006</Year>
                        <Month>Sep</Month>
                        <Day>15</Day>
                    </PubDate>
                </JournalIssue>
                <Title>Human molecular genetics</Title>
                <ISOAbbreviation>Hum Mol Genet</ISOAbbreviation>
            </Journal>
            <ArticleTitle>Systematic review and meta-analysis of the association between complement factor H Y402H polymorphisms and age-related macular degeneration.</ArticleTitle>
            <Pagination>
                <MedlinePgn>2784-90</MedlinePgn>
            </Pagination>
            <Abstract>
                <AbstractText>Age-related macular degeneration (AMD) is the leading cause of blindness in the developed world and complement factor H (CFH) polymorphism has been found to associated with the AMD. We performed a meta-analysis to estimate the magnitude of the gene effect and the possible mode of action. A meta-analysis of eight studies assessing association between the CFH Y402H polymorphism and AMD was performed. Data extraction and study quality assessment were performed in duplicate, and heterogeneity and publication bias were explored. There was strong evidence for association between CFH and AMD, with those having CC and TC genotypes being roughly six and 2.5 times more likely to have AMD than patients with TT genotype, suggesting a co-dominant, multiplicative genetic model. The population attributable risk for the CC/TC genotype is 58.9%, i.e. the CFH polymorphism is involved in over half of all AMD. This meta-analysis summarizes the strong evidence for an association between CFH and AMD and indicates a multiplicative model with each C allele increasing the odds of AMD by approximately 2.5-fold. This result is at least as important at the population level as ApoE4 and Alzheimer's disease, playing a role in almost 60% of AMD at the population level.</AbstractText>
            </Abstract>
            <AuthorList CompleteYN="Y">
                <Author ValidYN="Y">
                    <LastName>Thakkinstian</LastName>
                    <ForeName>Ammarin</ForeName>
                    <Initials>A</Initials>
                    <AffiliationInfo>
                        <Affiliation>Centre for Clinical Epidemiology and Biostatistics, School of Medical Practice and Population Health, University of Newcastle, NSW, Australia, and Clinical Epidemiology Unit, Ramathibodi Hospital, Bangkok, Thailand. ammarin.thakkinstian@newcastle.edu.au</Affiliation>
                    </AffiliationInfo>
                </Author>
                <Author ValidYN="Y">
                    <LastName>Han</LastName>
                    <ForeName>Pearline</ForeName>
                    <Initials>P</Initials>
                </Author>
                <Author ValidYN="Y">
                    <LastName>McEvoy</LastName>
                    <ForeName>Mark</ForeName>
                    <Initials>M</Initials>
                </Author>
                <Author ValidYN="Y">
                    <LastName>Smith</LastName>
                    <ForeName>Wayne</ForeName>
                    <Initials>W</Initials>
                </Author>
                <Author ValidYN="Y">
                    <LastName>Hoh</LastName>
                    <ForeName>Josephine</ForeName>
                    <Initials>J</Initials>
                </Author>
                <Author ValidYN="Y">
                    <LastName>Magnusson</LastName>
                    <ForeName>Kristinn</ForeName>
                    <Initials>K</Initials>
                </Author>
                <Author ValidYN="Y">
                    <LastName>Zhang</LastName>
                    <ForeName>Kang</ForeName>
                    <Initials>K</Initials>
                </Author>
                <Author ValidYN="Y">
                    <LastName>Attia</LastName>
                    <ForeName>John</ForeName>
                    <Initials>J</Initials>
                </Author>
            </AuthorList>
            <Language>eng</Language>
            <PublicationTypeList>
                <PublicationType UI="D016428">Journal Article</PublicationType>
                <PublicationType UI="D017418">Meta-Analysis</PublicationType>
                <PublicationType UI="D016454">Review</PublicationType>
                <PublicationType UI="D000078182">Systematic Review</PublicationType>
            </PublicationTypeList>
            <ArticleDate DateType="Electronic">
                <Year>2006</Year>
                <Month>08</Month>
                <Day>11</Day>
            </ArticleDate>
        </Article>
        <MedlineJournalInfo>
            <Country>England</Country>
            <MedlineTA>Hum Mol Genet</MedlineTA>
            <NlmUniqueID>9208958</NlmUniqueID>
            <ISSNLinking>0964-6906</ISSNLinking>
        </MedlineJournalInfo>
        <ChemicalList>
            <Chemical>
                <RegistryNumber>80295-65-4</RegistryNumber>
                <NameOfSubstance UI="D017242">Complement Factor H</NameOfSubstance>
            </Chemical>
        </ChemicalList>
        <CitationSubset>IM</CitationSubset>
        <MeshHeadingList>
            <MeshHeading>
                <DescriptorName UI="D000368" MajorTopicYN="N">Aged</DescriptorName>
            </MeshHeading>
            <MeshHeading>
                <DescriptorName UI="D000369" MajorTopicYN="N">Aged, 80 and over</DescriptorName>
            </MeshHeading>
            <MeshHeading>
                <DescriptorName UI="D000483" MajorTopicYN="N">Alleles</DescriptorName>
            </MeshHeading>
            <MeshHeading>
                <DescriptorName UI="D019943" MajorTopicYN="N">Amino Acid Substitution</DescriptorName>
            </MeshHeading>
            <MeshHeading>
                <DescriptorName UI="D017242" MajorTopicYN="N">Complement Factor H</DescriptorName>
                <QualifierName UI="Q000235" MajorTopicYN="Y">genetics</QualifierName>
            </MeshHeading>
            <MeshHeading>
                <DescriptorName UI="D005260" MajorTopicYN="N">Female</DescriptorName>
            </MeshHeading>
            <MeshHeading>
                <DescriptorName UI="D005787" MajorTopicYN="N">Gene Frequency</DescriptorName>
            </MeshHeading>
            <MeshHeading>
                <DescriptorName UI="D006801" MajorTopicYN="N">Humans</DescriptorName>
            </MeshHeading>
            <MeshHeading>
                <DescriptorName UI="D008268" MajorTopicYN="N">Macular Degeneration</DescriptorName>
                <QualifierName UI="Q000235" MajorTopicYN="Y">genetics</QualifierName>
            </MeshHeading>
            <MeshHeading>
                <DescriptorName UI="D008297" MajorTopicYN="N">Male</DescriptorName>
            </MeshHeading>
            <MeshHeading>
                <DescriptorName UI="D020641" MajorTopicYN="N">Polymorphism, Single Nucleotide</DescriptorName>
            </MeshHeading>
        </MeshHeadingList>
        <NumberOfReferences>60</NumberOfReferences>
    </MedlineCitation>
    <PubmedData>
        <History>
            <PubMedPubDate PubStatus="pubmed">
                <Year>2006</Year>
                <Month>8</Month>
                <Day>15</Day>
                <Hour>9</Hour>
                <Minute>0</Minute>
            </PubMedPubDate>
            <PubMedPubDate PubStatus="medline">
                <Year>2006</Year>
                <Month>11</Month>
                <Day>10</Day>
                <Hour>9</Hour>
                <Minute>0</Minute>
            </PubMedPubDate>
            <PubMedPubDate PubStatus="entrez">
                <Year>2006</Year>
                <Month>8</Month>
                <Day>15</Day>
                <Hour>9</Hour>
                <Minute>0</Minute>
            </PubMedPubDate>
        </History>
        <PublicationStatus>ppublish</PublicationStatus>
        <ArticleIdList>
            <ArticleId IdType="pubmed">16905558</ArticleId>
            <ArticleId IdType="pii">ddl220</ArticleId>
            <ArticleId IdType="doi">10.1093/hmg/ddl220</ArticleId>
        </ArticleIdList>
    </PubmedData>
</PubmedArticle>

</PubmedArticleSet>