<?xml version="1.0" ?>
<!DOCTYPE PubmedArticleSet PUBLIC "-//NLM//DTD PubMedArticle, 1st January 2019//EN" "https://dtd.nlm.nih.gov/ncbi/pubmed/out/pubmed_190101.dtd">
<PubmedArticleSet>
<PubmedArticle>
    <MedlineCitation Status="MEDLINE" Owner="NLM">
        <PMID Version="1">10576996</PMID>
        <DateCompleted>
            <Year>1999</Year>
            <Month>11</Month>
            <Day>12</Day>
        </DateCompleted>
        <DateRevised>
            <Year>2008</Year>
            <Month>09</Month>
            <Day>03</Day>
        </DateRevised>
        <Article PubModel="Print">
            <Journal>
                <ISSN IssnType="Print">0301-4738</ISSN>
                <JournalIssue CitedMedium="Print">
                    <Volume>42</Volume>
                    <Issue>4</Issue>
                    <PubDate>
                        <Year>1994</Year>
                        <Month>Dec</Month>
                    </PubDate>
                </JournalIssue>
                <Title>Indian journal of ophthalmology</Title>
                <ISOAbbreviation>Indian J Ophthalmol</ISOAbbreviation>
            </Journal>
            <ArticleTitle>Single-plate Molteno implants in complicated glaucomas: results, survival rates, and complications.</ArticleTitle>
            <Pagination>
                <MedlinePgn>193-7</MedlinePgn>
            </Pagination>
            <Abstract>
                <AbstractText>Sixty-two single-plate single-stage Molteno implantations for complicated glaucomas were performed between March 1991 and November 1992. The charts of all these patients were reviewed to determine the intraocular pressure (IOP) control success rate (&lt; 21 mm Hg with or without medications), visual success rate (retention or improvement of visual acuity from preoperative level) and the rate of complications encountered. A Kaplan-Meier life-table (survival) analysis was also performed. IOP control was obtained in 74.2% of cases. Mean postoperative IOP was 16.97 +/- 8.07 mm Hg (Mean +/- SD). Visual success was obtained in 51.6% of the eyes. Eyes with aphakia/pseudophakic glaucomas showed the best response with 80% of them achieving IOP control and 60% achieving visual success. The survival plot for IOP control revealed 75.81% and 74.19% success rates at 48 and 72 weeks, respectively. Complications encountered were either due to the early postoperative hypotony or were tube-related. These results were gratifying considering the severity of the glaucoma in these cases and they reaffirm the usefulness of the Molteno implant in the management of difficult glaucomas.</AbstractText>
            </Abstract>
            <AuthorList CompleteYN="Y">
                <Author ValidYN="Y">
                    <LastName>Neelakantan</LastName>
                    <ForeName>A</ForeName>
                    <Initials>A</Initials>
                    <AffiliationInfo>
                        <Affiliation>Smt. Jadhavbai Nathmal Singhvee Glaucoma Service, Medical Research Foundation, Madras.</Affiliation>
                    </AffiliationInfo>
                </Author>
                <Author ValidYN="Y">
                    <LastName>Rao</LastName>
                    <ForeName>B S</ForeName>
                    <Initials>BS</Initials>
                </Author>
                <Author ValidYN="Y">
                    <LastName>Vijaya</LastName>
                    <ForeName>L</ForeName>
                    <Initials>L</Initials>
                </Author>
                <Author ValidYN="Y">
                    <LastName>Krishnan</LastName>
                    <ForeName>N</ForeName>
                    <Initials>N</Initials>
                </Author>
                <Author ValidYN="Y">
                    <LastName>Priya</LastName>
                    <ForeName>V S</ForeName>
                    <Initials>VS</Initials>
                </Author>
            </AuthorList>
            <Language>eng</Language>
            <PublicationTypeList>
                <PublicationType UI="D016428">Journal Article</PublicationType>
            </PublicationTypeList>
        </Article>
        <MedlineJournalInfo>
            <Country>India</Country>
            <MedlineTA>Indian J Ophthalmol</MedlineTA>
            <NlmUniqueID>0405376</NlmUniqueID>
            <ISSNLinking>0301-4738</ISSNLinking>
        </MedlineJournalInfo>
        <CitationSubset>IM</CitationSubset>
        <MeshHeadingList>
            <MeshHeading>
                <DescriptorName UI="D000293" MajorTopicYN="N">Adolescent</DescriptorName>
            </MeshHeading>
            <MeshHeading>
                <DescriptorName UI="D000328" MajorTopicYN="N">Adult</DescriptorName>
            </MeshHeading>
            <MeshHeading>
                <DescriptorName UI="D000368" MajorTopicYN="N">Aged</DescriptorName>
            </MeshHeading>
            <MeshHeading>
                <DescriptorName UI="D002648" MajorTopicYN="N">Child</DescriptorName>
            </MeshHeading>
            <MeshHeading>
                <DescriptorName UI="D002675" MajorTopicYN="N">Child, Preschool</DescriptorName>
            </MeshHeading>
            <MeshHeading>
                <DescriptorName UI="D005260" MajorTopicYN="N">Female</DescriptorName>
            </MeshHeading>
            <MeshHeading>
                <DescriptorName UI="D005901" MajorTopicYN="N">Glaucoma</DescriptorName>
                <QualifierName UI="Q000601" MajorTopicYN="Y">surgery</QualifierName>
            </MeshHeading>
            <MeshHeading>
                <DescriptorName UI="D006801" MajorTopicYN="N">Humans</DescriptorName>
            </MeshHeading>
            <MeshHeading>
                <DescriptorName UI="D007429" MajorTopicYN="N">Intraocular Pressure</DescriptorName>
            </MeshHeading>
            <MeshHeading>
                <DescriptorName UI="D008297" MajorTopicYN="N">Male</DescriptorName>
            </MeshHeading>
            <MeshHeading>
                <DescriptorName UI="D008875" MajorTopicYN="N">Middle Aged</DescriptorName>
            </MeshHeading>
            <MeshHeading>
                <DescriptorName UI="D018465" MajorTopicYN="Y">Molteno Implants</DescriptorName>
            </MeshHeading>
            <MeshHeading>
                <DescriptorName UI="D011183" MajorTopicYN="N">Postoperative Complications</DescriptorName>
            </MeshHeading>
            <MeshHeading>
                <DescriptorName UI="D011379" MajorTopicYN="N">Prognosis</DescriptorName>
            </MeshHeading>
            <MeshHeading>
                <DescriptorName UI="D012189" MajorTopicYN="N">Retrospective Studies</DescriptorName>
            </MeshHeading>
            <MeshHeading>
                <DescriptorName UI="D016019" MajorTopicYN="N">Survival Analysis</DescriptorName>
            </MeshHeading>
            <MeshHeading>
                <DescriptorName UI="D014792" MajorTopicYN="N">Visual Acuity</DescriptorName>
            </MeshHeading>
        </MeshHeadingList>
    </MedlineCitation>
    <PubmedData>
        <History>
            <PubMedPubDate PubStatus="pubmed">
                <Year>1994</Year>
                <Month>12</Month>
                <Day>1</Day>
                <Hour>0</Hour>
                <Minute>0</Minute>
            </PubMedPubDate>
            <PubMedPubDate PubStatus="medline">
                <Year>1999</Year>
                <Month>11</Month>
                <Day>30</Day>
                <Hour>0</Hour>
                <Minute>1</Minute>
            </PubMedPubDate>
            <PubMedPubDate PubStatus="entrez">
                <Year>1994</Year>
                <Month>12</Month>
                <Day>1</Day>
                <Hour>0</Hour>
                <Minute>0</Minute>
            </PubMedPubDate>
        </History>
        <PublicationStatus>ppublish</PublicationStatus>
        <ArticleIdList>
            <ArticleId IdType="pubmed">10576996</ArticleId>
        </ArticleIdList>
    </PubmedData>
</PubmedArticle>

</PubmedArticleSet>