<?xml version="1.0" ?>
<!DOCTYPE PubmedArticleSet PUBLIC "-//NLM//DTD PubMedArticle, 1st January 2019//EN" "https://dtd.nlm.nih.gov/ncbi/pubmed/out/pubmed_190101.dtd">
<PubmedArticleSet>
<PubmedArticle>
    <MedlineCitation Status="MEDLINE" Owner="NLM">
        <PMID Version="1">10873981</PMID>
        <DateCompleted>
            <Year>2000</Year>
            <Month>10</Month>
            <Day>06</Day>
        </DateCompleted>
        <DateRevised>
            <Year>2019</Year>
            <Month>05</Month>
            <Day>01</Day>
        </DateRevised>
        <Article PubModel="Print">
            <Journal>
                <ISSN IssnType="Print">0007-1161</ISSN>
                <JournalIssue CitedMedium="Print">
                    <Volume>84</Volume>
                    <Issue>7</Issue>
                    <PubDate>
                        <Year>2000</Year>
                        <Month>Jul</Month>
                    </PubDate>
                </JournalIssue>
                <Title>The British journal of ophthalmology</Title>
                <ISOAbbreviation>Br J Ophthalmol</ISOAbbreviation>
            </Journal>
            <ArticleTitle>Efficacy and safety of the Ahmed glaucoma valve implant in Chinese eyes with complicated glaucoma.</ArticleTitle>
            <Pagination>
                <MedlinePgn>718-21</MedlinePgn>
            </Pagination>
            <Abstract>
                <AbstractText Label="AIMS" NlmCategory="OBJECTIVE">To evaluate the efficacy and safety of the Ahmed glaucoma valve implant in Chinese eyes with complicated glaucomas.</AbstractText>
                <AbstractText Label="METHODS" NlmCategory="METHODS">This retrospective study reviewed the final intraocular pressure, visual outcome, and incidence of complications in all patients with the Ahmed glaucoma valve implant performed at the Prince of Wales Hospital, Hong Kong, between June 1996 and November 1998.</AbstractText>
                <AbstractText Label="RESULTS" NlmCategory="RESULTS">A total of 65 eyes from 60 patients were treated with the Ahmed glaucoma implant. At a mean follow up (SD, median) of 21.8 (9.2, 28. 0) months (range 6-37 months), the mean intraocular pressure was reduced from 37.0 (SD 12.1) mm Hg before the implant surgery to 16.1 (12.4) mm Hg at the last follow up after surgery. The success rate of intraocular pressure control of &lt;22 mm Hg was achieved in 73.8% of operated eyes. Transient postoperative hypotony with shallow anterior chamber occurred in 10.8% of cases. The most common postoperative complication was the formation of encapsulated bleb (24.6%).</AbstractText>
                <AbstractText Label="CONCLUSIONS" NlmCategory="CONCLUSIONS">The Ahmed glaucoma valve implant appears to be effective and relatively safe for treating complicated glaucomas in Chinese eyes. The success rate is comparable with those reported in non-Asian eyes. Formation of postoperative encapsulated bleb is, however, more commonly encountered.</AbstractText>
            </Abstract>
            <AuthorList CompleteYN="Y">
                <Author ValidYN="Y">
                    <LastName>Lai</LastName>
                    <ForeName>J S</ForeName>
                    <Initials>JS</Initials>
                    <AffiliationInfo>
                        <Affiliation>Department of Ophthalmology and Visual Sciences, the Chinese University of Hong Kong, Prince of Wales Hospital, Shatin, NT, Hong Kong.</Affiliation>
                    </AffiliationInfo>
                </Author>
                <Author ValidYN="Y">
                    <LastName>Poon</LastName>
                    <ForeName>A S</ForeName>
                    <Initials>AS</Initials>
                </Author>
                <Author ValidYN="Y">
                    <LastName>Chua</LastName>
                    <ForeName>J K</ForeName>
                    <Initials>JK</Initials>
                </Author>
                <Author ValidYN="Y">
                    <LastName>Tham</LastName>
                    <ForeName>C C</ForeName>
                    <Initials>CC</Initials>
                </Author>
                <Author ValidYN="Y">
                    <LastName>Leung</LastName>
                    <ForeName>A T</ForeName>
                    <Initials>AT</Initials>
                </Author>
                <Author ValidYN="Y">
                    <LastName>Lam</LastName>
                    <ForeName>D S</ForeName>
                    <Initials>DS</Initials>
                </Author>
            </AuthorList>
            <Language>eng</Language>
            <PublicationTypeList>
                <PublicationType UI="D016428">Journal Article</PublicationType>
                <PublicationType UI="D013485">Research Support, Non-U.S. Gov't</PublicationType>
            </PublicationTypeList>
        </Article>
        <MedlineJournalInfo>
            <Country>England</Country>
            <MedlineTA>Br J Ophthalmol</MedlineTA>
            <NlmUniqueID>0421041</NlmUniqueID>
            <ISSNLinking>0007-1161</ISSNLinking>
        </MedlineJournalInfo>
        <CitationSubset>IM</CitationSubset>
        <MeshHeadingList>
            <MeshHeading>
                <DescriptorName UI="D000293" MajorTopicYN="N">Adolescent</DescriptorName>
            </MeshHeading>
            <MeshHeading>
                <DescriptorName UI="D000328" MajorTopicYN="N">Adult</DescriptorName>
            </MeshHeading>
            <MeshHeading>
                <DescriptorName UI="D000368" MajorTopicYN="N">Aged</DescriptorName>
            </MeshHeading>
            <MeshHeading>
                <DescriptorName UI="D002648" MajorTopicYN="N">Child</DescriptorName>
            </MeshHeading>
            <MeshHeading>
                <DescriptorName UI="D002675" MajorTopicYN="N">Child, Preschool</DescriptorName>
            </MeshHeading>
            <MeshHeading>
                <DescriptorName UI="D005260" MajorTopicYN="N">Female</DescriptorName>
            </MeshHeading>
            <MeshHeading>
                <DescriptorName UI="D018463" MajorTopicYN="N">Filtering Surgery</DescriptorName>
                <QualifierName UI="Q000379" MajorTopicYN="Y">methods</QualifierName>
            </MeshHeading>
            <MeshHeading>
                <DescriptorName UI="D005901" MajorTopicYN="N">Glaucoma</DescriptorName>
                <QualifierName UI="Q000601" MajorTopicYN="Y">surgery</QualifierName>
            </MeshHeading>
            <MeshHeading>
                <DescriptorName UI="D020327" MajorTopicYN="Y">Glaucoma Drainage Implants</DescriptorName>
                <QualifierName UI="Q000009" MajorTopicYN="N">adverse effects</QualifierName>
            </MeshHeading>
            <MeshHeading>
                <DescriptorName UI="D006801" MajorTopicYN="N">Humans</DescriptorName>
            </MeshHeading>
            <MeshHeading>
                <DescriptorName UI="D007223" MajorTopicYN="N">Infant</DescriptorName>
            </MeshHeading>
            <MeshHeading>
                <DescriptorName UI="D007429" MajorTopicYN="N">Intraocular Pressure</DescriptorName>
            </MeshHeading>
            <MeshHeading>
                <DescriptorName UI="D008297" MajorTopicYN="N">Male</DescriptorName>
            </MeshHeading>
            <MeshHeading>
                <DescriptorName UI="D008875" MajorTopicYN="N">Middle Aged</DescriptorName>
            </MeshHeading>
            <MeshHeading>
                <DescriptorName UI="D011183" MajorTopicYN="N">Postoperative Complications</DescriptorName>
                <QualifierName UI="Q000209" MajorTopicYN="Y">etiology</QualifierName>
            </MeshHeading>
            <MeshHeading>
                <DescriptorName UI="D012189" MajorTopicYN="N">Retrospective Studies</DescriptorName>
            </MeshHeading>
            <MeshHeading>
                <DescriptorName UI="D016896" MajorTopicYN="N">Treatment Outcome</DescriptorName>
            </MeshHeading>
            <MeshHeading>
                <DescriptorName UI="D014792" MajorTopicYN="N">Visual Acuity</DescriptorName>
            </MeshHeading>
        </MeshHeadingList>
    </MedlineCitation>
    <PubmedData>
        <History>
            <PubMedPubDate PubStatus="pubmed">
                <Year>2000</Year>
                <Month>6</Month>
                <Day>30</Day>
                <Hour>11</Hour>
                <Minute>0</Minute>
            </PubMedPubDate>
            <PubMedPubDate PubStatus="medline">
                <Year>2000</Year>
                <Month>10</Month>
                <Day>14</Day>
                <Hour>11</Hour>
                <Minute>1</Minute>
            </PubMedPubDate>
            <PubMedPubDate PubStatus="entrez">
                <Year>2000</Year>
                <Month>6</Month>
                <Day>30</Day>
                <Hour>11</Hour>
                <Minute>0</Minute>
            </PubMedPubDate>
        </History>
        <PublicationStatus>ppublish</PublicationStatus>
        <ArticleIdList>
            <ArticleId IdType="pubmed">10873981</ArticleId>
            <ArticleId IdType="pmc">PMC1723554</ArticleId>
            <ArticleId IdType="doi">10.1136/bjo.84.7.718</ArticleId>
        </ArticleIdList>
        <ReferenceList>
            <Reference>
                <Citation>Ophthalmology. 1998 Jul;105(7):1127-8</Citation>
                <ArticleIdList>
                    <ArticleId IdType="pubmed">9663209</ArticleId>
                </ArticleIdList>
            </Reference>
            <Reference>
                <Citation>Ophthalmology. 1998 Nov;105(11):2117-22</Citation>
                <ArticleIdList>
                    <ArticleId IdType="pubmed">9818615</ArticleId>
                </ArticleIdList>
            </Reference>
            <Reference>
                <Citation>Ophthalmology. 1994 Jul;101(7):1178-82</Citation>
                <ArticleIdList>
                    <ArticleId IdType="pubmed">8035980</ArticleId>
                </ArticleIdList>
            </Reference>
            <Reference>
                <Citation>Br J Ophthalmol. 1994 Jun;78(6):466-75</Citation>
                <ArticleIdList>
                    <ArticleId IdType="pubmed">8060931</ArticleId>
                </ArticleIdList>
            </Reference>
            <Reference>
                <Citation>Ophthalmology. 1995 Jun;102(6):894-904</Citation>
                <ArticleIdList>
                    <ArticleId IdType="pubmed">7777296</ArticleId>
                </ArticleIdList>
            </Reference>
            <Reference>
                <Citation>Am J Ophthalmol. 1995 Jul;120(1):23-31</Citation>
                <ArticleIdList>
                    <ArticleId IdType="pubmed">7611326</ArticleId>
                </ArticleIdList>
            </Reference>
            <Reference>
                <Citation>Ophthalmology. 1996 Feb;103(2):299-305</Citation>
                <ArticleIdList>
                    <ArticleId IdType="pubmed">8594518</ArticleId>
                </ArticleIdList>
            </Reference>
            <Reference>
                <Citation>Am J Ophthalmol. 1996 Sep;122(3):424-5</Citation>
                <ArticleIdList>
                    <ArticleId IdType="pubmed">8794716</ArticleId>
                </ArticleIdList>
            </Reference>
            <Reference>
                <Citation>Singapore Med J. 1996 Oct;37(5):505-7</Citation>
                <ArticleIdList>
                    <ArticleId IdType="pubmed">9046204</ArticleId>
                </ArticleIdList>
            </Reference>
            <Reference>
                <Citation>J Glaucoma. 1997 Feb;6(1):10-2</Citation>
                <ArticleIdList>
                    <ArticleId IdType="pubmed">9075074</ArticleId>
                </ArticleIdList>
            </Reference>
            <Reference>
                <Citation>Ophthalmology. 1995 Sep;102(9):1298-307</Citation>
                <ArticleIdList>
                    <ArticleId IdType="pubmed">9097766</ArticleId>
                </ArticleIdList>
            </Reference>
            <Reference>
                <Citation>Br J Ophthalmol. 1998 Sep;82(9):1083-9</Citation>
                <ArticleIdList>
                    <ArticleId IdType="pubmed">9893602</ArticleId>
                </ArticleIdList>
            </Reference>
            <Reference>
                <Citation>Am J Ophthalmol. 1999 Jan;127(1):27-33</Citation>
                <ArticleIdList>
                    <ArticleId IdType="pubmed">9932995</ArticleId>
                </ArticleIdList>
            </Reference>
            <Reference>
                <Citation>Am J Ophthalmol. 1999 Jan;127(1):34-42</Citation>
                <ArticleIdList>
                    <ArticleId IdType="pubmed">9932996</ArticleId>
                </ArticleIdList>
            </Reference>
            <Reference>
                <Citation>Yan Ke Xue Bao. 1997 Sep;13(3):109-12</Citation>
                <ArticleIdList>
                    <ArticleId IdType="pubmed">11326858</ArticleId>
                </ArticleIdList>
            </Reference>
            <Reference>
                <Citation>Am J Ophthalmol. 1980 Mar;89(3):338-43</Citation>
                <ArticleIdList>
                    <ArticleId IdType="pubmed">6154418</ArticleId>
                </ArticleIdList>
            </Reference>
            <Reference>
                <Citation>Am J Ophthalmol. 1983 Jun;95(6):775-82</Citation>
                <ArticleIdList>
                    <ArticleId IdType="pubmed">6190402</ArticleId>
                </ArticleIdList>
            </Reference>
            <Reference>
                <Citation>Ophthalmology. 1988 Mar;95(3):364-9</Citation>
                <ArticleIdList>
                    <ArticleId IdType="pubmed">3050684</ArticleId>
                </ArticleIdList>
            </Reference>
            <Reference>
                <Citation>Ophthalmology. 1988 Sep;95(9):1181-8</Citation>
                <ArticleIdList>
                    <ArticleId IdType="pubmed">3211496</ArticleId>
                </ArticleIdList>
            </Reference>
            <Reference>
                <Citation>Ophthalmic Surg. 1989 Jan;20(1):53-6</Citation>
                <ArticleIdList>
                    <ArticleId IdType="pubmed">2648233</ArticleId>
                </ArticleIdList>
            </Reference>
            <Reference>
                <Citation>Surv Ophthalmol. 1990 May-Jun;34(6):441-8</Citation>
                <ArticleIdList>
                    <ArticleId IdType="pubmed">2194308</ArticleId>
                </ArticleIdList>
            </Reference>
            <Reference>
                <Citation>Arch Ophthalmol. 1992 Apr;110(4):480-5</Citation>
                <ArticleIdList>
                    <ArticleId IdType="pubmed">1562252</ArticleId>
                </ArticleIdList>
            </Reference>
            <Reference>
                <Citation>J Pediatr Ophthalmol Strabismus. 1992 Jan-Feb;29(1):44-8</Citation>
                <ArticleIdList>
                    <ArticleId IdType="pubmed">1583580</ArticleId>
                </ArticleIdList>
            </Reference>
            <Reference>
                <Citation>Ophthalmology. 1992 May;99(5):679-87</Citation>
                <ArticleIdList>
                    <ArticleId IdType="pubmed">1594211</ArticleId>
                </ArticleIdList>
            </Reference>
            <Reference>
                <Citation>Ophthalmic Surg. 1992 Oct;23(10):666-71</Citation>
                <ArticleIdList>
                    <ArticleId IdType="pubmed">1306663</ArticleId>
                </ArticleIdList>
            </Reference>
            <Reference>
                <Citation>Ophthalmic Surg. 1993 Nov;24(11):723-9</Citation>
                <ArticleIdList>
                    <ArticleId IdType="pubmed">8290209</ArticleId>
                </ArticleIdList>
            </Reference>
            <Reference>
                <Citation>Ophthalmology. 1994 May;101(5):872-5</Citation>
                <ArticleIdList>
                    <ArticleId IdType="pubmed">8190473</ArticleId>
                </ArticleIdList>
            </Reference>
        </ReferenceList>
    </PubmedData>
</PubmedArticle>

</PubmedArticleSet>