<?xml version="1.0" ?>
<!DOCTYPE PubmedArticleSet PUBLIC "-//NLM//DTD PubMedArticle, 1st January 2019//EN" "https://dtd.nlm.nih.gov/ncbi/pubmed/out/pubmed_190101.dtd">
<PubmedArticleSet>
<PubmedArticle>
    <MedlineCitation Status="MEDLINE" Owner="NLM">
        <PMID Version="1">11237919</PMID>
        <DateCompleted>
            <Year>2001</Year>
            <Month>03</Month>
            <Day>22</Day>
        </DateCompleted>
        <DateRevised>
            <Year>2019</Year>
            <Month>12</Month>
            <Day>10</Day>
        </DateRevised>
        <Article PubModel="Print">
            <Journal>
                <ISSN IssnType="Print">0161-6420</ISSN>
                <JournalIssue CitedMedium="Print">
                    <Volume>108</Volume>
                    <Issue>3</Issue>
                    <PubDate>
                        <Year>2001</Year>
                        <Month>Mar</Month>
                    </PubDate>
                </JournalIssue>
                <Title>Ophthalmology</Title>
                <ISOAbbreviation>Ophthalmology</ISOAbbreviation>
            </Journal>
            <ArticleTitle>Intermediate-term outcomes of 350-mm(2) Baerveldt glaucoma implants.</ArticleTitle>
            <Pagination>
                <MedlinePgn>621-6</MedlinePgn>
            </Pagination>
            <Abstract>
                <AbstractText Label="OBJECTIVE" NlmCategory="OBJECTIVE">To determine the intermediate-term outcome of 350-mm(2) Baerveldt glaucoma implants.</AbstractText>
                <AbstractText Label="DESIGN" NlmCategory="METHODS">Retrospective, noncomparative case series.</AbstractText>
                <AbstractText Label="PARTICIPANTS" NlmCategory="METHODS">Sixty-five patients (65 eyes).</AbstractText>
                <AbstractText Label="INTERVENTION" NlmCategory="METHODS">Implantation of 350-mm(2) Baerveldt glaucoma drainage device.</AbstractText>
                <AbstractText Label="MAIN OUTCOME MEASURES" NlmCategory="METHODS">Intraocular pressure, number of glaucoma medications, best-corrected Snellen visual acuity, length of follow-up, risk factors for failure, and complications.</AbstractText>
                <AbstractText Label="RESULTS" NlmCategory="RESULTS">Mean intraocular pressure was reduced from a preoperative value of 32 mmHg to a 2-year postoperative value of 14 mmHg (56% reduction, P &lt; 0.001). Success rates at 2-year follow-up were 71%, 81%, 78%, 60%, and 47% for the overall group, primary open-angle glaucoma group, neovascular group, uveitic group, and other group, respectively. After accounting for the effect of diagnosis group, significant risk factors in the overall group for failure at 2 years included younger age, high preoperative intraocular pressure, and more prior incisional surgeries. Glaucoma medication use in our overall study population was reduced from 2.5 mean preoperative medications to 0.8 postoperative medications (68%). Median change in Snellen visual acuity between preoperative and 2-year postoperative visits was not significant in the overall group. Postoperative complications included choroidal effusion in 15 patients (23%), tube obstruction by blood or vitreous in five patients (8%), phthisis in four patients (6%), aqueous misdirection in two patients (3%), strabismus in two patients (3%), tube-cornea touch in two patients (3%), endophthalmitis in two patients (3%), and retinal detachment in two patients (3%). No patients had suprachoroidal hemorrhage.</AbstractText>
                <AbstractText Label="CONCLUSIONS" NlmCategory="CONCLUSIONS">The 350-mm(2) Baerveldt glaucoma implants are a safe and effective treatment for intermediate-term intraocular pressure control in patients with refractory glaucoma.</AbstractText>
            </Abstract>
            <AuthorList CompleteYN="Y">
                <Author ValidYN="Y">
                    <LastName>Krishna</LastName>
                    <ForeName>R</ForeName>
                    <Initials>R</Initials>
                    <AffiliationInfo>
                        <Affiliation>Department of Ophthalmology, University of Miami School of Medicine, Bascom Palmer Eye Institute, Miami, Florida.</Affiliation>
                    </AffiliationInfo>
                </Author>
                <Author ValidYN="Y">
                    <LastName>Godfrey</LastName>
                    <ForeName>D G</ForeName>
                    <Initials>DG</Initials>
                </Author>
                <Author ValidYN="Y">
                    <LastName>Budenz</LastName>
                    <ForeName>D L</ForeName>
                    <Initials>DL</Initials>
                </Author>
                <Author ValidYN="Y">
                    <LastName>Escalona-Camaaño</LastName>
                    <ForeName>E</ForeName>
                    <Initials>E</Initials>
                </Author>
                <Author ValidYN="Y">
                    <LastName>Gedde</LastName>
                    <ForeName>S J</ForeName>
                    <Initials>SJ</Initials>
                </Author>
                <Author ValidYN="Y">
                    <LastName>Greenfield</LastName>
                    <ForeName>D S</ForeName>
                    <Initials>DS</Initials>
                </Author>
                <Author ValidYN="Y">
                    <LastName>Feuer</LastName>
                    <ForeName>W</ForeName>
                    <Initials>W</Initials>
                </Author>
                <Author ValidYN="Y">
                    <LastName>Scott</LastName>
                    <ForeName>I U</ForeName>
                    <Initials>IU</Initials>
                </Author>
            </AuthorList>
            <Language>eng</Language>
            <PublicationTypeList>
                <PublicationType UI="D016428">Journal Article</PublicationType>
                <PublicationType UI="D013485">Research Support, Non-U.S. Gov't</PublicationType>
            </PublicationTypeList>
        </Article>
        <MedlineJournalInfo>
            <Country>United States</Country>
            <MedlineTA>Ophthalmology</MedlineTA>
            <NlmUniqueID>7802443</NlmUniqueID>
            <ISSNLinking>0161-6420</ISSNLinking>
        </MedlineJournalInfo>
        <CitationSubset>IM</CitationSubset>
        <MeshHeadingList>
            <MeshHeading>
                <DescriptorName UI="D000328" MajorTopicYN="N">Adult</DescriptorName>
            </MeshHeading>
            <MeshHeading>
                <DescriptorName UI="D000368" MajorTopicYN="N">Aged</DescriptorName>
            </MeshHeading>
            <MeshHeading>
                <DescriptorName UI="D005260" MajorTopicYN="N">Female</DescriptorName>
            </MeshHeading>
            <MeshHeading>
                <DescriptorName UI="D005500" MajorTopicYN="N">Follow-Up Studies</DescriptorName>
            </MeshHeading>
            <MeshHeading>
                <DescriptorName UI="D005901" MajorTopicYN="N">Glaucoma</DescriptorName>
                <QualifierName UI="Q000188" MajorTopicYN="N">drug therapy</QualifierName>
                <QualifierName UI="Q000503" MajorTopicYN="N">physiopathology</QualifierName>
                <QualifierName UI="Q000601" MajorTopicYN="Y">surgery</QualifierName>
            </MeshHeading>
            <MeshHeading>
                <DescriptorName UI="D020327" MajorTopicYN="Y">Glaucoma Drainage Implants</DescriptorName>
            </MeshHeading>
            <MeshHeading>
                <DescriptorName UI="D006801" MajorTopicYN="N">Humans</DescriptorName>
            </MeshHeading>
            <MeshHeading>
                <DescriptorName UI="D007429" MajorTopicYN="N">Intraocular Pressure</DescriptorName>
            </MeshHeading>
            <MeshHeading>
                <DescriptorName UI="D008297" MajorTopicYN="N">Male</DescriptorName>
            </MeshHeading>
            <MeshHeading>
                <DescriptorName UI="D008875" MajorTopicYN="N">Middle Aged</DescriptorName>
            </MeshHeading>
            <MeshHeading>
                <DescriptorName UI="D017063" MajorTopicYN="N">Outcome Assessment, Health Care</DescriptorName>
            </MeshHeading>
            <MeshHeading>
                <DescriptorName UI="D011183" MajorTopicYN="N">Postoperative Complications</DescriptorName>
            </MeshHeading>
            <MeshHeading>
                <DescriptorName UI="D011475" MajorTopicYN="N">Prosthesis Failure</DescriptorName>
            </MeshHeading>
            <MeshHeading>
                <DescriptorName UI="D019919" MajorTopicYN="N">Prosthesis Implantation</DescriptorName>
            </MeshHeading>
            <MeshHeading>
                <DescriptorName UI="D012189" MajorTopicYN="N">Retrospective Studies</DescriptorName>
            </MeshHeading>
            <MeshHeading>
                <DescriptorName UI="D012307" MajorTopicYN="N">Risk Factors</DescriptorName>
            </MeshHeading>
            <MeshHeading>
                <DescriptorName UI="D014792" MajorTopicYN="N">Visual Acuity</DescriptorName>
            </MeshHeading>
        </MeshHeadingList>
    </MedlineCitation>
    <PubmedData>
        <History>
            <PubMedPubDate PubStatus="pubmed">
                <Year>2001</Year>
                <Month>3</Month>
                <Day>10</Day>
                <Hour>10</Hour>
                <Minute>0</Minute>
            </PubMedPubDate>
            <PubMedPubDate PubStatus="medline">
                <Year>2001</Year>
                <Month>3</Month>
                <Day>27</Day>
                <Hour>10</Hour>
                <Minute>1</Minute>
            </PubMedPubDate>
            <PubMedPubDate PubStatus="entrez">
                <Year>2001</Year>
                <Month>3</Month>
                <Day>10</Day>
                <Hour>10</Hour>
                <Minute>0</Minute>
            </PubMedPubDate>
        </History>
        <PublicationStatus>ppublish</PublicationStatus>
        <ArticleIdList>
            <ArticleId IdType="pubmed">11237919</ArticleId>
            <ArticleId IdType="pii">S0161-6420(00)00537-6</ArticleId>
            <ArticleId IdType="doi">10.1016/s0161-6420(00)00537-6</ArticleId>
        </ArticleIdList>
    </PubmedData>
</PubmedArticle>

</PubmedArticleSet>