<?xml version="1.0" ?>
<!DOCTYPE PubmedArticleSet PUBLIC "-//NLM//DTD PubMedArticle, 1st January 2019//EN" "https://dtd.nlm.nih.gov/ncbi/pubmed/out/pubmed_190101.dtd">
<PubmedArticleSet>
<PubmedArticle>
    <MedlineCitation Status="MEDLINE" Owner="NLM">
        <PMID Version="1">11740216</PMID>
        <DateCompleted>
            <Year>2002</Year>
            <Month>01</Month>
            <Day>28</Day>
        </DateCompleted>
        <DateRevised>
            <Year>2019</Year>
            <Month>11</Month>
            <Day>05</Day>
        </DateRevised>
        <Article PubModel="Print">
            <Journal>
                <ISSN IssnType="Print">1057-0829</ISSN>
                <JournalIssue CitedMedium="Print">
                    <Volume>10</Volume>
                    <Issue>6</Issue>
                    <PubDate>
                        <Year>2001</Year>
                        <Month>Dec</Month>
                    </PubDate>
                </JournalIssue>
                <Title>Journal of glaucoma</Title>
                <ISOAbbreviation>J Glaucoma</ISOAbbreviation>
            </Journal>
            <ArticleTitle>Prevention of early postoperative hypotony by partial ligation of silicone tube in Ahmed glaucoma valve implantation.</ArticleTitle>
            <Pagination>
                <MedlinePgn>466-9</MedlinePgn>
            </Pagination>
            <Abstract>
                <AbstractText Label="PURPOSE" NlmCategory="OBJECTIVE">To determine the effectiveness of the partial ligation of a silicone tube of Ahmed glaucoma valve implantation to prevent early postoperative hypotony.</AbstractText>
                <AbstractText Label="PATIENTS AND METHODS" NlmCategory="METHODS">Thirty-two Korean patients were divided into two groups. Ahmed glaucoma valve implantation was performed with or without partial ligation in 16 eyes. The incidence of complications and the success rate in each group were compared.</AbstractText>
                <AbstractText Label="RESULTS" NlmCategory="RESULTS">In the partial-ligation group, 10 patients (62.5%) had successful intraocular pressure control (&gt; 5 to &lt; 22 mm Hg) without any additional antiglaucoma medications, whereas intraocular pressure in 12 patients (75.0%) was controlled with or without additional antiglaucoma medications. In the nonligation group, nine patients (56.3%) had successful intraocular pressure control without any additional medications, whereas intraocular pressure in 12 patients (75.0%) was controlled with or without additional antiglaucoma medications. Early postoperative hypotony occurred in 1 of 16 (6.3%) patients with partial ligation and 4 of 16 (25%) patients without ligation.</AbstractText>
                <AbstractText Label="CONCLUSION" NlmCategory="CONCLUSIONS">The partial ligation of a tube in Ahmed glaucoma valve implantation suggested a lower rate of hypotony and surgical complications. There was no significant difference in final success rate between the partial ligation and nonligation groups.</AbstractText>
            </Abstract>
            <AuthorList CompleteYN="Y">
                <Author ValidYN="Y">
                    <LastName>Kee</LastName>
                    <ForeName>C</ForeName>
                    <Initials>C</Initials>
                    <AffiliationInfo>
                        <Affiliation>Department of Ophthalmology, Samsung Medical Center, School of Medicine, Sungkyunkwan University, Seoul, Korea.</Affiliation>
                    </AffiliationInfo>
                </Author>
            </AuthorList>
            <Language>eng</Language>
            <PublicationTypeList>
                <PublicationType UI="D016430">Clinical Trial</PublicationType>
                <PublicationType UI="D003160">Comparative Study</PublicationType>
                <PublicationType UI="D016428">Journal Article</PublicationType>
                <PublicationType UI="D016449">Randomized Controlled Trial</PublicationType>
            </PublicationTypeList>
        </Article>
        <MedlineJournalInfo>
            <Country>United States</Country>
            <MedlineTA>J Glaucoma</MedlineTA>
            <NlmUniqueID>9300903</NlmUniqueID>
            <ISSNLinking>1057-0829</ISSNLinking>
        </MedlineJournalInfo>
        <ChemicalList>
            <Chemical>
                <RegistryNumber>0</RegistryNumber>
                <NameOfSubstance UI="D012826">Silicone Elastomers</NameOfSubstance>
            </Chemical>
        </ChemicalList>
        <CitationSubset>IM</CitationSubset>
        <MeshHeadingList>
            <MeshHeading>
                <DescriptorName UI="D005901" MajorTopicYN="N">Glaucoma</DescriptorName>
                <QualifierName UI="Q000601" MajorTopicYN="Y">surgery</QualifierName>
            </MeshHeading>
            <MeshHeading>
                <DescriptorName UI="D020327" MajorTopicYN="Y">Glaucoma Drainage Implants</DescriptorName>
            </MeshHeading>
            <MeshHeading>
                <DescriptorName UI="D006801" MajorTopicYN="N">Humans</DescriptorName>
            </MeshHeading>
            <MeshHeading>
                <DescriptorName UI="D007429" MajorTopicYN="N">Intraocular Pressure</DescriptorName>
            </MeshHeading>
            <MeshHeading>
                <DescriptorName UI="D007440" MajorTopicYN="N">Intubation</DescriptorName>
            </MeshHeading>
            <MeshHeading>
                <DescriptorName UI="D008026" MajorTopicYN="N">Ligation</DescriptorName>
                <QualifierName UI="Q000379" MajorTopicYN="N">methods</QualifierName>
            </MeshHeading>
            <MeshHeading>
                <DescriptorName UI="D008875" MajorTopicYN="N">Middle Aged</DescriptorName>
            </MeshHeading>
            <MeshHeading>
                <DescriptorName UI="D015814" MajorTopicYN="N">Ocular Hypotension</DescriptorName>
                <QualifierName UI="Q000517" MajorTopicYN="Y">prevention &amp; control</QualifierName>
            </MeshHeading>
            <MeshHeading>
                <DescriptorName UI="D011183" MajorTopicYN="N">Postoperative Complications</DescriptorName>
                <QualifierName UI="Q000517" MajorTopicYN="Y">prevention &amp; control</QualifierName>
            </MeshHeading>
            <MeshHeading>
                <DescriptorName UI="D011446" MajorTopicYN="N">Prospective Studies</DescriptorName>
            </MeshHeading>
            <MeshHeading>
                <DescriptorName UI="D019919" MajorTopicYN="N">Prosthesis Implantation</DescriptorName>
            </MeshHeading>
            <MeshHeading>
                <DescriptorName UI="D012826" MajorTopicYN="Y">Silicone Elastomers</DescriptorName>
            </MeshHeading>
            <MeshHeading>
                <DescriptorName UI="D013536" MajorTopicYN="Y">Suture Techniques</DescriptorName>
            </MeshHeading>
        </MeshHeadingList>
    </MedlineCitation>
    <PubmedData>
        <History>
            <PubMedPubDate PubStatus="pubmed">
                <Year>2001</Year>
                <Month>12</Month>
                <Day>12</Day>
                <Hour>10</Hour>
                <Minute>0</Minute>
            </PubMedPubDate>
            <PubMedPubDate PubStatus="medline">
                <Year>2002</Year>
                <Month>1</Month>
                <Day>29</Day>
                <Hour>10</Hour>
                <Minute>1</Minute>
            </PubMedPubDate>
            <PubMedPubDate PubStatus="entrez">
                <Year>2001</Year>
                <Month>12</Month>
                <Day>12</Day>
                <Hour>10</Hour>
                <Minute>0</Minute>
            </PubMedPubDate>
        </History>
        <PublicationStatus>ppublish</PublicationStatus>
        <ArticleIdList>
            <ArticleId IdType="pubmed">11740216</ArticleId>
            <ArticleId IdType="doi">10.1097/00061198-200112000-00005</ArticleId>
        </ArticleIdList>
    </PubmedData>
</PubmedArticle>

</PubmedArticleSet>