<?xml version="1.0" ?>
<!DOCTYPE PubmedArticleSet PUBLIC "-//NLM//DTD PubMedArticle, 1st January 2019//EN" "https://dtd.nlm.nih.gov/ncbi/pubmed/out/pubmed_190101.dtd">
<PubmedArticleSet>
<PubmedArticle>
    <MedlineCitation Status="MEDLINE" Owner="NLM">
        <PMID Version="1">11942556</PMID>
        <DateCompleted>
            <Year>2002</Year>
            <Month>09</Month>
            <Day>12</Day>
        </DateCompleted>
        <DateRevised>
            <Year>2006</Year>
            <Month>11</Month>
            <Day>15</Day>
        </DateRevised>
        <Article PubModel="Print">
            <Journal>
                <ISSN IssnType="Print">1082-3069</ISSN>
                <JournalIssue CitedMedium="Print">
                    <Volume>33</Volume>
                    <Issue>2</Issue>
                    <PubDate>
                        <MedlineDate>2002 Mar-Apr</MedlineDate>
                    </PubDate>
                </JournalIssue>
                <Title>Ophthalmic surgery and lasers</Title>
                <ISOAbbreviation>Ophthalmic Surg Lasers</ISOAbbreviation>
            </Journal>
            <ArticleTitle>Comparison of double-plate Molteno and Ahmed glaucoma valve in patients with advanced uncontrolled glaucoma.</ArticleTitle>
            <Pagination>
                <MedlinePgn>94-101</MedlinePgn>
            </Pagination>
            <Abstract>
                <AbstractText Label="BACKGROUND AND OBJECTIVE" NlmCategory="OBJECTIVE">To compare double-plate Molteno (DPM) with the Ahmed glaucoma valve (AGV) in the treatment of eyes with complicated glaucoma.</AbstractText>
                <AbstractText Label="PATIENTS AND METHODS" NlmCategory="METHODS">This matched, retrospective, case-control study was based on diagnosis, number of previous operations, and age. There were 30 patients in each group and only patients with a minimum of 6 months follow up were included. Double-plate Molteno or Ahmed glaucoma valve insertion was performed on each patient to control intractable glaucoma. Success was defined as IOP &lt;22 mm Hg and &gt;4 mm Hg on the last two visits, a decrease of no more than 2 lines in the visual acuity, and no additional surgical intervention to control IOP.</AbstractText>
                <AbstractText Label="RESULTS" NlmCategory="RESULTS">The Kaplan-Meier estimated probability of success at 12 and 24 months was 73% and 56% with DPM and 60% and 50% for AGV (P = 0.72). Mean IOP measured 13.36 +/- 5.2 mm Hg following DPM and 16.7 +/- 5.6 mm Hg following AGV at 12 months (P = 0.026) and 13.3 +/- 5.1 mm Hg with DPM and 19 +/- 5.8 mm Hg with AGV at 24 months (P = 0.009). Of the patients involved in the study, 83.5% exhibited hypertensive phase (HP) of AGV vs 43.5% of DPM (P = 0.04). AGV had a tendency to fail earlier (5 months +/- 7 following AGV vs 13 months +/- 13 following DPM, P = 0.07, t-test). Patients with either a second valve insertion or valve removal were 7/30 of AGV vs 1/30 in DPM (P = 0.05). Stent removal was needed by 10/30 DPM and 8/30 AGV had needling/5-FU.</AbstractText>
                <AbstractText Label="CONCLUSIONS" NlmCategory="CONCLUSIONS">The percentage of patients free from failure was similar between the two groups at 36 months. DPM is associated with lower mean IOP in the long term compared to AGV.</AbstractText>
            </Abstract>
            <AuthorList CompleteYN="Y">
                <Author ValidYN="Y">
                    <LastName>Ayyala</LastName>
                    <ForeName>Ramesh S</ForeName>
                    <Initials>RS</Initials>
                    <AffiliationInfo>
                        <Affiliation>Department of Ophthalmology, Tulane University Health Sciences Center, School of Medicine, New Orleans, Louisiana, USA.</Affiliation>
                    </AffiliationInfo>
                </Author>
                <Author ValidYN="Y">
                    <LastName>Zurakowski</LastName>
                    <ForeName>David</ForeName>
                    <Initials>D</Initials>
                </Author>
                <Author ValidYN="Y">
                    <LastName>Monshizadeh</LastName>
                    <ForeName>R</ForeName>
                    <Initials>R</Initials>
                </Author>
                <Author ValidYN="Y">
                    <LastName>Hong</LastName>
                    <ForeName>Chian-Huey</ForeName>
                    <Initials>CH</Initials>
                </Author>
                <Author ValidYN="Y">
                    <LastName>Richards</LastName>
                    <ForeName>David</ForeName>
                    <Initials>D</Initials>
                </Author>
                <Author ValidYN="Y">
                    <LastName>Layden</LastName>
                    <ForeName>William E</ForeName>
                    <Initials>WE</Initials>
                </Author>
                <Author ValidYN="Y">
                    <LastName>Hutchinson</LastName>
                    <ForeName>B T</ForeName>
                    <Initials>BT</Initials>
                </Author>
                <Author ValidYN="Y">
                    <LastName>Bellows</LastName>
                    <ForeName>A R</ForeName>
                    <Initials>AR</Initials>
                </Author>
            </AuthorList>
            <Language>eng</Language>
            <PublicationTypeList>
                <PublicationType UI="D003160">Comparative Study</PublicationType>
                <PublicationType UI="D016428">Journal Article</PublicationType>
            </PublicationTypeList>
        </Article>
        <MedlineJournalInfo>
            <Country>United States</Country>
            <MedlineTA>Ophthalmic Surg Lasers</MedlineTA>
            <NlmUniqueID>9517132</NlmUniqueID>
            <ISSNLinking>1082-3069</ISSNLinking>
        </MedlineJournalInfo>
        <CitationSubset>IM</CitationSubset>
        <MeshHeadingList>
            <MeshHeading>
                <DescriptorName UI="D000293" MajorTopicYN="N">Adolescent</DescriptorName>
            </MeshHeading>
            <MeshHeading>
                <DescriptorName UI="D000328" MajorTopicYN="N">Adult</DescriptorName>
            </MeshHeading>
            <MeshHeading>
                <DescriptorName UI="D000368" MajorTopicYN="N">Aged</DescriptorName>
            </MeshHeading>
            <MeshHeading>
                <DescriptorName UI="D000369" MajorTopicYN="N">Aged, 80 and over</DescriptorName>
            </MeshHeading>
            <MeshHeading>
                <DescriptorName UI="D000869" MajorTopicYN="N">Anterior Eye Segment</DescriptorName>
                <QualifierName UI="Q000601" MajorTopicYN="Y">surgery</QualifierName>
            </MeshHeading>
            <MeshHeading>
                <DescriptorName UI="D005260" MajorTopicYN="N">Female</DescriptorName>
            </MeshHeading>
            <MeshHeading>
                <DescriptorName UI="D005901" MajorTopicYN="N">Glaucoma</DescriptorName>
                <QualifierName UI="Q000601" MajorTopicYN="Y">surgery</QualifierName>
            </MeshHeading>
            <MeshHeading>
                <DescriptorName UI="D006801" MajorTopicYN="N">Humans</DescriptorName>
            </MeshHeading>
            <MeshHeading>
                <DescriptorName UI="D007429" MajorTopicYN="N">Intraocular Pressure</DescriptorName>
            </MeshHeading>
            <MeshHeading>
                <DescriptorName UI="D008297" MajorTopicYN="N">Male</DescriptorName>
            </MeshHeading>
            <MeshHeading>
                <DescriptorName UI="D008875" MajorTopicYN="N">Middle Aged</DescriptorName>
            </MeshHeading>
            <MeshHeading>
                <DescriptorName UI="D018465" MajorTopicYN="Y">Molteno Implants</DescriptorName>
            </MeshHeading>
            <MeshHeading>
                <DescriptorName UI="D011183" MajorTopicYN="N">Postoperative Complications</DescriptorName>
            </MeshHeading>
            <MeshHeading>
                <DescriptorName UI="D019919" MajorTopicYN="N">Prosthesis Implantation</DescriptorName>
            </MeshHeading>
            <MeshHeading>
                <DescriptorName UI="D016896" MajorTopicYN="N">Treatment Outcome</DescriptorName>
            </MeshHeading>
            <MeshHeading>
                <DescriptorName UI="D014792" MajorTopicYN="N">Visual Acuity</DescriptorName>
            </MeshHeading>
        </MeshHeadingList>
    </MedlineCitation>
    <PubmedData>
        <History>
            <PubMedPubDate PubStatus="pubmed">
                <Year>2002</Year>
                <Month>4</Month>
                <Day>11</Day>
                <Hour>10</Hour>
                <Minute>0</Minute>
            </PubMedPubDate>
            <PubMedPubDate PubStatus="medline">
                <Year>2002</Year>
                <Month>9</Month>
                <Day>13</Day>
                <Hour>10</Hour>
                <Minute>1</Minute>
            </PubMedPubDate>
            <PubMedPubDate PubStatus="entrez">
                <Year>2002</Year>
                <Month>4</Month>
                <Day>11</Day>
                <Hour>10</Hour>
                <Minute>0</Minute>
            </PubMedPubDate>
        </History>
        <PublicationStatus>ppublish</PublicationStatus>
        <ArticleIdList>
            <ArticleId IdType="pubmed">11942556</ArticleId>
        </ArticleIdList>
    </PubmedData>
</PubmedArticle>

</PubmedArticleSet>