<?xml version="1.0" ?>
<!DOCTYPE PubmedArticleSet PUBLIC "-//NLM//DTD PubMedArticle, 1st January 2019//EN" "https://dtd.nlm.nih.gov/ncbi/pubmed/out/pubmed_190101.dtd">
<PubmedArticleSet>
<PubmedArticle>
    <MedlineCitation Status="MEDLINE" Owner="NLM">
        <PMID Version="1">1520111</PMID>
        <DateCompleted>
            <Year>1992</Year>
            <Month>10</Month>
            <Day>06</Day>
        </DateCompleted>
        <DateRevised>
            <Year>2019</Year>
            <Month>07</Month>
            <Day>04</Day>
        </DateRevised>
        <Article PubModel="Print">
            <Journal>
                <ISSN IssnType="Print">0003-9950</ISSN>
                <JournalIssue CitedMedium="Print">
                    <Volume>110</Volume>
                    <Issue>9</Issue>
                    <PubDate>
                        <Year>1992</Year>
                        <Month>Sep</Month>
                    </PubDate>
                </JournalIssue>
                <Title>Archives of ophthalmology (Chicago, Ill. : 1960)</Title>
                <ISOAbbreviation>Arch Ophthalmol</ISOAbbreviation>
            </Journal>
            <ArticleTitle>Comparison of the double-plate Molteno drainage implant with the Schocket procedure.</ArticleTitle>
            <Pagination>
                <MedlinePgn>1246-50</MedlinePgn>
            </Pagination>
            <Abstract>
                <AbstractText>A randomized, prospective study was undertaken to compare the results of the double-plate Molteno implant with those of the anterior chamber tube shunt to encircling band (ACTSEB) procedure, described by Schocket, for eyes with complicated glaucoma. One surgeon performed all the procedures. For statistical analysis there were 21 eyes in the ACTSEB group and 19 eyes in the Molteno group, with at least 6 months of follow-up (mean follow-up, 26 months; range, 6 to 49 months). Eyes with aphakia/pseudophakia, uveitis, previous penetrating keratoplasty, previous unsuccessful trabeculectomy, and neovascular glaucoma were evenly distributed between the two groups. Mean preoperative intraocular pressures in the ACTSEB and Molteno groups were 35.2 and 34.6 mm Hg, respectively. With the exclusion of one phthisical eye in each group final mean intraocular pressure in the ACTSEB group was 15.1 mm Hg, with a mean of 0.43 medications, and 14.4 mm Hg, with a mean of 0.95 medications, in the Molteno group. Seven (33%) of 21 eyes and 13 (68%) of 19 eyes in the ACTSEB and Molteno groups, respectively, were receiving additional antiglaucoma medication at the most recent visit (P = .027). Final visual acuity was stable (within one Snellen line of baseline visual acuity) or improved in 10 (48%) of 21 eyes in the ACTSEB group compared with 13 (68%) of 19 eyes in the Molteno group. Complications or inadequate pressure control requiring further surgical intervention were seen in nine (47%) of 19 eyes in the Molteno group and 12 (57%) of 21 eyes in the ACTSEB group.(ABSTRACT TRUNCATED AT 250 WORDS)</AbstractText>
            </Abstract>
            <AuthorList CompleteYN="Y">
                <Author ValidYN="Y">
                    <LastName>Smith</LastName>
                    <ForeName>M F</ForeName>
                    <Initials>MF</Initials>
                    <AffiliationInfo>
                        <Affiliation>Department of Ophthalmology, University of Florida College of Medicine, Gainesville 32610-0284.</Affiliation>
                    </AffiliationInfo>
                </Author>
                <Author ValidYN="Y">
                    <LastName>Sherwood</LastName>
                    <ForeName>M B</ForeName>
                    <Initials>MB</Initials>
                </Author>
                <Author ValidYN="Y">
                    <LastName>McGorray</LastName>
                    <ForeName>S P</ForeName>
                    <Initials>SP</Initials>
                </Author>
            </AuthorList>
            <Language>eng</Language>
            <GrantList CompleteYN="Y">
                <Grant>
                    <GrantID>EY-08571</GrantID>
                    <Acronym>EY</Acronym>
                    <Agency>NEI NIH HHS</Agency>
                    <Country>United States</Country>
                </Grant>
            </GrantList>
            <PublicationTypeList>
                <PublicationType UI="D016430">Clinical Trial</PublicationType>
                <PublicationType UI="D003160">Comparative Study</PublicationType>
                <PublicationType UI="D016428">Journal Article</PublicationType>
                <PublicationType UI="D016449">Randomized Controlled Trial</PublicationType>
                <PublicationType UI="D013485">Research Support, Non-U.S. Gov't</PublicationType>
                <PublicationType UI="D013487">Research Support, U.S. Gov't, P.H.S.</PublicationType>
            </PublicationTypeList>
        </Article>
        <MedlineJournalInfo>
            <Country>United States</Country>
            <MedlineTA>Arch Ophthalmol</MedlineTA>
            <NlmUniqueID>7706534</NlmUniqueID>
            <ISSNLinking>0003-9950</ISSNLinking>
        </MedlineJournalInfo>
        <ChemicalList>
            <Chemical>
                <RegistryNumber>0</RegistryNumber>
                <NameOfSubstance UI="D012826">Silicone Elastomers</NameOfSubstance>
            </Chemical>
        </ChemicalList>
        <CitationSubset>AIM</CitationSubset>
        <CitationSubset>IM</CitationSubset>
        <MeshHeadingList>
            <MeshHeading>
                <DescriptorName UI="D004322" MajorTopicYN="N">Drainage</DescriptorName>
                <QualifierName UI="Q000295" MajorTopicYN="Y">instrumentation</QualifierName>
                <QualifierName UI="Q000379" MajorTopicYN="N">methods</QualifierName>
            </MeshHeading>
            <MeshHeading>
                <DescriptorName UI="D005260" MajorTopicYN="N">Female</DescriptorName>
            </MeshHeading>
            <MeshHeading>
                <DescriptorName UI="D005500" MajorTopicYN="N">Follow-Up Studies</DescriptorName>
            </MeshHeading>
            <MeshHeading>
                <DescriptorName UI="D005901" MajorTopicYN="N">Glaucoma</DescriptorName>
                <QualifierName UI="Q000601" MajorTopicYN="Y">surgery</QualifierName>
            </MeshHeading>
            <MeshHeading>
                <DescriptorName UI="D006801" MajorTopicYN="N">Humans</DescriptorName>
            </MeshHeading>
            <MeshHeading>
                <DescriptorName UI="D007429" MajorTopicYN="N">Intraocular Pressure</DescriptorName>
            </MeshHeading>
            <MeshHeading>
                <DescriptorName UI="D008297" MajorTopicYN="N">Male</DescriptorName>
            </MeshHeading>
            <MeshHeading>
                <DescriptorName UI="D011183" MajorTopicYN="N">Postoperative Complications</DescriptorName>
            </MeshHeading>
            <MeshHeading>
                <DescriptorName UI="D011446" MajorTopicYN="N">Prospective Studies</DescriptorName>
            </MeshHeading>
            <MeshHeading>
                <DescriptorName UI="D019736" MajorTopicYN="Y">Prostheses and Implants</DescriptorName>
            </MeshHeading>
            <MeshHeading>
                <DescriptorName UI="D012826" MajorTopicYN="N">Silicone Elastomers</DescriptorName>
            </MeshHeading>
            <MeshHeading>
                <DescriptorName UI="D016896" MajorTopicYN="N">Treatment Outcome</DescriptorName>
            </MeshHeading>
            <MeshHeading>
                <DescriptorName UI="D014792" MajorTopicYN="N">Visual Acuity</DescriptorName>
            </MeshHeading>
        </MeshHeadingList>
    </MedlineCitation>
    <PubmedData>
        <History>
            <PubMedPubDate PubStatus="pubmed">
                <Year>1992</Year>
                <Month>9</Month>
                <Day>1</Day>
            </PubMedPubDate>
            <PubMedPubDate PubStatus="medline">
                <Year>1992</Year>
                <Month>9</Month>
                <Day>1</Day>
                <Hour>0</Hour>
                <Minute>1</Minute>
            </PubMedPubDate>
            <PubMedPubDate PubStatus="entrez">
                <Year>1992</Year>
                <Month>9</Month>
                <Day>1</Day>
                <Hour>0</Hour>
                <Minute>0</Minute>
            </PubMedPubDate>
        </History>
        <PublicationStatus>ppublish</PublicationStatus>
        <ArticleIdList>
            <ArticleId IdType="pubmed">1520111</ArticleId>
            <ArticleId IdType="doi">10.1001/archopht.1992.01080210064026</ArticleId>
        </ArticleIdList>
    </PubmedData>
</PubmedArticle>

</PubmedArticleSet>