<?xml version="1.0" ?>
<!DOCTYPE PubmedArticleSet PUBLIC "-//NLM//DTD PubMedArticle, 1st January 2019//EN" "https://dtd.nlm.nih.gov/ncbi/pubmed/out/pubmed_190101.dtd">
<PubmedArticleSet>
<PubmedArticle>
    <MedlineCitation Status="MEDLINE" Owner="NLM">
        <PMID Version="1">1589192</PMID>
        <DateCompleted>
            <Year>1992</Year>
            <Month>06</Month>
            <Day>25</Day>
        </DateCompleted>
        <DateRevised>
            <Year>2004</Year>
            <Month>11</Month>
            <Day>17</Day>
        </DateRevised>
        <Article PubModel="Print">
            <Journal>
                <ISSN IssnType="Print">0022-023X</ISSN>
                <JournalIssue CitedMedium="Print">
                    <Volume>23</Volume>
                    <Issue>4</Issue>
                    <PubDate>
                        <Year>1992</Year>
                        <Month>Apr</Month>
                    </PubDate>
                </JournalIssue>
                <Title>Ophthalmic surgery</Title>
                <ISOAbbreviation>Ophthalmic Surg</ISOAbbreviation>
            </Journal>
            <ArticleTitle>Clinical experience with the Molteno dual-chamber single-plate implant.</ArticleTitle>
            <Pagination>
                <MedlinePgn>238-41</MedlinePgn>
            </Pagination>
            <Abstract>
                <AbstractText>A Molteno dual-chamber single-plate implant was placed in 40 consecutive patients, who were followed for a minimum of 6 months. This implant is identical to the single-plate Molteno implant, except for the addition of a pressure ridge to the upper surface of the episcleral plate, which allows the episcleral tissues to function as a temporary, pressure-sensitive valve, limiting the escape of aqueous in the early postoperative period. Confirming earlier studies, we found that use of the modified implant reduced immediate postoperative hypotony, eliminated choroidal hemorrhage, and, by obviating ligature of the silicone tube, permitted immediate reduction of elevated intraocular pressure.</AbstractText>
            </Abstract>
            <AuthorList CompleteYN="Y">
                <Author ValidYN="Y">
                    <LastName>Freedman</LastName>
                    <ForeName>J</ForeName>
                    <Initials>J</Initials>
                    <AffiliationInfo>
                        <Affiliation>Long Island College Hospital, Department of Ophthalmology, Brooklyn, NY 11201.</Affiliation>
                    </AffiliationInfo>
                </Author>
            </AuthorList>
            <Language>eng</Language>
            <PublicationTypeList>
                <PublicationType UI="D016428">Journal Article</PublicationType>
            </PublicationTypeList>
        </Article>
        <MedlineJournalInfo>
            <Country>United States</Country>
            <MedlineTA>Ophthalmic Surg</MedlineTA>
            <NlmUniqueID>0241035</NlmUniqueID>
            <ISSNLinking>0022-023X</ISSNLinking>
        </MedlineJournalInfo>
        <ChemicalList>
            <Chemical>
                <RegistryNumber>0</RegistryNumber>
                <NameOfSubstance UI="D012826">Silicone Elastomers</NameOfSubstance>
            </Chemical>
        </ChemicalList>
        <CitationSubset>IM</CitationSubset>
        <MeshHeadingList>
            <MeshHeading>
                <DescriptorName UI="D002832" MajorTopicYN="N">Choroid Hemorrhage</DescriptorName>
                <QualifierName UI="Q000517" MajorTopicYN="N">prevention &amp; control</QualifierName>
            </MeshHeading>
            <MeshHeading>
                <DescriptorName UI="D005500" MajorTopicYN="N">Follow-Up Studies</DescriptorName>
            </MeshHeading>
            <MeshHeading>
                <DescriptorName UI="D005901" MajorTopicYN="N">Glaucoma</DescriptorName>
                <QualifierName UI="Q000601" MajorTopicYN="Y">surgery</QualifierName>
            </MeshHeading>
            <MeshHeading>
                <DescriptorName UI="D006801" MajorTopicYN="N">Humans</DescriptorName>
            </MeshHeading>
            <MeshHeading>
                <DescriptorName UI="D007429" MajorTopicYN="N">Intraocular Pressure</DescriptorName>
            </MeshHeading>
            <MeshHeading>
                <DescriptorName UI="D008722" MajorTopicYN="N">Methods</DescriptorName>
            </MeshHeading>
            <MeshHeading>
                <DescriptorName UI="D015814" MajorTopicYN="N">Ocular Hypotension</DescriptorName>
                <QualifierName UI="Q000517" MajorTopicYN="N">prevention &amp; control</QualifierName>
            </MeshHeading>
            <MeshHeading>
                <DescriptorName UI="D011183" MajorTopicYN="N">Postoperative Complications</DescriptorName>
            </MeshHeading>
            <MeshHeading>
                <DescriptorName UI="D019736" MajorTopicYN="Y">Prostheses and Implants</DescriptorName>
            </MeshHeading>
            <MeshHeading>
                <DescriptorName UI="D011474" MajorTopicYN="N">Prosthesis Design</DescriptorName>
            </MeshHeading>
            <MeshHeading>
                <DescriptorName UI="D012826" MajorTopicYN="Y">Silicone Elastomers</DescriptorName>
            </MeshHeading>
        </MeshHeadingList>
    </MedlineCitation>
    <PubmedData>
        <History>
            <PubMedPubDate PubStatus="pubmed">
                <Year>1992</Year>
                <Month>4</Month>
                <Day>1</Day>
            </PubMedPubDate>
            <PubMedPubDate PubStatus="medline">
                <Year>1992</Year>
                <Month>4</Month>
                <Day>1</Day>
                <Hour>0</Hour>
                <Minute>1</Minute>
            </PubMedPubDate>
            <PubMedPubDate PubStatus="entrez">
                <Year>1992</Year>
                <Month>4</Month>
                <Day>1</Day>
                <Hour>0</Hour>
                <Minute>0</Minute>
            </PubMedPubDate>
        </History>
        <PublicationStatus>ppublish</PublicationStatus>
        <ArticleIdList>
            <ArticleId IdType="pubmed">1589192</ArticleId>
        </ArticleIdList>
    </PubmedData>
</PubmedArticle>

</PubmedArticleSet>