<?xml version="1.0" ?>
<!DOCTYPE PubmedArticleSet PUBLIC "-//NLM//DTD PubMedArticle, 1st January 2019//EN" "https://dtd.nlm.nih.gov/ncbi/pubmed/out/pubmed_190101.dtd">
<PubmedArticleSet>
<PubmedArticle>
    <MedlineCitation Status="MEDLINE" Owner="NLM">
        <PMID Version="1">1792031</PMID>
        <DateCompleted>
            <Year>1992</Year>
            <Month>04</Month>
            <Day>02</Day>
        </DateCompleted>
        <DateRevised>
            <Year>2006</Year>
            <Month>11</Month>
            <Day>15</Day>
        </DateRevised>
        <Article PubModel="Print">
            <Journal>
                <ISSN IssnType="Print">0022-023X</ISSN>
                <JournalIssue CitedMedium="Print">
                    <Volume>22</Volume>
                    <Issue>11</Issue>
                    <PubDate>
                        <Year>1991</Year>
                        <Month>Nov</Month>
                    </PubDate>
                </JournalIssue>
                <Title>Ophthalmic surgery</Title>
                <ISOAbbreviation>Ophthalmic Surg</ISOAbbreviation>
            </Journal>
            <ArticleTitle>Postoperative complications and visual loss following Molteno implantation.</ArticleTitle>
            <Pagination>
                <MedlinePgn>650-6</MedlinePgn>
            </Pagination>
            <Abstract>
                <AbstractText>A retrospective review of 16 initial, consecutive cases of Molteno implantation with at least 6 months of follow up showed that all eyes developed either or both early-onset (12 eyes) or late-onset (7 eyes) complications. The early-onset complications, which included choroidal effusions and flat anterior chambers, tended to resolve without difficulty. By contrast, the late-onset complications, which included 4 implant extrusions, 2 vitreous hemorrhages, 1 persistent hyphema, 1 cystoid macular edema, 1 opacified vitreous face, and 1 tractional detachment with fibrous ingrowth, tended to herald poor visual prognoses. Implant removal was required in three cases. Overall, vision improved in 3 eyes (18.8%), remained unchanged in 3 (18.8%), and deteriorated two or more lines in 10 (62.4%). In 3 eyes vision deteriorated to no light perception; 2 of them became phthisical. These complications often occurred despite successful control of intraocular pressure (less than 23 mm Hg). The relatively high complication rates in this series as compared with previously reported ones probably reflects a combination of factors not necessarily related to the Molteno surgery; primarily, the patients in this small series may have had more severe disease and more prior surgeries than those in other such series.</AbstractText>
            </Abstract>
            <AuthorList CompleteYN="Y">
                <Author ValidYN="Y">
                    <LastName>Lotufo</LastName>
                    <ForeName>D G</ForeName>
                    <Initials>DG</Initials>
                    <AffiliationInfo>
                        <Affiliation>Department of Ophthalmology, Harvard Community Health Plan, Boston, Mass.</Affiliation>
                    </AffiliationInfo>
                </Author>
            </AuthorList>
            <Language>eng</Language>
            <PublicationTypeList>
                <PublicationType UI="D016428">Journal Article</PublicationType>
                <PublicationType UI="D013485">Research Support, Non-U.S. Gov't</PublicationType>
            </PublicationTypeList>
        </Article>
        <MedlineJournalInfo>
            <Country>United States</Country>
            <MedlineTA>Ophthalmic Surg</MedlineTA>
            <NlmUniqueID>0241035</NlmUniqueID>
            <ISSNLinking>0022-023X</ISSNLinking>
        </MedlineJournalInfo>
        <CitationSubset>IM</CitationSubset>
        <MeshHeadingList>
            <MeshHeading>
                <DescriptorName UI="D000328" MajorTopicYN="N">Adult</DescriptorName>
            </MeshHeading>
            <MeshHeading>
                <DescriptorName UI="D000368" MajorTopicYN="N">Aged</DescriptorName>
            </MeshHeading>
            <MeshHeading>
                <DescriptorName UI="D000369" MajorTopicYN="N">Aged, 80 and over</DescriptorName>
            </MeshHeading>
            <MeshHeading>
                <DescriptorName UI="D001766" MajorTopicYN="N">Blindness</DescriptorName>
                <QualifierName UI="Q000209" MajorTopicYN="Y">etiology</QualifierName>
            </MeshHeading>
            <MeshHeading>
                <DescriptorName UI="D002908" MajorTopicYN="N">Chronic Disease</DescriptorName>
            </MeshHeading>
            <MeshHeading>
                <DescriptorName UI="D005128" MajorTopicYN="N">Eye Diseases</DescriptorName>
                <QualifierName UI="Q000209" MajorTopicYN="N">etiology</QualifierName>
            </MeshHeading>
            <MeshHeading>
                <DescriptorName UI="D005260" MajorTopicYN="N">Female</DescriptorName>
            </MeshHeading>
            <MeshHeading>
                <DescriptorName UI="D005500" MajorTopicYN="N">Follow-Up Studies</DescriptorName>
            </MeshHeading>
            <MeshHeading>
                <DescriptorName UI="D015812" MajorTopicYN="N">Glaucoma, Angle-Closure</DescriptorName>
                <QualifierName UI="Q000601" MajorTopicYN="N">surgery</QualifierName>
            </MeshHeading>
            <MeshHeading>
                <DescriptorName UI="D006801" MajorTopicYN="N">Humans</DescriptorName>
            </MeshHeading>
            <MeshHeading>
                <DescriptorName UI="D007429" MajorTopicYN="N">Intraocular Pressure</DescriptorName>
            </MeshHeading>
            <MeshHeading>
                <DescriptorName UI="D008297" MajorTopicYN="N">Male</DescriptorName>
            </MeshHeading>
            <MeshHeading>
                <DescriptorName UI="D008875" MajorTopicYN="N">Middle Aged</DescriptorName>
            </MeshHeading>
            <MeshHeading>
                <DescriptorName UI="D011183" MajorTopicYN="N">Postoperative Complications</DescriptorName>
                <QualifierName UI="Q000209" MajorTopicYN="Y">etiology</QualifierName>
            </MeshHeading>
            <MeshHeading>
                <DescriptorName UI="D019736" MajorTopicYN="N">Prostheses and Implants</DescriptorName>
                <QualifierName UI="Q000009" MajorTopicYN="Y">adverse effects</QualifierName>
            </MeshHeading>
            <MeshHeading>
                <DescriptorName UI="D012189" MajorTopicYN="N">Retrospective Studies</DescriptorName>
            </MeshHeading>
            <MeshHeading>
                <DescriptorName UI="D016896" MajorTopicYN="N">Treatment Outcome</DescriptorName>
            </MeshHeading>
            <MeshHeading>
                <DescriptorName UI="D014792" MajorTopicYN="N">Visual Acuity</DescriptorName>
            </MeshHeading>
        </MeshHeadingList>
    </MedlineCitation>
    <PubmedData>
        <History>
            <PubMedPubDate PubStatus="pubmed">
                <Year>1991</Year>
                <Month>11</Month>
                <Day>1</Day>
            </PubMedPubDate>
            <PubMedPubDate PubStatus="medline">
                <Year>1991</Year>
                <Month>11</Month>
                <Day>1</Day>
                <Hour>0</Hour>
                <Minute>1</Minute>
            </PubMedPubDate>
            <PubMedPubDate PubStatus="entrez">
                <Year>1991</Year>
                <Month>11</Month>
                <Day>1</Day>
                <Hour>0</Hour>
                <Minute>0</Minute>
            </PubMedPubDate>
        </History>
        <PublicationStatus>ppublish</PublicationStatus>
        <ArticleIdList>
            <ArticleId IdType="pubmed">1792031</ArticleId>
        </ArticleIdList>
    </PubmedData>
</PubmedArticle>

</PubmedArticleSet>