<?xml version="1.0" ?>
<!DOCTYPE PubmedArticleSet PUBLIC "-//NLM//DTD PubMedArticle, 1st January 2019//EN" "https://dtd.nlm.nih.gov/ncbi/pubmed/out/pubmed_190101.dtd">
<PubmedArticleSet>
<PubmedArticle>
    <MedlineCitation Status="MEDLINE" Owner="NLM">
        <PMID Version="1">1929932</PMID>
        <DateCompleted>
            <Year>1991</Year>
            <Month>11</Month>
            <Day>12</Day>
        </DateCompleted>
        <DateRevised>
            <Year>2019</Year>
            <Month>07</Month>
            <Day>04</Day>
        </DateRevised>
        <Article PubModel="Print">
            <Journal>
                <ISSN IssnType="Print">0003-9950</ISSN>
                <JournalIssue CitedMedium="Print">
                    <Volume>109</Volume>
                    <Issue>10</Issue>
                    <PubDate>
                        <Year>1991</Year>
                        <Month>Oct</Month>
                    </PubDate>
                </JournalIssue>
                <Title>Archives of ophthalmology (Chicago, Ill. : 1960)</Title>
                <ISOAbbreviation>Arch Ophthalmol</ISOAbbreviation>
            </Journal>
            <ArticleTitle>Molteno implants as a treatment for refractory glaucoma in black patients.</ArticleTitle>
            <Pagination>
                <MedlinePgn>1417-20</MedlinePgn>
            </Pagination>
            <Abstract>
                <AbstractText>Eighty-two black patients with refractory glaucoma were treated with a single-plate Molteno implant inserted in a single-stage procedure. A successful outcome (intraocular pressure less than or equal to 21 mm Hg with or without adjunctive medical therapy) was achieved in 72% of the patients with a mean follow-up of 30 months. Success was achieved in 23 (73%) of the 31 patients with open angle glaucoma, 20 (83%) of the 24 patients with either aphakic or pseudophakic glaucoma, 12 (67%) of the 18 patients with neovascular glaucoma, four (80%) of the five patients with uveitic glaucoma, and two (50%) of the four patients with congenital glaucoma. All but four patients required additional medical therapy. Visual acuities remained the same or improved in 21 (68%) of the 31 patients with open angle glaucoma, 11 (61%) of the 18 with neovascular glaucoma, 19 (79%) of the 24 patients with aphakic/pseudophakic glaucoma, three (75%) of the four patients with congenital glaucoma, and four (80%) of the five patients with uveitic glaucoma. Complications included hyphema (18%), &quot;kissing&quot; choroidal effusion (6%), blocked tube (8%), flat anterior chamber (12%), cataracts (5%), Tenon's cyst (encapsulated bleb) (17%), uveitis (7%), phthisis bulbi (5%), and erosion of the silicone tube (1%).</AbstractText>
            </Abstract>
            <AuthorList CompleteYN="Y">
                <Author ValidYN="Y">
                    <LastName>Freedman</LastName>
                    <ForeName>J</ForeName>
                    <Initials>J</Initials>
                    <AffiliationInfo>
                        <Affiliation>Department of Ophthalmology, State University of New York, Brooklyn.</Affiliation>
                    </AffiliationInfo>
                </Author>
                <Author ValidYN="Y">
                    <LastName>Rubin</LastName>
                    <ForeName>B</ForeName>
                    <Initials>B</Initials>
                </Author>
            </AuthorList>
            <Language>eng</Language>
            <PublicationTypeList>
                <PublicationType UI="D016428">Journal Article</PublicationType>
            </PublicationTypeList>
        </Article>
        <MedlineJournalInfo>
            <Country>United States</Country>
            <MedlineTA>Arch Ophthalmol</MedlineTA>
            <NlmUniqueID>7706534</NlmUniqueID>
            <ISSNLinking>0003-9950</ISSNLinking>
        </MedlineJournalInfo>
        <ChemicalList>
            <Chemical>
                <RegistryNumber>0</RegistryNumber>
                <NameOfSubstance UI="D009883">Ophthalmic Solutions</NameOfSubstance>
            </Chemical>
            <Chemical>
                <RegistryNumber>0</RegistryNumber>
                <NameOfSubstance UI="D012826">Silicone Elastomers</NameOfSubstance>
            </Chemical>
        </ChemicalList>
        <CitationSubset>AIM</CitationSubset>
        <CitationSubset>IM</CitationSubset>
        <CommentsCorrectionsList>
            <CommentsCorrections RefType="CommentIn">
                <RefSource>Arch Ophthalmol. 1992 Sep;110(9):1197</RefSource>
                <PMID Version="1">1520097</PMID>
            </CommentsCorrections>
            <CommentsCorrections RefType="CommentIn">
                <RefSource>Arch Ophthalmol. 1992 May;110(5):596</RefSource>
                <PMID Version="1">1580825</PMID>
            </CommentsCorrections>
        </CommentsCorrectionsList>
        <MeshHeadingList>
            <MeshHeading>
                <DescriptorName UI="D044383" MajorTopicYN="N">African Continental Ancestry Group</DescriptorName>
            </MeshHeading>
            <MeshHeading>
                <DescriptorName UI="D005500" MajorTopicYN="N">Follow-Up Studies</DescriptorName>
            </MeshHeading>
            <MeshHeading>
                <DescriptorName UI="D005901" MajorTopicYN="N">Glaucoma</DescriptorName>
                <QualifierName UI="Q000188" MajorTopicYN="N">drug therapy</QualifierName>
                <QualifierName UI="Q000208" MajorTopicYN="N">ethnology</QualifierName>
                <QualifierName UI="Q000601" MajorTopicYN="Y">surgery</QualifierName>
            </MeshHeading>
            <MeshHeading>
                <DescriptorName UI="D006801" MajorTopicYN="N">Humans</DescriptorName>
            </MeshHeading>
            <MeshHeading>
                <DescriptorName UI="D007429" MajorTopicYN="N">Intraocular Pressure</DescriptorName>
            </MeshHeading>
            <MeshHeading>
                <DescriptorName UI="D008722" MajorTopicYN="N">Methods</DescriptorName>
            </MeshHeading>
            <MeshHeading>
                <DescriptorName UI="D009883" MajorTopicYN="N">Ophthalmic Solutions</DescriptorName>
                <QualifierName UI="Q000627" MajorTopicYN="N">therapeutic use</QualifierName>
            </MeshHeading>
            <MeshHeading>
                <DescriptorName UI="D011183" MajorTopicYN="N">Postoperative Complications</DescriptorName>
            </MeshHeading>
            <MeshHeading>
                <DescriptorName UI="D019736" MajorTopicYN="Y">Prostheses and Implants</DescriptorName>
            </MeshHeading>
            <MeshHeading>
                <DescriptorName UI="D012826" MajorTopicYN="N">Silicone Elastomers</DescriptorName>
            </MeshHeading>
            <MeshHeading>
                <DescriptorName UI="D016896" MajorTopicYN="N">Treatment Outcome</DescriptorName>
            </MeshHeading>
            <MeshHeading>
                <DescriptorName UI="D014792" MajorTopicYN="N">Visual Acuity</DescriptorName>
            </MeshHeading>
        </MeshHeadingList>
    </MedlineCitation>
    <PubmedData>
        <History>
            <PubMedPubDate PubStatus="pubmed">
                <Year>1991</Year>
                <Month>10</Month>
                <Day>1</Day>
            </PubMedPubDate>
            <PubMedPubDate PubStatus="medline">
                <Year>1991</Year>
                <Month>10</Month>
                <Day>1</Day>
                <Hour>0</Hour>
                <Minute>1</Minute>
            </PubMedPubDate>
            <PubMedPubDate PubStatus="entrez">
                <Year>1991</Year>
                <Month>10</Month>
                <Day>1</Day>
                <Hour>0</Hour>
                <Minute>0</Minute>
            </PubMedPubDate>
        </History>
        <PublicationStatus>ppublish</PublicationStatus>
        <ArticleIdList>
            <ArticleId IdType="pubmed">1929932</ArticleId>
            <ArticleId IdType="doi">10.1001/archopht.1991.01080100097051</ArticleId>
        </ArticleIdList>
    </PubmedData>
</PubmedArticle>

</PubmedArticleSet>