<?xml version="1.0" ?>
<!DOCTYPE PubmedArticleSet PUBLIC "-//NLM//DTD PubMedArticle, 1st January 2019//EN" "https://dtd.nlm.nih.gov/ncbi/pubmed/out/pubmed_190101.dtd">
<PubmedArticleSet>
<PubmedArticle>
    <MedlineCitation Status="MEDLINE" Owner="NLM">
        <PMID Version="1">2000901</PMID>
        <DateCompleted>
            <Year>1991</Year>
            <Month>04</Month>
            <Day>09</Day>
        </DateCompleted>
        <DateRevised>
            <Year>2019</Year>
            <Month>06</Month>
            <Day>27</Day>
        </DateRevised>
        <Article PubModel="Print">
            <Journal>
                <ISSN IssnType="Print">0002-9394</ISSN>
                <JournalIssue CitedMedium="Print">
                    <Volume>111</Volume>
                    <Issue>3</Issue>
                    <PubDate>
                        <Year>1991</Year>
                        <Month>Mar</Month>
                        <Day>15</Day>
                    </PubDate>
                </JournalIssue>
                <Title>American journal of ophthalmology</Title>
                <ISOAbbreviation>Am J Ophthalmol</ISOAbbreviation>
            </Journal>
            <ArticleTitle>Postoperative complications after Molteno implant surgery.</ArticleTitle>
            <Pagination>
                <MedlinePgn>319-22</MedlinePgn>
            </Pagination>
            <Abstract>
                <AbstractText>We performed Molteno implant surgery in one eye each of 41 patients with uncontrolled glaucoma. Intraocular pressure was controlled (intraocular pressure less than or equal to 18 mm Hg) in 32 eyes (78%). The mean preoperative intraocular pressure was 40 +/- 13.2 mm Hg, whereas the mean postoperative intraocular pressure was 16 +/- 6.6 mm Hg. Patients were followed up for an average of 16 months after the operation. Visual acuity was unchanged in 23 eyes (56%), improved in nine eyes (22%), and poorer in nine eyes (22%). The major complications included shallow anterior chamber and hypotony in six eyes (14.6%), vitreous hemorrhage in two eyes (4.9%), retinal detachment in one eye (2.4%), and malignant glaucoma in two eyes (4.9%). Less grave complications included hyphema in four eyes (9.8%), peripheral choroidal effusion in 15 eyes (36.6%), obstruction of the tube in six eyes (14.6%), recession of the tube into the angle in two eyes (4.9%), erosion of the tube in one eye (2.4%), and Tenon's cyst formation in three eyes (7.3%).</AbstractText>
            </Abstract>
            <AuthorList CompleteYN="Y">
                <Author ValidYN="Y">
                    <LastName>Melamed</LastName>
                    <ForeName>S</ForeName>
                    <Initials>S</Initials>
                    <AffiliationInfo>
                        <Affiliation>Department of Ophthalmology, Goldschleger Eye Institute, Chaim Sheba Medical Center, Tel Hashomer, Israel.</Affiliation>
                    </AffiliationInfo>
                </Author>
                <Author ValidYN="Y">
                    <LastName>Cahane</LastName>
                    <ForeName>M</ForeName>
                    <Initials>M</Initials>
                </Author>
                <Author ValidYN="Y">
                    <LastName>Gutman</LastName>
                    <ForeName>I</ForeName>
                    <Initials>I</Initials>
                </Author>
                <Author ValidYN="Y">
                    <LastName>Blumenthal</LastName>
                    <ForeName>M</ForeName>
                    <Initials>M</Initials>
                </Author>
            </AuthorList>
            <Language>eng</Language>
            <PublicationTypeList>
                <PublicationType UI="D016428">Journal Article</PublicationType>
            </PublicationTypeList>
        </Article>
        <MedlineJournalInfo>
            <Country>United States</Country>
            <MedlineTA>Am J Ophthalmol</MedlineTA>
            <NlmUniqueID>0370500</NlmUniqueID>
            <ISSNLinking>0002-9394</ISSNLinking>
        </MedlineJournalInfo>
        <CitationSubset>AIM</CitationSubset>
        <CitationSubset>IM</CitationSubset>
        <MeshHeadingList>
            <MeshHeading>
                <DescriptorName UI="D000293" MajorTopicYN="N">Adolescent</DescriptorName>
            </MeshHeading>
            <MeshHeading>
                <DescriptorName UI="D000328" MajorTopicYN="N">Adult</DescriptorName>
            </MeshHeading>
            <MeshHeading>
                <DescriptorName UI="D000368" MajorTopicYN="N">Aged</DescriptorName>
            </MeshHeading>
            <MeshHeading>
                <DescriptorName UI="D000369" MajorTopicYN="N">Aged, 80 and over</DescriptorName>
            </MeshHeading>
            <MeshHeading>
                <DescriptorName UI="D002648" MajorTopicYN="N">Child</DescriptorName>
            </MeshHeading>
            <MeshHeading>
                <DescriptorName UI="D005128" MajorTopicYN="N">Eye Diseases</DescriptorName>
                <QualifierName UI="Q000209" MajorTopicYN="N">etiology</QualifierName>
            </MeshHeading>
            <MeshHeading>
                <DescriptorName UI="D005260" MajorTopicYN="N">Female</DescriptorName>
            </MeshHeading>
            <MeshHeading>
                <DescriptorName UI="D005500" MajorTopicYN="N">Follow-Up Studies</DescriptorName>
            </MeshHeading>
            <MeshHeading>
                <DescriptorName UI="D005901" MajorTopicYN="N">Glaucoma</DescriptorName>
                <QualifierName UI="Q000601" MajorTopicYN="Y">surgery</QualifierName>
            </MeshHeading>
            <MeshHeading>
                <DescriptorName UI="D006801" MajorTopicYN="N">Humans</DescriptorName>
            </MeshHeading>
            <MeshHeading>
                <DescriptorName UI="D007429" MajorTopicYN="N">Intraocular Pressure</DescriptorName>
            </MeshHeading>
            <MeshHeading>
                <DescriptorName UI="D008297" MajorTopicYN="N">Male</DescriptorName>
            </MeshHeading>
            <MeshHeading>
                <DescriptorName UI="D008875" MajorTopicYN="N">Middle Aged</DescriptorName>
            </MeshHeading>
            <MeshHeading>
                <DescriptorName UI="D011183" MajorTopicYN="Y">Postoperative Complications</DescriptorName>
            </MeshHeading>
            <MeshHeading>
                <DescriptorName UI="D019736" MajorTopicYN="Y">Prostheses and Implants</DescriptorName>
            </MeshHeading>
            <MeshHeading>
                <DescriptorName UI="D014792" MajorTopicYN="N">Visual Acuity</DescriptorName>
            </MeshHeading>
        </MeshHeadingList>
    </MedlineCitation>
    <PubmedData>
        <History>
            <PubMedPubDate PubStatus="pubmed">
                <Year>1991</Year>
                <Month>3</Month>
                <Day>15</Day>
            </PubMedPubDate>
            <PubMedPubDate PubStatus="medline">
                <Year>1991</Year>
                <Month>3</Month>
                <Day>15</Day>
                <Hour>0</Hour>
                <Minute>1</Minute>
            </PubMedPubDate>
            <PubMedPubDate PubStatus="entrez">
                <Year>1991</Year>
                <Month>3</Month>
                <Day>15</Day>
                <Hour>0</Hour>
                <Minute>0</Minute>
            </PubMedPubDate>
        </History>
        <PublicationStatus>ppublish</PublicationStatus>
        <ArticleIdList>
            <ArticleId IdType="pubmed">2000901</ArticleId>
            <ArticleId IdType="pii">S0002-9394(14)72316-5</ArticleId>
            <ArticleId IdType="doi">10.1016/s0002-9394(14)72316-5</ArticleId>
        </ArticleIdList>
    </PubmedData>
</PubmedArticle>

</PubmedArticleSet>