<?xml version="1.0" ?>
<!DOCTYPE PubmedArticleSet PUBLIC "-//NLM//DTD PubMedArticle, 1st January 2019//EN" "https://dtd.nlm.nih.gov/ncbi/pubmed/out/pubmed_190101.dtd">
<PubmedArticleSet>
<PubmedArticle>
    <MedlineCitation Status="MEDLINE" Owner="NLM">
        <PMID Version="1">2038480</PMID>
        <DateCompleted>
            <Year>1991</Year>
            <Month>06</Month>
            <Day>28</Day>
        </DateCompleted>
        <DateRevised>
            <Year>2004</Year>
            <Month>11</Month>
            <Day>17</Day>
        </DateRevised>
        <Article PubModel="Print">
            <Journal>
                <ISSN IssnType="Print">0022-023X</ISSN>
                <JournalIssue CitedMedium="Print">
                    <Volume>22</Volume>
                    <Issue>2</Issue>
                    <PubDate>
                        <Year>1991</Year>
                        <Month>Feb</Month>
                    </PubDate>
                </JournalIssue>
                <Title>Ophthalmic surgery</Title>
                <ISOAbbreviation>Ophthalmic Surg</ISOAbbreviation>
            </Journal>
            <ArticleTitle>The use of releasable sutures in Molteno glaucoma implant procedures to reduce postoperative hypotony.</ArticleTitle>
            <Pagination>
                <MedlinePgn>82-4</MedlinePgn>
            </Pagination>
            <Abstract>
                <AbstractText>We used releasable sutures to minimize immediate postoperative hypotony and flat anterior chamber in 19 cases of refractory glaucoma requiring insertion of a single-plate Molteno implant in a one-stage procedure. A slip knot using 7-0 nylon suture was fashioned around the Molteno tube under a lamellar scleral flap. In 18 of the 19 eyes, anterior chamber depth was normal immediately after surgery.</AbstractText>
            </Abstract>
            <AuthorList CompleteYN="Y">
                <Author ValidYN="Y">
                    <LastName>el-Sayyad</LastName>
                    <ForeName>F</ForeName>
                    <Initials>F</Initials>
                    <AffiliationInfo>
                        <Affiliation>El-Maghraby Eye Specialist Hospital, Jeddah, Saudi Arabia.</Affiliation>
                    </AffiliationInfo>
                </Author>
                <Author ValidYN="Y">
                    <LastName>el-Maghraby</LastName>
                    <ForeName>A</ForeName>
                    <Initials>A</Initials>
                </Author>
                <Author ValidYN="Y">
                    <LastName>Helal</LastName>
                    <ForeName>M</ForeName>
                    <Initials>M</Initials>
                </Author>
                <Author ValidYN="Y">
                    <LastName>Amayem</LastName>
                    <ForeName>A</ForeName>
                    <Initials>A</Initials>
                </Author>
            </AuthorList>
            <Language>eng</Language>
            <PublicationTypeList>
                <PublicationType UI="D016428">Journal Article</PublicationType>
            </PublicationTypeList>
        </Article>
        <MedlineJournalInfo>
            <Country>United States</Country>
            <MedlineTA>Ophthalmic Surg</MedlineTA>
            <NlmUniqueID>0241035</NlmUniqueID>
            <ISSNLinking>0022-023X</ISSNLinking>
        </MedlineJournalInfo>
        <CitationSubset>IM</CitationSubset>
        <MeshHeadingList>
            <MeshHeading>
                <DescriptorName UI="D005901" MajorTopicYN="N">Glaucoma</DescriptorName>
                <QualifierName UI="Q000601" MajorTopicYN="Y">surgery</QualifierName>
            </MeshHeading>
            <MeshHeading>
                <DescriptorName UI="D006801" MajorTopicYN="N">Humans</DescriptorName>
            </MeshHeading>
            <MeshHeading>
                <DescriptorName UI="D007429" MajorTopicYN="N">Intraocular Pressure</DescriptorName>
            </MeshHeading>
            <MeshHeading>
                <DescriptorName UI="D008722" MajorTopicYN="N">Methods</DescriptorName>
            </MeshHeading>
            <MeshHeading>
                <DescriptorName UI="D015814" MajorTopicYN="N">Ocular Hypotension</DescriptorName>
                <QualifierName UI="Q000517" MajorTopicYN="Y">prevention &amp; control</QualifierName>
            </MeshHeading>
            <MeshHeading>
                <DescriptorName UI="D011183" MajorTopicYN="N">Postoperative Complications</DescriptorName>
                <QualifierName UI="Q000517" MajorTopicYN="Y">prevention &amp; control</QualifierName>
            </MeshHeading>
            <MeshHeading>
                <DescriptorName UI="D019736" MajorTopicYN="Y">Prostheses and Implants</DescriptorName>
            </MeshHeading>
            <MeshHeading>
                <DescriptorName UI="D013537" MajorTopicYN="Y">Sutures</DescriptorName>
            </MeshHeading>
        </MeshHeadingList>
    </MedlineCitation>
    <PubmedData>
        <History>
            <PubMedPubDate PubStatus="pubmed">
                <Year>1991</Year>
                <Month>2</Month>
                <Day>1</Day>
            </PubMedPubDate>
            <PubMedPubDate PubStatus="medline">
                <Year>1991</Year>
                <Month>2</Month>
                <Day>1</Day>
                <Hour>0</Hour>
                <Minute>1</Minute>
            </PubMedPubDate>
            <PubMedPubDate PubStatus="entrez">
                <Year>1991</Year>
                <Month>2</Month>
                <Day>1</Day>
                <Hour>0</Hour>
                <Minute>0</Minute>
            </PubMedPubDate>
        </History>
        <PublicationStatus>ppublish</PublicationStatus>
        <ArticleIdList>
            <ArticleId IdType="pubmed">2038480</ArticleId>
        </ArticleIdList>
    </PubmedData>
</PubmedArticle>

</PubmedArticleSet>