<?xml version="1.0" ?>
<!DOCTYPE PubmedArticleSet PUBLIC "-//NLM//DTD PubMedArticle, 1st January 2019//EN" "https://dtd.nlm.nih.gov/ncbi/pubmed/out/pubmed_190101.dtd">
<PubmedArticleSet>
<PubmedArticle>
    <MedlineCitation Status="MEDLINE" Owner="NLM">
        <PMID Version="1">2648233</PMID>
        <DateCompleted>
            <Year>1989</Year>
            <Month>04</Month>
            <Day>27</Day>
        </DateCompleted>
        <DateRevised>
            <Year>2006</Year>
            <Month>11</Month>
            <Day>15</Day>
        </DateRevised>
        <Article PubModel="Print">
            <Journal>
                <ISSN IssnType="Print">0022-023X</ISSN>
                <JournalIssue CitedMedium="Print">
                    <Volume>20</Volume>
                    <Issue>1</Issue>
                    <PubDate>
                        <Year>1989</Year>
                        <Month>Jan</Month>
                    </PubDate>
                </JournalIssue>
                <Title>Ophthalmic surgery</Title>
                <ISOAbbreviation>Ophthalmic Surg</ISOAbbreviation>
            </Journal>
            <ArticleTitle>Internal suture occlusion of the Molteno glaucoma implant for the prevention of postoperative hypotony.</ArticleTitle>
            <Pagination>
                <MedlinePgn>53-6</MedlinePgn>
            </Pagination>
            <Abstract>
                <AbstractText>The Molteno glaucoma drainage implant procedure is useful for managing refractory glaucoma, but a significant concern has been the avoidance of postoperative hypotony due to temporary excessive filtration. We have developed a method of temporarily closing the translimbal tube with an internally-placed occluding suture (4-0 or 5-0 chromic). Seven to 12 days later this suture was removed, without surgery, in an outpatient setting. We have used this method on 30 patients. The advantages are that postoperative hypotony is reduced, and the Molteno drainage implant can be inserted in a single operation.</AbstractText>
            </Abstract>
            <AuthorList CompleteYN="Y">
                <Author ValidYN="Y">
                    <LastName>Egbert</LastName>
                    <ForeName>P R</ForeName>
                    <Initials>PR</Initials>
                    <AffiliationInfo>
                        <Affiliation>Department of Ophthalmology, Stanford University School of Medicine, CA.</Affiliation>
                    </AffiliationInfo>
                </Author>
                <Author ValidYN="Y">
                    <LastName>Lieberman</LastName>
                    <ForeName>M F</ForeName>
                    <Initials>MF</Initials>
                </Author>
            </AuthorList>
            <Language>eng</Language>
            <PublicationTypeList>
                <PublicationType UI="D016428">Journal Article</PublicationType>
                <PublicationType UI="D013485">Research Support, Non-U.S. Gov't</PublicationType>
            </PublicationTypeList>
        </Article>
        <MedlineJournalInfo>
            <Country>United States</Country>
            <MedlineTA>Ophthalmic Surg</MedlineTA>
            <NlmUniqueID>0241035</NlmUniqueID>
            <ISSNLinking>0022-023X</ISSNLinking>
        </MedlineJournalInfo>
        <CitationSubset>IM</CitationSubset>
        <MeshHeadingList>
            <MeshHeading>
                <DescriptorName UI="D004322" MajorTopicYN="N">Drainage</DescriptorName>
                <QualifierName UI="Q000379" MajorTopicYN="Y">methods</QualifierName>
            </MeshHeading>
            <MeshHeading>
                <DescriptorName UI="D005500" MajorTopicYN="N">Follow-Up Studies</DescriptorName>
            </MeshHeading>
            <MeshHeading>
                <DescriptorName UI="D005901" MajorTopicYN="N">Glaucoma</DescriptorName>
                <QualifierName UI="Q000601" MajorTopicYN="Y">surgery</QualifierName>
            </MeshHeading>
            <MeshHeading>
                <DescriptorName UI="D006801" MajorTopicYN="N">Humans</DescriptorName>
            </MeshHeading>
            <MeshHeading>
                <DescriptorName UI="D007429" MajorTopicYN="Y">Intraocular Pressure</DescriptorName>
            </MeshHeading>
            <MeshHeading>
                <DescriptorName UI="D013536" MajorTopicYN="N">Suture Techniques</DescriptorName>
            </MeshHeading>
            <MeshHeading>
                <DescriptorName UI="D013537" MajorTopicYN="N">Sutures</DescriptorName>
            </MeshHeading>
            <MeshHeading>
                <DescriptorName UI="D013997" MajorTopicYN="N">Time Factors</DescriptorName>
            </MeshHeading>
        </MeshHeadingList>
    </MedlineCitation>
    <PubmedData>
        <History>
            <PubMedPubDate PubStatus="pubmed">
                <Year>1989</Year>
                <Month>1</Month>
                <Day>1</Day>
            </PubMedPubDate>
            <PubMedPubDate PubStatus="medline">
                <Year>1989</Year>
                <Month>1</Month>
                <Day>1</Day>
                <Hour>0</Hour>
                <Minute>1</Minute>
            </PubMedPubDate>
            <PubMedPubDate PubStatus="entrez">
                <Year>1989</Year>
                <Month>1</Month>
                <Day>1</Day>
                <Hour>0</Hour>
                <Minute>0</Minute>
            </PubMedPubDate>
        </History>
        <PublicationStatus>ppublish</PublicationStatus>
        <ArticleIdList>
            <ArticleId IdType="pubmed">2648233</ArticleId>
        </ArticleIdList>
    </PubmedData>
</PubmedArticle>

</PubmedArticleSet>