<?xml version="1.0" ?>
<!DOCTYPE PubmedArticleSet PUBLIC "-//NLM//DTD PubMedArticle, 1st January 2019//EN" "https://dtd.nlm.nih.gov/ncbi/pubmed/out/pubmed_190101.dtd">
<PubmedArticleSet>
<PubmedArticle>
    <MedlineCitation Status="MEDLINE" Owner="NLM">
        <PMID Version="1">2744947</PMID>
        <DateCompleted>
            <Year>1989</Year>
            <Month>08</Month>
            <Day>21</Day>
        </DateCompleted>
        <DateRevised>
            <Year>2019</Year>
            <Month>10</Month>
            <Day>22</Day>
        </DateRevised>
        <Article PubModel="Print">
            <Journal>
                <ISSN IssnType="Print">0165-5701</ISSN>
                <JournalIssue CitedMedium="Print">
                    <Volume>13</Volume>
                    <Issue>1-2</Issue>
                    <PubDate>
                        <Year>1989</Year>
                        <Month>Jan</Month>
                    </PubDate>
                </JournalIssue>
                <Title>International ophthalmology</Title>
                <ISOAbbreviation>Int Ophthalmol</ISOAbbreviation>
            </Journal>
            <ArticleTitle>The long-tube single plate Molteno implant for the treatment of recalcitrant glaucoma.</ArticleTitle>
            <Pagination>
                <MedlinePgn>159-62</MedlinePgn>
            </Pagination>
            <Abstract>
                <AbstractText>One hundred cases of recalcitrant glaucoma were operated with a long tube single-plate Molteno implant (LSMI). At the median follow-up of 15 months an intraocular pressure of less than or equal to 19 mm Hg was obtained in 64 of the 87 eyes (73%) which have a minimum follow-up of 6 months (secondary non-neovascular glaucomas = 19; congenital glaucomas = 26; secondary neovascular glaucomas = 12). The interval probability (percentage +/- standard error) of obtaining a successful result (IOP less than or equal to 19 mm Hg) was 79% (+/- 13) at twelve months from surgery, and 53% (+/- 24) at the eighteen month interval. The least favorable results were obtained in the secondary non-neovascular glaucomas. Complications observed included choroidal detachment (24%), tube exposure (4%), tube-endothelium contact (6%), plus band keratopathy, fibrous ingrowth, traction retinal detachment and corneal ulcers. Seventeen cases needed repeated surgery for the management of complications. In order to decrease the post-operative hypotony, we have been using a tourniquet suture around the tube at the time of implantation to occlude it temporarily and limit the outflow.</AbstractText>
            </Abstract>
            <AuthorList CompleteYN="Y">
                <Author ValidYN="Y">
                    <LastName>Traverso</LastName>
                    <ForeName>C E</ForeName>
                    <Initials>CE</Initials>
                    <AffiliationInfo>
                        <Affiliation>King Khaled Eye Specialist Hospital, Riyadh, Kingdom of Saudi Arabia.</Affiliation>
                    </AffiliationInfo>
                </Author>
                <Author ValidYN="Y">
                    <LastName>Tomey</LastName>
                    <ForeName>K F</ForeName>
                    <Initials>KF</Initials>
                </Author>
                <Author ValidYN="Y">
                    <LastName>al-Kaff</LastName>
                    <ForeName>A</ForeName>
                    <Initials>A</Initials>
                </Author>
            </AuthorList>
            <Language>eng</Language>
            <PublicationTypeList>
                <PublicationType UI="D003160">Comparative Study</PublicationType>
                <PublicationType UI="D016428">Journal Article</PublicationType>
            </PublicationTypeList>
        </Article>
        <MedlineJournalInfo>
            <Country>Netherlands</Country>
            <MedlineTA>Int Ophthalmol</MedlineTA>
            <NlmUniqueID>7904294</NlmUniqueID>
            <ISSNLinking>0165-5701</ISSNLinking>
        </MedlineJournalInfo>
        <CitationSubset>IM</CitationSubset>
        <MeshHeadingList>
            <MeshHeading>
                <DescriptorName UI="D005500" MajorTopicYN="N">Follow-Up Studies</DescriptorName>
            </MeshHeading>
            <MeshHeading>
                <DescriptorName UI="D005901" MajorTopicYN="N">Glaucoma</DescriptorName>
                <QualifierName UI="Q000601" MajorTopicYN="Y">surgery</QualifierName>
            </MeshHeading>
            <MeshHeading>
                <DescriptorName UI="D006801" MajorTopicYN="N">Humans</DescriptorName>
            </MeshHeading>
            <MeshHeading>
                <DescriptorName UI="D007429" MajorTopicYN="N">Intraocular Pressure</DescriptorName>
            </MeshHeading>
            <MeshHeading>
                <DescriptorName UI="D019736" MajorTopicYN="Y">Prostheses and Implants</DescriptorName>
            </MeshHeading>
            <MeshHeading>
                <DescriptorName UI="D012086" MajorTopicYN="N">Reoperation</DescriptorName>
            </MeshHeading>
        </MeshHeadingList>
    </MedlineCitation>
    <PubmedData>
        <History>
            <PubMedPubDate PubStatus="pubmed">
                <Year>1989</Year>
                <Month>1</Month>
                <Day>1</Day>
            </PubMedPubDate>
            <PubMedPubDate PubStatus="medline">
                <Year>1989</Year>
                <Month>1</Month>
                <Day>1</Day>
                <Hour>0</Hour>
                <Minute>1</Minute>
            </PubMedPubDate>
            <PubMedPubDate PubStatus="entrez">
                <Year>1989</Year>
                <Month>1</Month>
                <Day>1</Day>
                <Hour>0</Hour>
                <Minute>0</Minute>
            </PubMedPubDate>
        </History>
        <PublicationStatus>ppublish</PublicationStatus>
        <ArticleIdList>
            <ArticleId IdType="pubmed">2744947</ArticleId>
            <ArticleId IdType="doi">10.1007/BF02028657</ArticleId>
        </ArticleIdList>
        <ReferenceList>
            <Reference>
                <Citation>Ophthalmic Surg. 1986 Feb;17(2):94-100</Citation>
                <ArticleIdList>
                    <ArticleId IdType="pubmed">3960472</ArticleId>
                </ArticleIdList>
            </Reference>
            <Reference>
                <Citation>Surv Ophthalmol. 1987 Nov-Dec;32(3):149-70</Citation>
                <ArticleIdList>
                    <ArticleId IdType="pubmed">3328315</ArticleId>
                </ArticleIdList>
            </Reference>
            <Reference>
                <Citation>Trans Ophthalmol Soc N Z. 1983;35:94-7</Citation>
                <ArticleIdList>
                    <ArticleId IdType="pubmed">6579797</ArticleId>
                </ArticleIdList>
            </Reference>
            <Reference>
                <Citation>Ophthalmology. 1988 Mar;95(3):364-9</Citation>
                <ArticleIdList>
                    <ArticleId IdType="pubmed">3050684</ArticleId>
                </ArticleIdList>
            </Reference>
            <Reference>
                <Citation>Ophthalmology. 1985 Jul;92(7):938-46</Citation>
                <ArticleIdList>
                    <ArticleId IdType="pubmed">4022581</ArticleId>
                </ArticleIdList>
            </Reference>
            <Reference>
                <Citation>Arch Ophthalmol. 1986 Jun;104(6):838-41</Citation>
                <ArticleIdList>
                    <ArticleId IdType="pubmed">3718307</ArticleId>
                </ArticleIdList>
            </Reference>
            <Reference>
                <Citation>Trans Ophthalmol Soc N Z. 1983;35:81-4</Citation>
                <ArticleIdList>
                    <ArticleId IdType="pubmed">6195799</ArticleId>
                </ArticleIdList>
            </Reference>
            <Reference>
                <Citation>Ophthalmology. 1982 Oct;89(10):1188-94</Citation>
                <ArticleIdList>
                    <ArticleId IdType="pubmed">6185900</ArticleId>
                </ArticleIdList>
            </Reference>
            <Reference>
                <Citation>Ophthalmology. 1985 Jul;92(7):947-54</Citation>
                <ArticleIdList>
                    <ArticleId IdType="pubmed">2410846</ArticleId>
                </ArticleIdList>
            </Reference>
            <Reference>
                <Citation>Am J Ophthalmol. 1980 Mar;89(3):338-43</Citation>
                <ArticleIdList>
                    <ArticleId IdType="pubmed">6154418</ArticleId>
                </ArticleIdList>
            </Reference>
            <Reference>
                <Citation>Arch Ophthalmol. 1968 Feb;79(2):196-204</Citation>
                <ArticleIdList>
                    <ArticleId IdType="pubmed">5688733</ArticleId>
                </ArticleIdList>
            </Reference>
            <Reference>
                <Citation>Arch Ophthalmol. 1979 Nov;97(11):2135-8</Citation>
                <ArticleIdList>
                    <ArticleId IdType="pubmed">508181</ArticleId>
                </ArticleIdList>
            </Reference>
            <Reference>
                <Citation>Arch Ophthalmol. 1984 Jan;102(1):51-7</Citation>
                <ArticleIdList>
                    <ArticleId IdType="pubmed">6703967</ArticleId>
                </ArticleIdList>
            </Reference>
        </ReferenceList>
    </PubmedData>
</PubmedArticle>

</PubmedArticleSet>