<?xml version="1.0" ?>
<!DOCTYPE PubmedArticleSet PUBLIC "-//NLM//DTD PubMedArticle, 1st January 2019//EN" "https://dtd.nlm.nih.gov/ncbi/pubmed/out/pubmed_190101.dtd">
<PubmedArticleSet>
<PubmedArticle>
    <MedlineCitation Status="MEDLINE" Owner="NLM">
        <PMID Version="1">3211496</PMID>
        <DateCompleted>
            <Year>1989</Year>
            <Month>02</Month>
            <Day>15</Day>
        </DateCompleted>
        <DateRevised>
            <Year>2019</Year>
            <Month>07</Month>
            <Day>26</Day>
        </DateRevised>
        <Article PubModel="Print">
            <Journal>
                <ISSN IssnType="Print">0161-6420</ISSN>
                <JournalIssue CitedMedium="Print">
                    <Volume>95</Volume>
                    <Issue>9</Issue>
                    <PubDate>
                        <Year>1988</Year>
                        <Month>Sep</Month>
                    </PubDate>
                </JournalIssue>
                <Title>Ophthalmology</Title>
                <ISOAbbreviation>Ophthalmology</ISOAbbreviation>
            </Journal>
            <ArticleTitle>Clinical experience with the single-plate Molteno implant in complicated glaucomas.</ArticleTitle>
            <Pagination>
                <MedlinePgn>1181-8</MedlinePgn>
            </Pagination>
            <Abstract>
                <AbstractText>Ninety patients with medically uncontrollable glaucomas and poor surgical prognoses received single-plate Molteno implants (Optomat Supplies, Dunedin, New Zealand) without postoperative adjunctive systemic antifibrosis therapy. Eleven patients had insufficient follow-up for assessment of intraocular pressure (IOP) or visual acuity outcome. The initial Molteno implant procedures in the remaining 79 patients were successful (IOP less than or equal to 21 mmHg with at least 6 months' follow-up) in 26 (63%) of the 41 patients older than 12 years of age with non-neovascular glaucomas in aphakia/pseudophakia; 7 (70%) of the 10 patients older than 12 years of age with non-neovascular glaucomas in phakic eyes after failed filtering surgery; 7 (47%) of the 15 patients with neovascular glaucomas; and 7 (54%) of the 13 patients younger than 13 years of age with non-neovascular glaucomas. The visual acuities remained within one line of their preoperative levels or improved in 31 (76%) of the 41 aphakic or pseudophakic eyes with non-neovascular glaucomas; 3 (30%) of the 10 phakic eyes with non-neovascular glaucomas after failed filtering surgery; 10 (67%) of the 15 eyes with neovascular glaucomas; and 9 (100%) of the 9 eyes with non-neovascular glaucomas in patients younger than 13 years of age on whom Snellen acuity was available.(ABSTRACT TRUNCATED AT 250 WORDS)</AbstractText>
            </Abstract>
            <AuthorList CompleteYN="Y">
                <Author ValidYN="Y">
                    <LastName>Minckler</LastName>
                    <ForeName>D S</ForeName>
                    <Initials>DS</Initials>
                    <AffiliationInfo>
                        <Affiliation>Department of Ophthalmology, University of Southern California School of Medicine, Los Angeles 90033.</Affiliation>
                    </AffiliationInfo>
                </Author>
                <Author ValidYN="Y">
                    <LastName>Heuer</LastName>
                    <ForeName>D K</ForeName>
                    <Initials>DK</Initials>
                </Author>
                <Author ValidYN="Y">
                    <LastName>Hasty</LastName>
                    <ForeName>B</ForeName>
                    <Initials>B</Initials>
                </Author>
                <Author ValidYN="Y">
                    <LastName>Baerveldt</LastName>
                    <ForeName>G</ForeName>
                    <Initials>G</Initials>
                </Author>
                <Author ValidYN="Y">
                    <LastName>Cutting</LastName>
                    <ForeName>R C</ForeName>
                    <Initials>RC</Initials>
                </Author>
                <Author ValidYN="Y">
                    <LastName>Barlow</LastName>
                    <ForeName>W E</ForeName>
                    <Initials>WE</Initials>
                </Author>
            </AuthorList>
            <Language>eng</Language>
            <GrantList CompleteYN="Y">
                <Grant>
                    <GrantID>R01-EY-03040</GrantID>
                    <Acronym>EY</Acronym>
                    <Agency>NEI NIH HHS</Agency>
                    <Country>United States</Country>
                </Grant>
                <Grant>
                    <GrantID>S01-EY-05103</GrantID>
                    <Acronym>EY</Acronym>
                    <Agency>NEI NIH HHS</Agency>
                    <Country>United States</Country>
                </Grant>
            </GrantList>
            <PublicationTypeList>
                <PublicationType UI="D016428">Journal Article</PublicationType>
                <PublicationType UI="D013485">Research Support, Non-U.S. Gov't</PublicationType>
                <PublicationType UI="D013487">Research Support, U.S. Gov't, P.H.S.</PublicationType>
            </PublicationTypeList>
        </Article>
        <MedlineJournalInfo>
            <Country>United States</Country>
            <MedlineTA>Ophthalmology</MedlineTA>
            <NlmUniqueID>7802443</NlmUniqueID>
            <ISSNLinking>0161-6420</ISSNLinking>
        </MedlineJournalInfo>
        <CitationSubset>IM</CitationSubset>
        <MeshHeadingList>
            <MeshHeading>
                <DescriptorName UI="D000293" MajorTopicYN="N">Adolescent</DescriptorName>
            </MeshHeading>
            <MeshHeading>
                <DescriptorName UI="D000328" MajorTopicYN="N">Adult</DescriptorName>
            </MeshHeading>
            <MeshHeading>
                <DescriptorName UI="D000368" MajorTopicYN="N">Aged</DescriptorName>
            </MeshHeading>
            <MeshHeading>
                <DescriptorName UI="D000369" MajorTopicYN="N">Aged, 80 and over</DescriptorName>
            </MeshHeading>
            <MeshHeading>
                <DescriptorName UI="D000867" MajorTopicYN="N">Anterior Chamber</DescriptorName>
                <QualifierName UI="Q000601" MajorTopicYN="N">surgery</QualifierName>
            </MeshHeading>
            <MeshHeading>
                <DescriptorName UI="D001036" MajorTopicYN="N">Aphakia, Postcataract</DescriptorName>
                <QualifierName UI="Q000601" MajorTopicYN="N">surgery</QualifierName>
            </MeshHeading>
            <MeshHeading>
                <DescriptorName UI="D005374" MajorTopicYN="N">Filtration</DescriptorName>
                <QualifierName UI="Q000295" MajorTopicYN="N">instrumentation</QualifierName>
            </MeshHeading>
            <MeshHeading>
                <DescriptorName UI="D005901" MajorTopicYN="N">Glaucoma</DescriptorName>
                <QualifierName UI="Q000601" MajorTopicYN="Y">surgery</QualifierName>
            </MeshHeading>
            <MeshHeading>
                <DescriptorName UI="D006801" MajorTopicYN="N">Humans</DescriptorName>
            </MeshHeading>
            <MeshHeading>
                <DescriptorName UI="D007429" MajorTopicYN="N">Intraocular Pressure</DescriptorName>
            </MeshHeading>
            <MeshHeading>
                <DescriptorName UI="D007910" MajorTopicYN="N">Lenses, Intraocular</DescriptorName>
            </MeshHeading>
            <MeshHeading>
                <DescriptorName UI="D008875" MajorTopicYN="N">Middle Aged</DescriptorName>
            </MeshHeading>
            <MeshHeading>
                <DescriptorName UI="D011183" MajorTopicYN="N">Postoperative Complications</DescriptorName>
                <QualifierName UI="Q000209" MajorTopicYN="N">etiology</QualifierName>
            </MeshHeading>
            <MeshHeading>
                <DescriptorName UI="D019736" MajorTopicYN="Y">Prostheses and Implants</DescriptorName>
            </MeshHeading>
            <MeshHeading>
                <DescriptorName UI="D012590" MajorTopicYN="N">Sclera</DescriptorName>
                <QualifierName UI="Q000601" MajorTopicYN="N">surgery</QualifierName>
            </MeshHeading>
        </MeshHeadingList>
    </MedlineCitation>
    <PubmedData>
        <History>
            <PubMedPubDate PubStatus="pubmed">
                <Year>1988</Year>
                <Month>9</Month>
                <Day>1</Day>
            </PubMedPubDate>
            <PubMedPubDate PubStatus="medline">
                <Year>1988</Year>
                <Month>9</Month>
                <Day>1</Day>
                <Hour>0</Hour>
                <Minute>1</Minute>
            </PubMedPubDate>
            <PubMedPubDate PubStatus="entrez">
                <Year>1988</Year>
                <Month>9</Month>
                <Day>1</Day>
                <Hour>0</Hour>
                <Minute>0</Minute>
            </PubMedPubDate>
        </History>
        <PublicationStatus>ppublish</PublicationStatus>
        <ArticleIdList>
            <ArticleId IdType="pubmed">3211496</ArticleId>
            <ArticleId IdType="pii">S0161-6420(88)33029-0</ArticleId>
            <ArticleId IdType="doi">10.1016/s0161-6420(88)33029-0</ArticleId>
        </ArticleIdList>
    </PubmedData>
</PubmedArticle>

</PubmedArticleSet>