<?xml version="1.0" ?>
<!DOCTYPE PubmedArticleSet PUBLIC "-//NLM//DTD PubMedArticle, 1st January 2019//EN" "https://dtd.nlm.nih.gov/ncbi/pubmed/out/pubmed_190101.dtd">
<PubmedArticleSet>
<PubmedArticle>
    <MedlineCitation Status="MEDLINE" Owner="NLM">
        <PMID Version="1">3402622</PMID>
        <DateCompleted>
            <Year>1988</Year>
            <Month>09</Month>
            <Day>13</Day>
        </DateCompleted>
        <DateRevised>
            <Year>2009</Year>
            <Month>11</Month>
            <Day>03</Day>
        </DateRevised>
        <Article PubModel="Print">
            <Journal>
                <ISSN IssnType="Print">0950-222X</ISSN>
                <JournalIssue CitedMedium="Print">
                    <Volume>2 ( Pt 3)</Volume>
                    <PubDate>
                        <Year>1988</Year>
                    </PubDate>
                </JournalIssue>
                <Title>Eye (London, England)</Title>
                <ISOAbbreviation>Eye (Lond)</ISOAbbreviation>
            </Journal>
            <ArticleTitle>The Molteno implant in intractable glaucoma.</ArticleTitle>
            <Pagination>
                <MedlinePgn>250-9</MedlinePgn>
            </Pagination>
            <Abstract>
                <AbstractText>The long term results in ninety-six cases of intractable glaucoma managed with the Molteno seton are presented. Over 50% of cases achieved satisfactory intraocular pressure control and visual stabilisation.</AbstractText>
            </Abstract>
            <AuthorList CompleteYN="Y">
                <Author ValidYN="Y">
                    <LastName>Downes</LastName>
                    <ForeName>R N</ForeName>
                    <Initials>RN</Initials>
                    <AffiliationInfo>
                        <Affiliation>Department of Ophthalmology, Addenbrookes Hospital, Cambridge.</Affiliation>
                    </AffiliationInfo>
                </Author>
                <Author ValidYN="Y">
                    <LastName>Flanagan</LastName>
                    <ForeName>D W</ForeName>
                    <Initials>DW</Initials>
                </Author>
                <Author ValidYN="Y">
                    <LastName>Jordan</LastName>
                    <ForeName>K</ForeName>
                    <Initials>K</Initials>
                </Author>
                <Author ValidYN="Y">
                    <LastName>Burton</LastName>
                    <ForeName>R L</ForeName>
                    <Initials>RL</Initials>
                </Author>
            </AuthorList>
            <Language>eng</Language>
            <PublicationTypeList>
                <PublicationType UI="D016428">Journal Article</PublicationType>
            </PublicationTypeList>
        </Article>
        <MedlineJournalInfo>
            <Country>England</Country>
            <MedlineTA>Eye (Lond)</MedlineTA>
            <NlmUniqueID>8703986</NlmUniqueID>
            <ISSNLinking>0950-222X</ISSNLinking>
        </MedlineJournalInfo>
        <CitationSubset>IM</CitationSubset>
        <MeshHeadingList>
            <MeshHeading>
                <DescriptorName UI="D000293" MajorTopicYN="N">Adolescent</DescriptorName>
            </MeshHeading>
            <MeshHeading>
                <DescriptorName UI="D000328" MajorTopicYN="N">Adult</DescriptorName>
            </MeshHeading>
            <MeshHeading>
                <DescriptorName UI="D000368" MajorTopicYN="N">Aged</DescriptorName>
            </MeshHeading>
            <MeshHeading>
                <DescriptorName UI="D000369" MajorTopicYN="N">Aged, 80 and over</DescriptorName>
            </MeshHeading>
            <MeshHeading>
                <DescriptorName UI="D002648" MajorTopicYN="N">Child</DescriptorName>
            </MeshHeading>
            <MeshHeading>
                <DescriptorName UI="D004322" MajorTopicYN="Y">Drainage</DescriptorName>
            </MeshHeading>
            <MeshHeading>
                <DescriptorName UI="D005260" MajorTopicYN="N">Female</DescriptorName>
            </MeshHeading>
            <MeshHeading>
                <DescriptorName UI="D005500" MajorTopicYN="N">Follow-Up Studies</DescriptorName>
            </MeshHeading>
            <MeshHeading>
                <DescriptorName UI="D005901" MajorTopicYN="N">Glaucoma</DescriptorName>
                <QualifierName UI="Q000601" MajorTopicYN="Y">surgery</QualifierName>
            </MeshHeading>
            <MeshHeading>
                <DescriptorName UI="D006801" MajorTopicYN="N">Humans</DescriptorName>
            </MeshHeading>
            <MeshHeading>
                <DescriptorName UI="D008297" MajorTopicYN="N">Male</DescriptorName>
            </MeshHeading>
            <MeshHeading>
                <DescriptorName UI="D008875" MajorTopicYN="N">Middle Aged</DescriptorName>
            </MeshHeading>
            <MeshHeading>
                <DescriptorName UI="D019736" MajorTopicYN="Y">Prostheses and Implants</DescriptorName>
            </MeshHeading>
        </MeshHeadingList>
    </MedlineCitation>
    <PubmedData>
        <History>
            <PubMedPubDate PubStatus="pubmed">
                <Year>1988</Year>
                <Month>1</Month>
                <Day>1</Day>
            </PubMedPubDate>
            <PubMedPubDate PubStatus="medline">
                <Year>1988</Year>
                <Month>1</Month>
                <Day>1</Day>
                <Hour>0</Hour>
                <Minute>1</Minute>
            </PubMedPubDate>
            <PubMedPubDate PubStatus="entrez">
                <Year>1988</Year>
                <Month>1</Month>
                <Day>1</Day>
                <Hour>0</Hour>
                <Minute>0</Minute>
            </PubMedPubDate>
        </History>
        <PublicationStatus>ppublish</PublicationStatus>
        <ArticleIdList>
            <ArticleId IdType="pubmed">3402622</ArticleId>
            <ArticleId IdType="doi">10.1038/eye.1988.50</ArticleId>
        </ArticleIdList>
    </PubmedData>
</PubmedArticle>

</PubmedArticleSet>