<?xml version="1.0" ?>
<!DOCTYPE PubmedArticleSet PUBLIC "-//NLM//DTD PubMedArticle, 1st January 2019//EN" "https://dtd.nlm.nih.gov/ncbi/pubmed/out/pubmed_190101.dtd">
<PubmedArticleSet>
<PubmedArticle>
    <MedlineCitation Status="MEDLINE" Owner="NLM">
        <PMID Version="1">3620191</PMID>
        <DateCompleted>
            <Year>1987</Year>
            <Month>09</Month>
            <Day>28</Day>
        </DateCompleted>
        <DateRevised>
            <Year>2019</Year>
            <Month>10</Month>
            <Day>22</Day>
        </DateRevised>
        <Article PubModel="Print">
            <Journal>
                <ISSN IssnType="Print">0814-9763</ISSN>
                <JournalIssue CitedMedium="Print">
                    <Volume>15</Volume>
                    <Issue>2</Issue>
                    <PubDate>
                        <Year>1987</Year>
                        <Month>May</Month>
                    </PubDate>
                </JournalIssue>
                <Title>Australian and New Zealand journal of ophthalmology</Title>
                <ISOAbbreviation>Aust N Z J Ophthalmol</ISOAbbreviation>
            </Journal>
            <ArticleTitle>Management of uncontrolled glaucoma with the Molteno system.</ArticleTitle>
            <Pagination>
                <MedlinePgn>97-107</MedlinePgn>
            </Pagination>
            <Abstract>
                <AbstractText>In glaucomatous eyes refractory to medication, laser techniques and conventional drainage surgery, intraocular pressure is often high, and visual loss rapid. In this situation a reliable, robust artificial outflow system is required. Molteno has evolved a plastic tube and plate device combined with a fibrosis suppression medication regimen. Thirty-eight eyes of 32 patients with uncontrolled glaucoma were treated with the Molteno system. Six months after operation mean intraocular pressure had been reduced from 41.0 +/- 13.6 to 16.2 +/- 5.6 mmHg. Eighteen eyes had pressures of 20 mmHg or less on no hypotensive therapy, 17 on reduced treatment. Three eyes had a pressure of 21 to 35 mmHg on treatment at six months. The 13 aphakic eyes responded as well as 25 phakic eyes. Five eyes with rubeotic glaucoma demonstrated pressures of less than 20 mmHg without therapy, four eyes with traumatic glaucoma required continuing medication with three having pressures below 22 mmHg. Of the seven eyes with uveitic glaucoma, one was lost, two required maintenance therapy; five of six surviving eyes had pressures below 20 mmHg. Fifteen eyes with congenital or juvenile glaucoma achieved pressures below 20 mmHg, three of these with timolol drops, three with timolol and acetazolamide, and nine with no treatment. While seven of seven eyes with refractory primary open-angle glaucoma attained pressures below 20 mmHg, all seven needed continuing mild hypotensive therapy. Eleven eyes underwent a one-stage procedure, while 27 eyes required a two-stage operation. Twenty-eight eyes received fibrosis suppression medication after the second stage, and 24 maintained or improved their preoperative visual acuity. Results have been encouraging: in general the Molteno system is recommended as the second drainage operation in all glaucomatous eyes in which conventional therapy has failed, and as the primary surgical procedure (after laser techniques) in eyes with rubeotic and uveitic glaucoma. Ciliary body destructive procedures should be restricted to control of symptoms in blind eyes.</AbstractText>
            </Abstract>
            <AuthorList CompleteYN="Y">
                <Author ValidYN="Y">
                    <LastName>Goldberg</LastName>
                    <ForeName>I</ForeName>
                    <Initials>I</Initials>
                </Author>
            </AuthorList>
            <Language>eng</Language>
            <PublicationTypeList>
                <PublicationType UI="D016428">Journal Article</PublicationType>
            </PublicationTypeList>
        </Article>
        <MedlineJournalInfo>
            <Country>Australia</Country>
            <MedlineTA>Aust N Z J Ophthalmol</MedlineTA>
            <NlmUniqueID>8505423</NlmUniqueID>
            <ISSNLinking>0814-9763</ISSNLinking>
        </MedlineJournalInfo>
        <CitationSubset>IM</CitationSubset>
        <MeshHeadingList>
            <MeshHeading>
                <DescriptorName UI="D000293" MajorTopicYN="N">Adolescent</DescriptorName>
            </MeshHeading>
            <MeshHeading>
                <DescriptorName UI="D000328" MajorTopicYN="N">Adult</DescriptorName>
            </MeshHeading>
            <MeshHeading>
                <DescriptorName UI="D000368" MajorTopicYN="N">Aged</DescriptorName>
            </MeshHeading>
            <MeshHeading>
                <DescriptorName UI="D000369" MajorTopicYN="N">Aged, 80 and over</DescriptorName>
            </MeshHeading>
            <MeshHeading>
                <DescriptorName UI="D000867" MajorTopicYN="N">Anterior Chamber</DescriptorName>
                <QualifierName UI="Q000601" MajorTopicYN="N">surgery</QualifierName>
            </MeshHeading>
            <MeshHeading>
                <DescriptorName UI="D002648" MajorTopicYN="N">Child</DescriptorName>
            </MeshHeading>
            <MeshHeading>
                <DescriptorName UI="D004322" MajorTopicYN="N">Drainage</DescriptorName>
                <QualifierName UI="Q000295" MajorTopicYN="Y">instrumentation</QualifierName>
                <QualifierName UI="Q000379" MajorTopicYN="N">methods</QualifierName>
            </MeshHeading>
            <MeshHeading>
                <DescriptorName UI="D005260" MajorTopicYN="N">Female</DescriptorName>
            </MeshHeading>
            <MeshHeading>
                <DescriptorName UI="D005901" MajorTopicYN="N">Glaucoma</DescriptorName>
                <QualifierName UI="Q000473" MajorTopicYN="N">pathology</QualifierName>
                <QualifierName UI="Q000503" MajorTopicYN="N">physiopathology</QualifierName>
                <QualifierName UI="Q000601" MajorTopicYN="Y">surgery</QualifierName>
            </MeshHeading>
            <MeshHeading>
                <DescriptorName UI="D006801" MajorTopicYN="N">Humans</DescriptorName>
            </MeshHeading>
            <MeshHeading>
                <DescriptorName UI="D007223" MajorTopicYN="N">Infant</DescriptorName>
            </MeshHeading>
            <MeshHeading>
                <DescriptorName UI="D007429" MajorTopicYN="N">Intraocular Pressure</DescriptorName>
            </MeshHeading>
            <MeshHeading>
                <DescriptorName UI="D008297" MajorTopicYN="N">Male</DescriptorName>
            </MeshHeading>
            <MeshHeading>
                <DescriptorName UI="D008722" MajorTopicYN="N">Methods</DescriptorName>
            </MeshHeading>
            <MeshHeading>
                <DescriptorName UI="D008875" MajorTopicYN="N">Middle Aged</DescriptorName>
            </MeshHeading>
            <MeshHeading>
                <DescriptorName UI="D011183" MajorTopicYN="N">Postoperative Complications</DescriptorName>
            </MeshHeading>
            <MeshHeading>
                <DescriptorName UI="D011446" MajorTopicYN="N">Prospective Studies</DescriptorName>
            </MeshHeading>
            <MeshHeading>
                <DescriptorName UI="D019736" MajorTopicYN="Y">Prostheses and Implants</DescriptorName>
            </MeshHeading>
        </MeshHeadingList>
    </MedlineCitation>
    <PubmedData>
        <History>
            <PubMedPubDate PubStatus="pubmed">
                <Year>1987</Year>
                <Month>5</Month>
                <Day>1</Day>
            </PubMedPubDate>
            <PubMedPubDate PubStatus="medline">
                <Year>1987</Year>
                <Month>5</Month>
                <Day>1</Day>
                <Hour>0</Hour>
                <Minute>1</Minute>
            </PubMedPubDate>
            <PubMedPubDate PubStatus="entrez">
                <Year>1987</Year>
                <Month>5</Month>
                <Day>1</Day>
                <Hour>0</Hour>
                <Minute>0</Minute>
            </PubMedPubDate>
        </History>
        <PublicationStatus>ppublish</PublicationStatus>
        <ArticleIdList>
            <ArticleId IdType="pubmed">3620191</ArticleId>
            <ArticleId IdType="doi">10.1111/j.1442-9071.1987.tb00053.x</ArticleId>
        </ArticleIdList>
    </PubmedData>
</PubmedArticle>

</PubmedArticleSet>