<?xml version="1.0" ?>
<!DOCTYPE PubmedArticleSet PUBLIC "-//NLM//DTD PubMedArticle, 1st January 2019//EN" "https://dtd.nlm.nih.gov/ncbi/pubmed/out/pubmed_190101.dtd">
<PubmedArticleSet>
<PubmedArticle>
    <MedlineCitation Status="MEDLINE" Owner="NLM">
        <PMID Version="1">3814422</PMID>
        <DateCompleted>
            <Year>1987</Year>
            <Month>03</Month>
            <Day>30</Day>
        </DateCompleted>
        <DateRevised>
            <Year>2019</Year>
            <Month>10</Month>
            <Day>22</Day>
        </DateRevised>
        <Article PubModel="Print">
            <Journal>
                <ISSN IssnType="Print">0814-9763</ISSN>
                <JournalIssue CitedMedium="Print">
                    <Volume>14</Volume>
                    <Issue>4</Issue>
                    <PubDate>
                        <Year>1986</Year>
                        <Month>Nov</Month>
                    </PubDate>
                </JournalIssue>
                <Title>Australian and New Zealand journal of ophthalmology</Title>
                <ISOAbbreviation>Aust N Z J Ophthalmol</ISOAbbreviation>
            </Journal>
            <ArticleTitle>The vicryl tie technique for inserting a draining implant in the treatment of secondary glaucoma.</ArticleTitle>
            <Pagination>
                <MedlinePgn>343-54</MedlinePgn>
            </Pagination>
            <Abstract>
                <AbstractText>We have previously described surgical techniques for draining severe cases of secondary glaucoma by means of an artificial implant. Wherever possible these implants have been inserted in two stages. The technique involved suturing the episcleral plates of the implant to the sclera without connecting them to the chamber as the first procedure. Following this procedure the presence of the plates cause the surrounding tissue to form a thin fibrous envelope called a preformed bleb cavity. After a suitable interval of between six and eight weeks the connecting tube of the implant was inserted into the anterio chamber so as to drain aqueous into this preformed bleb cavity. This manoeuvre drastically reduced the incidence of postoperative hypotony and has proved a safe and effective technique. This communication reports an improvement on this technique in which the connecting tube of the implant is occluded by a ligature of 5-0 vicryl before inserting the tube into the anterior chamber through a fine needle puncture, at the same time as the episcleral plates of the implant are sutured to the sclera. The effect of this procedure is thus to prevent any drainage of aqueous until three to five weeks after operation when the vicryl suture material dissolves, allowing aqueous to drain into the preformed bleb system lined by a thin layer of dense fibrous tissue. This technique provides the advantages of the previous two-stage technique without the need for a second operation. The surgical technique is described together with the results of treating a series of 20 eyes with severe secondary glaucoma.</AbstractText>
            </Abstract>
            <AuthorList CompleteYN="Y">
                <Author ValidYN="Y">
                    <LastName>Molteno</LastName>
                    <ForeName>A C</ForeName>
                    <Initials>AC</Initials>
                </Author>
                <Author ValidYN="Y">
                    <LastName>Polkinghorne</LastName>
                    <ForeName>P J</ForeName>
                    <Initials>PJ</Initials>
                </Author>
                <Author ValidYN="Y">
                    <LastName>Bowbyes</LastName>
                    <ForeName>J A</ForeName>
                    <Initials>JA</Initials>
                </Author>
            </AuthorList>
            <Language>eng</Language>
            <PublicationTypeList>
                <PublicationType UI="D016428">Journal Article</PublicationType>
            </PublicationTypeList>
        </Article>
        <MedlineJournalInfo>
            <Country>Australia</Country>
            <MedlineTA>Aust N Z J Ophthalmol</MedlineTA>
            <NlmUniqueID>8505423</NlmUniqueID>
            <ISSNLinking>0814-9763</ISSNLinking>
        </MedlineJournalInfo>
        <ChemicalList>
            <Chemical>
                <RegistryNumber>34346-01-5</RegistryNumber>
                <NameOfSubstance UI="D011098">Polyglactin 910</NameOfSubstance>
            </Chemical>
        </ChemicalList>
        <CitationSubset>IM</CitationSubset>
        <MeshHeadingList>
            <MeshHeading>
                <DescriptorName UI="D000293" MajorTopicYN="N">Adolescent</DescriptorName>
            </MeshHeading>
            <MeshHeading>
                <DescriptorName UI="D000328" MajorTopicYN="N">Adult</DescriptorName>
            </MeshHeading>
            <MeshHeading>
                <DescriptorName UI="D000368" MajorTopicYN="N">Aged</DescriptorName>
            </MeshHeading>
            <MeshHeading>
                <DescriptorName UI="D000369" MajorTopicYN="N">Aged, 80 and over</DescriptorName>
            </MeshHeading>
            <MeshHeading>
                <DescriptorName UI="D002648" MajorTopicYN="N">Child</DescriptorName>
            </MeshHeading>
            <MeshHeading>
                <DescriptorName UI="D004322" MajorTopicYN="N">Drainage</DescriptorName>
                <QualifierName UI="Q000379" MajorTopicYN="Y">methods</QualifierName>
            </MeshHeading>
            <MeshHeading>
                <DescriptorName UI="D005260" MajorTopicYN="N">Female</DescriptorName>
            </MeshHeading>
            <MeshHeading>
                <DescriptorName UI="D005355" MajorTopicYN="N">Fibrosis</DescriptorName>
            </MeshHeading>
            <MeshHeading>
                <DescriptorName UI="D005901" MajorTopicYN="N">Glaucoma</DescriptorName>
                <QualifierName UI="Q000601" MajorTopicYN="Y">surgery</QualifierName>
            </MeshHeading>
            <MeshHeading>
                <DescriptorName UI="D006801" MajorTopicYN="N">Humans</DescriptorName>
            </MeshHeading>
            <MeshHeading>
                <DescriptorName UI="D008026" MajorTopicYN="N">Ligation</DescriptorName>
                <QualifierName UI="Q000379" MajorTopicYN="N">methods</QualifierName>
            </MeshHeading>
            <MeshHeading>
                <DescriptorName UI="D008875" MajorTopicYN="N">Middle Aged</DescriptorName>
            </MeshHeading>
            <MeshHeading>
                <DescriptorName UI="D011098" MajorTopicYN="N">Polyglactin 910</DescriptorName>
            </MeshHeading>
            <MeshHeading>
                <DescriptorName UI="D011183" MajorTopicYN="N">Postoperative Complications</DescriptorName>
            </MeshHeading>
            <MeshHeading>
                <DescriptorName UI="D019736" MajorTopicYN="Y">Prostheses and Implants</DescriptorName>
            </MeshHeading>
        </MeshHeadingList>
    </MedlineCitation>
    <PubmedData>
        <History>
            <PubMedPubDate PubStatus="pubmed">
                <Year>1986</Year>
                <Month>11</Month>
                <Day>1</Day>
            </PubMedPubDate>
            <PubMedPubDate PubStatus="medline">
                <Year>1986</Year>
                <Month>11</Month>
                <Day>1</Day>
                <Hour>0</Hour>
                <Minute>1</Minute>
            </PubMedPubDate>
            <PubMedPubDate PubStatus="entrez">
                <Year>1986</Year>
                <Month>11</Month>
                <Day>1</Day>
                <Hour>0</Hour>
                <Minute>0</Minute>
            </PubMedPubDate>
        </History>
        <PublicationStatus>ppublish</PublicationStatus>
        <ArticleIdList>
            <ArticleId IdType="pubmed">3814422</ArticleId>
            <ArticleId IdType="doi">10.1111/j.1442-9071.1986.tb00470.x</ArticleId>
        </ArticleIdList>
    </PubmedData>
</PubmedArticle>

</PubmedArticleSet>