<?xml version="1.0" ?>
<!DOCTYPE PubmedArticleSet PUBLIC "-//NLM//DTD PubMedArticle, 1st January 2019//EN" "https://dtd.nlm.nih.gov/ncbi/pubmed/out/pubmed_190101.dtd">
<PubmedArticleSet>
<PubmedArticle>
    <MedlineCitation Status="MEDLINE" Owner="NLM">
        <PMID Version="1">6200965</PMID>
        <DateCompleted>
            <Year>1984</Year>
            <Month>05</Month>
            <Day>11</Day>
        </DateCompleted>
        <DateRevised>
            <Year>2004</Year>
            <Month>11</Month>
            <Day>17</Day>
        </DateRevised>
        <Article PubModel="Print">
            <Journal>
                <ISSN IssnType="Print">0078-5334</ISSN>
                <JournalIssue CitedMedium="Print">
                    <Volume>103 ( Pt 3)</Volume>
                    <PubDate>
                        <Year>1983</Year>
                    </PubDate>
                </JournalIssue>
                <Title>Transactions of the ophthalmological societies of the United Kingdom</Title>
                <ISOAbbreviation>Trans Ophthalmol Soc U K</ISOAbbreviation>
            </Journal>
            <ArticleTitle>Experience with the Molteno long tube implant.</ArticleTitle>
            <Pagination>
                <MedlinePgn>297-312</MedlinePgn>
            </Pagination>
            <Abstract>
                <AbstractText>Dissatisfaction with other forms of treatment in the neovascular and other 'difficult' glaucomas led the authors to use the Molteno long tube implant. This paper resulted from a review of the results obtained in 30 cases over the past four years. The patients fell naturally into the two groups of neovascular and non-neovascular glaucomas. The eyes with neovascular glaucoma had an implant used early in the disease process, while the eyes with non-neovascular glaucoma tended to have the implant used as a last resort, after the failure of conventional techniques. An overall success rate of 63 per cent was found and this could be subdivided into success rates of 50 per cent for the non-neovascular group and of 75 per cent for the neovascular group. These findings probably reflect the late or early use of the implant in the disease process. The results confirm the authors' clinical impression that the Molteno long tube implant is a useful tool in the management of these glaucomas, and that for optimal results it should be considered early in the condition.</AbstractText>
            </Abstract>
            <AuthorList CompleteYN="Y">
                <Author ValidYN="Y">
                    <LastName>Brown</LastName>
                    <ForeName>R D</ForeName>
                    <Initials>RD</Initials>
                </Author>
                <Author ValidYN="Y">
                    <LastName>Cairns</LastName>
                    <ForeName>J E</ForeName>
                    <Initials>JE</Initials>
                </Author>
            </AuthorList>
            <Language>eng</Language>
            <PublicationTypeList>
                <PublicationType UI="D016428">Journal Article</PublicationType>
            </PublicationTypeList>
        </Article>
        <MedlineJournalInfo>
            <Country>England</Country>
            <MedlineTA>Trans Ophthalmol Soc U K</MedlineTA>
            <NlmUniqueID>0200570</NlmUniqueID>
            <ISSNLinking>0078-5334</ISSNLinking>
        </MedlineJournalInfo>
        <ChemicalList>
            <Chemical>
                <RegistryNumber>0</RegistryNumber>
                <NameOfSubstance UI="D000933">Antifibrinolytic Agents</NameOfSubstance>
            </Chemical>
        </ChemicalList>
        <CitationSubset>IM</CitationSubset>
        <MeshHeadingList>
            <MeshHeading>
                <DescriptorName UI="D000293" MajorTopicYN="N">Adolescent</DescriptorName>
            </MeshHeading>
            <MeshHeading>
                <DescriptorName UI="D000328" MajorTopicYN="N">Adult</DescriptorName>
            </MeshHeading>
            <MeshHeading>
                <DescriptorName UI="D000368" MajorTopicYN="N">Aged</DescriptorName>
            </MeshHeading>
            <MeshHeading>
                <DescriptorName UI="D000867" MajorTopicYN="N">Anterior Chamber</DescriptorName>
                <QualifierName UI="Q000601" MajorTopicYN="N">surgery</QualifierName>
            </MeshHeading>
            <MeshHeading>
                <DescriptorName UI="D000933" MajorTopicYN="N">Antifibrinolytic Agents</DescriptorName>
                <QualifierName UI="Q000009" MajorTopicYN="N">adverse effects</QualifierName>
                <QualifierName UI="Q000627" MajorTopicYN="N">therapeutic use</QualifierName>
            </MeshHeading>
            <MeshHeading>
                <DescriptorName UI="D005901" MajorTopicYN="N">Glaucoma</DescriptorName>
                <QualifierName UI="Q000188" MajorTopicYN="N">drug therapy</QualifierName>
                <QualifierName UI="Q000503" MajorTopicYN="N">physiopathology</QualifierName>
                <QualifierName UI="Q000601" MajorTopicYN="Y">surgery</QualifierName>
            </MeshHeading>
            <MeshHeading>
                <DescriptorName UI="D006801" MajorTopicYN="N">Humans</DescriptorName>
            </MeshHeading>
            <MeshHeading>
                <DescriptorName UI="D008875" MajorTopicYN="N">Middle Aged</DescriptorName>
            </MeshHeading>
            <MeshHeading>
                <DescriptorName UI="D009389" MajorTopicYN="N">Neovascularization, Pathologic</DescriptorName>
                <QualifierName UI="Q000503" MajorTopicYN="N">physiopathology</QualifierName>
            </MeshHeading>
            <MeshHeading>
                <DescriptorName UI="D011183" MajorTopicYN="N">Postoperative Complications</DescriptorName>
            </MeshHeading>
            <MeshHeading>
                <DescriptorName UI="D019736" MajorTopicYN="Y">Prostheses and Implants</DescriptorName>
            </MeshHeading>
            <MeshHeading>
                <DescriptorName UI="D012171" MajorTopicYN="N">Retinal Vessels</DescriptorName>
                <QualifierName UI="Q000503" MajorTopicYN="N">physiopathology</QualifierName>
            </MeshHeading>
        </MeshHeadingList>
    </MedlineCitation>
    <PubmedData>
        <History>
            <PubMedPubDate PubStatus="pubmed">
                <Year>1983</Year>
                <Month>1</Month>
                <Day>1</Day>
            </PubMedPubDate>
            <PubMedPubDate PubStatus="medline">
                <Year>1983</Year>
                <Month>1</Month>
                <Day>1</Day>
                <Hour>0</Hour>
                <Minute>1</Minute>
            </PubMedPubDate>
            <PubMedPubDate PubStatus="entrez">
                <Year>1983</Year>
                <Month>1</Month>
                <Day>1</Day>
                <Hour>0</Hour>
                <Minute>0</Minute>
            </PubMedPubDate>
        </History>
        <PublicationStatus>ppublish</PublicationStatus>
        <ArticleIdList>
            <ArticleId IdType="pubmed">6200965</ArticleId>
        </ArticleIdList>
    </PubmedData>
</PubmedArticle>

</PubmedArticleSet>