<?xml version="1.0" ?>
<!DOCTYPE PubmedArticleSet PUBLIC "-//NLM//DTD PubMedArticle, 1st January 2019//EN" "https://dtd.nlm.nih.gov/ncbi/pubmed/out/pubmed_190101.dtd">
<PubmedArticleSet>
<PubmedArticle>
    <MedlineCitation Status="MEDLINE" Owner="NLM">
        <PMID Version="1">7611326</PMID>
        <DateCompleted>
            <Year>1995</Year>
            <Month>08</Month>
            <Day>15</Day>
        </DateCompleted>
        <DateRevised>
            <Year>2019</Year>
            <Month>06</Month>
            <Day>27</Day>
        </DateRevised>
        <Article PubModel="Print">
            <Journal>
                <ISSN IssnType="Print">0002-9394</ISSN>
                <JournalIssue CitedMedium="Print">
                    <Volume>120</Volume>
                    <Issue>1</Issue>
                    <PubDate>
                        <Year>1995</Year>
                        <Month>Jul</Month>
                    </PubDate>
                </JournalIssue>
                <Title>American journal of ophthalmology</Title>
                <ISOAbbreviation>Am J Ophthalmol</ISOAbbreviation>
            </Journal>
            <ArticleTitle>Initial clinical experience with the Ahmed Glaucoma Valve implant.</ArticleTitle>
            <Pagination>
                <MedlinePgn>23-31</MedlinePgn>
            </Pagination>
            <Abstract>
                <AbstractText Label="PURPOSE" NlmCategory="OBJECTIVE">We studied the Ahmed Glaucoma Valve implant, an aqueous shunting device that has a unidirectional valve mechanism designed to prevent postoperative hypotony in eyes with intractable glaucoma.</AbstractText>
                <AbstractText Label="METHODS" NlmCategory="METHODS">In this multicenter, prospective clinical trial, we studied 60 eyes (60 patients) with increased intraocular pressure or glaucoma that had not responded to medical treatment, laser photocoagulation, or previous glaucoma surgery, in which the Ahmed Glaucoma Valve implant was placed to decrease intraocular pressure.</AbstractText>
                <AbstractText Label="RESULTS" NlmCategory="RESULTS">Success was defined as intraocular pressure less than 22 mm Hg and greater than 4 mm Hg for two months or longer, intraocular pressure that was lowered by at least 20% from preoperative values (in eyes with preoperative intraocular pressures less than 22 mm Hg), and no additional glaucoma surgery or visually devastating complications. Cumulative probability of success at 12 months was 78%. Eight (13%) of 60 eyes had intraocular pressure less than 5 mm Hg the first postoperative day. Two other eyes had shallow anterior chambers, which required anterior chamber reformation. The major complications associated with the use of the valve were serous choroidal detachments in 13 eyes (22%), blockage of the tube in six eyes (10%), malposition of the tube in four eyes (7%), a suprachoroidal hemorrhage in one eye (2%), and corneal graft rejections in three (19%) of 16 eyes with corneal grafts.</AbstractText>
                <AbstractText Label="CONCLUSIONS" NlmCategory="CONCLUSIONS">Although the 12-month success with the Ahmed Glaucoma Valve implant is similar to that reported for other drainage devices, the complications associated with overfiltration in the immediate postoperative period appear to be less frequent than with other valved drainage devices. Randomized, prospective studies to compare the Ahmed Glaucoma Valve implant with other drainage devices are needed to make clinical comparisons of the different devices.</AbstractText>
            </Abstract>
            <AuthorList CompleteYN="Y">
                <Author ValidYN="Y">
                    <LastName>Coleman</LastName>
                    <ForeName>A L</ForeName>
                    <Initials>AL</Initials>
                    <AffiliationInfo>
                        <Affiliation>Jules Stein Eye Institute, UCLA School of Medicine 90024-7004, USA.</Affiliation>
                    </AffiliationInfo>
                </Author>
                <Author ValidYN="Y">
                    <LastName>Hill</LastName>
                    <ForeName>R</ForeName>
                    <Initials>R</Initials>
                </Author>
                <Author ValidYN="Y">
                    <LastName>Wilson</LastName>
                    <ForeName>M R</ForeName>
                    <Initials>MR</Initials>
                </Author>
                <Author ValidYN="Y">
                    <LastName>Choplin</LastName>
                    <ForeName>N</ForeName>
                    <Initials>N</Initials>
                </Author>
                <Author ValidYN="Y">
                    <LastName>Kotas-Neumann</LastName>
                    <ForeName>R</ForeName>
                    <Initials>R</Initials>
                </Author>
                <Author ValidYN="Y">
                    <LastName>Tam</LastName>
                    <ForeName>M</ForeName>
                    <Initials>M</Initials>
                </Author>
                <Author ValidYN="Y">
                    <LastName>Bacharach</LastName>
                    <ForeName>J</ForeName>
                    <Initials>J</Initials>
                </Author>
                <Author ValidYN="Y">
                    <LastName>Panek</LastName>
                    <ForeName>W C</ForeName>
                    <Initials>WC</Initials>
                </Author>
            </AuthorList>
            <Language>eng</Language>
            <PublicationTypeList>
                <PublicationType UI="D016430">Clinical Trial</PublicationType>
                <PublicationType UI="D016428">Journal Article</PublicationType>
                <PublicationType UI="D016448">Multicenter Study</PublicationType>
                <PublicationType UI="D013485">Research Support, Non-U.S. Gov't</PublicationType>
                <PublicationType UI="D013486">Research Support, U.S. Gov't, Non-P.H.S.</PublicationType>
            </PublicationTypeList>
        </Article>
        <MedlineJournalInfo>
            <Country>United States</Country>
            <MedlineTA>Am J Ophthalmol</MedlineTA>
            <NlmUniqueID>0370500</NlmUniqueID>
            <ISSNLinking>0002-9394</ISSNLinking>
        </MedlineJournalInfo>
        <CitationSubset>AIM</CitationSubset>
        <CitationSubset>IM</CitationSubset>
        <CommentsCorrectionsList>
            <CommentsCorrections RefType="ErratumIn">
                <RefSource>Am J Ophthalmol. 1995 Nov;120(5):684</RefSource>
                <PMID Version="1">7485379</PMID>
            </CommentsCorrections>
        </CommentsCorrectionsList>
        <MeshHeadingList>
            <MeshHeading>
                <DescriptorName UI="D000328" MajorTopicYN="N">Adult</DescriptorName>
            </MeshHeading>
            <MeshHeading>
                <DescriptorName UI="D000368" MajorTopicYN="N">Aged</DescriptorName>
            </MeshHeading>
            <MeshHeading>
                <DescriptorName UI="D000369" MajorTopicYN="N">Aged, 80 and over</DescriptorName>
            </MeshHeading>
            <MeshHeading>
                <DescriptorName UI="D001082" MajorTopicYN="N">Aqueous Humor</DescriptorName>
                <QualifierName UI="Q000378" MajorTopicYN="N">metabolism</QualifierName>
            </MeshHeading>
            <MeshHeading>
                <DescriptorName UI="D005260" MajorTopicYN="N">Female</DescriptorName>
            </MeshHeading>
            <MeshHeading>
                <DescriptorName UI="D005901" MajorTopicYN="N">Glaucoma</DescriptorName>
                <QualifierName UI="Q000601" MajorTopicYN="Y">surgery</QualifierName>
            </MeshHeading>
            <MeshHeading>
                <DescriptorName UI="D006801" MajorTopicYN="N">Humans</DescriptorName>
            </MeshHeading>
            <MeshHeading>
                <DescriptorName UI="D007429" MajorTopicYN="N">Intraocular Pressure</DescriptorName>
            </MeshHeading>
            <MeshHeading>
                <DescriptorName UI="D008297" MajorTopicYN="N">Male</DescriptorName>
            </MeshHeading>
            <MeshHeading>
                <DescriptorName UI="D008875" MajorTopicYN="N">Middle Aged</DescriptorName>
            </MeshHeading>
            <MeshHeading>
                <DescriptorName UI="D009798" MajorTopicYN="N">Ocular Hypertension</DescriptorName>
                <QualifierName UI="Q000601" MajorTopicYN="Y">surgery</QualifierName>
            </MeshHeading>
            <MeshHeading>
                <DescriptorName UI="D011183" MajorTopicYN="N">Postoperative Complications</DescriptorName>
            </MeshHeading>
            <MeshHeading>
                <DescriptorName UI="D011446" MajorTopicYN="N">Prospective Studies</DescriptorName>
            </MeshHeading>
            <MeshHeading>
                <DescriptorName UI="D019736" MajorTopicYN="Y">Prostheses and Implants</DescriptorName>
                <QualifierName UI="Q000009" MajorTopicYN="N">adverse effects</QualifierName>
            </MeshHeading>
            <MeshHeading>
                <DescriptorName UI="D016896" MajorTopicYN="N">Treatment Outcome</DescriptorName>
            </MeshHeading>
        </MeshHeadingList>
    </MedlineCitation>
    <PubmedData>
        <History>
            <PubMedPubDate PubStatus="pubmed">
                <Year>1995</Year>
                <Month>7</Month>
                <Day>1</Day>
            </PubMedPubDate>
            <PubMedPubDate PubStatus="medline">
                <Year>1995</Year>
                <Month>7</Month>
                <Day>1</Day>
                <Hour>0</Hour>
                <Minute>1</Minute>
            </PubMedPubDate>
            <PubMedPubDate PubStatus="entrez">
                <Year>1995</Year>
                <Month>7</Month>
                <Day>1</Day>
                <Hour>0</Hour>
                <Minute>0</Minute>
            </PubMedPubDate>
        </History>
        <PublicationStatus>ppublish</PublicationStatus>
        <ArticleIdList>
            <ArticleId IdType="pubmed">7611326</ArticleId>
            <ArticleId IdType="pii">S0002-9394(14)73755-9</ArticleId>
            <ArticleId IdType="doi">10.1016/s0002-9394(14)73755-9</ArticleId>
        </ArticleIdList>
    </PubmedData>
</PubmedArticle>

</PubmedArticleSet>