<?xml version="1.0" ?>
<!DOCTYPE PubmedArticleSet PUBLIC "-//NLM//DTD PubMedArticle, 1st January 2019//EN" "https://dtd.nlm.nih.gov/ncbi/pubmed/out/pubmed_190101.dtd">
<PubmedArticleSet>
<PubmedArticle>
    <MedlineCitation Status="MEDLINE" Owner="NLM">
        <PMID Version="1">7611327</PMID>
        <DateCompleted>
            <Year>1995</Year>
            <Month>08</Month>
            <Day>15</Day>
        </DateCompleted>
        <DateRevised>
            <Year>2019</Year>
            <Month>06</Month>
            <Day>27</Day>
        </DateRevised>
        <Article PubModel="Print">
            <Journal>
                <ISSN IssnType="Print">0002-9394</ISSN>
                <JournalIssue CitedMedium="Print">
                    <Volume>120</Volume>
                    <Issue>1</Issue>
                    <PubDate>
                        <Year>1995</Year>
                        <Month>Jul</Month>
                    </PubDate>
                </JournalIssue>
                <Title>American journal of ophthalmology</Title>
                <ISOAbbreviation>Am J Ophthalmol</ISOAbbreviation>
            </Journal>
            <ArticleTitle>Early clinical experience with the Baerveldt implant in complicated glaucomas.</ArticleTitle>
            <Pagination>
                <MedlinePgn>32-40</MedlinePgn>
            </Pagination>
            <Abstract>
                <AbstractText Label="PURPOSE" NlmCategory="OBJECTIVE">To evaluate our early experience with the Baerveldt implant in patients with complicated glaucoma.</AbstractText>
                <AbstractText Label="METHODS" NlmCategory="METHODS">We reviewed the charts of all patients with more than six months of follow-up after placement of a Baerveldt implant at LSU Eye Center. Surgery was considered a success if intraocular pressure was 21 mm Hg or less (with or without antiglaucoma medications) at the last postoperative visit, except when further glaucoma surgery had been performed or when loss of light perception occurred.</AbstractText>
                <AbstractText Label="RESULTS" NlmCategory="RESULTS">Fifty eyes (50 patients) were divided into six diagnostic groups, with mean follow-up times of 16.1 to 19.2 months. Success was achieved in 36 of 50 patients (72%): 26 of 35 (74%) patients with aphakia or pseudophakia, nine of 12 (75%) patients with previously failed filtering surgery, three of seven patients with neovascular glaucoma, all three patients under the age of 13 years, nine of 13 (69%) patients who underwent penetrating keratoplasty, and four of five phakic patients. Overall, visual acuity improved or remained within one line of the preoperative acuity in 32 (64%) patients. The most frequently observed short- and long-term complications were serous choroidal effusion associated with hypotony in 13 (26%) patients and corneal graft failure in six of 13 (46%) corneal transplant patients, respectively.</AbstractText>
                <AbstractText Label="CONCLUSION" NlmCategory="CONCLUSIONS">Within the study follow-up time, the Baerveldt implant appeared to be safe and effective, with success rates for intraocular pressure control similar to those reported in a recent retrospective study of the Molteno implant.</AbstractText>
            </Abstract>
            <AuthorList CompleteYN="Y">
                <Author ValidYN="Y">
                    <LastName>Hodkin</LastName>
                    <ForeName>M J</ForeName>
                    <Initials>MJ</Initials>
                    <AffiliationInfo>
                        <Affiliation>LSU Eye Center, Louisiana State University Medical Center School of Medicine, New Orleans 70112, USA.</Affiliation>
                    </AffiliationInfo>
                </Author>
                <Author ValidYN="Y">
                    <LastName>Goldblatt</LastName>
                    <ForeName>W S</ForeName>
                    <Initials>WS</Initials>
                </Author>
                <Author ValidYN="Y">
                    <LastName>Burgoyne</LastName>
                    <ForeName>C F</ForeName>
                    <Initials>CF</Initials>
                </Author>
                <Author ValidYN="Y">
                    <LastName>Ball</LastName>
                    <ForeName>S F</ForeName>
                    <Initials>SF</Initials>
                </Author>
                <Author ValidYN="Y">
                    <LastName>Insler</LastName>
                    <ForeName>M S</ForeName>
                    <Initials>MS</Initials>
                </Author>
            </AuthorList>
            <Language>eng</Language>
            <GrantList CompleteYN="Y">
                <Grant>
                    <GrantID>EY02377</GrantID>
                    <Acronym>EY</Acronym>
                    <Agency>NEI NIH HHS</Agency>
                    <Country>United States</Country>
                </Grant>
                <Grant>
                    <GrantID>EY02580</GrantID>
                    <Acronym>EY</Acronym>
                    <Agency>NEI NIH HHS</Agency>
                    <Country>United States</Country>
                </Grant>
            </GrantList>
            <PublicationTypeList>
                <PublicationType UI="D003160">Comparative Study</PublicationType>
                <PublicationType UI="D016428">Journal Article</PublicationType>
                <PublicationType UI="D013485">Research Support, Non-U.S. Gov't</PublicationType>
                <PublicationType UI="D013487">Research Support, U.S. Gov't, P.H.S.</PublicationType>
            </PublicationTypeList>
        </Article>
        <MedlineJournalInfo>
            <Country>United States</Country>
            <MedlineTA>Am J Ophthalmol</MedlineTA>
            <NlmUniqueID>0370500</NlmUniqueID>
            <ISSNLinking>0002-9394</ISSNLinking>
        </MedlineJournalInfo>
        <ChemicalList>
            <Chemical>
                <RegistryNumber>0</RegistryNumber>
                <NameOfSubstance UI="D012826">Silicone Elastomers</NameOfSubstance>
            </Chemical>
        </ChemicalList>
        <CitationSubset>AIM</CitationSubset>
        <CitationSubset>IM</CitationSubset>
        <MeshHeadingList>
            <MeshHeading>
                <DescriptorName UI="D000328" MajorTopicYN="N">Adult</DescriptorName>
            </MeshHeading>
            <MeshHeading>
                <DescriptorName UI="D000368" MajorTopicYN="N">Aged</DescriptorName>
            </MeshHeading>
            <MeshHeading>
                <DescriptorName UI="D000369" MajorTopicYN="N">Aged, 80 and over</DescriptorName>
            </MeshHeading>
            <MeshHeading>
                <DescriptorName UI="D002648" MajorTopicYN="N">Child</DescriptorName>
            </MeshHeading>
            <MeshHeading>
                <DescriptorName UI="D002675" MajorTopicYN="N">Child, Preschool</DescriptorName>
            </MeshHeading>
            <MeshHeading>
                <DescriptorName UI="D005260" MajorTopicYN="N">Female</DescriptorName>
            </MeshHeading>
            <MeshHeading>
                <DescriptorName UI="D005500" MajorTopicYN="N">Follow-Up Studies</DescriptorName>
            </MeshHeading>
            <MeshHeading>
                <DescriptorName UI="D005901" MajorTopicYN="N">Glaucoma</DescriptorName>
                <QualifierName UI="Q000601" MajorTopicYN="Y">surgery</QualifierName>
            </MeshHeading>
            <MeshHeading>
                <DescriptorName UI="D006801" MajorTopicYN="N">Humans</DescriptorName>
            </MeshHeading>
            <MeshHeading>
                <DescriptorName UI="D007223" MajorTopicYN="N">Infant</DescriptorName>
            </MeshHeading>
            <MeshHeading>
                <DescriptorName UI="D007429" MajorTopicYN="N">Intraocular Pressure</DescriptorName>
            </MeshHeading>
            <MeshHeading>
                <DescriptorName UI="D008297" MajorTopicYN="N">Male</DescriptorName>
            </MeshHeading>
            <MeshHeading>
                <DescriptorName UI="D008875" MajorTopicYN="N">Middle Aged</DescriptorName>
            </MeshHeading>
            <MeshHeading>
                <DescriptorName UI="D018465" MajorTopicYN="N">Molteno Implants</DescriptorName>
            </MeshHeading>
            <MeshHeading>
                <DescriptorName UI="D011183" MajorTopicYN="N">Postoperative Complications</DescriptorName>
            </MeshHeading>
            <MeshHeading>
                <DescriptorName UI="D011379" MajorTopicYN="N">Prognosis</DescriptorName>
            </MeshHeading>
            <MeshHeading>
                <DescriptorName UI="D019736" MajorTopicYN="Y">Prostheses and Implants</DescriptorName>
                <QualifierName UI="Q000009" MajorTopicYN="N">adverse effects</QualifierName>
            </MeshHeading>
            <MeshHeading>
                <DescriptorName UI="D012826" MajorTopicYN="N">Silicone Elastomers</DescriptorName>
            </MeshHeading>
            <MeshHeading>
                <DescriptorName UI="D014792" MajorTopicYN="N">Visual Acuity</DescriptorName>
            </MeshHeading>
        </MeshHeadingList>
    </MedlineCitation>
    <PubmedData>
        <History>
            <PubMedPubDate PubStatus="pubmed">
                <Year>1995</Year>
                <Month>7</Month>
                <Day>1</Day>
            </PubMedPubDate>
            <PubMedPubDate PubStatus="medline">
                <Year>1995</Year>
                <Month>7</Month>
                <Day>1</Day>
                <Hour>0</Hour>
                <Minute>1</Minute>
            </PubMedPubDate>
            <PubMedPubDate PubStatus="entrez">
                <Year>1995</Year>
                <Month>7</Month>
                <Day>1</Day>
                <Hour>0</Hour>
                <Minute>0</Minute>
            </PubMedPubDate>
        </History>
        <PublicationStatus>ppublish</PublicationStatus>
        <ArticleIdList>
            <ArticleId IdType="pubmed">7611327</ArticleId>
            <ArticleId IdType="pii">S0002-9394(14)73756-0</ArticleId>
            <ArticleId IdType="doi">10.1016/s0002-9394(14)73756-0</ArticleId>
        </ArticleIdList>
    </PubmedData>
</PubmedArticle>

</PubmedArticleSet>