<?xml version="1.0" ?>
<!DOCTYPE PubmedArticleSet PUBLIC "-//NLM//DTD PubMedArticle, 1st January 2019//EN" "https://dtd.nlm.nih.gov/ncbi/pubmed/out/pubmed_190101.dtd">
<PubmedArticleSet>
<PubmedArticle>
    <MedlineCitation Status="MEDLINE" Owner="NLM">
        <PMID Version="1">7710393</PMID>
        <DateCompleted>
            <Year>1995</Year>
            <Month>05</Month>
            <Day>11</Day>
        </DateCompleted>
        <DateRevised>
            <Year>2019</Year>
            <Month>07</Month>
            <Day>04</Day>
        </DateRevised>
        <Article PubModel="Print">
            <Journal>
                <ISSN IssnType="Print">0003-9950</ISSN>
                <JournalIssue CitedMedium="Print">
                    <Volume>113</Volume>
                    <Issue>4</Issue>
                    <PubDate>
                        <Year>1995</Year>
                        <Month>Apr</Month>
                    </PubDate>
                </JournalIssue>
                <Title>Archives of ophthalmology (Chicago, Ill. : 1960)</Title>
                <ISOAbbreviation>Arch Ophthalmol</ISOAbbreviation>
            </Journal>
            <ArticleTitle>Comparison of the Baerveldt glaucoma implant with the double-plate Molteno drainage implant.</ArticleTitle>
            <Pagination>
                <MedlinePgn>444-7</MedlinePgn>
            </Pagination>
            <Abstract>
                <AbstractText Label="OBJECTIVE" NlmCategory="OBJECTIVE">To compare the 350-mm2 Baerveldt implant with the double-plate Molteno implant in the treatment of eyes with complicated glaucoma.</AbstractText>
                <AbstractText Label="DESIGN" NlmCategory="METHODS">Retrospective chart review of a consecutive series of drainage implants.</AbstractText>
                <AbstractText Label="SETTING" NlmCategory="METHODS">University-based referral practice.</AbstractText>
                <AbstractText Label="PATIENTS" NlmCategory="METHODS">Thirty-four consecutive patients (37 eyes) undergoing glaucoma drainage device implantation because of uncontrolled, complicated glaucoma.</AbstractText>
                <AbstractText Label="INTERVENTION" NlmCategory="METHODS">Eighteen eyes underwent 350-mm2 Baerveldt implantation and 19 eyes underwent double-plate Molteno implantation.</AbstractText>
                <AbstractText Label="MAIN OUTCOME MEASURES" NlmCategory="METHODS">Intraocular pressure (IOP) control, visual acuity outcome, and complication rate.</AbstractText>
                <AbstractText Label="RESULTS" NlmCategory="RESULTS">Mean preoperative IOP was 30.2 mm Hg in the Baerveldt group, with an average of 2.7 antiglaucoma medications, and 28.4 mm Hg in the Molteno group, with an average of 2.4 antiglaucoma medications. With an average follow-up of 11.3 months (range, 5 to 16 months), mean IOP at the final visit was 13.1 mm Hg (range, 7 to 21 mm Hg) in the Baerveldt group, with an average of 1.3 medications, and 13.4 mm Hg (range, 8 to 25 mm Hg) in the Molteno group, with an average of 0.8 medications. Final IOP was between 7 and 19 mm Hg in 16 of 18 Baerveldt eyes and in 17 of 19 Molteno eyes. Visual acuity (when it could be checked) remained stable (+/- 2 Snellen lines) in 17 of 17 eyes in the Baerveldt group and in 17 of 19 eyes in the Molteno group. Complications in the Baerveldt group included two cases (11%) of flat anterior chamber after stent removal, one case (6%) of intermittently symptomatic diplopia, and one case (6%) of endophthalmitis. In the Molteno group there were two graft failures (11%) and one eye (5%) with loss of central field.</AbstractText>
                <AbstractText Label="CONCLUSIONS" NlmCategory="CONCLUSIONS">Both types of drainage implants provide excellent postoperative IOP control. Early stent removal should be avoided if possible in eyes with Baerveldt implants.</AbstractText>
            </Abstract>
            <AuthorList CompleteYN="Y">
                <Author ValidYN="Y">
                    <LastName>Smith</LastName>
                    <ForeName>M F</ForeName>
                    <Initials>MF</Initials>
                    <AffiliationInfo>
                        <Affiliation>Department of Ophthalmology, University of Florida College of Medicine, Gainesville, USA.</Affiliation>
                    </AffiliationInfo>
                </Author>
                <Author ValidYN="Y">
                    <LastName>Doyle</LastName>
                    <ForeName>J W</ForeName>
                    <Initials>JW</Initials>
                </Author>
                <Author ValidYN="Y">
                    <LastName>Sherwood</LastName>
                    <ForeName>M B</ForeName>
                    <Initials>MB</Initials>
                </Author>
            </AuthorList>
            <Language>eng</Language>
            <PublicationTypeList>
                <PublicationType UI="D003160">Comparative Study</PublicationType>
                <PublicationType UI="D016428">Journal Article</PublicationType>
                <PublicationType UI="D013485">Research Support, Non-U.S. Gov't</PublicationType>
            </PublicationTypeList>
        </Article>
        <MedlineJournalInfo>
            <Country>United States</Country>
            <MedlineTA>Arch Ophthalmol</MedlineTA>
            <NlmUniqueID>7706534</NlmUniqueID>
            <ISSNLinking>0003-9950</ISSNLinking>
        </MedlineJournalInfo>
        <CitationSubset>AIM</CitationSubset>
        <CitationSubset>IM</CitationSubset>
        <CommentsCorrectionsList>
            <CommentsCorrections RefType="CommentIn">
                <RefSource>Arch Ophthalmol. 1996 Aug;114(8):1030; author reply 1031</RefSource>
                <PMID Version="1">8694720</PMID>
            </CommentsCorrections>
        </CommentsCorrectionsList>
        <MeshHeadingList>
            <MeshHeading>
                <DescriptorName UI="D000867" MajorTopicYN="N">Anterior Chamber</DescriptorName>
                <QualifierName UI="Q000601" MajorTopicYN="Y">surgery</QualifierName>
            </MeshHeading>
            <MeshHeading>
                <DescriptorName UI="D001082" MajorTopicYN="N">Aqueous Humor</DescriptorName>
                <QualifierName UI="Q000378" MajorTopicYN="N">metabolism</QualifierName>
            </MeshHeading>
            <MeshHeading>
                <DescriptorName UI="D005260" MajorTopicYN="N">Female</DescriptorName>
            </MeshHeading>
            <MeshHeading>
                <DescriptorName UI="D005901" MajorTopicYN="N">Glaucoma</DescriptorName>
                <QualifierName UI="Q000601" MajorTopicYN="Y">surgery</QualifierName>
            </MeshHeading>
            <MeshHeading>
                <DescriptorName UI="D006801" MajorTopicYN="N">Humans</DescriptorName>
            </MeshHeading>
            <MeshHeading>
                <DescriptorName UI="D007429" MajorTopicYN="N">Intraocular Pressure</DescriptorName>
            </MeshHeading>
            <MeshHeading>
                <DescriptorName UI="D008297" MajorTopicYN="N">Male</DescriptorName>
            </MeshHeading>
            <MeshHeading>
                <DescriptorName UI="D008875" MajorTopicYN="N">Middle Aged</DescriptorName>
            </MeshHeading>
            <MeshHeading>
                <DescriptorName UI="D018465" MajorTopicYN="Y">Molteno Implants</DescriptorName>
            </MeshHeading>
            <MeshHeading>
                <DescriptorName UI="D011183" MajorTopicYN="N">Postoperative Complications</DescriptorName>
            </MeshHeading>
            <MeshHeading>
                <DescriptorName UI="D012189" MajorTopicYN="N">Retrospective Studies</DescriptorName>
            </MeshHeading>
            <MeshHeading>
                <DescriptorName UI="D014792" MajorTopicYN="N">Visual Acuity</DescriptorName>
            </MeshHeading>
        </MeshHeadingList>
    </MedlineCitation>
    <PubmedData>
        <History>
            <PubMedPubDate PubStatus="pubmed">
                <Year>1995</Year>
                <Month>4</Month>
                <Day>1</Day>
            </PubMedPubDate>
            <PubMedPubDate PubStatus="medline">
                <Year>1995</Year>
                <Month>4</Month>
                <Day>1</Day>
                <Hour>0</Hour>
                <Minute>1</Minute>
            </PubMedPubDate>
            <PubMedPubDate PubStatus="entrez">
                <Year>1995</Year>
                <Month>4</Month>
                <Day>1</Day>
                <Hour>0</Hour>
                <Minute>0</Minute>
            </PubMedPubDate>
        </History>
        <PublicationStatus>ppublish</PublicationStatus>
        <ArticleIdList>
            <ArticleId IdType="pubmed">7710393</ArticleId>
            <ArticleId IdType="doi">10.1001/archopht.1995.01100040060027</ArticleId>
        </ArticleIdList>
    </PubmedData>
</PubmedArticle>

</PubmedArticleSet>