<?xml version="1.0" ?>
<!DOCTYPE PubmedArticleSet PUBLIC "-//NLM//DTD PubMedArticle, 1st January 2019//EN" "https://dtd.nlm.nih.gov/ncbi/pubmed/out/pubmed_190101.dtd">
<PubmedArticleSet>
<PubmedArticle>
    <MedlineCitation Status="MEDLINE" Owner="NLM">
        <PMID Version="1">7835179</PMID>
        <DateCompleted>
            <Year>1995</Year>
            <Month>03</Month>
            <Day>02</Day>
        </DateCompleted>
        <DateRevised>
            <Year>2019</Year>
            <Month>09</Month>
            <Day>04</Day>
        </DateRevised>
        <Article PubModel="Print">
            <Journal>
                <ISSN IssnType="Print">0012-4486</ISSN>
                <JournalIssue CitedMedium="Print">
                    <Volume>86</Volume>
                    <Issue>4</Issue>
                    <PubDate>
                        <Year>1994</Year>
                    </PubDate>
                </JournalIssue>
                <Title>Documenta ophthalmologica. Advances in ophthalmology</Title>
                <ISOAbbreviation>Doc Ophthalmol</ISOAbbreviation>
            </Journal>
            <ArticleTitle>Prognostic factors and postoperative course following single-plate Molteno implantation.</ArticleTitle>
            <Pagination>
                <MedlinePgn>409-17</MedlinePgn>
            </Pagination>
            <Abstract>
                <AbstractText>We evaluated potential preoperative and early postoperative prognostic indicators for chronic intraocular pressure control in 38 consecutive glaucoma patients undergoing single-plate Molteno implantation. Six months following surgery 22 patients had an intraocular pressure &lt; or = 18 mm Hg and were considered successes. Twelve patients had an intraocular pressure &gt; 18 mm Hg and were considered failures. Factors such as age, race, sex, type of glaucoma, phakic status, eye treated, intraocular pressure, bleb elevation, or number of glaucoma medicines were not significantly related to postoperative intraocular pressure control (p &gt; 0.05). Postoperatively a significant difference in intraocular pressure was not observed between success and failure groups until three (13.8 +/- 5.4 versus 20.8 +/- 6.4 mm Hg, p = 0.010) and six (11.2 +/- 3.3 mm Hg versus 21.2 +/- 1.2 mm Hg, p &lt; 0.001) months. Approximately 50% of patients who had an intraocular pressure &gt; 20 mm Hg and 75% of those who measured &lt; 20 mm Hg at any given examination in the early postoperative period were controlled six months postoperatively. Patients controlled at six months maintained control for as long as 43 months postoperatively. This study indicates that in the early postoperative period after a single-plate Molteno implant some patients have an ocular hypertensive phase but may ultimately be controlled, whereas most patients with an intraocular pressure within the normal range maintain control long-term.</AbstractText>
            </Abstract>
            <AuthorList CompleteYN="Y">
                <Author ValidYN="Y">
                    <LastName>Stewart</LastName>
                    <ForeName>W C</ForeName>
                    <Initials>WC</Initials>
                    <AffiliationInfo>
                        <Affiliation>Department of Ophthalmology, Medical University of South Carolina, Charleston.</Affiliation>
                    </AffiliationInfo>
                </Author>
                <Author ValidYN="Y">
                    <LastName>Connor</LastName>
                    <ForeName>A B</ForeName>
                    <Initials>AB</Initials>
                </Author>
                <Author ValidYN="Y">
                    <LastName>Pitts</LastName>
                    <ForeName>R A</ForeName>
                    <Initials>RA</Initials>
                </Author>
            </AuthorList>
            <Language>eng</Language>
            <PublicationTypeList>
                <PublicationType UI="D016428">Journal Article</PublicationType>
                <PublicationType UI="D013485">Research Support, Non-U.S. Gov't</PublicationType>
            </PublicationTypeList>
        </Article>
        <MedlineJournalInfo>
            <Country>Netherlands</Country>
            <MedlineTA>Doc Ophthalmol</MedlineTA>
            <NlmUniqueID>0370667</NlmUniqueID>
            <ISSNLinking>0012-4486</ISSNLinking>
        </MedlineJournalInfo>
        <ChemicalList>
            <Chemical>
                <RegistryNumber>0</RegistryNumber>
                <NameOfSubstance UI="D012826">Silicone Elastomers</NameOfSubstance>
            </Chemical>
        </ChemicalList>
        <CitationSubset>IM</CitationSubset>
        <MeshHeadingList>
            <MeshHeading>
                <DescriptorName UI="D000368" MajorTopicYN="N">Aged</DescriptorName>
            </MeshHeading>
            <MeshHeading>
                <DescriptorName UI="D002908" MajorTopicYN="N">Chronic Disease</DescriptorName>
            </MeshHeading>
            <MeshHeading>
                <DescriptorName UI="D005260" MajorTopicYN="N">Female</DescriptorName>
            </MeshHeading>
            <MeshHeading>
                <DescriptorName UI="D018463" MajorTopicYN="N">Filtering Surgery</DescriptorName>
            </MeshHeading>
            <MeshHeading>
                <DescriptorName UI="D005902" MajorTopicYN="N">Glaucoma, Open-Angle</DescriptorName>
                <QualifierName UI="Q000503" MajorTopicYN="N">physiopathology</QualifierName>
                <QualifierName UI="Q000601" MajorTopicYN="Y">surgery</QualifierName>
            </MeshHeading>
            <MeshHeading>
                <DescriptorName UI="D006801" MajorTopicYN="N">Humans</DescriptorName>
            </MeshHeading>
            <MeshHeading>
                <DescriptorName UI="D007429" MajorTopicYN="N">Intraocular Pressure</DescriptorName>
                <QualifierName UI="Q000502" MajorTopicYN="N">physiology</QualifierName>
            </MeshHeading>
            <MeshHeading>
                <DescriptorName UI="D008297" MajorTopicYN="N">Male</DescriptorName>
            </MeshHeading>
            <MeshHeading>
                <DescriptorName UI="D008875" MajorTopicYN="N">Middle Aged</DescriptorName>
            </MeshHeading>
            <MeshHeading>
                <DescriptorName UI="D018465" MajorTopicYN="Y">Molteno Implants</DescriptorName>
            </MeshHeading>
            <MeshHeading>
                <DescriptorName UI="D011379" MajorTopicYN="N">Prognosis</DescriptorName>
            </MeshHeading>
            <MeshHeading>
                <DescriptorName UI="D012826" MajorTopicYN="N">Silicone Elastomers</DescriptorName>
            </MeshHeading>
        </MeshHeadingList>
    </MedlineCitation>
    <PubmedData>
        <History>
            <PubMedPubDate PubStatus="pubmed">
                <Year>1994</Year>
                <Month>1</Month>
                <Day>1</Day>
            </PubMedPubDate>
            <PubMedPubDate PubStatus="medline">
                <Year>1994</Year>
                <Month>1</Month>
                <Day>1</Day>
                <Hour>0</Hour>
                <Minute>1</Minute>
            </PubMedPubDate>
            <PubMedPubDate PubStatus="entrez">
                <Year>1994</Year>
                <Month>1</Month>
                <Day>1</Day>
                <Hour>0</Hour>
                <Minute>0</Minute>
            </PubMedPubDate>
        </History>
        <PublicationStatus>ppublish</PublicationStatus>
        <ArticleIdList>
            <ArticleId IdType="pubmed">7835179</ArticleId>
            <ArticleId IdType="doi">10.1007/BF01204600</ArticleId>
        </ArticleIdList>
        <ReferenceList>
            <Reference>
                <Citation>Ophthalmology. 1984 Apr;91(4):384-94</Citation>
                <ArticleIdList>
                    <ArticleId IdType="pubmed">6201793</ArticleId>
                </ArticleIdList>
            </Reference>
            <Reference>
                <Citation>Ophthalmology. 1992 May;99(5):679-87</Citation>
                <ArticleIdList>
                    <ArticleId IdType="pubmed">1594211</ArticleId>
                </ArticleIdList>
            </Reference>
            <Reference>
                <Citation>Trans Ophthalmol Soc U K. 1982 Apr;102 (Pt 1):122-4</Citation>
                <ArticleIdList>
                    <ArticleId IdType="pubmed">6188248</ArticleId>
                </ArticleIdList>
            </Reference>
            <Reference>
                <Citation>Trans Ophthalmol Soc U K. 1983;103 ( Pt 1):39-41</Citation>
                <ArticleIdList>
                    <ArticleId IdType="pubmed">6581633</ArticleId>
                </ArticleIdList>
            </Reference>
            <Reference>
                <Citation>Ophthalmology. 1984 Oct;91(10):1242-6</Citation>
                <ArticleIdList>
                    <ArticleId IdType="pubmed">6083518</ArticleId>
                </ArticleIdList>
            </Reference>
            <Reference>
                <Citation>Ophthalmology. 1991 Jul;98(7):1042-6</Citation>
                <ArticleIdList>
                    <ArticleId IdType="pubmed">1891211</ArticleId>
                </ArticleIdList>
            </Reference>
            <Reference>
                <Citation>Ophthalmology. 1986 Dec;93(12):1537-46</Citation>
                <ArticleIdList>
                    <ArticleId IdType="pubmed">2433656</ArticleId>
                </ArticleIdList>
            </Reference>
            <Reference>
                <Citation>Trans Am Ophthalmol Soc. 1984;82:282-301</Citation>
                <ArticleIdList>
                    <ArticleId IdType="pubmed">6535327</ArticleId>
                </ArticleIdList>
            </Reference>
            <Reference>
                <Citation>Ophthalmology. 1984 Sep;91(9):1045-51</Citation>
                <ArticleIdList>
                    <ArticleId IdType="pubmed">6493713</ArticleId>
                </ArticleIdList>
            </Reference>
            <Reference>
                <Citation>Surv Ophthalmol. 1990 May-Jun;34(6):441-8</Citation>
                <ArticleIdList>
                    <ArticleId IdType="pubmed">2194308</ArticleId>
                </ArticleIdList>
            </Reference>
            <Reference>
                <Citation>Jpn J Ophthalmol. 1982;26(4):361-73</Citation>
                <ArticleIdList>
                    <ArticleId IdType="pubmed">7166896</ArticleId>
                </ArticleIdList>
            </Reference>
            <Reference>
                <Citation>Ophthalmology. 1992 Oct;99(10):1512-9</Citation>
                <ArticleIdList>
                    <ArticleId IdType="pubmed">1454316</ArticleId>
                </ArticleIdList>
            </Reference>
            <Reference>
                <Citation>Ophthalmic Surg. 1979 Jan;10(1):76-80</Citation>
                <ArticleIdList>
                    <ArticleId IdType="pubmed">424174</ArticleId>
                </ArticleIdList>
            </Reference>
            <Reference>
                <Citation>Ophthalmic Surg. 1985 Aug;16(8):480-3</Citation>
                <ArticleIdList>
                    <ArticleId IdType="pubmed">4047590</ArticleId>
                </ArticleIdList>
            </Reference>
        </ReferenceList>
    </PubmedData>
</PubmedArticle>

</PubmedArticleSet>