<?xml version="1.0" ?>
<!DOCTYPE PubmedArticleSet PUBLIC "-//NLM//DTD PubMedArticle, 1st January 2019//EN" "https://dtd.nlm.nih.gov/ncbi/pubmed/out/pubmed_190101.dtd">
<PubmedArticleSet>
<PubmedArticle>
    <MedlineCitation Status="MEDLINE" Owner="NLM">
        <PMID Version="1">8058290</PMID>
        <DateCompleted>
            <Year>1994</Year>
            <Month>09</Month>
            <Day>12</Day>
        </DateCompleted>
        <DateRevised>
            <Year>2019</Year>
            <Month>07</Month>
            <Day>26</Day>
        </DateRevised>
        <Article PubModel="Print">
            <Journal>
                <ISSN IssnType="Print">0161-6420</ISSN>
                <JournalIssue CitedMedium="Print">
                    <Volume>101</Volume>
                    <Issue>8</Issue>
                    <PubDate>
                        <Year>1994</Year>
                        <Month>Aug</Month>
                    </PubDate>
                </JournalIssue>
                <Title>Ophthalmology</Title>
                <ISOAbbreviation>Ophthalmology</ISOAbbreviation>
            </Journal>
            <ArticleTitle>Intermediate-term results of a randomized clinical trial of the 350- versus the 500-mm2 Baerveldt implant.</ArticleTitle>
            <Pagination>
                <MedlinePgn>1456-63; discussion 1463-4</MedlinePgn>
            </Pagination>
            <Abstract>
                <AbstractText Label="BACKGROUND" NlmCategory="BACKGROUND">The Baerveldt glaucoma implant is a large equatorial aqueous shunting device that is installed through a single-quadrant conjunctival incision. The intermediate-term results of a randomized study comparing the 350- and 500-mm2 Baerveldt implants are reported.</AbstractText>
                <AbstractText Label="METHODS" NlmCategory="METHODS">Seventy-three patients with medically uncontrollable, nonneovascular glaucomas associated with aphakia, pseudophakia, or failed filters were enrolled in a randomized, prospective study comparing 350- and 500-mm2 Baerveldt implants. Surgical success was defined as 6 mmHg &lt; or = final intraocular pressure &lt; or = 21 mmHg without glaucoma reoperation or devastating complication.</AbstractText>
                <AbstractText Label="RESULTS" NlmCategory="RESULTS">Of patients with 350- and 500-mm2 implants, 93% and 88%, respectively, achieved surgical success (18-month life-table analysis, P = 0.93). The 500-mm2 implants afforded intraocular pressure control with significantly fewer medications (0.7 versus 1.3; P = 0.006). The postoperative visual acuities remained within one line of the preoperative visual acuities or improved in 62% and 66% of patients in the 350- and 500-mm2 groups, respectively (P = 0.93). Complication rates were statistically similar. The most frequent ones in the 350- and 500-mm2 groups, respectively, were serous choroidal effusion (16% and 32%), strabismus (16% and 19%), anterior uveitis (14% and 11%), and corneal or corneal graft edema (11% each).</AbstractText>
                <AbstractText Label="CONCLUSION" NlmCategory="CONCLUSIONS">The intermediate-term results of the 350- and 500-mm2 Baerveldt implants were statistically comparable with respect to surgical and visual outcomes, as well as complications, although the larger implant was associated with a higher rate of some complications. However, the 500-mm2 Baerveldt implant afforded intraocular pressure control with fewer medications than the 350-mm2 implant.</AbstractText>
            </Abstract>
            <AuthorList CompleteYN="Y">
                <Author ValidYN="Y">
                    <LastName>Lloyd</LastName>
                    <ForeName>M A</ForeName>
                    <Initials>MA</Initials>
                    <AffiliationInfo>
                        <Affiliation>Department of Ophthalmology, University of Southern California School of Medicine, Los Angeles.</Affiliation>
                    </AffiliationInfo>
                </Author>
                <Author ValidYN="Y">
                    <LastName>Baerveldt</LastName>
                    <ForeName>G</ForeName>
                    <Initials>G</Initials>
                </Author>
                <Author ValidYN="Y">
                    <LastName>Fellenbaum</LastName>
                    <ForeName>P S</ForeName>
                    <Initials>PS</Initials>
                </Author>
                <Author ValidYN="Y">
                    <LastName>Sidoti</LastName>
                    <ForeName>P A</ForeName>
                    <Initials>PA</Initials>
                </Author>
                <Author ValidYN="Y">
                    <LastName>Minckler</LastName>
                    <ForeName>D S</ForeName>
                    <Initials>DS</Initials>
                </Author>
                <Author ValidYN="Y">
                    <LastName>Martone</LastName>
                    <ForeName>J F</ForeName>
                    <Initials>JF</Initials>
                </Author>
                <Author ValidYN="Y">
                    <LastName>LaBree</LastName>
                    <ForeName>L</ForeName>
                    <Initials>L</Initials>
                </Author>
                <Author ValidYN="Y">
                    <LastName>Heuer</LastName>
                    <ForeName>D K</ForeName>
                    <Initials>DK</Initials>
                </Author>
            </AuthorList>
            <Language>eng</Language>
            <PublicationTypeList>
                <PublicationType UI="D016430">Clinical Trial</PublicationType>
                <PublicationType UI="D003160">Comparative Study</PublicationType>
                <PublicationType UI="D016428">Journal Article</PublicationType>
                <PublicationType UI="D016449">Randomized Controlled Trial</PublicationType>
                <PublicationType UI="D013485">Research Support, Non-U.S. Gov't</PublicationType>
            </PublicationTypeList>
        </Article>
        <MedlineJournalInfo>
            <Country>United States</Country>
            <MedlineTA>Ophthalmology</MedlineTA>
            <NlmUniqueID>7802443</NlmUniqueID>
            <ISSNLinking>0161-6420</ISSNLinking>
        </MedlineJournalInfo>
        <CitationSubset>IM</CitationSubset>
        <MeshHeadingList>
            <MeshHeading>
                <DescriptorName UI="D000293" MajorTopicYN="N">Adolescent</DescriptorName>
            </MeshHeading>
            <MeshHeading>
                <DescriptorName UI="D000328" MajorTopicYN="N">Adult</DescriptorName>
            </MeshHeading>
            <MeshHeading>
                <DescriptorName UI="D000368" MajorTopicYN="N">Aged</DescriptorName>
            </MeshHeading>
            <MeshHeading>
                <DescriptorName UI="D000369" MajorTopicYN="N">Aged, 80 and over</DescriptorName>
            </MeshHeading>
            <MeshHeading>
                <DescriptorName UI="D002648" MajorTopicYN="N">Child</DescriptorName>
            </MeshHeading>
            <MeshHeading>
                <DescriptorName UI="D004322" MajorTopicYN="N">Drainage</DescriptorName>
                <QualifierName UI="Q000295" MajorTopicYN="N">instrumentation</QualifierName>
            </MeshHeading>
            <MeshHeading>
                <DescriptorName UI="D005901" MajorTopicYN="N">Glaucoma</DescriptorName>
                <QualifierName UI="Q000000981" MajorTopicYN="N">diagnostic imaging</QualifierName>
                <QualifierName UI="Q000209" MajorTopicYN="N">etiology</QualifierName>
                <QualifierName UI="Q000601" MajorTopicYN="Y">surgery</QualifierName>
            </MeshHeading>
            <MeshHeading>
                <DescriptorName UI="D006801" MajorTopicYN="N">Humans</DescriptorName>
            </MeshHeading>
            <MeshHeading>
                <DescriptorName UI="D008875" MajorTopicYN="N">Middle Aged</DescriptorName>
            </MeshHeading>
            <MeshHeading>
                <DescriptorName UI="D011183" MajorTopicYN="N">Postoperative Complications</DescriptorName>
            </MeshHeading>
            <MeshHeading>
                <DescriptorName UI="D011446" MajorTopicYN="N">Prospective Studies</DescriptorName>
            </MeshHeading>
            <MeshHeading>
                <DescriptorName UI="D019736" MajorTopicYN="Y">Prostheses and Implants</DescriptorName>
            </MeshHeading>
            <MeshHeading>
                <DescriptorName UI="D016896" MajorTopicYN="N">Treatment Outcome</DescriptorName>
            </MeshHeading>
            <MeshHeading>
                <DescriptorName UI="D014463" MajorTopicYN="N">Ultrasonography</DescriptorName>
            </MeshHeading>
        </MeshHeadingList>
    </MedlineCitation>
    <PubmedData>
        <History>
            <PubMedPubDate PubStatus="pubmed">
                <Year>1994</Year>
                <Month>8</Month>
                <Day>1</Day>
            </PubMedPubDate>
            <PubMedPubDate PubStatus="medline">
                <Year>1994</Year>
                <Month>8</Month>
                <Day>1</Day>
                <Hour>0</Hour>
                <Minute>1</Minute>
            </PubMedPubDate>
            <PubMedPubDate PubStatus="entrez">
                <Year>1994</Year>
                <Month>8</Month>
                <Day>1</Day>
                <Hour>0</Hour>
                <Minute>0</Minute>
            </PubMedPubDate>
        </History>
        <PublicationStatus>ppublish</PublicationStatus>
        <ArticleIdList>
            <ArticleId IdType="pubmed">8058290</ArticleId>
            <ArticleId IdType="pii">S0161-6420(94)31152-3</ArticleId>
            <ArticleId IdType="doi">10.1016/s0161-6420(94)31152-3</ArticleId>
        </ArticleIdList>
    </PubmedData>
</PubmedArticle>

</PubmedArticleSet>