<?xml version="1.0" ?>
<!DOCTYPE PubmedArticleSet PUBLIC "-//NLM//DTD PubMedArticle, 1st January 2019//EN" "https://dtd.nlm.nih.gov/ncbi/pubmed/out/pubmed_190101.dtd">
<PubmedArticleSet>
<PubmedArticle>
    <MedlineCitation Status="MEDLINE" Owner="NLM">
        <PMID Version="1">8259244</PMID>
        <DateCompleted>
            <Year>1994</Year>
            <Month>01</Month>
            <Day>19</Day>
        </DateCompleted>
        <DateRevised>
            <Year>2013</Year>
            <Month>11</Month>
            <Day>21</Day>
        </DateRevised>
        <Article PubModel="Print">
            <Journal>
                <ISSN IssnType="Print">0022-023X</ISSN>
                <JournalIssue CitedMedium="Print">
                    <Volume>24</Volume>
                    <Issue>10</Issue>
                    <PubDate>
                        <Year>1993</Year>
                        <Month>Oct</Month>
                    </PubDate>
                </JournalIssue>
                <Title>Ophthalmic surgery</Title>
                <ISOAbbreviation>Ophthalmic Surg</ISOAbbreviation>
            </Journal>
            <ArticleTitle>Trabeculectomy with 5-fluorouracil vs single-plate Molteno implantation.</ArticleTitle>
            <Pagination>
                <MedlinePgn>669-73</MedlinePgn>
            </Pagination>
            <Abstract>
                <AbstractText>We compared the results achieved in 22 consecutive patients who underwent single-plate Molteno implantation, with those achieved in a matched group who had trabeculectomy with postoperative 5-fluorouracil. Six months following surgery, the average intraocular pressure (IOP) in the Molteno group was 15.4 +/- 8.0 mm Hg, and in the trabeculectomy group, 16.1 +/- 5.6 mm Hg (P = .920). A mean of 1.4 antiglaucoma medications were being used in each group (P = .776). Complications following Molteno implantation included six tube revisions and three flat anterior chambers; following trabeculectomy, eight serous choroidal detachments and nine positive Seidel tests. This study suggests that Molteno implantation and trabeculectomy with adjunctive 5-fluorouracil provide similar IOP control, but that the two procedures are associated with different types of complications.</AbstractText>
            </Abstract>
            <AuthorList CompleteYN="Y">
                <Author ValidYN="Y">
                    <LastName>Bluestein</LastName>
                    <ForeName>E C</ForeName>
                    <Initials>EC</Initials>
                    <AffiliationInfo>
                        <Affiliation>Department of Ophthalmology, Medical University of South Carolina, Charleston 29425-2236.</Affiliation>
                    </AffiliationInfo>
                </Author>
                <Author ValidYN="Y">
                    <LastName>Stewart</LastName>
                    <ForeName>W C</ForeName>
                    <Initials>WC</Initials>
                </Author>
            </AuthorList>
            <Language>eng</Language>
            <PublicationTypeList>
                <PublicationType UI="D003160">Comparative Study</PublicationType>
                <PublicationType UI="D016428">Journal Article</PublicationType>
                <PublicationType UI="D013485">Research Support, Non-U.S. Gov't</PublicationType>
            </PublicationTypeList>
        </Article>
        <MedlineJournalInfo>
            <Country>United States</Country>
            <MedlineTA>Ophthalmic Surg</MedlineTA>
            <NlmUniqueID>0241035</NlmUniqueID>
            <ISSNLinking>0022-023X</ISSNLinking>
        </MedlineJournalInfo>
        <ChemicalList>
            <Chemical>
                <RegistryNumber>0</RegistryNumber>
                <NameOfSubstance UI="D012826">Silicone Elastomers</NameOfSubstance>
            </Chemical>
            <Chemical>
                <RegistryNumber>U3P01618RT</RegistryNumber>
                <NameOfSubstance UI="D005472">Fluorouracil</NameOfSubstance>
            </Chemical>
        </ChemicalList>
        <CitationSubset>IM</CitationSubset>
        <CommentsCorrectionsList>
            <CommentsCorrections RefType="CommentIn">
                <RefSource>Ophthalmic Surg. 1994 Mar;25(3):202</RefSource>
                <PMID Version="1">8196929</PMID>
            </CommentsCorrections>
        </CommentsCorrectionsList>
        <MeshHeadingList>
            <MeshHeading>
                <DescriptorName UI="D000328" MajorTopicYN="N">Adult</DescriptorName>
            </MeshHeading>
            <MeshHeading>
                <DescriptorName UI="D000368" MajorTopicYN="N">Aged</DescriptorName>
            </MeshHeading>
            <MeshHeading>
                <DescriptorName UI="D003131" MajorTopicYN="N">Combined Modality Therapy</DescriptorName>
            </MeshHeading>
            <MeshHeading>
                <DescriptorName UI="D005260" MajorTopicYN="N">Female</DescriptorName>
            </MeshHeading>
            <MeshHeading>
                <DescriptorName UI="D005472" MajorTopicYN="N">Fluorouracil</DescriptorName>
                <QualifierName UI="Q000008" MajorTopicYN="N">administration &amp; dosage</QualifierName>
                <QualifierName UI="Q000627" MajorTopicYN="Y">therapeutic use</QualifierName>
            </MeshHeading>
            <MeshHeading>
                <DescriptorName UI="D005901" MajorTopicYN="N">Glaucoma</DescriptorName>
                <QualifierName UI="Q000188" MajorTopicYN="N">drug therapy</QualifierName>
                <QualifierName UI="Q000601" MajorTopicYN="Y">surgery</QualifierName>
            </MeshHeading>
            <MeshHeading>
                <DescriptorName UI="D006801" MajorTopicYN="N">Humans</DescriptorName>
            </MeshHeading>
            <MeshHeading>
                <DescriptorName UI="D007429" MajorTopicYN="N">Intraocular Pressure</DescriptorName>
            </MeshHeading>
            <MeshHeading>
                <DescriptorName UI="D008297" MajorTopicYN="N">Male</DescriptorName>
            </MeshHeading>
            <MeshHeading>
                <DescriptorName UI="D008875" MajorTopicYN="N">Middle Aged</DescriptorName>
            </MeshHeading>
            <MeshHeading>
                <DescriptorName UI="D011183" MajorTopicYN="N">Postoperative Complications</DescriptorName>
            </MeshHeading>
            <MeshHeading>
                <DescriptorName UI="D011379" MajorTopicYN="N">Prognosis</DescriptorName>
            </MeshHeading>
            <MeshHeading>
                <DescriptorName UI="D019736" MajorTopicYN="Y">Prostheses and Implants</DescriptorName>
            </MeshHeading>
            <MeshHeading>
                <DescriptorName UI="D012826" MajorTopicYN="Y">Silicone Elastomers</DescriptorName>
            </MeshHeading>
            <MeshHeading>
                <DescriptorName UI="D014130" MajorTopicYN="Y">Trabeculectomy</DescriptorName>
            </MeshHeading>
            <MeshHeading>
                <DescriptorName UI="D014792" MajorTopicYN="N">Visual Acuity</DescriptorName>
            </MeshHeading>
        </MeshHeadingList>
    </MedlineCitation>
    <PubmedData>
        <History>
            <PubMedPubDate PubStatus="pubmed">
                <Year>1993</Year>
                <Month>10</Month>
                <Day>1</Day>
            </PubMedPubDate>
            <PubMedPubDate PubStatus="medline">
                <Year>1993</Year>
                <Month>10</Month>
                <Day>1</Day>
                <Hour>0</Hour>
                <Minute>1</Minute>
            </PubMedPubDate>
            <PubMedPubDate PubStatus="entrez">
                <Year>1993</Year>
                <Month>10</Month>
                <Day>1</Day>
                <Hour>0</Hour>
                <Minute>0</Minute>
            </PubMedPubDate>
        </History>
        <PublicationStatus>ppublish</PublicationStatus>
        <ArticleIdList>
            <ArticleId IdType="pubmed">8259244</ArticleId>
        </ArticleIdList>
    </PubmedData>
</PubmedArticle>

</PubmedArticleSet>