<?xml version="1.0" ?>
<!DOCTYPE PubmedArticleSet PUBLIC "-//NLM//DTD PubMedArticle, 1st January 2019//EN" "https://dtd.nlm.nih.gov/ncbi/pubmed/out/pubmed_190101.dtd">
<PubmedArticleSet>
<PubmedArticle>
    <MedlineCitation Status="MEDLINE" Owner="NLM">
        <PMID Version="1">8433833</PMID>
        <DateCompleted>
            <Year>1993</Year>
            <Month>03</Month>
            <Day>18</Day>
        </DateCompleted>
        <DateRevised>
            <Year>2019</Year>
            <Month>07</Month>
            <Day>26</Day>
        </DateRevised>
        <Article PubModel="Print">
            <Journal>
                <ISSN IssnType="Print">0161-6420</ISSN>
                <JournalIssue CitedMedium="Print">
                    <Volume>100</Volume>
                    <Issue>1</Issue>
                    <PubDate>
                        <Year>1993</Year>
                        <Month>Jan</Month>
                    </PubDate>
                </JournalIssue>
                <Title>Ophthalmology</Title>
                <ISOAbbreviation>Ophthalmology</ISOAbbreviation>
            </Journal>
            <ArticleTitle>Prevention of early hypotony associated with Molteno implants by a new occluding stent technique.</ArticleTitle>
            <Pagination>
                <MedlinePgn>85-90</MedlinePgn>
            </Pagination>
            <Abstract>
                <AbstractText Label="BACKGROUND" NlmCategory="BACKGROUND">A major complication of unvalved drainage tube implants is hypotony. Occluding stents to internally block the tube, but which lie exposed in the inferior fornix, have been described. The authors report modifications of this technique.</AbstractText>
                <AbstractText Label="METHODS" NlmCategory="METHODS">A nonexposed 3-0 Supramid suture is used to internally block the tube, with the end placed subconjunctivally. Small venting slits are made in the extrascleral portion of the tube to provide early control of intraocular pressure. Molteno implants were placed in 32 eyes of 29 patients using these modifications.</AbstractText>
                <AbstractText Label="RESULTS" NlmCategory="RESULTS">Mean preoperative intraocular pressure was 30.3 mmHg on an average of 2.6 medications. The stent was pulled without difficulty in the office treatment room a mean of 26 days postoperatively. Intraocular pressure from postoperative day 2 until the day of stent removal ranged from 2 to 26 mmHg, with 72% of eyes having intraocular pressure between 5 and 19 mmHg. There were 3 (9.4%) minor complications in the 32 eyes, with 1 case of early anterior chamber shallowing and 2 cases of moderate choroidal detachments, which settled spontaneously. With an average follow-up of 10.2 months, mean intraocular pressure at the final visit was 13.4 mmHg on an average of 1 medication.</AbstractText>
                <AbstractText Label="CONCLUSION" NlmCategory="CONCLUSIONS">The &quot;occluding stent&quot; described here can be a helpful adjunct to unvalved drainage tube surgery in preventing early postoperative hypotony.</AbstractText>
            </Abstract>
            <AuthorList CompleteYN="Y">
                <Author ValidYN="Y">
                    <LastName>Sherwood</LastName>
                    <ForeName>M B</ForeName>
                    <Initials>MB</Initials>
                    <AffiliationInfo>
                        <Affiliation>Department of Ophthalmology, University of Florida College of Medicine, Gainesville 32610-0284.</Affiliation>
                    </AffiliationInfo>
                </Author>
                <Author ValidYN="Y">
                    <LastName>Smith</LastName>
                    <ForeName>M F</ForeName>
                    <Initials>MF</Initials>
                </Author>
            </AuthorList>
            <Language>eng</Language>
            <PublicationTypeList>
                <PublicationType UI="D016428">Journal Article</PublicationType>
                <PublicationType UI="D013485">Research Support, Non-U.S. Gov't</PublicationType>
            </PublicationTypeList>
        </Article>
        <MedlineJournalInfo>
            <Country>United States</Country>
            <MedlineTA>Ophthalmology</MedlineTA>
            <NlmUniqueID>7802443</NlmUniqueID>
            <ISSNLinking>0161-6420</ISSNLinking>
        </MedlineJournalInfo>
        <CitationSubset>IM</CitationSubset>
        <MeshHeadingList>
            <MeshHeading>
                <DescriptorName UI="D000293" MajorTopicYN="N">Adolescent</DescriptorName>
            </MeshHeading>
            <MeshHeading>
                <DescriptorName UI="D000328" MajorTopicYN="N">Adult</DescriptorName>
            </MeshHeading>
            <MeshHeading>
                <DescriptorName UI="D000368" MajorTopicYN="N">Aged</DescriptorName>
            </MeshHeading>
            <MeshHeading>
                <DescriptorName UI="D000369" MajorTopicYN="N">Aged, 80 and over</DescriptorName>
            </MeshHeading>
            <MeshHeading>
                <DescriptorName UI="D002648" MajorTopicYN="N">Child</DescriptorName>
            </MeshHeading>
            <MeshHeading>
                <DescriptorName UI="D002675" MajorTopicYN="N">Child, Preschool</DescriptorName>
            </MeshHeading>
            <MeshHeading>
                <DescriptorName UI="D005260" MajorTopicYN="N">Female</DescriptorName>
            </MeshHeading>
            <MeshHeading>
                <DescriptorName UI="D005500" MajorTopicYN="N">Follow-Up Studies</DescriptorName>
            </MeshHeading>
            <MeshHeading>
                <DescriptorName UI="D005901" MajorTopicYN="N">Glaucoma</DescriptorName>
                <QualifierName UI="Q000601" MajorTopicYN="Y">surgery</QualifierName>
            </MeshHeading>
            <MeshHeading>
                <DescriptorName UI="D006801" MajorTopicYN="N">Humans</DescriptorName>
            </MeshHeading>
            <MeshHeading>
                <DescriptorName UI="D007429" MajorTopicYN="Y">Intraocular Pressure</DescriptorName>
            </MeshHeading>
            <MeshHeading>
                <DescriptorName UI="D008297" MajorTopicYN="N">Male</DescriptorName>
            </MeshHeading>
            <MeshHeading>
                <DescriptorName UI="D008875" MajorTopicYN="N">Middle Aged</DescriptorName>
            </MeshHeading>
            <MeshHeading>
                <DescriptorName UI="D015814" MajorTopicYN="N">Ocular Hypotension</DescriptorName>
                <QualifierName UI="Q000209" MajorTopicYN="N">etiology</QualifierName>
                <QualifierName UI="Q000517" MajorTopicYN="Y">prevention &amp; control</QualifierName>
            </MeshHeading>
            <MeshHeading>
                <DescriptorName UI="D019736" MajorTopicYN="N">Prostheses and Implants</DescriptorName>
                <QualifierName UI="Q000009" MajorTopicYN="Y">adverse effects</QualifierName>
            </MeshHeading>
            <MeshHeading>
                <DescriptorName UI="D015607" MajorTopicYN="Y">Stents</DescriptorName>
            </MeshHeading>
            <MeshHeading>
                <DescriptorName UI="D013536" MajorTopicYN="N">Suture Techniques</DescriptorName>
            </MeshHeading>
        </MeshHeadingList>
    </MedlineCitation>
    <PubmedData>
        <History>
            <PubMedPubDate PubStatus="pubmed">
                <Year>1993</Year>
                <Month>1</Month>
                <Day>1</Day>
            </PubMedPubDate>
            <PubMedPubDate PubStatus="medline">
                <Year>1993</Year>
                <Month>1</Month>
                <Day>1</Day>
                <Hour>0</Hour>
                <Minute>1</Minute>
            </PubMedPubDate>
            <PubMedPubDate PubStatus="entrez">
                <Year>1993</Year>
                <Month>1</Month>
                <Day>1</Day>
                <Hour>0</Hour>
                <Minute>0</Minute>
            </PubMedPubDate>
        </History>
        <PublicationStatus>ppublish</PublicationStatus>
        <ArticleIdList>
            <ArticleId IdType="pubmed">8433833</ArticleId>
            <ArticleId IdType="pii">S0161-6420(93)31688-X</ArticleId>
            <ArticleId IdType="doi">10.1016/s0161-6420(93)31688-x</ArticleId>
        </ArticleIdList>
    </PubmedData>
</PubmedArticle>

</PubmedArticleSet>