<?xml version="1.0" ?>
<!DOCTYPE PubmedArticleSet PUBLIC "-//NLM//DTD PubMedArticle, 1st January 2019//EN" "https://dtd.nlm.nih.gov/ncbi/pubmed/out/pubmed_190101.dtd">
<PubmedArticleSet>
<PubmedArticle>
    <MedlineCitation Status="MEDLINE" Owner="NLM">
        <PMID Version="1">9097766</PMID>
        <DateCompleted>
            <Year>1997</Year>
            <Month>04</Month>
            <Day>30</Day>
        </DateCompleted>
        <DateRevised>
            <Year>2019</Year>
            <Month>07</Month>
            <Day>26</Day>
        </DateRevised>
        <Article PubModel="Print">
            <Journal>
                <ISSN IssnType="Print">0161-6420</ISSN>
                <JournalIssue CitedMedium="Print">
                    <Volume>102</Volume>
                    <Issue>9</Issue>
                    <PubDate>
                        <Year>1995</Year>
                        <Month>Sep</Month>
                    </PubDate>
                </JournalIssue>
                <Title>Ophthalmology</Title>
                <ISOAbbreviation>Ophthalmology</ISOAbbreviation>
            </Journal>
            <ArticleTitle>Clinical experience with the Baerveldt glaucoma drainage implant.</ArticleTitle>
            <Pagination>
                <MedlinePgn>1298-307</MedlinePgn>
            </Pagination>
            <Abstract>
                <AbstractText Label="PURPOSE" NlmCategory="OBJECTIVE">To assess clinical outcomes in patients who were treated with the Baerveldt glaucoma drainage implant.</AbstractText>
                <AbstractText Label="METHODS" NlmCategory="METHODS">The authors performed a retrospective multicenter study of 100 patients (103 eyes) with medically uncontrollable glaucomas who underwent a one-stage implantation with either the 200-, 250-, 350-, or 500-mm2 Baerveldt implant. The authors defined surgical success as 5 mmHg less than intraocular pressure less than 22 mmHg without additional glaucoma surgery and without loss of light perception.</AbstractText>
                <AbstractText Label="RESULTS" NlmCategory="RESULTS">With a mean follow-up of 13.6 +/- 0.9 months (range, 4-37 months), 74 eyes (71.8%) had successful outcomes. Cumulative life-table success rates were 90.3% at 3 months (n = 103), 72.6% at 6 months (n = 84), and 60.3% at 24 months (n = 34). Intraocular pressure (IOP) was reduced from a mean of 38.5 +/- 1.4 mmHg with 2.2 +/- 0.1 antiglaucoma medications to 15.1 +/- 0.8 mmHg (P &lt; 0.0005) with 0.5 +/- 0.1 antiglaucoma medications (P &lt; 0.0005). Visual acuity was improved or remained within one line of the preoperative visual acuity in 90 eyes (87.4%). Complications occurred in 74 eyes (71.8%). A significant portion of these complications (45%) was transient, resolving without any intervention. Only 8% were serious sight-threatening complications. The most common complications included shallow anterior chamber or hypotony (32%), choroidal effusion or hemorrhage (20.4%), corneal decompensation or edema (17.5%), hyphema (14.1%), and tube obstruction (12.6%).</AbstractText>
                <AbstractText Label="CONCLUSION" NlmCategory="CONCLUSIONS">The Baerveldt implant is effective in lowering the IOP in patients with intractable glaucomas. Hypotony and other complications are common, which also have been reported in other nonvalved glaucoma drainage implants. However, the majority of these complications did not affect surgical outcome.</AbstractText>
            </Abstract>
            <AuthorList CompleteYN="Y">
                <Author ValidYN="Y">
                    <LastName>Siegner</LastName>
                    <ForeName>S W</ForeName>
                    <Initials>SW</Initials>
                    <AffiliationInfo>
                        <Affiliation>Department of Ophthalmology, Massachusetts Eye and Ear Infirmary, Harvard Medical School 02114, USA.</Affiliation>
                    </AffiliationInfo>
                </Author>
                <Author ValidYN="Y">
                    <LastName>Netland</LastName>
                    <ForeName>P A</ForeName>
                    <Initials>PA</Initials>
                </Author>
                <Author ValidYN="Y">
                    <LastName>Urban</LastName>
                    <ForeName>R C</ForeName>
                    <Initials>RC</Initials>
                    <Suffix>Jr</Suffix>
                </Author>
                <Author ValidYN="Y">
                    <LastName>Williams</LastName>
                    <ForeName>A S</ForeName>
                    <Initials>AS</Initials>
                </Author>
                <Author ValidYN="Y">
                    <LastName>Richards</LastName>
                    <ForeName>D W</ForeName>
                    <Initials>DW</Initials>
                </Author>
                <Author ValidYN="Y">
                    <LastName>Latina</LastName>
                    <ForeName>M A</ForeName>
                    <Initials>MA</Initials>
                </Author>
                <Author ValidYN="Y">
                    <LastName>Brandt</LastName>
                    <ForeName>J D</ForeName>
                    <Initials>JD</Initials>
                </Author>
            </AuthorList>
            <Language>eng</Language>
            <PublicationTypeList>
                <PublicationType UI="D016428">Journal Article</PublicationType>
                <PublicationType UI="D016448">Multicenter Study</PublicationType>
                <PublicationType UI="D013485">Research Support, Non-U.S. Gov't</PublicationType>
            </PublicationTypeList>
        </Article>
        <MedlineJournalInfo>
            <Country>United States</Country>
            <MedlineTA>Ophthalmology</MedlineTA>
            <NlmUniqueID>7802443</NlmUniqueID>
            <ISSNLinking>0161-6420</ISSNLinking>
        </MedlineJournalInfo>
        <CitationSubset>IM</CitationSubset>
        <MeshHeadingList>
            <MeshHeading>
                <DescriptorName UI="D000293" MajorTopicYN="N">Adolescent</DescriptorName>
            </MeshHeading>
            <MeshHeading>
                <DescriptorName UI="D000328" MajorTopicYN="N">Adult</DescriptorName>
            </MeshHeading>
            <MeshHeading>
                <DescriptorName UI="D000368" MajorTopicYN="N">Aged</DescriptorName>
            </MeshHeading>
            <MeshHeading>
                <DescriptorName UI="D000369" MajorTopicYN="N">Aged, 80 and over</DescriptorName>
            </MeshHeading>
            <MeshHeading>
                <DescriptorName UI="D002648" MajorTopicYN="N">Child</DescriptorName>
            </MeshHeading>
            <MeshHeading>
                <DescriptorName UI="D002675" MajorTopicYN="N">Child, Preschool</DescriptorName>
            </MeshHeading>
            <MeshHeading>
                <DescriptorName UI="D004322" MajorTopicYN="N">Drainage</DescriptorName>
                <QualifierName UI="Q000295" MajorTopicYN="Y">instrumentation</QualifierName>
            </MeshHeading>
            <MeshHeading>
                <DescriptorName UI="D005260" MajorTopicYN="N">Female</DescriptorName>
            </MeshHeading>
            <MeshHeading>
                <DescriptorName UI="D005500" MajorTopicYN="N">Follow-Up Studies</DescriptorName>
            </MeshHeading>
            <MeshHeading>
                <DescriptorName UI="D005901" MajorTopicYN="N">Glaucoma</DescriptorName>
                <QualifierName UI="Q000150" MajorTopicYN="N">complications</QualifierName>
                <QualifierName UI="Q000601" MajorTopicYN="Y">surgery</QualifierName>
            </MeshHeading>
            <MeshHeading>
                <DescriptorName UI="D006801" MajorTopicYN="N">Humans</DescriptorName>
            </MeshHeading>
            <MeshHeading>
                <DescriptorName UI="D007223" MajorTopicYN="N">Infant</DescriptorName>
            </MeshHeading>
            <MeshHeading>
                <DescriptorName UI="D007429" MajorTopicYN="N">Intraocular Pressure</DescriptorName>
            </MeshHeading>
            <MeshHeading>
                <DescriptorName UI="D015993" MajorTopicYN="N">Life Tables</DescriptorName>
            </MeshHeading>
            <MeshHeading>
                <DescriptorName UI="D008297" MajorTopicYN="N">Male</DescriptorName>
            </MeshHeading>
            <MeshHeading>
                <DescriptorName UI="D008875" MajorTopicYN="N">Middle Aged</DescriptorName>
            </MeshHeading>
            <MeshHeading>
                <DescriptorName UI="D011183" MajorTopicYN="N">Postoperative Complications</DescriptorName>
            </MeshHeading>
            <MeshHeading>
                <DescriptorName UI="D019736" MajorTopicYN="Y">Prostheses and Implants</DescriptorName>
            </MeshHeading>
            <MeshHeading>
                <DescriptorName UI="D012189" MajorTopicYN="N">Retrospective Studies</DescriptorName>
            </MeshHeading>
            <MeshHeading>
                <DescriptorName UI="D016896" MajorTopicYN="N">Treatment Outcome</DescriptorName>
            </MeshHeading>
            <MeshHeading>
                <DescriptorName UI="D014792" MajorTopicYN="N">Visual Acuity</DescriptorName>
            </MeshHeading>
        </MeshHeadingList>
    </MedlineCitation>
    <PubmedData>
        <History>
            <PubMedPubDate PubStatus="pubmed">
                <Year>1995</Year>
                <Month>9</Month>
                <Day>1</Day>
            </PubMedPubDate>
            <PubMedPubDate PubStatus="medline">
                <Year>2001</Year>
                <Month>3</Month>
                <Day>28</Day>
                <Hour>10</Hour>
                <Minute>1</Minute>
            </PubMedPubDate>
            <PubMedPubDate PubStatus="entrez">
                <Year>1995</Year>
                <Month>9</Month>
                <Day>1</Day>
                <Hour>0</Hour>
                <Minute>0</Minute>
            </PubMedPubDate>
        </History>
        <PublicationStatus>ppublish</PublicationStatus>
        <ArticleIdList>
            <ArticleId IdType="pubmed">9097766</ArticleId>
            <ArticleId IdType="pii">S0161-6420(95)30871-8</ArticleId>
            <ArticleId IdType="doi">10.1016/s0161-6420(95)30871-8</ArticleId>
        </ArticleIdList>
    </PubmedData>
</PubmedArticle>

</PubmedArticleSet>