<?xml version="1.0" ?>
<!DOCTYPE PubmedArticleSet PUBLIC "-//NLM//DTD PubMedArticle, 1st January 2019//EN" "https://dtd.nlm.nih.gov/ncbi/pubmed/out/pubmed_190101.dtd">
<PubmedArticleSet>
<PubmedArticle>
    <MedlineCitation Status="MEDLINE" Owner="NLM">
        <PMID Version="1">951630</PMID>
        <DateCompleted>
            <Year>1976</Year>
            <Month>10</Month>
            <Day>02</Day>
        </DateCompleted>
        <DateRevised>
            <Year>2014</Year>
            <Month>09</Month>
            <Day>12</Day>
        </DateRevised>
        <Article PubModel="Print">
            <Journal>
                <ISSN IssnType="Print">0256-9574</ISSN>
                <JournalIssue CitedMedium="Print">
                    <Volume>50</Volume>
                    <Issue>27</Issue>
                    <PubDate>
                        <Year>1976</Year>
                        <Month>Jun</Month>
                        <Day>26</Day>
                    </PubDate>
                </JournalIssue>
                <Title>South African medical journal = Suid-Afrikaanse tydskrif vir geneeskunde</Title>
                <ISOAbbreviation>S Afr Med J</ISOAbbreviation>
            </Journal>
            <ArticleTitle>Long tube implants in the management of glaucoma.</ArticleTitle>
            <Pagination>
                <MedlinePgn>1062-6</MedlinePgn>
            </Pagination>
            <Abstract>
                <AbstractText>The design, surgical insertion and results of a plastic draining implant for severe glaucoma are reported. The need for pharmacological control of bleb inflammation is stressed and the favourable long-term outlook for patients with such implants is discussed.</AbstractText>
            </Abstract>
            <AuthorList CompleteYN="Y">
                <Author ValidYN="Y">
                    <LastName>Molteno</LastName>
                    <ForeName>A C</ForeName>
                    <Initials>AC</Initials>
                </Author>
                <Author ValidYN="Y">
                    <LastName>Straughan</LastName>
                    <ForeName>J L</ForeName>
                    <Initials>JL</Initials>
                </Author>
                <Author ValidYN="Y">
                    <LastName>Ancker</LastName>
                    <ForeName>E</ForeName>
                    <Initials>E</Initials>
                </Author>
            </AuthorList>
            <Language>eng</Language>
            <PublicationTypeList>
                <PublicationType UI="D016428">Journal Article</PublicationType>
            </PublicationTypeList>
        </Article>
        <MedlineJournalInfo>
            <Country>South Africa</Country>
            <MedlineTA>S Afr Med J</MedlineTA>
            <NlmUniqueID>0404520</NlmUniqueID>
        </MedlineJournalInfo>
        <CitationSubset>IM</CitationSubset>
        <MeshHeadingList>
            <MeshHeading>
                <DescriptorName UI="D000293" MajorTopicYN="N">Adolescent</DescriptorName>
            </MeshHeading>
            <MeshHeading>
                <DescriptorName UI="D000328" MajorTopicYN="N">Adult</DescriptorName>
            </MeshHeading>
            <MeshHeading>
                <DescriptorName UI="D000368" MajorTopicYN="N">Aged</DescriptorName>
            </MeshHeading>
            <MeshHeading>
                <DescriptorName UI="D002283" MajorTopicYN="N">Carcinoma, Bronchogenic</DescriptorName>
                <QualifierName UI="Q000150" MajorTopicYN="N">complications</QualifierName>
            </MeshHeading>
            <MeshHeading>
                <DescriptorName UI="D002648" MajorTopicYN="N">Child</DescriptorName>
            </MeshHeading>
            <MeshHeading>
                <DescriptorName UI="D002675" MajorTopicYN="N">Child, Preschool</DescriptorName>
            </MeshHeading>
            <MeshHeading>
                <DescriptorName UI="D004322" MajorTopicYN="Y">Drainage</DescriptorName>
                <QualifierName UI="Q000009" MajorTopicYN="N">adverse effects</QualifierName>
                <QualifierName UI="Q000379" MajorTopicYN="N">methods</QualifierName>
            </MeshHeading>
            <MeshHeading>
                <DescriptorName UI="D005500" MajorTopicYN="N">Follow-Up Studies</DescriptorName>
            </MeshHeading>
            <MeshHeading>
                <DescriptorName UI="D005901" MajorTopicYN="N">Glaucoma</DescriptorName>
                <QualifierName UI="Q000150" MajorTopicYN="N">complications</QualifierName>
                <QualifierName UI="Q000601" MajorTopicYN="Y">surgery</QualifierName>
            </MeshHeading>
            <MeshHeading>
                <DescriptorName UI="D006801" MajorTopicYN="N">Humans</DescriptorName>
            </MeshHeading>
            <MeshHeading>
                <DescriptorName UI="D008175" MajorTopicYN="N">Lung Neoplasms</DescriptorName>
                <QualifierName UI="Q000150" MajorTopicYN="N">complications</QualifierName>
            </MeshHeading>
            <MeshHeading>
                <DescriptorName UI="D008875" MajorTopicYN="N">Middle Aged</DescriptorName>
            </MeshHeading>
            <MeshHeading>
                <DescriptorName UI="D011182" MajorTopicYN="N">Postoperative Care</DescriptorName>
            </MeshHeading>
            <MeshHeading>
                <DescriptorName UI="D011183" MajorTopicYN="N">Postoperative Complications</DescriptorName>
            </MeshHeading>
            <MeshHeading>
                <DescriptorName UI="D012590" MajorTopicYN="N">Sclera</DescriptorName>
            </MeshHeading>
        </MeshHeadingList>
    </MedlineCitation>
    <PubmedData>
        <History>
            <PubMedPubDate PubStatus="pubmed">
                <Year>1976</Year>
                <Month>6</Month>
                <Day>26</Day>
            </PubMedPubDate>
            <PubMedPubDate PubStatus="medline">
                <Year>1976</Year>
                <Month>6</Month>
                <Day>26</Day>
                <Hour>0</Hour>
                <Minute>1</Minute>
            </PubMedPubDate>
            <PubMedPubDate PubStatus="entrez">
                <Year>1976</Year>
                <Month>6</Month>
                <Day>26</Day>
                <Hour>0</Hour>
                <Minute>0</Minute>
            </PubMedPubDate>
        </History>
        <PublicationStatus>ppublish</PublicationStatus>
        <ArticleIdList>
            <ArticleId IdType="pubmed">951630</ArticleId>
        </ArticleIdList>
    </PubmedData>
</PubmedArticle>

</PubmedArticleSet>