<?xml version="1.0" ?>
<!DOCTYPE PubmedArticleSet PUBLIC "-//NLM//DTD PubMedArticle, 1st January 2019//EN" "https://dtd.nlm.nih.gov/ncbi/pubmed/out/pubmed_190101.dtd">
<PubmedArticleSet>
<PubmedArticle>
    <MedlineCitation Status="MEDLINE" Owner="NLM">
        <PMID Version="1">9596491</PMID>
        <DateCompleted>
            <Year>1998</Year>
            <Month>05</Month>
            <Day>22</Day>
        </DateCompleted>
        <DateRevised>
            <Year>2019</Year>
            <Month>07</Month>
            <Day>04</Day>
        </DateRevised>
        <Article PubModel="Print">
            <Journal>
                <ISSN IssnType="Print">0003-9950</ISSN>
                <JournalIssue CitedMedium="Print">
                    <Volume>116</Volume>
                    <Issue>5</Issue>
                    <PubDate>
                        <Year>1998</Year>
                        <Month>May</Month>
                    </PubDate>
                </JournalIssue>
                <Title>Archives of ophthalmology (Chicago, Ill. : 1960)</Title>
                <ISOAbbreviation>Arch Ophthalmol</ISOAbbreviation>
            </Journal>
            <ArticleTitle>Complications of Baerveldt glaucoma drainage implants.</ArticleTitle>
            <Pagination>
                <MedlinePgn>571-5</MedlinePgn>
            </Pagination>
            <Abstract>
                <AbstractText Label="OBJECTIVES" NlmCategory="OBJECTIVE">To report the incidence and identify risk factors of postoperative complications after Baerveldt glaucoma drainage implantation.</AbstractText>
                <AbstractText Label="METHODS" NlmCategory="METHODS">A retrospective review of the medical records of all patients at the Bascom Palmer Eye Institute, Miami, Fla, who underwent placement of a Baerveldt glaucoma drainage implant from October 1, 1992, through October 31, 1996, to determine demographic characteristics, preoperative and postoperative intraocular pressures, and complications. Variables were analyzed using the Student t test and Fisher exact test to determine the association between delayed postoperative suprachoroidal hemorrhage and various potential risk factors.</AbstractText>
                <AbstractText Label="RESULTS" NlmCategory="RESULTS">A total of 107 eyes of 103 patients were identified. Suprachoroidal hemorrhage occurred in 4 eyes (4%), with onset ranging from 3 to 33 days after implantation. Two eyes (2%) had choroidal effusions requiring surgical drainage, and 20 eyes (19%) had low choroidal effusions requiring only close observation. Tube blockage was observed in 5 eyes (5%). Four eyes (4%) had aqueous misdirection, 2 eyes (2%) had corneal decompensation, and 1 eye (1%) each had endophthalmitis, tube migration, corneal ulcer, hyphema, and implant migration. Patients who were older (P=.04) or had postoperative choroidal effusions (P=.03), low intraocular pressure immediately after the tube opened (P=.03), hypertension (P= .08), or atherosclerosis (P=.09) were more likely to develop suprachoroidal hemorrhage.</AbstractText>
                <AbstractText Label="CONCLUSIONS" NlmCategory="CONCLUSIONS">A lower incidence of serious postoperative complications was observed in Baerveldt implantations in this study when compared with a recent report. Risk factors for serious complications were similar to trabeculectomy.</AbstractText>
            </Abstract>
            <AuthorList CompleteYN="Y">
                <Author ValidYN="Y">
                    <LastName>Nguyen</LastName>
                    <ForeName>Q H</ForeName>
                    <Initials>QH</Initials>
                    <AffiliationInfo>
                        <Affiliation>Department of Ophthalmology, Bascom Palmer Eye Institute, University of Miami School of Medicine, Fla 33101, USA.</Affiliation>
                    </AffiliationInfo>
                </Author>
                <Author ValidYN="Y">
                    <LastName>Budenz</LastName>
                    <ForeName>D L</ForeName>
                    <Initials>DL</Initials>
                </Author>
                <Author ValidYN="Y">
                    <LastName>Parrish</LastName>
                    <ForeName>R K</ForeName>
                    <Initials>RK</Initials>
                    <Suffix>2nd</Suffix>
                </Author>
            </AuthorList>
            <Language>eng</Language>
            <PublicationTypeList>
                <PublicationType UI="D016428">Journal Article</PublicationType>
                <PublicationType UI="D013485">Research Support, Non-U.S. Gov't</PublicationType>
            </PublicationTypeList>
        </Article>
        <MedlineJournalInfo>
            <Country>United States</Country>
            <MedlineTA>Arch Ophthalmol</MedlineTA>
            <NlmUniqueID>7706534</NlmUniqueID>
            <ISSNLinking>0003-9950</ISSNLinking>
        </MedlineJournalInfo>
        <CitationSubset>AIM</CitationSubset>
        <CitationSubset>IM</CitationSubset>
        <MeshHeadingList>
            <MeshHeading>
                <DescriptorName UI="D000293" MajorTopicYN="N">Adolescent</DescriptorName>
            </MeshHeading>
            <MeshHeading>
                <DescriptorName UI="D000328" MajorTopicYN="N">Adult</DescriptorName>
            </MeshHeading>
            <MeshHeading>
                <DescriptorName UI="D000368" MajorTopicYN="N">Aged</DescriptorName>
            </MeshHeading>
            <MeshHeading>
                <DescriptorName UI="D000369" MajorTopicYN="N">Aged, 80 and over</DescriptorName>
            </MeshHeading>
            <MeshHeading>
                <DescriptorName UI="D002648" MajorTopicYN="N">Child</DescriptorName>
            </MeshHeading>
            <MeshHeading>
                <DescriptorName UI="D002675" MajorTopicYN="N">Child, Preschool</DescriptorName>
            </MeshHeading>
            <MeshHeading>
                <DescriptorName UI="D002832" MajorTopicYN="N">Choroid Hemorrhage</DescriptorName>
                <QualifierName UI="Q000453" MajorTopicYN="N">epidemiology</QualifierName>
                <QualifierName UI="Q000209" MajorTopicYN="N">etiology</QualifierName>
            </MeshHeading>
            <MeshHeading>
                <DescriptorName UI="D004322" MajorTopicYN="N">Drainage</DescriptorName>
                <QualifierName UI="Q000009" MajorTopicYN="Y">adverse effects</QualifierName>
                <QualifierName UI="Q000295" MajorTopicYN="N">instrumentation</QualifierName>
            </MeshHeading>
            <MeshHeading>
                <DescriptorName UI="D005901" MajorTopicYN="N">Glaucoma</DescriptorName>
                <QualifierName UI="Q000601" MajorTopicYN="Y">surgery</QualifierName>
            </MeshHeading>
            <MeshHeading>
                <DescriptorName UI="D006801" MajorTopicYN="N">Humans</DescriptorName>
            </MeshHeading>
            <MeshHeading>
                <DescriptorName UI="D015994" MajorTopicYN="N">Incidence</DescriptorName>
            </MeshHeading>
            <MeshHeading>
                <DescriptorName UI="D007429" MajorTopicYN="N">Intraocular Pressure</DescriptorName>
            </MeshHeading>
            <MeshHeading>
                <DescriptorName UI="D015948" MajorTopicYN="N">Keratoplasty, Penetrating</DescriptorName>
            </MeshHeading>
            <MeshHeading>
                <DescriptorName UI="D008875" MajorTopicYN="N">Middle Aged</DescriptorName>
            </MeshHeading>
            <MeshHeading>
                <DescriptorName UI="D011183" MajorTopicYN="Y">Postoperative Complications</DescriptorName>
                <QualifierName UI="Q000453" MajorTopicYN="N">epidemiology</QualifierName>
            </MeshHeading>
            <MeshHeading>
                <DescriptorName UI="D019736" MajorTopicYN="N">Prostheses and Implants</DescriptorName>
                <QualifierName UI="Q000009" MajorTopicYN="Y">adverse effects</QualifierName>
            </MeshHeading>
            <MeshHeading>
                <DescriptorName UI="D012189" MajorTopicYN="N">Retrospective Studies</DescriptorName>
            </MeshHeading>
            <MeshHeading>
                <DescriptorName UI="D012307" MajorTopicYN="N">Risk Factors</DescriptorName>
            </MeshHeading>
            <MeshHeading>
                <DescriptorName UI="D014821" MajorTopicYN="N">Vitrectomy</DescriptorName>
            </MeshHeading>
        </MeshHeadingList>
    </MedlineCitation>
    <PubmedData>
        <History>
            <PubMedPubDate PubStatus="pubmed">
                <Year>1998</Year>
                <Month>5</Month>
                <Day>22</Day>
                <Hour>2</Hour>
                <Minute>5</Minute>
            </PubMedPubDate>
            <PubMedPubDate PubStatus="medline">
                <Year>2001</Year>
                <Month>3</Month>
                <Day>28</Day>
                <Hour>10</Hour>
                <Minute>1</Minute>
            </PubMedPubDate>
            <PubMedPubDate PubStatus="entrez">
                <Year>1998</Year>
                <Month>5</Month>
                <Day>22</Day>
                <Hour>2</Hour>
                <Minute>5</Minute>
            </PubMedPubDate>
        </History>
        <PublicationStatus>ppublish</PublicationStatus>
        <ArticleIdList>
            <ArticleId IdType="pubmed">9596491</ArticleId>
            <ArticleId IdType="doi">10.1001/archopht.116.5.571</ArticleId>
        </ArticleIdList>
    </PubmedData>
</PubmedArticle>

</PubmedArticleSet>