<?xml version="1.0" ?>
<!DOCTYPE PubmedArticleSet PUBLIC "-//NLM//DTD PubMedArticle, 1st January 2019//EN" "https://dtd.nlm.nih.gov/ncbi/pubmed/out/pubmed_190101.dtd">
<PubmedArticleSet>
<PubmedArticle>
    <MedlineCitation Status="MEDLINE" Owner="NLM">
        <PMID Version="1">9787371</PMID>
        <DateCompleted>
            <Year>1998</Year>
            <Month>11</Month>
            <Day>02</Day>
        </DateCompleted>
        <DateRevised>
            <Year>2004</Year>
            <Month>11</Month>
            <Day>17</Day>
        </DateRevised>
        <Article PubModel="Print">
            <Journal>
                <ISSN IssnType="Print">0161-6420</ISSN>
                <JournalIssue CitedMedium="Print">
                    <Volume>105</Volume>
                    <Issue>10</Issue>
                    <PubDate>
                        <Year>1998</Year>
                        <Month>Oct</Month>
                    </PubDate>
                </JournalIssue>
                <Title>Ophthalmology</Title>
                <ISOAbbreviation>Ophthalmology</ISOAbbreviation>
            </Journal>
            <ArticleTitle>A clinical study of the Ahmed glaucoma valve implant in advanced glaucoma.</ArticleTitle>
            <Pagination>
                <MedlinePgn>1968-76</MedlinePgn>
            </Pagination>
            <Abstract>
                <AbstractText Label="OBJECTIVE" NlmCategory="OBJECTIVE">To assess clinical outcomes and establish the incidence and management of a hypertensive phase (HP) (defined as intraocular pressure [IOP] &gt; 21 mmHg in the first 6 postoperative months) in patients with Ahmed glaucoma valve implant.</AbstractText>
                <AbstractText Label="DESIGN" NlmCategory="METHODS">Retrospective noncomparative case series.</AbstractText>
                <AbstractText Label="PARTICIPANTS" NlmCategory="METHODS">A total of 85 patients were included in the current study, including consecutive patients who had intractable glaucoma and underwent Ahmed valve implant insertion at the University Glaucoma Center, Tampa, Florida (DWR and WEL) and the Massachusetts Eye and Ear Infirmary (PAN) between January 1993 and June 1997. Only patients with a minimum of 6 months' follow-up were included.</AbstractText>
                <AbstractText Label="INTERVENTION" NlmCategory="METHODS">Ahmed glaucoma valve implant insertion to control intractable glaucoma was performed.</AbstractText>
                <AbstractText Label="MAIN OUTCOME MEASURES" NlmCategory="METHODS">Success was defined as IOP less than 22 mmHg and greater than 4 mmHg on the last two visits, a decrease of no more than two lines in the visual acuity and no additional surgical interventions to control IOP.</AbstractText>
                <AbstractText Label="RESULTS" NlmCategory="RESULTS">The cumulative probability of success at 12 months was 77%. A total of 26 patients (30.6%) failed during the study period, and 70 patients (82%) exhibited HP. Hypertensive phase peaked at 1 month after the operation and stabilized at 6 months. There were 34 patients (48%) with HP who were controlled with additional medications: 14 (20%) with needling and 5-fluorouracil injections and 20 (28%) who needed secondary surgical intervention. There were 8 patients (9.4%) who exhibited hypotony (&lt; 5 mmHg) on postoperative day 1 and 3 (3.5%) at 3 months. Visual acuity returned to baseline between 3 and 6 months after the operation. The major complications associated with the valve were hyphema in 14 cases (16.5%), suprachoroidal hemorrhage in 4 cases (4.7%), end-plate exposure in 10 cases (11.7%), tube exposure in 6 cases (7%), tube block in 4 cases (4.7%), loss of vision in 5 cases (5.8%), and corneal graft failure in 4 (30%) of 13 cases with clear grafts.</AbstractText>
                <AbstractText Label="CONCLUSIONS" NlmCategory="CONCLUSIONS">The overall success rate is comparable to that of prior studies using different implants. The majority of the patients exhibit an HP that peaks at 1 month, with gradual stabilization over 6 months. One third of the patients needed secondary surgical intervention to control the HP. The incidence of postoperative hypotony and flat or shallow anterior chambers is very low after Ahmed glaucoma valve insertion.</AbstractText>
            </Abstract>
            <AuthorList CompleteYN="Y">
                <Author ValidYN="Y">
                    <LastName>Ayyala</LastName>
                    <ForeName>R S</ForeName>
                    <Initials>RS</Initials>
                    <AffiliationInfo>
                        <Affiliation>Department of Ophthalmology, University of South Florida, Tampa, USA.</Affiliation>
                    </AffiliationInfo>
                </Author>
                <Author ValidYN="Y">
                    <LastName>Zurakowski</LastName>
                    <ForeName>D</ForeName>
                    <Initials>D</Initials>
                </Author>
                <Author ValidYN="Y">
                    <LastName>Smith</LastName>
                    <ForeName>J A</ForeName>
                    <Initials>JA</Initials>
                </Author>
                <Author ValidYN="Y">
                    <LastName>Monshizadeh</LastName>
                    <ForeName>R</ForeName>
                    <Initials>R</Initials>
                </Author>
                <Author ValidYN="Y">
                    <LastName>Netland</LastName>
                    <ForeName>P A</ForeName>
                    <Initials>PA</Initials>
                </Author>
                <Author ValidYN="Y">
                    <LastName>Richards</LastName>
                    <ForeName>D W</ForeName>
                    <Initials>DW</Initials>
                </Author>
                <Author ValidYN="Y">
                    <LastName>Layden</LastName>
                    <ForeName>W E</ForeName>
                    <Initials>WE</Initials>
                </Author>
            </AuthorList>
            <Language>eng</Language>
            <PublicationTypeList>
                <PublicationType UI="D016430">Clinical Trial</PublicationType>
                <PublicationType UI="D016428">Journal Article</PublicationType>
                <PublicationType UI="D016448">Multicenter Study</PublicationType>
            </PublicationTypeList>
        </Article>
        <MedlineJournalInfo>
            <Country>United States</Country>
            <MedlineTA>Ophthalmology</MedlineTA>
            <NlmUniqueID>7802443</NlmUniqueID>
            <ISSNLinking>0161-6420</ISSNLinking>
        </MedlineJournalInfo>
        <CitationSubset>IM</CitationSubset>
        <MeshHeadingList>
            <MeshHeading>
                <DescriptorName UI="D005260" MajorTopicYN="N">Female</DescriptorName>
            </MeshHeading>
            <MeshHeading>
                <DescriptorName UI="D005901" MajorTopicYN="N">Glaucoma</DescriptorName>
                <QualifierName UI="Q000601" MajorTopicYN="Y">surgery</QualifierName>
            </MeshHeading>
            <MeshHeading>
                <DescriptorName UI="D020327" MajorTopicYN="Y">Glaucoma Drainage Implants</DescriptorName>
                <QualifierName UI="Q000009" MajorTopicYN="N">adverse effects</QualifierName>
            </MeshHeading>
            <MeshHeading>
                <DescriptorName UI="D006801" MajorTopicYN="N">Humans</DescriptorName>
            </MeshHeading>
            <MeshHeading>
                <DescriptorName UI="D007429" MajorTopicYN="N">Intraocular Pressure</DescriptorName>
            </MeshHeading>
            <MeshHeading>
                <DescriptorName UI="D008297" MajorTopicYN="N">Male</DescriptorName>
            </MeshHeading>
            <MeshHeading>
                <DescriptorName UI="D008875" MajorTopicYN="N">Middle Aged</DescriptorName>
            </MeshHeading>
            <MeshHeading>
                <DescriptorName UI="D012189" MajorTopicYN="N">Retrospective Studies</DescriptorName>
            </MeshHeading>
            <MeshHeading>
                <DescriptorName UI="D012449" MajorTopicYN="N">Safety</DescriptorName>
            </MeshHeading>
            <MeshHeading>
                <DescriptorName UI="D016896" MajorTopicYN="N">Treatment Outcome</DescriptorName>
            </MeshHeading>
            <MeshHeading>
                <DescriptorName UI="D014792" MajorTopicYN="N">Visual Acuity</DescriptorName>
            </MeshHeading>
        </MeshHeadingList>
    </MedlineCitation>
    <PubmedData>
        <History>
            <PubMedPubDate PubStatus="pubmed">
                <Year>1998</Year>
                <Month>10</Month>
                <Day>27</Day>
            </PubMedPubDate>
            <PubMedPubDate PubStatus="medline">
                <Year>1998</Year>
                <Month>10</Month>
                <Day>27</Day>
                <Hour>0</Hour>
                <Minute>1</Minute>
            </PubMedPubDate>
            <PubMedPubDate PubStatus="entrez">
                <Year>1998</Year>
                <Month>10</Month>
                <Day>27</Day>
                <Hour>0</Hour>
                <Minute>0</Minute>
            </PubMedPubDate>
        </History>
        <PublicationStatus>ppublish</PublicationStatus>
        <ArticleIdList>
            <ArticleId IdType="pubmed">9787371</ArticleId>
            <ArticleId IdType="pii">S0161-6420(98)91049-1</ArticleId>
            <ArticleId IdType="doi">10.1016/S0161-6420(98)91049-1</ArticleId>
        </ArticleIdList>
    </PubmedData>
</PubmedArticle>

</PubmedArticleSet>