<?xml version="1.0" ?>
<!DOCTYPE PubmedArticleSet PUBLIC "-//NLM//DTD PubMedArticle, 1st January 2019//EN" "https://dtd.nlm.nih.gov/ncbi/pubmed/out/pubmed_190101.dtd">
<PubmedArticleSet>
<PubmedArticle>
    <MedlineCitation Status="MEDLINE" Owner="NLM">
        <PMID Version="1">11192141</PMID>
        <DateCompleted>
            <Year>2001</Year>
            <Month>03</Month>
            <Day>22</Day>
        </DateCompleted>
        <DateRevised>
            <Year>2019</Year>
            <Month>09</Month>
            <Day>21</Day>
        </DateRevised>
        <Article PubModel="Print">
            <Journal>
                <ISSN IssnType="Print">0149-2918</ISSN>
                <JournalIssue CitedMedium="Print">
                    <Volume>22</Volume>
                    <Issue>12</Issue>
                    <PubDate>
                        <Year>2000</Year>
                        <Month>Dec</Month>
                    </PubDate>
                </JournalIssue>
                <Title>Clinical therapeutics</Title>
                <ISOAbbreviation>Clin Ther</ISOAbbreviation>
            </Journal>
            <ArticleTitle>Meta-analysis of the effect of latanoprost and brimonidine on intraocular pressure in the treatment of glaucoma.</ArticleTitle>
            <Pagination>
                <MedlinePgn>1502-15</MedlinePgn>
            </Pagination>
            <Abstract>
                <AbstractText Label="OBJECTIVE" NlmCategory="OBJECTIVE">The purpose of this study was to indirectly quantify and compare the intraocular pressure (IOP)-lowering effects of latanoprost and brimonidine eye drops at baseline and after 3 and 6 months in the treatment of primary open-angle glaucoma.</AbstractText>
                <AbstractText Label="METHODS" NlmCategory="METHODS">This meta-analysis combined data from all randomized controlled trials comparing the effects on IOP of latanoprost and brimonidine treatment in adults with a baseline IOP &gt; or =20 mm Hg. MEDLINE and EMBASE were searched for reports of the ophthalmic administration of either drug versus the other, placebo, or active therapy. Included studies reported IOP as either means or differences (with SD or SE) and sample sizes. A random-effects model was used to pool data within each drug group. As a proxy for success rates, area under the curve (AUC) was calculated for the proportion of patients having an IOP &lt;20 mm Hg.</AbstractText>
                <AbstractText Label="RESULTS" NlmCategory="RESULTS">One hundred fifty-five articles reporting on 158 trials were identified; 147 papers were rejected (141 were not randomized controlled trials, 5 were duplicates, and 1 had nonextractable data), leaving 9 trials from 8 articles. A total of 2152 patients were included in the meta-analysis: 597 received latanoprost, 571 received brimonidine, and the remainder received timolol or betaxolol. Baseline IOPs were similar in patients randomized to latanoprost or brimonidine (25.3 and 24.6 mm Hg, respectively). At 3 months, latanoprost and brimonidine reduced IOP by 8.4 and 6.5 mm Hg, respectively (P = 0.004 latanoprost vs brimonidine), and at 6 months by 8.0 and 6.2 mm Hg, respectively (P = 0.045). AUC was 0.834 and 0.675 at 3 months for latanoprost and brimonidine, respectively, and 0.817 and 0.715 at 6 months, respectively (both, P &lt; 0.001).</AbstractText>
                <AbstractText Label="CONCLUSIONS" NlmCategory="CONCLUSIONS">This indirect comparison of data from the available randomized clinical trials showed latanoprost to be statistically superior to brimonidine in reducing IOP in adults with primary open-angle glaucoma. Additional long-term, head-to-head comparisons of the efficacy, safety, and cost of latanoprost and brimonidine are needed to support and supplement these findings.</AbstractText>
            </Abstract>
            <AuthorList CompleteYN="Y">
                <Author ValidYN="Y">
                    <LastName>Einarson</LastName>
                    <ForeName>T R</ForeName>
                    <Initials>TR</Initials>
                    <AffiliationInfo>
                        <Affiliation>Faculty of Pharmacy, University of Toronto, Ontario, Canada.</Affiliation>
                    </AffiliationInfo>
                </Author>
                <Author ValidYN="Y">
                    <LastName>Kulin</LastName>
                    <ForeName>N A</ForeName>
                    <Initials>NA</Initials>
                </Author>
                <Author ValidYN="Y">
                    <LastName>Tingey</LastName>
                    <ForeName>D</ForeName>
                    <Initials>D</Initials>
                </Author>
                <Author ValidYN="Y">
                    <LastName>Iskedjian</LastName>
                    <ForeName>M</ForeName>
                    <Initials>M</Initials>
                </Author>
            </AuthorList>
            <Language>eng</Language>
            <PublicationTypeList>
                <PublicationType UI="D016428">Journal Article</PublicationType>
                <PublicationType UI="D017418">Meta-Analysis</PublicationType>
                <PublicationType UI="D013485">Research Support, Non-U.S. Gov't</PublicationType>
            </PublicationTypeList>
        </Article>
        <MedlineJournalInfo>
            <Country>United States</Country>
            <MedlineTA>Clin Ther</MedlineTA>
            <NlmUniqueID>7706726</NlmUniqueID>
            <ISSNLinking>0149-2918</ISSNLinking>
        </MedlineJournalInfo>
        <ChemicalList>
            <Chemical>
                <RegistryNumber>0</RegistryNumber>
                <NameOfSubstance UI="D011461">Prostaglandins F, Synthetic</NameOfSubstance>
            </Chemical>
            <Chemical>
                <RegistryNumber>0</RegistryNumber>
                <NameOfSubstance UI="D011810">Quinoxalines</NameOfSubstance>
            </Chemical>
            <Chemical>
                <RegistryNumber>4S9CL2DY2H</RegistryNumber>
                <NameOfSubstance UI="D000068438">Brimonidine Tartrate</NameOfSubstance>
            </Chemical>
            <Chemical>
                <RegistryNumber>6Z5B6HVF6O</RegistryNumber>
                <NameOfSubstance UI="D000077338">Latanoprost</NameOfSubstance>
            </Chemical>
        </ChemicalList>
        <CitationSubset>IM</CitationSubset>
        <MeshHeadingList>
            <MeshHeading>
                <DescriptorName UI="D000068438" MajorTopicYN="N">Brimonidine Tartrate</DescriptorName>
            </MeshHeading>
            <MeshHeading>
                <DescriptorName UI="D005901" MajorTopicYN="N">Glaucoma</DescriptorName>
                <QualifierName UI="Q000188" MajorTopicYN="Y">drug therapy</QualifierName>
            </MeshHeading>
            <MeshHeading>
                <DescriptorName UI="D006801" MajorTopicYN="N">Humans</DescriptorName>
            </MeshHeading>
            <MeshHeading>
                <DescriptorName UI="D007429" MajorTopicYN="N">Intraocular Pressure</DescriptorName>
                <QualifierName UI="Q000187" MajorTopicYN="Y">drug effects</QualifierName>
            </MeshHeading>
            <MeshHeading>
                <DescriptorName UI="D000077338" MajorTopicYN="N">Latanoprost</DescriptorName>
            </MeshHeading>
            <MeshHeading>
                <DescriptorName UI="D011461" MajorTopicYN="N">Prostaglandins F, Synthetic</DescriptorName>
                <QualifierName UI="Q000494" MajorTopicYN="Y">pharmacology</QualifierName>
                <QualifierName UI="Q000627" MajorTopicYN="N">therapeutic use</QualifierName>
            </MeshHeading>
            <MeshHeading>
                <DescriptorName UI="D011810" MajorTopicYN="N">Quinoxalines</DescriptorName>
                <QualifierName UI="Q000494" MajorTopicYN="Y">pharmacology</QualifierName>
                <QualifierName UI="Q000627" MajorTopicYN="N">therapeutic use</QualifierName>
            </MeshHeading>
        </MeshHeadingList>
    </MedlineCitation>
    <PubmedData>
        <History>
            <PubMedPubDate PubStatus="pubmed">
                <Year>2001</Year>
                <Month>2</Month>
                <Day>24</Day>
                <Hour>12</Hour>
                <Minute>0</Minute>
            </PubMedPubDate>
            <PubMedPubDate PubStatus="medline">
                <Year>2001</Year>
                <Month>3</Month>
                <Day>27</Day>
                <Hour>10</Hour>
                <Minute>1</Minute>
            </PubMedPubDate>
            <PubMedPubDate PubStatus="entrez">
                <Year>2001</Year>
                <Month>2</Month>
                <Day>24</Day>
                <Hour>12</Hour>
                <Minute>0</Minute>
            </PubMedPubDate>
        </History>
        <PublicationStatus>ppublish</PublicationStatus>
        <ArticleIdList>
            <ArticleId IdType="pubmed">11192141</ArticleId>
            <ArticleId IdType="pii">S0149-2918(00)83048-9</ArticleId>
            <ArticleId IdType="doi">10.1016/s0149-2918(00)83048-9</ArticleId>
        </ArticleIdList>
    </PubmedData>
</PubmedArticle>

</PubmedArticleSet>