<?xml version="1.0" ?>
<!DOCTYPE PubmedArticleSet PUBLIC "-//NLM//DTD PubMedArticle, 1st January 2019//EN" "https://dtd.nlm.nih.gov/ncbi/pubmed/out/pubmed_190101.dtd">
<PubmedArticleSet>
<PubmedArticle>
    <MedlineCitation Status="MEDLINE" Owner="NLM">
        <PMID Version="1">27879656</PMID>
        <DateCompleted>
            <Year>2017</Year>
            <Month>04</Month>
            <Day>10</Day>
        </DateCompleted>
        <DateRevised>
            <Year>2018</Year>
            <Month>12</Month>
            <Day>02</Day>
        </DateRevised>
        <Article PubModel="Electronic">
            <Journal>
                <ISSN IssnType="Electronic">2072-6643</ISSN>
                <JournalIssue CitedMedium="Internet">
                    <Volume>8</Volume>
                    <Issue>11</Issue>
                    <PubDate>
                        <Year>2016</Year>
                        <Month>Nov</Month>
                        <Day>22</Day>
                    </PubDate>
                </JournalIssue>
                <Title>Nutrients</Title>
                <ISOAbbreviation>Nutrients</ISOAbbreviation>
            </Journal>
            <ArticleTitle>Fish Consumption and Age-Related Macular Degeneration Incidence: A Meta-Analysis and Systematic Review of Prospective Cohort Studies.</ArticleTitle>
            <ELocationID EIdType="pii" ValidYN="Y">E743</ELocationID>
            <Abstract>
                <AbstractText>The association between fish consumption and risk of age-related macular degeneration (AMD) is still unclear. The aim of the current meta-analysis and systematic review was to quantitatively evaluate findings from observational studies on fish consumption and the risk of AMD. Relevant studies were identified by searching electronic databases (Medline and EMBASE) and reviewing the reference lists of relevant articles up to August, 2016. Prospective cohort studies that reported relative risks (RRs) and 95% confidence intervals (CIs) for the link between fish consumption and risk of AMD were included. A total of 4202 cases with 128,988 individuals from eight cohort studies were identified in the current meta-analysis. The meta-analyzed RR was 0.76 (95% CI, 0.65-0.90) when any AMD was considered. Subgroup analyses by AMD stages showed that fish consumption would reduce the risk of both early (RR, 0.83; 95% CI, 0.72-0.96) and late (RR; 0.76; 95% CI, 0.60-0.97) AMD. When stratified by the follow-up duration, fish consumption was a protective factor of AMD in both over 10 years (<i>n</i> = 5; RR, 0.81; 95% CI, 0.67-0.97) and less than 10 years (<i>n</i> = 3; RR, 0.70; 95% CI, 0.51 to 0.97) follow-up duration. Stratified analyses by fish type demonstrated that dark meat fish (RR, 0.68, 95% CI, 0.46-0.99), especially tuna fish (RR, 0.58; 95% CI, 95% CI, 0.47-0.71) intake was associated with reduced AMD risk. Evidence of a linear association between dose of fish consumption and risk of AMD was demonstrated. The results of this meta-analysis demonstrated that fish consumption can reduce AMD risk. Advanced, well-designed, randomized clinical trials are required in order to validate the conclusions in this study.</AbstractText>
            </Abstract>
            <AuthorList CompleteYN="Y">
                <Author ValidYN="Y">
                    <LastName>Zhu</LastName>
                    <ForeName>Wei</ForeName>
                    <Initials>W</Initials>
                    <AffiliationInfo>
                        <Affiliation>Department of Ophthalmology, Changshu No. 2 People's Hospital, Changshu 215500, China. shzhuwei0722@163.com.</Affiliation>
                    </AffiliationInfo>
                </Author>
                <Author ValidYN="Y">
                    <LastName>Wu</LastName>
                    <ForeName>Yan</ForeName>
                    <Initials>Y</Initials>
                    <AffiliationInfo>
                        <Affiliation>Department of Ophthalmology, First Hospital Affiliated to Soochow University, Suzhou 215000, China. txwuyan@suda.edu.cn.</Affiliation>
                    </AffiliationInfo>
                </Author>
                <Author ValidYN="Y">
                    <LastName>Meng</LastName>
                    <ForeName>Yi-Fang</ForeName>
                    <Initials>YF</Initials>
                    <AffiliationInfo>
                        <Affiliation>Department of Ophthalmology, Changshu No. 2 People's Hospital, Changshu 215500, China. meng_yi_fang@163.com.</Affiliation>
                    </AffiliationInfo>
                </Author>
                <Author ValidYN="Y">
                    <LastName>Xing</LastName>
                    <ForeName>Qian</ForeName>
                    <Initials>Q</Initials>
                    <AffiliationInfo>
                        <Affiliation>Department of Ophthalmology, Changshu No. 2 People's Hospital, Changshu 215500, China. drzheng_gu@163.com.</Affiliation>
                    </AffiliationInfo>
                </Author>
                <Author ValidYN="Y">
                    <LastName>Tao</LastName>
                    <ForeName>Jian-Jun</ForeName>
                    <Initials>JJ</Initials>
                    <AffiliationInfo>
                        <Affiliation>Department of Ophthalmology, Changshu No. 2 People's Hospital, Changshu 215500, China. prxuming@163.com.</Affiliation>
                    </AffiliationInfo>
                </Author>
                <Author ValidYN="Y">
                    <LastName>Lu</LastName>
                    <ForeName>Jiong</ForeName>
                    <Initials>J</Initials>
                    <AffiliationInfo>
                        <Affiliation>Department of Ophthalmology, Changshu No. 2 People's Hospital, Changshu 215500, China. cslujiong@163.com.</Affiliation>
                    </AffiliationInfo>
                </Author>
            </AuthorList>
            <Language>eng</Language>
            <PublicationTypeList>
                <PublicationType UI="D016428">Journal Article</PublicationType>
                <PublicationType UI="D017418">Meta-Analysis</PublicationType>
                <PublicationType UI="D016454">Review</PublicationType>
                <PublicationType UI="D000078182">Systematic Review</PublicationType>
            </PublicationTypeList>
            <ArticleDate DateType="Electronic">
                <Year>2016</Year>
                <Month>11</Month>
                <Day>22</Day>
            </ArticleDate>
        </Article>
        <MedlineJournalInfo>
            <Country>Switzerland</Country>
            <MedlineTA>Nutrients</MedlineTA>
            <NlmUniqueID>101521595</NlmUniqueID>
            <ISSNLinking>2072-6643</ISSNLinking>
        </MedlineJournalInfo>
        <CitationSubset>IM</CitationSubset>
        <MeshHeadingList>
            <MeshHeading>
                <DescriptorName UI="D000368" MajorTopicYN="N">Aged</DescriptorName>
            </MeshHeading>
            <MeshHeading>
                <DescriptorName UI="D000369" MajorTopicYN="N">Aged, 80 and over</DescriptorName>
            </MeshHeading>
            <MeshHeading>
                <DescriptorName UI="D000818" MajorTopicYN="N">Animals</DescriptorName>
            </MeshHeading>
            <MeshHeading>
                <DescriptorName UI="D005247" MajorTopicYN="Y">Feeding Behavior</DescriptorName>
            </MeshHeading>
            <MeshHeading>
                <DescriptorName UI="D005260" MajorTopicYN="N">Female</DescriptorName>
            </MeshHeading>
            <MeshHeading>
                <DescriptorName UI="D005399" MajorTopicYN="Y">Fishes</DescriptorName>
            </MeshHeading>
            <MeshHeading>
                <DescriptorName UI="D006801" MajorTopicYN="N">Humans</DescriptorName>
            </MeshHeading>
            <MeshHeading>
                <DescriptorName UI="D015994" MajorTopicYN="N">Incidence</DescriptorName>
            </MeshHeading>
            <MeshHeading>
                <DescriptorName UI="D016014" MajorTopicYN="N">Linear Models</DescriptorName>
            </MeshHeading>
            <MeshHeading>
                <DescriptorName UI="D008268" MajorTopicYN="N">Macular Degeneration</DescriptorName>
                <QualifierName UI="Q000175" MajorTopicYN="N">diagnosis</QualifierName>
                <QualifierName UI="Q000453" MajorTopicYN="Y">epidemiology</QualifierName>
                <QualifierName UI="Q000517" MajorTopicYN="Y">prevention &amp; control</QualifierName>
            </MeshHeading>
            <MeshHeading>
                <DescriptorName UI="D008297" MajorTopicYN="N">Male</DescriptorName>
            </MeshHeading>
            <MeshHeading>
                <DescriptorName UI="D008875" MajorTopicYN="N">Middle Aged</DescriptorName>
            </MeshHeading>
            <MeshHeading>
                <DescriptorName UI="D064887" MajorTopicYN="N">Observational Studies as Topic</DescriptorName>
            </MeshHeading>
            <MeshHeading>
                <DescriptorName UI="D016017" MajorTopicYN="N">Odds Ratio</DescriptorName>
            </MeshHeading>
            <MeshHeading>
                <DescriptorName UI="D011446" MajorTopicYN="N">Prospective Studies</DescriptorName>
            </MeshHeading>
            <MeshHeading>
                <DescriptorName UI="D065840" MajorTopicYN="N">Protective Factors</DescriptorName>
            </MeshHeading>
            <MeshHeading>
                <DescriptorName UI="D018570" MajorTopicYN="N">Risk Assessment</DescriptorName>
            </MeshHeading>
            <MeshHeading>
                <DescriptorName UI="D012307" MajorTopicYN="N">Risk Factors</DescriptorName>
            </MeshHeading>
            <MeshHeading>
                <DescriptorName UI="D017747" MajorTopicYN="Y">Seafood</DescriptorName>
            </MeshHeading>
            <MeshHeading>
                <DescriptorName UI="D013997" MajorTopicYN="N">Time Factors</DescriptorName>
            </MeshHeading>
        </MeshHeadingList>
        <KeywordList Owner="NOTNLM">
            <Keyword MajorTopicYN="Y">age-related macular degeneration</Keyword>
            <Keyword MajorTopicYN="Y">fish</Keyword>
            <Keyword MajorTopicYN="Y">meta-analysis</Keyword>
            <Keyword MajorTopicYN="Y">nutrients</Keyword>
        </KeywordList>
        <CoiStatement>The authors declare no conflict of interest.</CoiStatement>
    </MedlineCitation>
    <PubmedData>
        <History>
            <PubMedPubDate PubStatus="received">
                <Year>2016</Year>
                <Month>08</Month>
                <Day>22</Day>
            </PubMedPubDate>
            <PubMedPubDate PubStatus="revised">
                <Year>2016</Year>
                <Month>10</Month>
                <Day>02</Day>
            </PubMedPubDate>
            <PubMedPubDate PubStatus="accepted">
                <Year>2016</Year>
                <Month>11</Month>
                <Day>11</Day>
            </PubMedPubDate>
            <PubMedPubDate PubStatus="entrez">
                <Year>2016</Year>
                <Month>11</Month>
                <Day>24</Day>
                <Hour>6</Hour>
                <Minute>0</Minute>
            </PubMedPubDate>
            <PubMedPubDate PubStatus="pubmed">
                <Year>2016</Year>
                <Month>11</Month>
                <Day>24</Day>
                <Hour>6</Hour>
                <Minute>0</Minute>
            </PubMedPubDate>
            <PubMedPubDate PubStatus="medline">
                <Year>2017</Year>
                <Month>4</Month>
                <Day>11</Day>
                <Hour>6</Hour>
                <Minute>0</Minute>
            </PubMedPubDate>
        </History>
        <PublicationStatus>epublish</PublicationStatus>
        <ArticleIdList>
            <ArticleId IdType="pubmed">27879656</ArticleId>
            <ArticleId IdType="pii">nu8110743</ArticleId>
            <ArticleId IdType="doi">10.3390/nu8110743</ArticleId>
            <ArticleId IdType="pmc">PMC5133126</ArticleId>
        </ArticleIdList>
        <ReferenceList>
            <Reference>
                <Citation>J Nutr. 2013 Apr;143(4):505-11</Citation>
                <ArticleIdList>
                    <ArticleId IdType="pubmed">23406618</ArticleId>
                </ArticleIdList>
            </Reference>
            <Reference>
                <Citation>PLoS One. 2016 Feb 22;11(2):e0149219</Citation>
                <ArticleIdList>
                    <ArticleId IdType="pubmed">26901353</ArticleId>
                </ArticleIdList>
            </Reference>
            <Reference>
                <Citation>JAMA. 2013 May 15;309(19):2005-15</Citation>
                <ArticleIdList>
                    <ArticleId IdType="pubmed">23644932</ArticleId>
                </ArticleIdList>
            </Reference>
            <Reference>
                <Citation>Am J Ophthalmol. 2008 Apr;145(4):707-715</Citation>
                <ArticleIdList>
                    <ArticleId IdType="pubmed">18242575</ArticleId>
                </ArticleIdList>
            </Reference>
            <Reference>
                <Citation>Arch Ophthalmol. 2007 May;125(5):661-9</Citation>
                <ArticleIdList>
                    <ArticleId IdType="pubmed">17502506</ArticleId>
                </ArticleIdList>
            </Reference>
            <Reference>
                <Citation>JAMA. 2006 Oct 18;296(15):1885-99</Citation>
                <ArticleIdList>
                    <ArticleId IdType="pubmed">17047219</ArticleId>
                </ArticleIdList>
            </Reference>
            <Reference>
                <Citation>Nutrients. 2016 Jul 12;8(7):</Citation>
                <ArticleIdList>
                    <ArticleId IdType="pubmed">27420092</ArticleId>
                </ArticleIdList>
            </Reference>
            <Reference>
                <Citation>Arch Ophthalmol. 2008 Jun;126(6):826-33</Citation>
                <ArticleIdList>
                    <ArticleId IdType="pubmed">18541848</ArticleId>
                </ArticleIdList>
            </Reference>
            <Reference>
                <Citation>PLoS One. 2016 Jun 03;11(6):e0144367</Citation>
                <ArticleIdList>
                    <ArticleId IdType="pubmed">27258093</ArticleId>
                </ArticleIdList>
            </Reference>
            <Reference>
                <Citation>Arch Ophthalmol. 2007 Aug;125(8):1089-95</Citation>
                <ArticleIdList>
                    <ArticleId IdType="pubmed">17698756</ArticleId>
                </ArticleIdList>
            </Reference>
            <Reference>
                <Citation>J Natl Cancer Inst. 2013 Aug 7;105(15):1132-41</Citation>
                <ArticleIdList>
                    <ArticleId IdType="pubmed">23843441</ArticleId>
                </ArticleIdList>
            </Reference>
            <Reference>
                <Citation>Eye (Lond). 2015 Jul;29(7):902-12</Citation>
                <ArticleIdList>
                    <ArticleId IdType="pubmed">25976647</ArticleId>
                </ArticleIdList>
            </Reference>
            <Reference>
                <Citation>Am J Clin Nutr. 2008 Aug;88(2):398-406</Citation>
                <ArticleIdList>
                    <ArticleId IdType="pubmed">18689376</ArticleId>
                </ArticleIdList>
            </Reference>
            <Reference>
                <Citation>Arch Ophthalmol. 2009 May;127(5):656-65</Citation>
                <ArticleIdList>
                    <ArticleId IdType="pubmed">19433717</ArticleId>
                </ArticleIdList>
            </Reference>
            <Reference>
                <Citation>Arch Ophthalmol. 2011 Jul;129(7):921-9</Citation>
                <ArticleIdList>
                    <ArticleId IdType="pubmed">21402976</ArticleId>
                </ArticleIdList>
            </Reference>
            <Reference>
                <Citation>Cochrane Database Syst Rev. 2012 Nov 14;11:CD010015</Citation>
                <ArticleIdList>
                    <ArticleId IdType="pubmed">23152282</ArticleId>
                </ArticleIdList>
            </Reference>
            <Reference>
                <Citation>Arch Ophthalmol. 2000 Mar;118(3):401-4</Citation>
                <ArticleIdList>
                    <ArticleId IdType="pubmed">10721964</ArticleId>
                </ArticleIdList>
            </Reference>
            <Reference>
                <Citation>BMJ. 2009 Jul 21;339:b2535</Citation>
                <ArticleIdList>
                    <ArticleId IdType="pubmed">19622551</ArticleId>
                </ArticleIdList>
            </Reference>
            <Reference>
                <Citation>Ophthalmology. 2013 Aug;120(8):1619-31</Citation>
                <ArticleIdList>
                    <ArticleId IdType="pubmed">23395546</ArticleId>
                </ArticleIdList>
            </Reference>
            <Reference>
                <Citation>JAMA. 1994 Nov 9;272(18):1413-20</Citation>
                <ArticleIdList>
                    <ArticleId IdType="pubmed">7933422</ArticleId>
                </ArticleIdList>
            </Reference>
            <Reference>
                <Citation>JAMA. 2000 Apr 19;283(15):2008-12</Citation>
                <ArticleIdList>
                    <ArticleId IdType="pubmed">10789670</ArticleId>
                </ArticleIdList>
            </Reference>
            <Reference>
                <Citation>Nutrients. 2016 May 11;8(5):</Citation>
                <ArticleIdList>
                    <ArticleId IdType="pubmed">27187447</ArticleId>
                </ArticleIdList>
            </Reference>
            <Reference>
                <Citation>Ophthalmic Epidemiol. 2010 Jan-Feb;17 (1):58-65</Citation>
                <ArticleIdList>
                    <ArticleId IdType="pubmed">20100101</ArticleId>
                </ArticleIdList>
            </Reference>
            <Reference>
                <Citation>Can J Ophthalmol. 2007 Oct;42(5):720-6</Citation>
                <ArticleIdList>
                    <ArticleId IdType="pubmed">17724493</ArticleId>
                </ArticleIdList>
            </Reference>
            <Reference>
                <Citation>J Natl Cancer Inst. 1988 Oct 5;80(15):1198-202</Citation>
                <ArticleIdList>
                    <ArticleId IdType="pubmed">3047407</ArticleId>
                </ArticleIdList>
            </Reference>
            <Reference>
                <Citation>Arch Ophthalmol. 1995 Jun;113(6):743-8</Citation>
                <ArticleIdList>
                    <ArticleId IdType="pubmed">7786215</ArticleId>
                </ArticleIdList>
            </Reference>
            <Reference>
                <Citation>Ophthalmic Epidemiol. 2014 Apr;21(2):111-23</Citation>
                <ArticleIdList>
                    <ArticleId IdType="pubmed">24621122</ArticleId>
                </ArticleIdList>
            </Reference>
            <Reference>
                <Citation>Ophthalmology. 2014 Mar;121(3):667-75</Citation>
                <ArticleIdList>
                    <ArticleId IdType="pubmed">24290803</ArticleId>
                </ArticleIdList>
            </Reference>
            <Reference>
                <Citation>Am J Clin Nutr. 2001 Feb;73(2):209-18</Citation>
                <ArticleIdList>
                    <ArticleId IdType="pubmed">11157315</ArticleId>
                </ArticleIdList>
            </Reference>
            <Reference>
                <Citation>Arch Ophthalmol. 2009 Nov;127(11):1483-93</Citation>
                <ArticleIdList>
                    <ArticleId IdType="pubmed">19901214</ArticleId>
                </ArticleIdList>
            </Reference>
            <Reference>
                <Citation>Arch Ophthalmol. 2003 Dec;121(12):1728-37</Citation>
                <ArticleIdList>
                    <ArticleId IdType="pubmed">14662593</ArticleId>
                </ArticleIdList>
            </Reference>
            <Reference>
                <Citation>Am J Ophthalmol. 2006 Sep;142(3):419-28</Citation>
                <ArticleIdList>
                    <ArticleId IdType="pubmed">16935586</ArticleId>
                </ArticleIdList>
            </Reference>
            <Reference>
                <Citation>Arch Ophthalmol. 2009 May;127(5):674-80</Citation>
                <ArticleIdList>
                    <ArticleId IdType="pubmed">19433719</ArticleId>
                </ArticleIdList>
            </Reference>
            <Reference>
                <Citation>Br J Ophthalmol. 2012 May;96(5):752-6</Citation>
                <ArticleIdList>
                    <ArticleId IdType="pubmed">22329913</ArticleId>
                </ArticleIdList>
            </Reference>
            <Reference>
                <Citation>Arch Ophthalmol. 2001 Aug;119(8):1191-9</Citation>
                <ArticleIdList>
                    <ArticleId IdType="pubmed">11483088</ArticleId>
                </ArticleIdList>
            </Reference>
            <Reference>
                <Citation>Graefes Arch Clin Exp Ophthalmol. 2013 Dec;251(12):2711-23</Citation>
                <ArticleIdList>
                    <ArticleId IdType="pubmed">23695657</ArticleId>
                </ArticleIdList>
            </Reference>
            <Reference>
                <Citation>Am J Ophthalmol. 2016 Aug;168:1-12</Citation>
                <ArticleIdList>
                    <ArticleId IdType="pubmed">27131774</ArticleId>
                </ArticleIdList>
            </Reference>
            <Reference>
                <Citation>Ophthalmology. 2011 Jun;118(6):1082-8</Citation>
                <ArticleIdList>
                    <ArticleId IdType="pubmed">21514959</ArticleId>
                </ArticleIdList>
            </Reference>
            <Reference>
                <Citation>Nutrients. 2016 Jun 17;8(6):</Citation>
                <ArticleIdList>
                    <ArticleId IdType="pubmed">27322311</ArticleId>
                </ArticleIdList>
            </Reference>
            <Reference>
                <Citation>Arch Ophthalmol. 2006 Jul;124(7):981-6</Citation>
                <ArticleIdList>
                    <ArticleId IdType="pubmed">16832021</ArticleId>
                </ArticleIdList>
            </Reference>
            <Reference>
                <Citation>JAMA. 2010 Mar 17;303(11):1077-83</Citation>
                <ArticleIdList>
                    <ArticleId IdType="pubmed">20233826</ArticleId>
                </ArticleIdList>
            </Reference>
            <Reference>
                <Citation>J Am Diet Assoc. 1991 Mar;91(3):331-7</Citation>
                <ArticleIdList>
                    <ArticleId IdType="pubmed">1825498</ArticleId>
                </ArticleIdList>
            </Reference>
            <Reference>
                <Citation>Arch Ophthalmol. 2008 Sep;126(9):1274-9</Citation>
                <ArticleIdList>
                    <ArticleId IdType="pubmed">18779490</ArticleId>
                </ArticleIdList>
            </Reference>
            <Reference>
                <Citation>Arch Ophthalmol. 2006 Jul;124(7):995-1001</Citation>
                <ArticleIdList>
                    <ArticleId IdType="pubmed">16832023</ArticleId>
                </ArticleIdList>
            </Reference>
            <Reference>
                <Citation>PLoS One. 2015 Dec 30;10(12):e0145323</Citation>
                <ArticleIdList>
                    <ArticleId IdType="pubmed">26717306</ArticleId>
                </ArticleIdList>
            </Reference>
            <Reference>
                <Citation>Eur J Epidemiol. 2010 Sep;25(9):603-5</Citation>
                <ArticleIdList>
                    <ArticleId IdType="pubmed">20652370</ArticleId>
                </ArticleIdList>
            </Reference>
        </ReferenceList>
    </PubmedData>
</PubmedArticle>

</PubmedArticleSet>