<?xml version="1.0" ?>
<!DOCTYPE PubmedArticleSet PUBLIC "-//NLM//DTD PubMedArticle, 1st January 2019//EN" "https://dtd.nlm.nih.gov/ncbi/pubmed/out/pubmed_190101.dtd">
<PubmedArticleSet>
<PubmedArticle>
    <MedlineCitation Status="MEDLINE" Owner="NLM">
        <PMID Version="1">17157592</PMID>
        <DateCompleted>
            <Year>2007</Year>
            <Month>01</Month>
            <Day>08</Day>
        </DateCompleted>
        <DateRevised>
            <Year>2015</Year>
            <Month>11</Month>
            <Day>19</Day>
        </DateRevised>
        <Article PubModel="Print-Electronic">
            <Journal>
                <ISSN IssnType="Print">0002-9394</ISSN>
                <JournalIssue CitedMedium="Print">
                    <Volume>142</Volume>
                    <Issue>6</Issue>
                    <PubDate>
                        <Year>2006</Year>
                        <Month>Dec</Month>
                    </PubDate>
                </JournalIssue>
                <Title>American journal of ophthalmology</Title>
                <ISOAbbreviation>Am J Ophthalmol</ISOAbbreviation>
            </Journal>
            <ArticleTitle>Prevention of dermatologic side effects of bimatoprost 0.03% topical therapy.</ArticleTitle>
            <Pagination>
                <MedlinePgn>1059-60</MedlinePgn>
            </Pagination>
            <Abstract>
                <AbstractText Label="PURPOSE" NlmCategory="OBJECTIVE">To investigate the efficacy of reducing the drop-skin contact to prevent dermatologic side effects of bimatoprost 0.03% topical therapy.</AbstractText>
                <AbstractText Label="DESIGN" NlmCategory="METHODS">Prospective, randomized, single-blinded, internally controlled study.</AbstractText>
                <AbstractText Label="METHODS" NlmCategory="METHODS">Enrolled subjects started bimatoprost 0.03% therapy once at night in both eyes and were instructed to wipe selectively only one eye (eye 1) with an adsorbent pad during and after drops administration for four months. The fellow eye acted as the internal control. Eyelash growth, regional skin hypertrichosis, and pigmentation on the periocular skin were assessed at baseline and during the four months of follow-up.</AbstractText>
                <AbstractText Label="RESULTS" NlmCategory="RESULTS">A lower incidence of eyelash growth and skin pigmentation in the inferonasal pericanthal region were observed in eye 1. The incidence of pigmentation in the inferotemporal skin region and skin hypertrichosis were similar in the two eyes.</AbstractText>
                <AbstractText Label="CONCLUSION" NlmCategory="CONCLUSIONS">The reduction of the drop-skin contact affects the regional incidence and the extent of dermatologic skin changes that are related to bimatoprost 0.03% topical therapy.</AbstractText>
            </Abstract>
            <AuthorList CompleteYN="Y">
                <Author ValidYN="Y">
                    <LastName>Centofanti</LastName>
                    <ForeName>Marco</ForeName>
                    <Initials>M</Initials>
                    <AffiliationInfo>
                        <Affiliation>Department of Ophthalmology, University of Tor Vergata, Rome, Italy.</Affiliation>
                    </AffiliationInfo>
                </Author>
                <Author ValidYN="Y">
                    <LastName>Oddone</LastName>
                    <ForeName>Francesco</ForeName>
                    <Initials>F</Initials>
                </Author>
                <Author ValidYN="Y">
                    <LastName>Chimenti</LastName>
                    <ForeName>Sergio</ForeName>
                    <Initials>S</Initials>
                </Author>
                <Author ValidYN="Y">
                    <LastName>Tanga</LastName>
                    <ForeName>Lucia</ForeName>
                    <Initials>L</Initials>
                </Author>
                <Author ValidYN="Y">
                    <LastName>Citarella</LastName>
                    <ForeName>Luigi</ForeName>
                    <Initials>L</Initials>
                </Author>
                <Author ValidYN="Y">
                    <LastName>Manni</LastName>
                    <ForeName>Gianluca</ForeName>
                    <Initials>G</Initials>
                </Author>
            </AuthorList>
            <Language>eng</Language>
            <PublicationTypeList>
                <PublicationType UI="D016428">Journal Article</PublicationType>
                <PublicationType UI="D016449">Randomized Controlled Trial</PublicationType>
            </PublicationTypeList>
            <ArticleDate DateType="Electronic">
                <Year>2006</Year>
                <Month>08</Month>
                <Day>07</Day>
            </ArticleDate>
        </Article>
        <MedlineJournalInfo>
            <Country>United States</Country>
            <MedlineTA>Am J Ophthalmol</MedlineTA>
            <NlmUniqueID>0370500</NlmUniqueID>
            <ISSNLinking>0002-9394</ISSNLinking>
        </MedlineJournalInfo>
        <ChemicalList>
            <Chemical>
                <RegistryNumber>0</RegistryNumber>
                <NameOfSubstance UI="D000577">Amides</NameOfSubstance>
            </Chemical>
            <Chemical>
                <RegistryNumber>0</RegistryNumber>
                <NameOfSubstance UI="D000959">Antihypertensive Agents</NameOfSubstance>
            </Chemical>
            <Chemical>
                <RegistryNumber>0</RegistryNumber>
                <NameOfSubstance UI="D008055">Lipids</NameOfSubstance>
            </Chemical>
            <Chemical>
                <RegistryNumber>0</RegistryNumber>
                <NameOfSubstance UI="D009883">Ophthalmic Solutions</NameOfSubstance>
            </Chemical>
            <Chemical>
                <RegistryNumber>4208238832</RegistryNumber>
                <NameOfSubstance UI="D003008">Cloprostenol</NameOfSubstance>
            </Chemical>
            <Chemical>
                <RegistryNumber>QXS94885MZ</RegistryNumber>
                <NameOfSubstance UI="D000069580">Bimatoprost</NameOfSubstance>
            </Chemical>
        </ChemicalList>
        <CitationSubset>AIM</CitationSubset>
        <CitationSubset>IM</CitationSubset>
        <MeshHeadingList>
            <MeshHeading>
                <DescriptorName UI="D000328" MajorTopicYN="N">Adult</DescriptorName>
            </MeshHeading>
            <MeshHeading>
                <DescriptorName UI="D000368" MajorTopicYN="N">Aged</DescriptorName>
            </MeshHeading>
            <MeshHeading>
                <DescriptorName UI="D000577" MajorTopicYN="N">Amides</DescriptorName>
                <QualifierName UI="Q000009" MajorTopicYN="Y">adverse effects</QualifierName>
                <QualifierName UI="Q000627" MajorTopicYN="N">therapeutic use</QualifierName>
            </MeshHeading>
            <MeshHeading>
                <DescriptorName UI="D000959" MajorTopicYN="N">Antihypertensive Agents</DescriptorName>
                <QualifierName UI="Q000009" MajorTopicYN="Y">adverse effects</QualifierName>
                <QualifierName UI="Q000627" MajorTopicYN="N">therapeutic use</QualifierName>
            </MeshHeading>
            <MeshHeading>
                <DescriptorName UI="D000069580" MajorTopicYN="N">Bimatoprost</DescriptorName>
            </MeshHeading>
            <MeshHeading>
                <DescriptorName UI="D003008" MajorTopicYN="N">Cloprostenol</DescriptorName>
                <QualifierName UI="Q000009" MajorTopicYN="N">adverse effects</QualifierName>
                <QualifierName UI="Q000031" MajorTopicYN="Y">analogs &amp; derivatives</QualifierName>
                <QualifierName UI="Q000627" MajorTopicYN="N">therapeutic use</QualifierName>
            </MeshHeading>
            <MeshHeading>
                <DescriptorName UI="D004209" MajorTopicYN="N">Disposable Equipment</DescriptorName>
            </MeshHeading>
            <MeshHeading>
                <DescriptorName UI="D005140" MajorTopicYN="N">Eyelashes</DescriptorName>
                <QualifierName UI="Q000187" MajorTopicYN="N">drug effects</QualifierName>
            </MeshHeading>
            <MeshHeading>
                <DescriptorName UI="D005141" MajorTopicYN="N">Eyelid Diseases</DescriptorName>
                <QualifierName UI="Q000139" MajorTopicYN="N">chemically induced</QualifierName>
                <QualifierName UI="Q000517" MajorTopicYN="Y">prevention &amp; control</QualifierName>
            </MeshHeading>
            <MeshHeading>
                <DescriptorName UI="D005260" MajorTopicYN="N">Female</DescriptorName>
            </MeshHeading>
            <MeshHeading>
                <DescriptorName UI="D005901" MajorTopicYN="N">Glaucoma</DescriptorName>
                <QualifierName UI="Q000188" MajorTopicYN="N">drug therapy</QualifierName>
            </MeshHeading>
            <MeshHeading>
                <DescriptorName UI="D006201" MajorTopicYN="N">Hair Diseases</DescriptorName>
                <QualifierName UI="Q000139" MajorTopicYN="N">chemically induced</QualifierName>
                <QualifierName UI="Q000517" MajorTopicYN="Y">prevention &amp; control</QualifierName>
            </MeshHeading>
            <MeshHeading>
                <DescriptorName UI="D006801" MajorTopicYN="N">Humans</DescriptorName>
            </MeshHeading>
            <MeshHeading>
                <DescriptorName UI="D017495" MajorTopicYN="N">Hyperpigmentation</DescriptorName>
                <QualifierName UI="Q000139" MajorTopicYN="N">chemically induced</QualifierName>
                <QualifierName UI="Q000517" MajorTopicYN="Y">prevention &amp; control</QualifierName>
            </MeshHeading>
            <MeshHeading>
                <DescriptorName UI="D007429" MajorTopicYN="N">Intraocular Pressure</DescriptorName>
                <QualifierName UI="Q000187" MajorTopicYN="N">drug effects</QualifierName>
            </MeshHeading>
            <MeshHeading>
                <DescriptorName UI="D008055" MajorTopicYN="N">Lipids</DescriptorName>
                <QualifierName UI="Q000009" MajorTopicYN="Y">adverse effects</QualifierName>
                <QualifierName UI="Q000627" MajorTopicYN="N">therapeutic use</QualifierName>
            </MeshHeading>
            <MeshHeading>
                <DescriptorName UI="D008297" MajorTopicYN="N">Male</DescriptorName>
            </MeshHeading>
            <MeshHeading>
                <DescriptorName UI="D008875" MajorTopicYN="N">Middle Aged</DescriptorName>
            </MeshHeading>
            <MeshHeading>
                <DescriptorName UI="D009798" MajorTopicYN="N">Ocular Hypertension</DescriptorName>
                <QualifierName UI="Q000188" MajorTopicYN="N">drug therapy</QualifierName>
            </MeshHeading>
            <MeshHeading>
                <DescriptorName UI="D009883" MajorTopicYN="N">Ophthalmic Solutions</DescriptorName>
                <QualifierName UI="Q000009" MajorTopicYN="N">adverse effects</QualifierName>
                <QualifierName UI="Q000627" MajorTopicYN="N">therapeutic use</QualifierName>
            </MeshHeading>
            <MeshHeading>
                <DescriptorName UI="D009885" MajorTopicYN="N">Ophthalmology</DescriptorName>
                <QualifierName UI="Q000379" MajorTopicYN="N">methods</QualifierName>
            </MeshHeading>
            <MeshHeading>
                <DescriptorName UI="D011446" MajorTopicYN="N">Prospective Studies</DescriptorName>
            </MeshHeading>
            <MeshHeading>
                <DescriptorName UI="D016037" MajorTopicYN="N">Single-Blind Method</DescriptorName>
            </MeshHeading>
            <MeshHeading>
                <DescriptorName UI="D017592" MajorTopicYN="N">Skin Care</DescriptorName>
                <QualifierName UI="Q000295" MajorTopicYN="Y">instrumentation</QualifierName>
            </MeshHeading>
            <MeshHeading>
                <DescriptorName UI="D012880" MajorTopicYN="N">Skin Pigmentation</DescriptorName>
                <QualifierName UI="Q000187" MajorTopicYN="N">drug effects</QualifierName>
            </MeshHeading>
        </MeshHeadingList>
    </MedlineCitation>
    <PubmedData>
        <History>
            <PubMedPubDate PubStatus="received">
                <Year>2006</Year>
                <Month>03</Month>
                <Day>20</Day>
            </PubMedPubDate>
            <PubMedPubDate PubStatus="revised">
                <Year>2006</Year>
                <Month>06</Month>
                <Day>27</Day>
            </PubMedPubDate>
            <PubMedPubDate PubStatus="accepted">
                <Year>2006</Year>
                <Month>07</Month>
                <Day>04</Day>
            </PubMedPubDate>
            <PubMedPubDate PubStatus="pubmed">
                <Year>2006</Year>
                <Month>12</Month>
                <Day>13</Day>
                <Hour>9</Hour>
                <Minute>0</Minute>
            </PubMedPubDate>
            <PubMedPubDate PubStatus="medline">
                <Year>2007</Year>
                <Month>1</Month>
                <Day>9</Day>
                <Hour>9</Hour>
                <Minute>0</Minute>
            </PubMedPubDate>
            <PubMedPubDate PubStatus="entrez">
                <Year>2006</Year>
                <Month>12</Month>
                <Day>13</Day>
                <Hour>9</Hour>
                <Minute>0</Minute>
            </PubMedPubDate>
        </History>
        <PublicationStatus>ppublish</PublicationStatus>
        <ArticleIdList>
            <ArticleId IdType="pubmed">17157592</ArticleId>
            <ArticleId IdType="pii">S0002-9394(06)00857-9</ArticleId>
            <ArticleId IdType="doi">10.1016/j.ajo.2006.07.019</ArticleId>
        </ArticleIdList>
    </PubmedData>
</PubmedArticle>

</PubmedArticleSet>