<?xml version="1.0" ?>
<!DOCTYPE PubmedArticleSet PUBLIC "-//NLM//DTD PubMedArticle, 1st January 2019//EN" "https://dtd.nlm.nih.gov/ncbi/pubmed/out/pubmed_190101.dtd">
<PubmedArticleSet>
<PubmedArticle>
    <MedlineCitation Status="MEDLINE" Owner="NLM">
        <PMID Version="1">11284746</PMID>
        <DateCompleted>
            <Year>2001</Year>
            <Month>05</Month>
            <Day>24</Day>
        </DateCompleted>
        <DateRevised>
            <Year>2019</Year>
            <Month>09</Month>
            <Day>21</Day>
        </DateRevised>
        <Article PubModel="Print">
            <Journal>
                <ISSN IssnType="Print">1395-3907</ISSN>
                <JournalIssue CitedMedium="Print">
                    <Volume>79</Volume>
                    <Issue>2</Issue>
                    <PubDate>
                        <Year>2001</Year>
                        <Month>Apr</Month>
                    </PubDate>
                </JournalIssue>
                <Title>Acta ophthalmologica Scandinavica</Title>
                <ISOAbbreviation>Acta Ophthalmol Scand</ISOAbbreviation>
            </Journal>
            <ArticleTitle>The impact of glaucoma on the quality of life of patients in Norway. I. Results from a self-administered questionnaire.</ArticleTitle>
            <Pagination>
                <MedlinePgn>116-20</MedlinePgn>
            </Pagination>
            <Abstract>
                <AbstractText Label="PURPOSE" NlmCategory="OBJECTIVE">To evaluate the feelings and experiences of patients living with glaucoma.</AbstractText>
                <AbstractText Label="METHODS" NlmCategory="METHODS">A questionnaire was delivered to patients willing to take part, at a regular visit to their ophthalmologist, for filling in anonymously at home. A total of 589 questionnaires were returned.</AbstractText>
                <AbstractText Label="RESULTS" NlmCategory="RESULTS">More than 80% reported negative emotions on learning that they had glaucoma, one-third were afraid of going blind. Half the patients had no visual problem at all, 14% complained of poor or very poor vision. This proportion increased with age. One-fourth of the patients on topical medication experienced adverse effects of moderate or high degree. About half the patients being treated with laser or surgery felt their situation had improved afterwards. Nine-tenths of the individuals were satisfied with the information and care given, although their knowledge about glaucoma was rather incomplete. One-fifth missed information, mainly on causes, treatment and prognosis of the disease. The younger patients were more anxious and inquiring, reported more side effects and were less satisfied than the older patients. The women were in general more dissatisfied than the men.</AbstractText>
                <AbstractText Label="CONCLUSION" NlmCategory="CONCLUSIONS">Giving a patient a diagnosis of glaucoma influences his quality of life negatively. Only half of our patients experienced any visual difficulties, whereas one-fourth reported adverse reactions due to the therapy. Most of the patients were very satisfied with the information and care given. Ophthalmologists in private practice are quite central in the management and care of the glaucoma patients in a medical setting like ours.</AbstractText>
            </Abstract>
            <AuthorList CompleteYN="Y">
                <Author ValidYN="Y">
                    <LastName>Odberg</LastName>
                    <ForeName>T</ForeName>
                    <Initials>T</Initials>
                    <AffiliationInfo>
                        <Affiliation>Department of Ophthalmology, Central Hospital in Hedmark, Hamar, Norway. tor.ordberg@c2i.net</Affiliation>
                    </AffiliationInfo>
                </Author>
                <Author ValidYN="Y">
                    <LastName>Jakobsen</LastName>
                    <ForeName>J E</ForeName>
                    <Initials>JE</Initials>
                </Author>
                <Author ValidYN="Y">
                    <LastName>Hultgren</LastName>
                    <ForeName>S J</ForeName>
                    <Initials>SJ</Initials>
                </Author>
                <Author ValidYN="Y">
                    <LastName>Halseide</LastName>
                    <ForeName>R</ForeName>
                    <Initials>R</Initials>
                </Author>
            </AuthorList>
            <Language>eng</Language>
            <PublicationTypeList>
                <PublicationType UI="D016428">Journal Article</PublicationType>
                <PublicationType UI="D013485">Research Support, Non-U.S. Gov't</PublicationType>
            </PublicationTypeList>
        </Article>
        <MedlineJournalInfo>
            <Country>Denmark</Country>
            <MedlineTA>Acta Ophthalmol Scand</MedlineTA>
            <NlmUniqueID>9507578</NlmUniqueID>
            <ISSNLinking>1395-3907</ISSNLinking>
        </MedlineJournalInfo>
        <CitationSubset>IM</CitationSubset>
        <CommentsCorrectionsList>
            <CommentsCorrections RefType="CommentIn">
                <RefSource>Acta Ophthalmol Scand. 2001 Apr;79(2):107</RefSource>
                <PMID Version="1">11284744</PMID>
            </CommentsCorrections>
        </CommentsCorrectionsList>
        <MeshHeadingList>
            <MeshHeading>
                <DescriptorName UI="D000328" MajorTopicYN="N">Adult</DescriptorName>
            </MeshHeading>
            <MeshHeading>
                <DescriptorName UI="D000368" MajorTopicYN="N">Aged</DescriptorName>
            </MeshHeading>
            <MeshHeading>
                <DescriptorName UI="D000369" MajorTopicYN="N">Aged, 80 and over</DescriptorName>
            </MeshHeading>
            <MeshHeading>
                <DescriptorName UI="D004644" MajorTopicYN="N">Emotions</DescriptorName>
                <QualifierName UI="Q000502" MajorTopicYN="N">physiology</QualifierName>
            </MeshHeading>
            <MeshHeading>
                <DescriptorName UI="D005260" MajorTopicYN="N">Female</DescriptorName>
            </MeshHeading>
            <MeshHeading>
                <DescriptorName UI="D018463" MajorTopicYN="N">Filtering Surgery</DescriptorName>
            </MeshHeading>
            <MeshHeading>
                <DescriptorName UI="D005901" MajorTopicYN="N">Glaucoma</DescriptorName>
                <QualifierName UI="Q000175" MajorTopicYN="Y">diagnosis</QualifierName>
                <QualifierName UI="Q000523" MajorTopicYN="N">psychology</QualifierName>
                <QualifierName UI="Q000601" MajorTopicYN="N">surgery</QualifierName>
            </MeshHeading>
            <MeshHeading>
                <DescriptorName UI="D006801" MajorTopicYN="N">Humans</DescriptorName>
            </MeshHeading>
            <MeshHeading>
                <DescriptorName UI="D053685" MajorTopicYN="N">Laser Therapy</DescriptorName>
            </MeshHeading>
            <MeshHeading>
                <DescriptorName UI="D008297" MajorTopicYN="N">Male</DescriptorName>
            </MeshHeading>
            <MeshHeading>
                <DescriptorName UI="D008875" MajorTopicYN="N">Middle Aged</DescriptorName>
            </MeshHeading>
            <MeshHeading>
                <DescriptorName UI="D009664" MajorTopicYN="N" Type="Geographic">Norway</DescriptorName>
            </MeshHeading>
            <MeshHeading>
                <DescriptorName UI="D010353" MajorTopicYN="N">Patient Education as Topic</DescriptorName>
            </MeshHeading>
            <MeshHeading>
                <DescriptorName UI="D017060" MajorTopicYN="N">Patient Satisfaction</DescriptorName>
            </MeshHeading>
            <MeshHeading>
                <DescriptorName UI="D011788" MajorTopicYN="Y">Quality of Life</DescriptorName>
            </MeshHeading>
            <MeshHeading>
                <DescriptorName UI="D011795" MajorTopicYN="Y">Surveys and Questionnaires</DescriptorName>
            </MeshHeading>
        </MeshHeadingList>
    </MedlineCitation>
    <PubmedData>
        <History>
            <PubMedPubDate PubStatus="pubmed">
                <Year>2001</Year>
                <Month>4</Month>
                <Day>4</Day>
                <Hour>10</Hour>
                <Minute>0</Minute>
            </PubMedPubDate>
            <PubMedPubDate PubStatus="medline">
                <Year>2001</Year>
                <Month>6</Month>
                <Day>2</Day>
                <Hour>10</Hour>
                <Minute>1</Minute>
            </PubMedPubDate>
            <PubMedPubDate PubStatus="entrez">
                <Year>2001</Year>
                <Month>4</Month>
                <Day>4</Day>
                <Hour>10</Hour>
                <Minute>0</Minute>
            </PubMedPubDate>
        </History>
        <PublicationStatus>ppublish</PublicationStatus>
        <ArticleIdList>
            <ArticleId IdType="pubmed">11284746</ArticleId>
            <ArticleId IdType="pii">aos790203</ArticleId>
            <ArticleId IdType="doi">10.1034/j.1600-0420.2001.079002116.x</ArticleId>
        </ArticleIdList>
    </PubmedData>
</PubmedArticle>

</PubmedArticleSet>