<?xml version="1.0" ?>
<!DOCTYPE PubmedArticleSet PUBLIC "-//NLM//DTD PubMedArticle, 1st January 2019//EN" "https://dtd.nlm.nih.gov/ncbi/pubmed/out/pubmed_190101.dtd">
<PubmedArticleSet>
<PubmedArticle>
    <MedlineCitation Status="MEDLINE" Owner="NLM">
        <PMID Version="1">11677506</PMID>
        <DateCompleted>
            <Year>2002</Year>
            <Month>02</Month>
            <Day>14</Day>
        </DateCompleted>
        <DateRevised>
            <Year>2019</Year>
            <Month>11</Month>
            <Day>05</Day>
        </DateRevised>
        <Article PubModel="Print">
            <Journal>
                <ISSN IssnType="Print">1060-135X</ISSN>
                <JournalIssue CitedMedium="Print">
                    <Volume>26</Volume>
                    <Issue>3</Issue>
                    <PubDate>
                        <MedlineDate>2001 Jul-Sep</MedlineDate>
                    </PubDate>
                </JournalIssue>
                <Title>Insight (American Society of Ophthalmic Registered Nurses)</Title>
                <ISOAbbreviation>Insight</ISOAbbreviation>
            </Journal>
            <ArticleTitle>Filling the waiting time in the clinic with education about glaucoma.</ArticleTitle>
            <Pagination>
                <MedlinePgn>77-80</MedlinePgn>
            </Pagination>
            <Abstract>
                <AbstractText>The purpose of this study was to examine the effects of an educational intervention, designed to occupy the waiting time in an eye clinic, on learning about glaucoma and patient satisfaction. Subjects (N = 100) waiting in the eye clinic were randomly assigned to 2 groups: (1) educational intervention and (2) usual clinic care (no structured education during the waiting time in the clinic). Patients who were taught in the clinic had significant gains in knowledge about glaucoma from pretest to posttest and were more satisfied with the education received during the visit.</AbstractText>
            </Abstract>
            <AuthorList CompleteYN="Y">
                <Author ValidYN="Y">
                    <LastName>Oermann</LastName>
                    <ForeName>M H</ForeName>
                    <Initials>MH</Initials>
                    <AffiliationInfo>
                        <Affiliation>College of Nursing, Wayne State University, Detroit, MI, USA.</Affiliation>
                    </AffiliationInfo>
                </Author>
                <Author ValidYN="Y">
                    <LastName>Needham</LastName>
                    <ForeName>C A</ForeName>
                    <Initials>CA</Initials>
                </Author>
                <Author ValidYN="Y">
                    <LastName>Dobal</LastName>
                    <ForeName>M T</ForeName>
                    <Initials>MT</Initials>
                </Author>
                <Author ValidYN="Y">
                    <LastName>Sinishtaj</LastName>
                    <ForeName>L</ForeName>
                    <Initials>L</Initials>
                </Author>
                <Author ValidYN="Y">
                    <LastName>Lange</LastName>
                    <ForeName>M P</ForeName>
                    <Initials>MP</Initials>
                </Author>
            </AuthorList>
            <Language>eng</Language>
            <PublicationTypeList>
                <PublicationType UI="D016430">Clinical Trial</PublicationType>
                <PublicationType UI="D016428">Journal Article</PublicationType>
                <PublicationType UI="D016449">Randomized Controlled Trial</PublicationType>
                <PublicationType UI="D013486">Research Support, U.S. Gov't, Non-P.H.S.</PublicationType>
            </PublicationTypeList>
        </Article>
        <MedlineJournalInfo>
            <Country>United States</Country>
            <MedlineTA>Insight</MedlineTA>
            <NlmUniqueID>9111431</NlmUniqueID>
            <ISSNLinking>1060-135X</ISSNLinking>
        </MedlineJournalInfo>
        <CitationSubset>N</CitationSubset>
        <MeshHeadingList>
            <MeshHeading>
                <DescriptorName UI="D000368" MajorTopicYN="N">Aged</DescriptorName>
            </MeshHeading>
            <MeshHeading>
                <DescriptorName UI="D005260" MajorTopicYN="N">Female</DescriptorName>
            </MeshHeading>
            <MeshHeading>
                <DescriptorName UI="D005901" MajorTopicYN="Y">Glaucoma</DescriptorName>
            </MeshHeading>
            <MeshHeading>
                <DescriptorName UI="D007722" MajorTopicYN="N">Health Knowledge, Attitudes, Practice</DescriptorName>
            </MeshHeading>
            <MeshHeading>
                <DescriptorName UI="D006801" MajorTopicYN="N">Humans</DescriptorName>
            </MeshHeading>
            <MeshHeading>
                <DescriptorName UI="D008297" MajorTopicYN="N">Male</DescriptorName>
            </MeshHeading>
            <MeshHeading>
                <DescriptorName UI="D008824" MajorTopicYN="N" Type="Geographic">Michigan</DescriptorName>
            </MeshHeading>
            <MeshHeading>
                <DescriptorName UI="D010353" MajorTopicYN="N">Patient Education as Topic</DescriptorName>
                <QualifierName UI="Q000379" MajorTopicYN="Y">methods</QualifierName>
            </MeshHeading>
            <MeshHeading>
                <DescriptorName UI="D017060" MajorTopicYN="N">Patient Satisfaction</DescriptorName>
            </MeshHeading>
            <MeshHeading>
                <DescriptorName UI="D013997" MajorTopicYN="N">Time Factors</DescriptorName>
            </MeshHeading>
            <MeshHeading>
                <DescriptorName UI="D014743" MajorTopicYN="N">Videotape Recording</DescriptorName>
            </MeshHeading>
        </MeshHeadingList>
    </MedlineCitation>
    <PubmedData>
        <History>
            <PubMedPubDate PubStatus="pubmed">
                <Year>2001</Year>
                <Month>10</Month>
                <Day>26</Day>
                <Hour>10</Hour>
                <Minute>0</Minute>
            </PubMedPubDate>
            <PubMedPubDate PubStatus="medline">
                <Year>2002</Year>
                <Month>2</Month>
                <Day>15</Day>
                <Hour>10</Hour>
                <Minute>1</Minute>
            </PubMedPubDate>
            <PubMedPubDate PubStatus="entrez">
                <Year>2001</Year>
                <Month>10</Month>
                <Day>26</Day>
                <Hour>10</Hour>
                <Minute>0</Minute>
            </PubMedPubDate>
        </History>
        <PublicationStatus>ppublish</PublicationStatus>
        <ArticleIdList>
            <ArticleId IdType="pubmed">11677506</ArticleId>
            <ArticleId IdType="pii">S1060135X01162494</ArticleId>
            <ArticleId IdType="doi">10.1067/min.2001.118673</ArticleId>
        </ArticleIdList>
    </PubmedData>
</PubmedArticle>

</PubmedArticleSet>