<?xml version="1.0" ?>
<!DOCTYPE PubmedArticleSet PUBLIC "-//NLM//DTD PubMedArticle, 1st January 2019//EN" "https://dtd.nlm.nih.gov/ncbi/pubmed/out/pubmed_190101.dtd">
<PubmedArticleSet>
<PubmedArticle>
    <MedlineCitation Status="MEDLINE" Owner="NLM">
        <PMID Version="1">11908028</PMID>
        <DateCompleted>
            <Year>2002</Year>
            <Month>04</Month>
            <Day>11</Day>
        </DateCompleted>
        <DateRevised>
            <Year>2019</Year>
            <Month>11</Month>
            <Day>05</Day>
        </DateRevised>
        <Article PubModel="Print">
            <Journal>
                <ISSN IssnType="Print">1060-135X</ISSN>
                <JournalIssue CitedMedium="Print">
                    <Volume>25</Volume>
                    <Issue>4</Issue>
                    <PubDate>
                        <MedlineDate>2000 Oct-Dec</MedlineDate>
                    </PubDate>
                </JournalIssue>
                <Title>Insight (American Society of Ophthalmic Registered Nurses)</Title>
                <ISOAbbreviation>Insight</ISOAbbreviation>
            </Journal>
            <ArticleTitle>Effect of health education on patients' beliefs about glaucoma and compliance.</ArticleTitle>
            <Pagination>
                <MedlinePgn>112-8</MedlinePgn>
            </Pagination>
            <Abstract>
                <AbstractText>A pretest-posttest control group experimental design (n = 100) was used to determine the effectiveness of an interactive patient education program compared with a didactic approach for persons with primary open angle glaucoma at a major specialist eye hospital in England. This study used a questionnaire with a knowledge test to explore patients' glaucoma knowledge, a series of vignettes to explore understanding of compliance and health motivation, and health locus of control scales to assess the effect of these variables. The improved posttest results (P = .000) suggest that patients benefit from education programs and that the ophthalmic nurse is an effective patient teacher. The interactive program has no statistically significant difference from the didactic presentation. Other types of interactive programs may prove to be more beneficial.</AbstractText>
            </Abstract>
            <AuthorList CompleteYN="Y">
                <Author ValidYN="Y">
                    <LastName>Rendell</LastName>
                    <ForeName>J</ForeName>
                    <Initials>J</Initials>
                </Author>
            </AuthorList>
            <Language>eng</Language>
            <PublicationTypeList>
                <PublicationType UI="D016428">Journal Article</PublicationType>
            </PublicationTypeList>
        </Article>
        <MedlineJournalInfo>
            <Country>United States</Country>
            <MedlineTA>Insight</MedlineTA>
            <NlmUniqueID>9111431</NlmUniqueID>
            <ISSNLinking>1060-135X</ISSNLinking>
        </MedlineJournalInfo>
        <CitationSubset>N</CitationSubset>
        <MeshHeadingList>
            <MeshHeading>
                <DescriptorName UI="D000328" MajorTopicYN="N">Adult</DescriptorName>
            </MeshHeading>
            <MeshHeading>
                <DescriptorName UI="D000368" MajorTopicYN="N">Aged</DescriptorName>
            </MeshHeading>
            <MeshHeading>
                <DescriptorName UI="D000369" MajorTopicYN="N">Aged, 80 and over</DescriptorName>
            </MeshHeading>
            <MeshHeading>
                <DescriptorName UI="D005260" MajorTopicYN="N">Female</DescriptorName>
            </MeshHeading>
            <MeshHeading>
                <DescriptorName UI="D005902" MajorTopicYN="N">Glaucoma, Open-Angle</DescriptorName>
                <QualifierName UI="Q000188" MajorTopicYN="Y">drug therapy</QualifierName>
                <QualifierName UI="Q000523" MajorTopicYN="N">psychology</QualifierName>
            </MeshHeading>
            <MeshHeading>
                <DescriptorName UI="D006266" MajorTopicYN="N">Health Education</DescriptorName>
                <QualifierName UI="Q000379" MajorTopicYN="Y">methods</QualifierName>
            </MeshHeading>
            <MeshHeading>
                <DescriptorName UI="D007722" MajorTopicYN="Y">Health Knowledge, Attitudes, Practice</DescriptorName>
            </MeshHeading>
            <MeshHeading>
                <DescriptorName UI="D006801" MajorTopicYN="N">Humans</DescriptorName>
            </MeshHeading>
            <MeshHeading>
                <DescriptorName UI="D008297" MajorTopicYN="N">Male</DescriptorName>
            </MeshHeading>
            <MeshHeading>
                <DescriptorName UI="D008875" MajorTopicYN="N">Middle Aged</DescriptorName>
            </MeshHeading>
            <MeshHeading>
                <DescriptorName UI="D010349" MajorTopicYN="Y">Patient Compliance</DescriptorName>
            </MeshHeading>
            <MeshHeading>
                <DescriptorName UI="D011795" MajorTopicYN="N">Surveys and Questionnaires</DescriptorName>
            </MeshHeading>
        </MeshHeadingList>
    </MedlineCitation>
    <PubmedData>
        <History>
            <PubMedPubDate PubStatus="pubmed">
                <Year>2002</Year>
                <Month>3</Month>
                <Day>23</Day>
                <Hour>10</Hour>
                <Minute>0</Minute>
            </PubMedPubDate>
            <PubMedPubDate PubStatus="medline">
                <Year>2002</Year>
                <Month>4</Month>
                <Day>12</Day>
                <Hour>10</Hour>
                <Minute>1</Minute>
            </PubMedPubDate>
            <PubMedPubDate PubStatus="entrez">
                <Year>2002</Year>
                <Month>3</Month>
                <Day>23</Day>
                <Hour>10</Hour>
                <Minute>0</Minute>
            </PubMedPubDate>
        </History>
        <PublicationStatus>ppublish</PublicationStatus>
        <ArticleIdList>
            <ArticleId IdType="pubmed">11908028</ArticleId>
            <ArticleId IdType="pii">S1060-135X(00)07488-1</ArticleId>
            <ArticleId IdType="doi">10.1067/min.2000.104919</ArticleId>
        </ArticleIdList>
    </PubmedData>
</PubmedArticle>

</PubmedArticleSet>