<?xml version="1.0" ?>
<!DOCTYPE PubmedArticleSet PUBLIC "-//NLM//DTD PubMedArticle, 1st January 2019//EN" "https://dtd.nlm.nih.gov/ncbi/pubmed/out/pubmed_190101.dtd">
<PubmedArticleSet>
<PubmedArticle>
    <MedlineCitation Status="MEDLINE" Owner="NLM">
        <PMID Version="1">15751237</PMID>
        <DateCompleted>
            <Year>2005</Year>
            <Month>04</Month>
            <Day>04</Day>
        </DateCompleted>
        <DateRevised>
            <Year>2019</Year>
            <Month>09</Month>
            <Day>17</Day>
        </DateRevised>
        <Article PubModel="Print">
            <Journal>
                <ISSN IssnType="Print">1120-6721</ISSN>
                <JournalIssue CitedMedium="Print">
                    <Volume>15</Volume>
                    <Issue>1</Issue>
                    <PubDate>
                        <MedlineDate>2005 Jan-Feb</MedlineDate>
                    </PubDate>
                </JournalIssue>
                <Title>European journal of ophthalmology</Title>
                <ISOAbbreviation>Eur J Ophthalmol</ISOAbbreviation>
            </Journal>
            <ArticleTitle>Knowledge base and preferred methods of obtaining knowledge of glaucoma patients.</ArticleTitle>
            <Pagination>
                <MedlinePgn>32-40</MedlinePgn>
            </Pagination>
            <Abstract>
                <AbstractText Label="PURPOSE" NlmCategory="OBJECTIVE">To gather information regarding patient's understanding of glaucoma and the manner in which patients wish to learn about the disease with the intent of improving patient education.</AbstractText>
                <AbstractText Label="METHODS" NlmCategory="METHODS">Forty-four of sixty randomly selected ophthalmologists (73%) asked four of their patients consecutively to complete a questionnaire about glaucoma. The selection of questions was based on focus group interviews and suggestions from several experts. Topics included knowledge about glaucoma and its treatment, the need for information, and preferred providers and methods of patient education.</AbstractText>
                <AbstractText Label="RESULTS" NlmCategory="RESULTS">Fifty percent of the patients had 49% or less correct answers to questions about glaucoma or its treatment. Per item the correct answers ranged from 5% to 90%. Lack of knowledge was associated with low level of education, short duration of glaucoma, high age, and no preference for the Internet as method of supplying information. These variables, however, did not identify groups with a considerable lack of knowledge sufficiently accurately to target patient education. A high need for information was observed and included information about the patient's own glaucoma. Almost all patients preferred the ophthalmologist and many also a nurse or a representative of the Glaucoma Patient Society as providers of information. Written material was the preferred method.</AbstractText>
                <AbstractText Label="CONCLUSIONS" NlmCategory="CONCLUSIONS">Patient education should address all patients. A patient education program should cover a wide range of topics with a focus on general information through written material and information tailored to the individual glaucoma patient's needs. The ophthalmologist is a key- person, but others could play an important role in patient education.</AbstractText>
            </Abstract>
            <AuthorList CompleteYN="Y">
                <Author ValidYN="Y">
                    <LastName>Hoevenaars</LastName>
                    <ForeName>J G M M</ForeName>
                    <Initials>JG</Initials>
                    <AffiliationInfo>
                        <Affiliation>Department of Ophthalmology, Maastricht University Hospital, Maastricht - The Netherlands.</Affiliation>
                    </AffiliationInfo>
                </Author>
                <Author ValidYN="Y">
                    <LastName>Schouten</LastName>
                    <ForeName>J S A G</ForeName>
                    <Initials>JS</Initials>
                </Author>
                <Author ValidYN="Y">
                    <LastName>van den Borne</LastName>
                    <ForeName>B</ForeName>
                    <Initials>B</Initials>
                </Author>
                <Author ValidYN="Y">
                    <LastName>Beckers</LastName>
                    <ForeName>H J M</ForeName>
                    <Initials>HJ</Initials>
                </Author>
                <Author ValidYN="Y">
                    <LastName>Webers</LastName>
                    <ForeName>C A B</ForeName>
                    <Initials>CA</Initials>
                </Author>
            </AuthorList>
            <Language>eng</Language>
            <PublicationTypeList>
                <PublicationType UI="D016428">Journal Article</PublicationType>
                <PublicationType UI="D016448">Multicenter Study</PublicationType>
                <PublicationType UI="D013485">Research Support, Non-U.S. Gov't</PublicationType>
            </PublicationTypeList>
        </Article>
        <MedlineJournalInfo>
            <Country>United States</Country>
            <MedlineTA>Eur J Ophthalmol</MedlineTA>
            <NlmUniqueID>9110772</NlmUniqueID>
            <ISSNLinking>1120-6721</ISSNLinking>
        </MedlineJournalInfo>
        <CitationSubset>IM</CitationSubset>
        <MeshHeadingList>
            <MeshHeading>
                <DescriptorName UI="D000328" MajorTopicYN="N">Adult</DescriptorName>
            </MeshHeading>
            <MeshHeading>
                <DescriptorName UI="D000368" MajorTopicYN="N">Aged</DescriptorName>
            </MeshHeading>
            <MeshHeading>
                <DescriptorName UI="D000369" MajorTopicYN="N">Aged, 80 and over</DescriptorName>
            </MeshHeading>
            <MeshHeading>
                <DescriptorName UI="D003430" MajorTopicYN="N">Cross-Sectional Studies</DescriptorName>
            </MeshHeading>
            <MeshHeading>
                <DescriptorName UI="D005260" MajorTopicYN="N">Female</DescriptorName>
            </MeshHeading>
            <MeshHeading>
                <DescriptorName UI="D005901" MajorTopicYN="N">Glaucoma</DescriptorName>
                <QualifierName UI="Q000523" MajorTopicYN="Y">psychology</QualifierName>
                <QualifierName UI="Q000628" MajorTopicYN="N">therapy</QualifierName>
            </MeshHeading>
            <MeshHeading>
                <DescriptorName UI="D006266" MajorTopicYN="N">Health Education</DescriptorName>
                <QualifierName UI="Q000379" MajorTopicYN="Y">methods</QualifierName>
            </MeshHeading>
            <MeshHeading>
                <DescriptorName UI="D007722" MajorTopicYN="Y">Health Knowledge, Attitudes, Practice</DescriptorName>
            </MeshHeading>
            <MeshHeading>
                <DescriptorName UI="D006801" MajorTopicYN="N">Humans</DescriptorName>
            </MeshHeading>
            <MeshHeading>
                <DescriptorName UI="D007255" MajorTopicYN="N">Information Services</DescriptorName>
            </MeshHeading>
            <MeshHeading>
                <DescriptorName UI="D008297" MajorTopicYN="N">Male</DescriptorName>
            </MeshHeading>
            <MeshHeading>
                <DescriptorName UI="D008875" MajorTopicYN="N">Middle Aged</DescriptorName>
            </MeshHeading>
            <MeshHeading>
                <DescriptorName UI="D009885" MajorTopicYN="N">Ophthalmology</DescriptorName>
                <QualifierName UI="Q000193" MajorTopicYN="Y">education</QualifierName>
            </MeshHeading>
            <MeshHeading>
                <DescriptorName UI="D010174" MajorTopicYN="N">Pamphlets</DescriptorName>
            </MeshHeading>
            <MeshHeading>
                <DescriptorName UI="D010353" MajorTopicYN="N">Patient Education as Topic</DescriptorName>
                <QualifierName UI="Q000379" MajorTopicYN="Y">methods</QualifierName>
            </MeshHeading>
            <MeshHeading>
                <DescriptorName UI="D011795" MajorTopicYN="N">Surveys and Questionnaires</DescriptorName>
            </MeshHeading>
            <MeshHeading>
                <DescriptorName UI="D013664" MajorTopicYN="N">Teaching Materials</DescriptorName>
            </MeshHeading>
        </MeshHeadingList>
    </MedlineCitation>
    <PubmedData>
        <History>
            <PubMedPubDate PubStatus="pubmed">
                <Year>2005</Year>
                <Month>3</Month>
                <Day>9</Day>
                <Hour>9</Hour>
                <Minute>0</Minute>
            </PubMedPubDate>
            <PubMedPubDate PubStatus="medline">
                <Year>2005</Year>
                <Month>4</Month>
                <Day>5</Day>
                <Hour>9</Hour>
                <Minute>0</Minute>
            </PubMedPubDate>
            <PubMedPubDate PubStatus="entrez">
                <Year>2005</Year>
                <Month>3</Month>
                <Day>9</Day>
                <Hour>9</Hour>
                <Minute>0</Minute>
            </PubMedPubDate>
        </History>
        <PublicationStatus>ppublish</PublicationStatus>
        <ArticleIdList>
            <ArticleId IdType="pubmed">15751237</ArticleId>
            <ArticleId IdType="doi">10.1177/112067210501500106</ArticleId>
        </ArticleIdList>
    </PubmedData>
</PubmedArticle>

</PubmedArticleSet>