<?xml version="1.0" ?>
<!DOCTYPE PubmedArticleSet PUBLIC "-//NLM//DTD PubMedArticle, 1st January 2019//EN" "https://dtd.nlm.nih.gov/ncbi/pubmed/out/pubmed_190101.dtd">
<PubmedArticleSet>
<PubmedArticle>
    <MedlineCitation Status="PubMed-not-MEDLINE" Owner="NLM">
        <PMID Version="1">22993460</PMID>
        <DateCompleted>
            <Year>2012</Year>
            <Month>10</Month>
            <Day>02</Day>
        </DateCompleted>
        <DateRevised>
            <Year>2020</Year>
            <Month>09</Month>
            <Day>29</Day>
        </DateRevised>
        <Article PubModel="Print">
            <Journal>
                <ISSN IssnType="Electronic">0974-7842</ISSN>
                <JournalIssue CitedMedium="Internet">
                    <Volume>5</Volume>
                    <Issue>2</Issue>
                    <PubDate>
                        <Year>2012</Year>
                        <Month>May</Month>
                    </PubDate>
                </JournalIssue>
                <Title>Oman journal of ophthalmology</Title>
                <ISOAbbreviation>Oman J Ophthalmol</ISOAbbreviation>
            </Journal>
            <ArticleTitle>Short-term results of intravitreal dexamethasone implant (OZURDEX(®)) in treatment of recalcitrant diabetic macular edema: A case series.</ArticleTitle>
            <Pagination>
                <MedlinePgn>79-82</MedlinePgn>
            </Pagination>
            <Abstract>
                <AbstractText Label="CONTEXT" NlmCategory="BACKGROUND">Dexamethasone Posterior-Segment Drug Delivery System is a novel, biodegradable, sustained-release drug delivery system (OZURDEX(®)) for treatment of macular edema following retinal vein occlusion and posterior uveitis. However, its potential role in management of diabetic macular edema has not been reported yet.</AbstractText>
                <AbstractText Label="AIM" NlmCategory="OBJECTIVE">The aim was to evaluate the safety and efficacy of (OZURDEX(®)) in patients with recalcitrant diabetic macular edema (DME).</AbstractText>
                <AbstractText Label="SETTING AND DESIGN" NlmCategory="METHODS">A retrospective, interventional case series from a tertiary eye care center in India is presented. Inclusion criteria comprised patients presenting with recalcitrant DME, 3 or more months after one or more treatments of macular laser photocoagulation and/or intravitreal anti-vascular endothelial growth factor (VEGF) injections. Exclusion criteria included history of corticosteroid-responsive intraocular pressure (IOP) rise, cataract extraction, or other intraocular surgery within 3 months. The main outcome measure was visual acuity at 1 and 4 months after OZURDEX(®) injection. Secondary outcome measures included change in central macular thickness on Optical coherence tomography (OCT) and changes in IOP following intravitreal OZURDEX(®) implant. Of 18 eyes (17 patients) with recalcitrant diabetic macular edema that underwent OZURDEX(®) implant, three eyes (two patients) had follow-up of more than 3 months post-injection.</AbstractText>
                <AbstractText Label="RESULTS" NlmCategory="RESULTS">Mean age of patients was 56 years. Mean duration of diabetes mellitus was 16.6 years. Systemic control of DM was good as assessed by FBS/PPBS and HbA1c. The pre-operative mean central macular thickness was 744.3 μm and improved to 144 and 570 μm at months 1 and 4, respectively. Preoperative mean BCVA was 0.6 logMAR units and improved to 0.3 and 0.46 logMAR units at month 1 and 4, respectively. The mean follow-up was 4.3 months (range 4-5 months).</AbstractText>
                <AbstractText Label="CONCLUSION" NlmCategory="CONCLUSIONS">OZURDEX(®) appears efficacious in management of recalcitrant diabetic macular edema. The results of the ongoing POSURDEX(®) study will elaborate these effects better.</AbstractText>
            </Abstract>
            <AuthorList CompleteYN="Y">
                <Author ValidYN="Y">
                    <LastName>Rishi</LastName>
                    <ForeName>Pukhraj</ForeName>
                    <Initials>P</Initials>
                    <AffiliationInfo>
                        <Affiliation>Shri Bhagwan Mahavir Vitreoretinal Services, Sankara Nethralaya, Chennai, Tamil Nadu, India.</Affiliation>
                    </AffiliationInfo>
                </Author>
                <Author ValidYN="Y">
                    <LastName>Rishi</LastName>
                    <ForeName>Ekta</ForeName>
                    <Initials>E</Initials>
                </Author>
                <Author ValidYN="Y">
                    <LastName>Kuniyal</LastName>
                    <ForeName>Lakshmi</ForeName>
                    <Initials>L</Initials>
                </Author>
                <Author ValidYN="Y">
                    <LastName>Mathur</LastName>
                    <ForeName>Gaurav</ForeName>
                    <Initials>G</Initials>
                </Author>
            </AuthorList>
            <Language>eng</Language>
            <PublicationTypeList>
                <PublicationType UI="D016428">Journal Article</PublicationType>
            </PublicationTypeList>
        </Article>
        <MedlineJournalInfo>
            <Country>India</Country>
            <MedlineTA>Oman J Ophthalmol</MedlineTA>
            <NlmUniqueID>101519430</NlmUniqueID>
            <ISSNLinking>0974-620X</ISSNLinking>
        </MedlineJournalInfo>
        <KeywordList Owner="NOTNLM">
            <Keyword MajorTopicYN="N">Dexamethasone</Keyword>
            <Keyword MajorTopicYN="N">OZURDEX®</Keyword>
            <Keyword MajorTopicYN="N">diabetes mellitus</Keyword>
            <Keyword MajorTopicYN="N">diabetic macular edema</Keyword>
            <Keyword MajorTopicYN="N">intravitreal implant</Keyword>
        </KeywordList>
    </MedlineCitation>
    <PubmedData>
        <History>
            <PubMedPubDate PubStatus="entrez">
                <Year>2012</Year>
                <Month>9</Month>
                <Day>21</Day>
                <Hour>6</Hour>
                <Minute>0</Minute>
            </PubMedPubDate>
            <PubMedPubDate PubStatus="pubmed">
                <Year>2012</Year>
                <Month>9</Month>
                <Day>21</Day>
                <Hour>6</Hour>
                <Minute>0</Minute>
            </PubMedPubDate>
            <PubMedPubDate PubStatus="medline">
                <Year>2012</Year>
                <Month>9</Month>
                <Day>21</Day>
                <Hour>6</Hour>
                <Minute>1</Minute>
            </PubMedPubDate>
        </History>
        <PublicationStatus>ppublish</PublicationStatus>
        <ArticleIdList>
            <ArticleId IdType="pubmed">22993460</ArticleId>
            <ArticleId IdType="doi">10.4103/0974-620X.99368</ArticleId>
            <ArticleId IdType="pii">OJO-5-79</ArticleId>
            <ArticleId IdType="pmc">PMC3441033</ArticleId>
        </ArticleIdList>
        <ReferenceList>
            <Reference>
                <Citation>Arch Ophthalmol. 1992 Feb;110(2):259-66</Citation>
                <ArticleIdList>
                    <ArticleId IdType="pubmed">1736876</ArticleId>
                </ArticleIdList>
            </Reference>
            <Reference>
                <Citation>Ophthalmology. 2010 Jun;117(6):1134-1146.e3</Citation>
                <ArticleIdList>
                    <ArticleId IdType="pubmed">20417567</ArticleId>
                </ArticleIdList>
            </Reference>
            <Reference>
                <Citation>Ophthalmology. 1991 Sep;98(9):1370-5</Citation>
                <ArticleIdList>
                    <ArticleId IdType="pubmed">1945311</ArticleId>
                </ArticleIdList>
            </Reference>
            <Reference>
                <Citation>Diabetes. 1998 Dec;47(12):1953-9</Citation>
                <ArticleIdList>
                    <ArticleId IdType="pubmed">9836530</ArticleId>
                </ArticleIdList>
            </Reference>
            <Reference>
                <Citation>J Neurochem. 2002 Feb;80(4):667-77</Citation>
                <ArticleIdList>
                    <ArticleId IdType="pubmed">11841574</ArticleId>
                </ArticleIdList>
            </Reference>
            <Reference>
                <Citation>Ophthalmologica. 2007;221(2):95-102</Citation>
                <ArticleIdList>
                    <ArticleId IdType="pubmed">17380063</ArticleId>
                </ArticleIdList>
            </Reference>
            <Reference>
                <Citation>Ophthalmology. 2008 Sep;115(9):1447-9, 1449.e1-10</Citation>
                <ArticleIdList>
                    <ArticleId IdType="pubmed">18662829</ArticleId>
                </ArticleIdList>
            </Reference>
            <Reference>
                <Citation>Ophthalmology. 2010 Nov;117(11):2146-51</Citation>
                <ArticleIdList>
                    <ArticleId IdType="pubmed">20855114</ArticleId>
                </ArticleIdList>
            </Reference>
            <Reference>
                <Citation>Eur J Pharmacol. 1998 Jan 12;341(2-3):309-15</Citation>
                <ArticleIdList>
                    <ArticleId IdType="pubmed">9543253</ArticleId>
                </ArticleIdList>
            </Reference>
            <Reference>
                <Citation>Am J Ophthalmol. 2002 Jan;133(1):70-7</Citation>
                <ArticleIdList>
                    <ArticleId IdType="pubmed">11755841</ArticleId>
                </ArticleIdList>
            </Reference>
            <Reference>
                <Citation>Ophthalmology. 2002 May;109(5):920-7</Citation>
                <ArticleIdList>
                    <ArticleId IdType="pubmed">11986098</ArticleId>
                </ArticleIdList>
            </Reference>
            <Reference>
                <Citation>Ophthalmol Clin North Am. 2002 Dec;15(4):555-63</Citation>
                <ArticleIdList>
                    <ArticleId IdType="pubmed">12515087</ArticleId>
                </ArticleIdList>
            </Reference>
            <Reference>
                <Citation>Arch Ophthalmol. 2003 Jan;121(1):57-61</Citation>
                <ArticleIdList>
                    <ArticleId IdType="pubmed">12523885</ArticleId>
                </ArticleIdList>
            </Reference>
            <Reference>
                <Citation>Ophthalmology. 2004 Nov;111(11):2044-9</Citation>
                <ArticleIdList>
                    <ArticleId IdType="pubmed">15522370</ArticleId>
                </ArticleIdList>
            </Reference>
            <Reference>
                <Citation>Exp Eye Res. 2005 Feb;80(2):249-58</Citation>
                <ArticleIdList>
                    <ArticleId IdType="pubmed">15670803</ArticleId>
                </ArticleIdList>
            </Reference>
            <Reference>
                <Citation>Ophthalmology. 2006 Sep;113(9):1533-8</Citation>
                <ArticleIdList>
                    <ArticleId IdType="pubmed">16828501</ArticleId>
                </ArticleIdList>
            </Reference>
            <Reference>
                <Citation>Arch Ophthalmol. 2007 Mar;125(3):309-17</Citation>
                <ArticleIdList>
                    <ArticleId IdType="pubmed">17353400</ArticleId>
                </ArticleIdList>
            </Reference>
            <Reference>
                <Citation>Arch Ophthalmol. 2009 Sep;127(9):1101-14</Citation>
                <ArticleIdList>
                    <ArticleId IdType="pubmed">19752419</ArticleId>
                </ArticleIdList>
            </Reference>
            <Reference>
                <Citation>Int Ophthalmol. 1991 Jul;15(4):233-5</Citation>
                <ArticleIdList>
                    <ArticleId IdType="pubmed">1917317</ArticleId>
                </ArticleIdList>
            </Reference>
        </ReferenceList>
    </PubmedData>
</PubmedArticle>

</PubmedArticleSet>