<?xml version="1.0" ?>
<!DOCTYPE PubmedArticleSet PUBLIC "-//NLM//DTD PubMedArticle, 1st January 2019//EN" "https://dtd.nlm.nih.gov/ncbi/pubmed/out/pubmed_190101.dtd">
<PubmedArticleSet>
<PubmedArticle>
    <MedlineCitation Status="PubMed-not-MEDLINE" Owner="NLM">
        <PMID Version="1">23901252</PMID>
        <DateCompleted>
            <Year>2013</Year>
            <Month>07</Month>
            <Day>31</Day>
        </DateCompleted>
        <DateRevised>
            <Year>2020</Year>
            <Month>09</Month>
            <Day>30</Day>
        </DateRevised>
        <Article PubModel="Print-Electronic">
            <Journal>
                <ISSN IssnType="Print">1177-5467</ISSN>
                <JournalIssue CitedMedium="Print">
                    <Volume>7</Volume>
                    <PubDate>
                        <Year>2013</Year>
                    </PubDate>
                </JournalIssue>
                <Title>Clinical ophthalmology (Auckland, N.Z.)</Title>
                <ISOAbbreviation>Clin Ophthalmol</ISOAbbreviation>
            </Journal>
            <ArticleTitle>Preliminary results of an intravitreal dexamethasone implant (Ozurdex®) in patients with persistent diabetic macular edema.</ArticleTitle>
            <Pagination>
                <MedlinePgn>1423-8</MedlinePgn>
            </Pagination>
            <ELocationID EIdType="doi" ValidYN="Y">10.2147/OPTH.S48364</ELocationID>
            <Abstract>
                <AbstractText Label="BACKGROUND" NlmCategory="BACKGROUND">To evaluate the efficacy and safety of an intravitreal dexamethasone implant (Ozurdex®; Allergan Inc, Irvine, CA, USA) in patients with persistent diabetic macular edema (DME) over a 6-month follow-up period.</AbstractText>
                <AbstractText Label="METHODS" NlmCategory="METHODS">Seventeen patients (20 eyes) affected by DME were selected. The mean age was 67 + 8 years, and the mean duration of DME was 46.3 + 18.6 months. The eligibility criteria were: age ≥ 18, a best-corrected visual acuity between 5 and 40 letters, and macular edema with a thickness of ≥275 μm. Thirteen patients had also previously been treated with anti-vascular endothelial growth factor medication.</AbstractText>
                <AbstractText Label="RESULTS" NlmCategory="RESULTS">The mean ETDRS (Early Treatment Diabetic Retinopathy Study) value went from 18.80 + 11.06 (T0) to 26.15 + 11.03 (P = 0.04), 28.15 + 10.29 (P = 0.0087), 25.95 + 10.74 (P = 0.045), 21.25 + 11.46 (P = 0.5) in month 1, 3, 4, and 6, respectively. The mean logMAR (logarithm of the minimum angle of resolution) value went from 0.67 + 0.23 (at T0) to 0.525 + 0.190 (P = 0.03), 0.53 + 0.20 (P = 0.034), and 0.56 + 0.22 (P = 0.12) in month 1, 3, and 4, respectively, to finally reach 0.67 + 0.23 in month 6. The mean central macular thickness value improved from 518.80 + 224.75 μm (at T0) to 412.75 + 176.23 μm, 292.0 + 140.8 μm (P &lt; 0.0001), and 346.95 + 135.70 (P = 0.0018) on day 3 and in month 1 and 3, respectively, to then increase to 476.55 + 163.14 μm (P = 0.45) and 494.25 + 182.70 μm (P = 0.67) in month 4 and 6.</AbstractText>
                <AbstractText Label="CONCLUSION" NlmCategory="CONCLUSIONS">The slow-release intravitreal dexamethasone implant, Ozurdex, produced significant improvements in best-corrected visual acuity and central macular thickness from the third day of implant in DME sufferers, and this improvement was sustained until the third month.</AbstractText>
            </Abstract>
            <AuthorList CompleteYN="Y">
                <Author ValidYN="Y">
                    <LastName>Pacella</LastName>
                    <ForeName>Elena</ForeName>
                    <Initials>E</Initials>
                    <AffiliationInfo>
                        <Affiliation>Department of Sense Organs, Faculty of Medicine and Dentistry, Sapienza University of Rome, Rome, Italy.</Affiliation>
                    </AffiliationInfo>
                </Author>
                <Author ValidYN="Y">
                    <LastName>Vestri</LastName>
                    <ForeName>Anna Rita</ForeName>
                    <Initials>AR</Initials>
                </Author>
                <Author ValidYN="Y">
                    <LastName>Muscella</LastName>
                    <ForeName>Roberto</ForeName>
                    <Initials>R</Initials>
                </Author>
                <Author ValidYN="Y">
                    <LastName>Carbotti</LastName>
                    <ForeName>Maria Rosaria</ForeName>
                    <Initials>MR</Initials>
                </Author>
                <Author ValidYN="Y">
                    <LastName>Castellucci</LastName>
                    <ForeName>Massimo</ForeName>
                    <Initials>M</Initials>
                </Author>
                <Author ValidYN="Y">
                    <LastName>Coi</LastName>
                    <ForeName>Luigi</ForeName>
                    <Initials>L</Initials>
                </Author>
                <Author ValidYN="Y">
                    <LastName>Turchetti</LastName>
                    <ForeName>Paolo</ForeName>
                    <Initials>P</Initials>
                </Author>
                <Author ValidYN="Y">
                    <LastName>Pacella</LastName>
                    <ForeName>Fernanda</ForeName>
                    <Initials>F</Initials>
                </Author>
            </AuthorList>
            <Language>eng</Language>
            <PublicationTypeList>
                <PublicationType UI="D016428">Journal Article</PublicationType>
            </PublicationTypeList>
            <ArticleDate DateType="Electronic">
                <Year>2013</Year>
                <Month>07</Month>
                <Day>16</Day>
            </ArticleDate>
        </Article>
        <MedlineJournalInfo>
            <Country>New Zealand</Country>
            <MedlineTA>Clin Ophthalmol</MedlineTA>
            <NlmUniqueID>101321512</NlmUniqueID>
            <ISSNLinking>1177-5467</ISSNLinking>
        </MedlineJournalInfo>
        <KeywordList Owner="NOTNLM">
            <Keyword MajorTopicYN="N">Ozurdex®</Keyword>
            <Keyword MajorTopicYN="N">diabetes</Keyword>
            <Keyword MajorTopicYN="N">intravitreal implant</Keyword>
            <Keyword MajorTopicYN="N">macular edema</Keyword>
        </KeywordList>
    </MedlineCitation>
    <PubmedData>
        <History>
            <PubMedPubDate PubStatus="entrez">
                <Year>2013</Year>
                <Month>8</Month>
                <Day>1</Day>
                <Hour>6</Hour>
                <Minute>0</Minute>
            </PubMedPubDate>
            <PubMedPubDate PubStatus="pubmed">
                <Year>2013</Year>
                <Month>8</Month>
                <Day>1</Day>
                <Hour>6</Hour>
                <Minute>0</Minute>
            </PubMedPubDate>
            <PubMedPubDate PubStatus="medline">
                <Year>2013</Year>
                <Month>8</Month>
                <Day>1</Day>
                <Hour>6</Hour>
                <Minute>1</Minute>
            </PubMedPubDate>
        </History>
        <PublicationStatus>ppublish</PublicationStatus>
        <ArticleIdList>
            <ArticleId IdType="pubmed">23901252</ArticleId>
            <ArticleId IdType="doi">10.2147/OPTH.S48364</ArticleId>
            <ArticleId IdType="pii">opth-7-1423</ArticleId>
            <ArticleId IdType="pmc">PMC3720664</ArticleId>
        </ArticleIdList>
        <ReferenceList>
            <Reference>
                <Citation>Clin Ter. 2013;164(2):e121-6</Citation>
                <ArticleIdList>
                    <ArticleId IdType="pubmed">23698213</ArticleId>
                </ArticleIdList>
            </Reference>
            <Reference>
                <Citation>Ophthalmologica. 2012;228(2):117-22</Citation>
                <ArticleIdList>
                    <ArticleId IdType="pubmed">22310491</ArticleId>
                </ArticleIdList>
            </Reference>
            <Reference>
                <Citation>Retina. 2012 Nov-Dec;32(10):2133-40</Citation>
                <ArticleIdList>
                    <ArticleId IdType="pubmed">23060033</ArticleId>
                </ArticleIdList>
            </Reference>
            <Reference>
                <Citation>Ophthalmology. 2010 Jun;117(6):1134-1146.e3</Citation>
                <ArticleIdList>
                    <ArticleId IdType="pubmed">20417567</ArticleId>
                </ArticleIdList>
            </Reference>
            <Reference>
                <Citation>Arch Ophthalmol. 2007 Mar;125(3):309-17</Citation>
                <ArticleIdList>
                    <ArticleId IdType="pubmed">17353400</ArticleId>
                </ArticleIdList>
            </Reference>
            <Reference>
                <Citation>Arch Ophthalmol. 2010 Mar;128(3):289-96</Citation>
                <ArticleIdList>
                    <ArticleId IdType="pubmed">20212197</ArticleId>
                </ArticleIdList>
            </Reference>
            <Reference>
                <Citation>Ophthalmology. 2007 Oct;114(10):1860-7</Citation>
                <ArticleIdList>
                    <ArticleId IdType="pubmed">17698196</ArticleId>
                </ArticleIdList>
            </Reference>
            <Reference>
                <Citation>Ophthalmologe. 2014 Jan;111(1):44-52</Citation>
                <ArticleIdList>
                    <ArticleId IdType="pubmed">23559321</ArticleId>
                </ArticleIdList>
            </Reference>
            <Reference>
                <Citation>Arch Ophthalmol. 2010 May;128(5):642-3</Citation>
                <ArticleIdList>
                    <ArticleId IdType="pubmed">20212194</ArticleId>
                </ArticleIdList>
            </Reference>
            <Reference>
                <Citation>Retina. 2011 May;31(5):915-23</Citation>
                <ArticleIdList>
                    <ArticleId IdType="pubmed">21487341</ArticleId>
                </ArticleIdList>
            </Reference>
            <Reference>
                <Citation>Indian J Ophthalmol. 2012 May-Jun;60(3):234-5</Citation>
                <ArticleIdList>
                    <ArticleId IdType="pubmed">22569393</ArticleId>
                </ArticleIdList>
            </Reference>
            <Reference>
                <Citation>Diabetes Care. 1998 Sep;21(9):1414-31</Citation>
                <ArticleIdList>
                    <ArticleId IdType="pubmed">9727886</ArticleId>
                </ArticleIdList>
            </Reference>
            <Reference>
                <Citation>Ophthalmology. 2005 Oct;112(10 ):1747-57</Citation>
                <ArticleIdList>
                    <ArticleId IdType="pubmed">16154196</ArticleId>
                </ArticleIdList>
            </Reference>
            <Reference>
                <Citation>Oman J Ophthalmol. 2012 May;5(2):79-82</Citation>
                <ArticleIdList>
                    <ArticleId IdType="pubmed">22993460</ArticleId>
                </ArticleIdList>
            </Reference>
            <Reference>
                <Citation>Ophthalmology. 2010 Nov;117(11):2146-51</Citation>
                <ArticleIdList>
                    <ArticleId IdType="pubmed">20855114</ArticleId>
                </ArticleIdList>
            </Reference>
            <Reference>
                <Citation>Clin Ophthalmol. 2007 Dec;1(4):383-91</Citation>
                <ArticleIdList>
                    <ArticleId IdType="pubmed">19668515</ArticleId>
                </ArticleIdList>
            </Reference>
            <Reference>
                <Citation>Ophthalmology. 2013 Sep;120(9):1843-51</Citation>
                <ArticleIdList>
                    <ArticleId IdType="pubmed">23706947</ArticleId>
                </ArticleIdList>
            </Reference>
            <Reference>
                <Citation>Dev Ophthalmol. 2007;39:122-48</Citation>
                <ArticleIdList>
                    <ArticleId IdType="pubmed">17245083</ArticleId>
                </ArticleIdList>
            </Reference>
            <Reference>
                <Citation>Diabetes Care. 2003 Sep;26(9):2653-64</Citation>
                <ArticleIdList>
                    <ArticleId IdType="pubmed">12941734</ArticleId>
                </ArticleIdList>
            </Reference>
            <Reference>
                <Citation>Ophthalmology. 2009 Jan;116(1):73-9</Citation>
                <ArticleIdList>
                    <ArticleId IdType="pubmed">19118698</ArticleId>
                </ArticleIdList>
            </Reference>
            <Reference>
                <Citation>Acta Ophthalmol. 2013 Aug;91(5):e340-7</Citation>
                <ArticleIdList>
                    <ArticleId IdType="pubmed">23638803</ArticleId>
                </ArticleIdList>
            </Reference>
            <Reference>
                <Citation>Retina. 2009 Jan;29(1):46-51</Citation>
                <ArticleIdList>
                    <ArticleId IdType="pubmed">18827732</ArticleId>
                </ArticleIdList>
            </Reference>
            <Reference>
                <Citation>Semin Ophthalmol. 1999 Dec;14(4):223-32</Citation>
                <ArticleIdList>
                    <ArticleId IdType="pubmed">10758223</ArticleId>
                </ArticleIdList>
            </Reference>
        </ReferenceList>
    </PubmedData>
</PubmedArticle>

</PubmedArticleSet>