<?xml version="1.0" ?>
<!DOCTYPE PubmedArticleSet PUBLIC "-//NLM//DTD PubMedArticle, 1st January 2019//EN" "https://dtd.nlm.nih.gov/ncbi/pubmed/out/pubmed_190101.dtd">
<PubmedArticleSet>
<PubmedArticle>
    <MedlineCitation Status="MEDLINE" Owner="NLM">
        <PMID Version="1">24356099</PMID>
        <DateCompleted>
            <Year>2014</Year>
            <Month>10</Month>
            <Day>22</Day>
        </DateCompleted>
        <DateRevised>
            <Year>2015</Year>
            <Month>04</Month>
            <Day>17</Day>
        </DateRevised>
        <Article PubModel="Print-Electronic">
            <Journal>
                <ISSN IssnType="Electronic">1423-0267</ISSN>
                <JournalIssue CitedMedium="Internet">
                    <Volume>231</Volume>
                    <Issue>3</Issue>
                    <PubDate>
                        <Year>2014</Year>
                    </PubDate>
                </JournalIssue>
                <Title>Ophthalmologica. Journal international d'ophtalmologie. International journal of ophthalmology. Zeitschrift fur Augenheilkunde</Title>
                <ISOAbbreviation>Ophthalmologica</ISOAbbreviation>
            </Journal>
            <ArticleTitle>Dexamethasone intravitreal implant for treatment of patients with persistent diabetic macular edema.</ArticleTitle>
            <Pagination>
                <MedlinePgn>141-6</MedlinePgn>
            </Pagination>
            <ELocationID EIdType="doi" ValidYN="Y">10.1159/000356413</ELocationID>
            <Abstract>
                <AbstractText Label="PURPOSE" NlmCategory="OBJECTIVE">To report the 6-month anatomical and best-corrected visual acuity (BCVA) response after primary intravitreal dexamethasone implantation (Ozurdex®) in patients with refractory diabetic macular edema (DME).</AbstractText>
                <AbstractText Label="METHODS" NlmCategory="METHODS">Retrospective review of the medical records of 58 patients with decreased visual acuity, due to refractory DME, who underwent a single injection of Ozurdex between November 2010 and January 2012, at the Instituto de Microcirurgia Ocular, Barcelona, Spain.</AbstractText>
                <AbstractText Label="RESULTS" NlmCategory="RESULTS">At baseline, the mean foveal thickness (FT) was 543.24 ± 156.51 μm. Mean (±SD) values of FT did decrease to 346.82 ± 123.74 μm at month 1 and 341.12 ± 129.64 μm at month 3. Data on the 6-month follow-up showed a mild increase to 420.16 ± 152.15 μm. All of the FT reduction outcomes were statistically significant, with respect to baseline data (p = 0.0001). The baseline BCVA data was 0.66 ± 0.36 logarithm of the minimum angle of resolution (logMAR). The mean BCVA improved to 0.52 ± 0.32 logMAR (p = 0.0001) and 0.44 ± 0.27 logMAR (p = 0.0001) after 1 and 3 months, respectively. At the last visit (6-month follow-up), the mean BCVA increased to 0.51 ± 0.31 logMAR (p = 0.0001).</AbstractText>
                <AbstractText Label="CONCLUSIONS" NlmCategory="CONCLUSIONS">In this study, intravitreal treatment with a dexamethasone implant safely reduced DME and improved visual acuity in a difficult-to-treat patient population with long-standing refractory DME.</AbstractText>
            </Abstract>
            <AuthorList CompleteYN="Y">
                <Author ValidYN="Y">
                    <LastName>Dutra Medeiros</LastName>
                    <ForeName>Marco</ForeName>
                    <Initials>M</Initials>
                    <AffiliationInfo>
                        <Affiliation>Instituto de Microcirugia Ocular, Barcelona, Spain.</Affiliation>
                    </AffiliationInfo>
                </Author>
                <Author ValidYN="Y">
                    <LastName>Postorino</LastName>
                    <ForeName>Maurizio</ForeName>
                    <Initials>M</Initials>
                </Author>
                <Author ValidYN="Y">
                    <LastName>Navarro</LastName>
                    <ForeName>Rafael</ForeName>
                    <Initials>R</Initials>
                </Author>
                <Author ValidYN="Y">
                    <LastName>Garcia-Arumí</LastName>
                    <ForeName>José</ForeName>
                    <Initials>J</Initials>
                </Author>
                <Author ValidYN="Y">
                    <LastName>Mateo</LastName>
                    <ForeName>Carlos</ForeName>
                    <Initials>C</Initials>
                </Author>
                <Author ValidYN="Y">
                    <LastName>Corcóstegui</LastName>
                    <ForeName>Borja</ForeName>
                    <Initials>B</Initials>
                </Author>
            </AuthorList>
            <Language>eng</Language>
            <PublicationTypeList>
                <PublicationType UI="D016428">Journal Article</PublicationType>
            </PublicationTypeList>
            <ArticleDate DateType="Electronic">
                <Year>2013</Year>
                <Month>12</Month>
                <Day>19</Day>
            </ArticleDate>
        </Article>
        <MedlineJournalInfo>
            <Country>Switzerland</Country>
            <MedlineTA>Ophthalmologica</MedlineTA>
            <NlmUniqueID>0054655</NlmUniqueID>
            <ISSNLinking>0030-3755</ISSNLinking>
        </MedlineJournalInfo>
        <ChemicalList>
            <Chemical>
                <RegistryNumber>0</RegistryNumber>
                <NameOfSubstance UI="D004343">Drug Implants</NameOfSubstance>
            </Chemical>
            <Chemical>
                <RegistryNumber>0</RegistryNumber>
                <NameOfSubstance UI="D005938">Glucocorticoids</NameOfSubstance>
            </Chemical>
            <Chemical>
                <RegistryNumber>7S5I7G3JQL</RegistryNumber>
                <NameOfSubstance UI="D003907">Dexamethasone</NameOfSubstance>
            </Chemical>
        </ChemicalList>
        <CitationSubset>IM</CitationSubset>
        <CommentsCorrectionsList>
            <CommentsCorrections RefType="CommentIn">
                <RefSource>Ophthalmologica. 2015;233(2):117-8</RefSource>
                <PMID Version="1">25613004</PMID>
            </CommentsCorrections>
        </CommentsCorrectionsList>
        <MeshHeadingList>
            <MeshHeading>
                <DescriptorName UI="D000328" MajorTopicYN="N">Adult</DescriptorName>
            </MeshHeading>
            <MeshHeading>
                <DescriptorName UI="D000368" MajorTopicYN="N">Aged</DescriptorName>
            </MeshHeading>
            <MeshHeading>
                <DescriptorName UI="D000369" MajorTopicYN="N">Aged, 80 and over</DescriptorName>
            </MeshHeading>
            <MeshHeading>
                <DescriptorName UI="D003907" MajorTopicYN="N">Dexamethasone</DescriptorName>
                <QualifierName UI="Q000008" MajorTopicYN="Y">administration &amp; dosage</QualifierName>
            </MeshHeading>
            <MeshHeading>
                <DescriptorName UI="D003930" MajorTopicYN="N">Diabetic Retinopathy</DescriptorName>
                <QualifierName UI="Q000188" MajorTopicYN="Y">drug therapy</QualifierName>
                <QualifierName UI="Q000503" MajorTopicYN="N">physiopathology</QualifierName>
            </MeshHeading>
            <MeshHeading>
                <DescriptorName UI="D004343" MajorTopicYN="N">Drug Implants</DescriptorName>
            </MeshHeading>
            <MeshHeading>
                <DescriptorName UI="D005260" MajorTopicYN="N">Female</DescriptorName>
            </MeshHeading>
            <MeshHeading>
                <DescriptorName UI="D005938" MajorTopicYN="N">Glucocorticoids</DescriptorName>
                <QualifierName UI="Q000008" MajorTopicYN="Y">administration &amp; dosage</QualifierName>
            </MeshHeading>
            <MeshHeading>
                <DescriptorName UI="D006801" MajorTopicYN="N">Humans</DescriptorName>
            </MeshHeading>
            <MeshHeading>
                <DescriptorName UI="D058449" MajorTopicYN="N">Intravitreal Injections</DescriptorName>
            </MeshHeading>
            <MeshHeading>
                <DescriptorName UI="D008269" MajorTopicYN="N">Macular Edema</DescriptorName>
                <QualifierName UI="Q000188" MajorTopicYN="Y">drug therapy</QualifierName>
                <QualifierName UI="Q000503" MajorTopicYN="N">physiopathology</QualifierName>
            </MeshHeading>
            <MeshHeading>
                <DescriptorName UI="D008297" MajorTopicYN="N">Male</DescriptorName>
            </MeshHeading>
            <MeshHeading>
                <DescriptorName UI="D008875" MajorTopicYN="N">Middle Aged</DescriptorName>
            </MeshHeading>
            <MeshHeading>
                <DescriptorName UI="D012189" MajorTopicYN="N">Retrospective Studies</DescriptorName>
            </MeshHeading>
            <MeshHeading>
                <DescriptorName UI="D016896" MajorTopicYN="N">Treatment Outcome</DescriptorName>
            </MeshHeading>
            <MeshHeading>
                <DescriptorName UI="D014792" MajorTopicYN="N">Visual Acuity</DescriptorName>
                <QualifierName UI="Q000502" MajorTopicYN="N">physiology</QualifierName>
            </MeshHeading>
            <MeshHeading>
                <DescriptorName UI="D014822" MajorTopicYN="N">Vitreous Body</DescriptorName>
                <QualifierName UI="Q000187" MajorTopicYN="Y">drug effects</QualifierName>
            </MeshHeading>
        </MeshHeadingList>
    </MedlineCitation>
    <PubmedData>
        <History>
            <PubMedPubDate PubStatus="received">
                <Year>2013</Year>
                <Month>07</Month>
                <Day>02</Day>
            </PubMedPubDate>
            <PubMedPubDate PubStatus="accepted">
                <Year>2013</Year>
                <Month>09</Month>
                <Day>13</Day>
            </PubMedPubDate>
            <PubMedPubDate PubStatus="entrez">
                <Year>2013</Year>
                <Month>12</Month>
                <Day>21</Day>
                <Hour>6</Hour>
                <Minute>0</Minute>
            </PubMedPubDate>
            <PubMedPubDate PubStatus="pubmed">
                <Year>2013</Year>
                <Month>12</Month>
                <Day>21</Day>
                <Hour>6</Hour>
                <Minute>0</Minute>
            </PubMedPubDate>
            <PubMedPubDate PubStatus="medline">
                <Year>2014</Year>
                <Month>10</Month>
                <Day>23</Day>
                <Hour>6</Hour>
                <Minute>0</Minute>
            </PubMedPubDate>
        </History>
        <PublicationStatus>ppublish</PublicationStatus>
        <ArticleIdList>
            <ArticleId IdType="pubmed">24356099</ArticleId>
            <ArticleId IdType="pii">000356413</ArticleId>
            <ArticleId IdType="doi">10.1159/000356413</ArticleId>
        </ArticleIdList>
    </PubmedData>
</PubmedArticle>

</PubmedArticleSet>