<?xml version="1.0" ?>
<!DOCTYPE PubmedArticleSet PUBLIC "-//NLM//DTD PubMedArticle, 1st January 2019//EN" "https://dtd.nlm.nih.gov/ncbi/pubmed/out/pubmed_190101.dtd">
<PubmedArticleSet>
<PubmedArticle>
    <MedlineCitation Status="MEDLINE" Owner="NLM">
        <PMID Version="1">25574787</PMID>
        <DateCompleted>
            <Year>2015</Year>
            <Month>11</Month>
            <Day>04</Day>
        </DateCompleted>
        <DateRevised>
            <Year>2015</Year>
            <Month>06</Month>
            <Day>03</Day>
        </DateRevised>
        <Article PubModel="Print">
            <Journal>
                <ISSN IssnType="Electronic">1539-2864</ISSN>
                <JournalIssue CitedMedium="Internet">
                    <Volume>35</Volume>
                    <Issue>6</Issue>
                    <PubDate>
                        <Year>2015</Year>
                        <Month>Jun</Month>
                    </PubDate>
                </JournalIssue>
                <Title>Retina (Philadelphia, Pa.)</Title>
                <ISOAbbreviation>Retina</ISOAbbreviation>
            </Journal>
            <ArticleTitle>Repeated intravitreal dexamethasone implant (Ozurdex) for diabetic macular edema.</ArticleTitle>
            <Pagination>
                <MedlinePgn>1216-22</MedlinePgn>
            </Pagination>
            <ELocationID EIdType="doi" ValidYN="Y">10.1097/IAE.0000000000000443</ELocationID>
            <Abstract>
                <AbstractText Label="PURPOSE" NlmCategory="OBJECTIVE">To evaluate the effects of repeated intravitreal dexamethasone implant.</AbstractText>
                <AbstractText Label="METHODS" NlmCategory="METHODS">We reviewed the charts of 12 patients with diabetic macular edema, who received at least 2 intravitreal Ozurdex (0.7 mg) on an &quot;as needed&quot; basis. Main outcome measures included changes in best-corrected visual acuity, central macular thickness, retreatment interval, and incidence of side effects.</AbstractText>
                <AbstractText Label="RESULTS" NlmCategory="RESULTS">A total of 15 eyes of 12 patients (6 men, 6 women; mean age 62 ± 12 years) were included. Retreatment was judged necessary after mean of 7.8 ± 4.1 months from the first Ozurdex (median, 6 months) (15 of 15 eyes), mean of 4.8 ± 0.9 months from the second Ozurdex (median, 5 months) (7 of 15 eyes), mean of 5.3 ± 1.5 months from the third Ozurdex (median, 5 months) (3 of 15 eyes), and mean of 5.6 ± 2 months from the fourth Ozurdex (median, 5 months) (3 of 15 eyes). Mean baseline best-corrected visual acuity was 0.67 ± 0.33 logMAR in the overall diabetic macular edema population; it significantly improved to 0.53 ± 0.31 logMAR after mean of 40.9 ± 18.2 days from the first Ozurdex (peaking efficacy) (P &lt; 0.001), to 0.53 ± 0.29 logMAR after mean of 34.4 ± 9.0 days from the second Ozurdex (peaking efficacy) (P &lt; 0.003), and stabilized to 0.62 ± 0.26 logMAR after mean of 29.8 ± 12.1 days from the third Ozurdex (peaking efficacy) (P = 0.05), to 0.5 ± 0.26 logMAR after mean of 36.3 ± 3.2 days from the fourth Ozurdex (peaking efficacy) (P = 0.2), and to 0.50 ± 0.26 logMAR after mean of 37.0 ± 2.6 days from the fifth Ozurdex (peaking efficacy) (P = 0.2). Mean baseline central macular thickness significantly decreased from 546 ± 139 μm to 292 ± 43 μm at 39.4 ± 17.9 days from the first Ozurdex (peaking efficacy) (P &lt; 0.001), to 297 ± 47 μm at 33 ± 9.4 days from the second Ozurdex (peaking efficacy) (P &lt; 0.001), to 293 ± 22 μm at 29.8 ± 12.1 days from the third Ozurdex (peaking efficacy) (P = 0.01), and stabilized to 309 ± 35 μm at 36.3 ± 3.2 days from the fourth Ozurdex (peaking efficacy) (P = 0.1), and to 295 ± 7 μm at 37.0 ± 2.6 days from the fifth Ozurdex (peaking efficacy) (P = 0.1). No serious adverse events were observed; three eyes developed a transient intraocular pressure increase, and cataract was extracted in one eye.</AbstractText>
                <AbstractText Label="CONCLUSION" NlmCategory="CONCLUSIONS">Repeated intravitreal Ozurdex on an &quot;as needed&quot; basis with a variable retreatment interval may produce long-term clinically meaningful benefits in the treatment of diabetic macular edema, without other significant side effects than expected after intraocular corticosteroid treatment.</AbstractText>
            </Abstract>
            <AuthorList CompleteYN="Y">
                <Author ValidYN="Y">
                    <LastName>Scaramuzzi</LastName>
                    <ForeName>Matteo</ForeName>
                    <Initials>M</Initials>
                    <AffiliationInfo>
                        <Affiliation>*Department of Ophthalmology, University Vita-Salute, Scientific Institute San Raffaele, Milan, Italy; and †Department of Ophthalmology, University Paris Est Creteil, Centre Hospitalier Intercommunal de Creteil, Creteil, France.</Affiliation>
                    </AffiliationInfo>
                </Author>
                <Author ValidYN="Y">
                    <LastName>Querques</LastName>
                    <ForeName>Giuseppe</ForeName>
                    <Initials>G</Initials>
                </Author>
                <Author ValidYN="Y">
                    <LastName>Spina</LastName>
                    <ForeName>Carlo La</ForeName>
                    <Initials>CL</Initials>
                </Author>
                <Author ValidYN="Y">
                    <LastName>Lattanzio</LastName>
                    <ForeName>Rosangela</ForeName>
                    <Initials>R</Initials>
                </Author>
                <Author ValidYN="Y">
                    <LastName>Bandello</LastName>
                    <ForeName>Francesco</ForeName>
                    <Initials>F</Initials>
                </Author>
            </AuthorList>
            <Language>eng</Language>
            <PublicationTypeList>
                <PublicationType UI="D016428">Journal Article</PublicationType>
            </PublicationTypeList>
        </Article>
        <MedlineJournalInfo>
            <Country>United States</Country>
            <MedlineTA>Retina</MedlineTA>
            <NlmUniqueID>8309919</NlmUniqueID>
            <ISSNLinking>0275-004X</ISSNLinking>
        </MedlineJournalInfo>
        <ChemicalList>
            <Chemical>
                <RegistryNumber>0</RegistryNumber>
                <NameOfSubstance UI="D004343">Drug Implants</NameOfSubstance>
            </Chemical>
            <Chemical>
                <RegistryNumber>0</RegistryNumber>
                <NameOfSubstance UI="D005938">Glucocorticoids</NameOfSubstance>
            </Chemical>
            <Chemical>
                <RegistryNumber>7S5I7G3JQL</RegistryNumber>
                <NameOfSubstance UI="D003907">Dexamethasone</NameOfSubstance>
            </Chemical>
        </ChemicalList>
        <CitationSubset>IM</CitationSubset>
        <MeshHeadingList>
            <MeshHeading>
                <DescriptorName UI="D000328" MajorTopicYN="N">Adult</DescriptorName>
            </MeshHeading>
            <MeshHeading>
                <DescriptorName UI="D000368" MajorTopicYN="N">Aged</DescriptorName>
            </MeshHeading>
            <MeshHeading>
                <DescriptorName UI="D000369" MajorTopicYN="N">Aged, 80 and over</DescriptorName>
            </MeshHeading>
            <MeshHeading>
                <DescriptorName UI="D003907" MajorTopicYN="N">Dexamethasone</DescriptorName>
                <QualifierName UI="Q000008" MajorTopicYN="Y">administration &amp; dosage</QualifierName>
            </MeshHeading>
            <MeshHeading>
                <DescriptorName UI="D003930" MajorTopicYN="N">Diabetic Retinopathy</DescriptorName>
                <QualifierName UI="Q000175" MajorTopicYN="N">diagnosis</QualifierName>
                <QualifierName UI="Q000188" MajorTopicYN="Y">drug therapy</QualifierName>
                <QualifierName UI="Q000503" MajorTopicYN="N">physiopathology</QualifierName>
            </MeshHeading>
            <MeshHeading>
                <DescriptorName UI="D004343" MajorTopicYN="N">Drug Implants</DescriptorName>
            </MeshHeading>
            <MeshHeading>
                <DescriptorName UI="D005260" MajorTopicYN="N">Female</DescriptorName>
            </MeshHeading>
            <MeshHeading>
                <DescriptorName UI="D005938" MajorTopicYN="N">Glucocorticoids</DescriptorName>
                <QualifierName UI="Q000008" MajorTopicYN="Y">administration &amp; dosage</QualifierName>
            </MeshHeading>
            <MeshHeading>
                <DescriptorName UI="D006801" MajorTopicYN="N">Humans</DescriptorName>
            </MeshHeading>
            <MeshHeading>
                <DescriptorName UI="D058449" MajorTopicYN="N">Intravitreal Injections</DescriptorName>
            </MeshHeading>
            <MeshHeading>
                <DescriptorName UI="D008269" MajorTopicYN="N">Macular Edema</DescriptorName>
                <QualifierName UI="Q000175" MajorTopicYN="N">diagnosis</QualifierName>
                <QualifierName UI="Q000188" MajorTopicYN="Y">drug therapy</QualifierName>
                <QualifierName UI="Q000503" MajorTopicYN="N">physiopathology</QualifierName>
            </MeshHeading>
            <MeshHeading>
                <DescriptorName UI="D008297" MajorTopicYN="N">Male</DescriptorName>
            </MeshHeading>
            <MeshHeading>
                <DescriptorName UI="D008875" MajorTopicYN="N">Middle Aged</DescriptorName>
            </MeshHeading>
            <MeshHeading>
                <DescriptorName UI="D012160" MajorTopicYN="N">Retina</DescriptorName>
                <QualifierName UI="Q000503" MajorTopicYN="N">physiopathology</QualifierName>
            </MeshHeading>
            <MeshHeading>
                <DescriptorName UI="D019233" MajorTopicYN="N">Retreatment</DescriptorName>
            </MeshHeading>
            <MeshHeading>
                <DescriptorName UI="D041623" MajorTopicYN="N">Tomography, Optical Coherence</DescriptorName>
            </MeshHeading>
            <MeshHeading>
                <DescriptorName UI="D014792" MajorTopicYN="N">Visual Acuity</DescriptorName>
                <QualifierName UI="Q000502" MajorTopicYN="N">physiology</QualifierName>
            </MeshHeading>
        </MeshHeadingList>
    </MedlineCitation>
    <PubmedData>
        <History>
            <PubMedPubDate PubStatus="entrez">
                <Year>2015</Year>
                <Month>1</Month>
                <Day>10</Day>
                <Hour>6</Hour>
                <Minute>0</Minute>
            </PubMedPubDate>
            <PubMedPubDate PubStatus="pubmed">
                <Year>2015</Year>
                <Month>1</Month>
                <Day>13</Day>
                <Hour>6</Hour>
                <Minute>0</Minute>
            </PubMedPubDate>
            <PubMedPubDate PubStatus="medline">
                <Year>2015</Year>
                <Month>11</Month>
                <Day>5</Day>
                <Hour>6</Hour>
                <Minute>0</Minute>
            </PubMedPubDate>
        </History>
        <PublicationStatus>ppublish</PublicationStatus>
        <ArticleIdList>
            <ArticleId IdType="pubmed">25574787</ArticleId>
            <ArticleId IdType="doi">10.1097/IAE.0000000000000443</ArticleId>
        </ArticleIdList>
    </PubmedData>
</PubmedArticle>

</PubmedArticleSet>