<?xml version="1.0" ?>
<!DOCTYPE PubmedArticleSet PUBLIC "-//NLM//DTD PubMedArticle, 1st January 2019//EN" "https://dtd.nlm.nih.gov/ncbi/pubmed/out/pubmed_190101.dtd">
<PubmedArticleSet>
<PubmedArticle>
    <MedlineCitation Status="MEDLINE" Owner="NLM">
        <PMID Version="1">25661239</PMID>
        <DateCompleted>
            <Year>2016</Year>
            <Month>01</Month>
            <Day>22</Day>
        </DateCompleted>
        <DateRevised>
            <Year>2015</Year>
            <Month>06</Month>
            <Day>13</Day>
        </DateRevised>
        <Article PubModel="Print-Electronic">
            <Journal>
                <ISSN IssnType="Electronic">1423-0267</ISSN>
                <JournalIssue CitedMedium="Internet">
                    <Volume>233</Volume>
                    <Issue>3-4</Issue>
                    <PubDate>
                        <Year>2015</Year>
                    </PubDate>
                </JournalIssue>
                <Title>Ophthalmologica. Journal international d'ophtalmologie. International journal of ophthalmology. Zeitschrift fur Augenheilkunde</Title>
                <ISOAbbreviation>Ophthalmologica</ISOAbbreviation>
            </Journal>
            <ArticleTitle>Dexamethasone Implants in Patients with Naïve or Refractory Diffuse Diabetic Macular Edema.</ArticleTitle>
            <Pagination>
                <MedlinePgn>176-85</MedlinePgn>
            </Pagination>
            <ELocationID EIdType="doi" ValidYN="Y">10.1159/000371770</ELocationID>
            <Abstract>
                <AbstractText Label="PURPOSE" NlmCategory="OBJECTIVE">To assess the effect of dexamethasone (DEX) 0.7 mg (Ozurdex™) on refractory and treatment-naïve diffuse diabetic macular edema.</AbstractText>
                <AbstractText Label="METHODS" NlmCategory="METHODS">A prospective study was conducted in 76 patients (40 refractory and 36 naïve) with visual acuities (VA) of 15-72 ETDRS letters, central macular thickness (CMT) &gt;300 µm and intraocular pressure (IOP) &lt;25 mm Hg. After the DEX implant (±photocoagulation), VA, CMT and total macular volume (TMV) were assessed monthly for 6 months.</AbstractText>
                <AbstractText Label="RESULTS" NlmCategory="RESULTS">At every visit, VA improved significantly from baseline (p &lt; 0.001) in both groups, but values were significantly better in the naïve group, while CMT and TMV decreased significantly (p &lt; 0.001) and similarly in both groups. The naïve group received more photocoagulations (p = 0.001). There were 7.9% transient IOP increases &gt;10 mm Hg.</AbstractText>
                <AbstractText Label="CONCLUSIONS" NlmCategory="CONCLUSIONS">Substantial improvements in VA and CMT were achieved in both groups, and a gain of 1 ETDRS line was observed in the treatment-naïve group as compared to the refractory group, with a good safety profile in both.</AbstractText>
            </Abstract>
            <AuthorList CompleteYN="Y">
                <Author ValidYN="Y">
                    <LastName>Escobar-Barranco</LastName>
                    <ForeName>José Juan</ForeName>
                    <Initials>JJ</Initials>
                    <AffiliationInfo>
                        <Affiliation>Department of Ophthalmology, Hospital Dos de Maig, Barcelona, Spain.</Affiliation>
                    </AffiliationInfo>
                </Author>
                <Author ValidYN="Y">
                    <LastName>Pina-Marín</LastName>
                    <ForeName>Begoña</ForeName>
                    <Initials>B</Initials>
                </Author>
                <Author ValidYN="Y">
                    <LastName>Fernández-Bonet</LastName>
                    <ForeName>Manel</ForeName>
                    <Initials>M</Initials>
                </Author>
            </AuthorList>
            <Language>eng</Language>
            <PublicationTypeList>
                <PublicationType UI="D016428">Journal Article</PublicationType>
                <PublicationType UI="D013485">Research Support, Non-U.S. Gov't</PublicationType>
            </PublicationTypeList>
            <ArticleDate DateType="Electronic">
                <Year>2015</Year>
                <Month>02</Month>
                <Day>06</Day>
            </ArticleDate>
        </Article>
        <MedlineJournalInfo>
            <Country>Switzerland</Country>
            <MedlineTA>Ophthalmologica</MedlineTA>
            <NlmUniqueID>0054655</NlmUniqueID>
            <ISSNLinking>0030-3755</ISSNLinking>
        </MedlineJournalInfo>
        <ChemicalList>
            <Chemical>
                <RegistryNumber>0</RegistryNumber>
                <NameOfSubstance UI="D004343">Drug Implants</NameOfSubstance>
            </Chemical>
            <Chemical>
                <RegistryNumber>0</RegistryNumber>
                <NameOfSubstance UI="D005938">Glucocorticoids</NameOfSubstance>
            </Chemical>
            <Chemical>
                <RegistryNumber>7S5I7G3JQL</RegistryNumber>
                <NameOfSubstance UI="D003907">Dexamethasone</NameOfSubstance>
            </Chemical>
        </ChemicalList>
        <CitationSubset>IM</CitationSubset>
        <MeshHeadingList>
            <MeshHeading>
                <DescriptorName UI="D000368" MajorTopicYN="N">Aged</DescriptorName>
            </MeshHeading>
            <MeshHeading>
                <DescriptorName UI="D000369" MajorTopicYN="N">Aged, 80 and over</DescriptorName>
            </MeshHeading>
            <MeshHeading>
                <DescriptorName UI="D003907" MajorTopicYN="N">Dexamethasone</DescriptorName>
                <QualifierName UI="Q000008" MajorTopicYN="Y">administration &amp; dosage</QualifierName>
            </MeshHeading>
            <MeshHeading>
                <DescriptorName UI="D003930" MajorTopicYN="N">Diabetic Retinopathy</DescriptorName>
                <QualifierName UI="Q000188" MajorTopicYN="Y">drug therapy</QualifierName>
                <QualifierName UI="Q000601" MajorTopicYN="N">surgery</QualifierName>
            </MeshHeading>
            <MeshHeading>
                <DescriptorName UI="D004343" MajorTopicYN="N">Drug Implants</DescriptorName>
            </MeshHeading>
            <MeshHeading>
                <DescriptorName UI="D004351" MajorTopicYN="N">Drug Resistance</DescriptorName>
            </MeshHeading>
            <MeshHeading>
                <DescriptorName UI="D005260" MajorTopicYN="N">Female</DescriptorName>
            </MeshHeading>
            <MeshHeading>
                <DescriptorName UI="D005451" MajorTopicYN="N">Fluorescein Angiography</DescriptorName>
            </MeshHeading>
            <MeshHeading>
                <DescriptorName UI="D005938" MajorTopicYN="N">Glucocorticoids</DescriptorName>
                <QualifierName UI="Q000008" MajorTopicYN="Y">administration &amp; dosage</QualifierName>
            </MeshHeading>
            <MeshHeading>
                <DescriptorName UI="D006801" MajorTopicYN="N">Humans</DescriptorName>
            </MeshHeading>
            <MeshHeading>
                <DescriptorName UI="D007429" MajorTopicYN="N">Intraocular Pressure</DescriptorName>
                <QualifierName UI="Q000187" MajorTopicYN="N">drug effects</QualifierName>
            </MeshHeading>
            <MeshHeading>
                <DescriptorName UI="D058449" MajorTopicYN="N">Intravitreal Injections</DescriptorName>
            </MeshHeading>
            <MeshHeading>
                <DescriptorName UI="D017075" MajorTopicYN="N">Laser Coagulation</DescriptorName>
            </MeshHeading>
            <MeshHeading>
                <DescriptorName UI="D008269" MajorTopicYN="N">Macular Edema</DescriptorName>
                <QualifierName UI="Q000188" MajorTopicYN="Y">drug therapy</QualifierName>
                <QualifierName UI="Q000601" MajorTopicYN="N">surgery</QualifierName>
            </MeshHeading>
            <MeshHeading>
                <DescriptorName UI="D008297" MajorTopicYN="N">Male</DescriptorName>
            </MeshHeading>
            <MeshHeading>
                <DescriptorName UI="D008875" MajorTopicYN="N">Middle Aged</DescriptorName>
            </MeshHeading>
            <MeshHeading>
                <DescriptorName UI="D011446" MajorTopicYN="N">Prospective Studies</DescriptorName>
            </MeshHeading>
            <MeshHeading>
                <DescriptorName UI="D012160" MajorTopicYN="N">Retina</DescriptorName>
                <QualifierName UI="Q000473" MajorTopicYN="N">pathology</QualifierName>
            </MeshHeading>
            <MeshHeading>
                <DescriptorName UI="D041623" MajorTopicYN="N">Tomography, Optical Coherence</DescriptorName>
            </MeshHeading>
            <MeshHeading>
                <DescriptorName UI="D014792" MajorTopicYN="N">Visual Acuity</DescriptorName>
                <QualifierName UI="Q000187" MajorTopicYN="N">drug effects</QualifierName>
            </MeshHeading>
        </MeshHeadingList>
    </MedlineCitation>
    <PubmedData>
        <History>
            <PubMedPubDate PubStatus="received">
                <Year>2014</Year>
                <Month>07</Month>
                <Day>28</Day>
            </PubMedPubDate>
            <PubMedPubDate PubStatus="accepted">
                <Year>2014</Year>
                <Month>12</Month>
                <Day>23</Day>
            </PubMedPubDate>
            <PubMedPubDate PubStatus="entrez">
                <Year>2015</Year>
                <Month>2</Month>
                <Day>10</Day>
                <Hour>6</Hour>
                <Minute>0</Minute>
            </PubMedPubDate>
            <PubMedPubDate PubStatus="pubmed">
                <Year>2015</Year>
                <Month>2</Month>
                <Day>11</Day>
                <Hour>6</Hour>
                <Minute>0</Minute>
            </PubMedPubDate>
            <PubMedPubDate PubStatus="medline">
                <Year>2016</Year>
                <Month>1</Month>
                <Day>23</Day>
                <Hour>6</Hour>
                <Minute>0</Minute>
            </PubMedPubDate>
        </History>
        <PublicationStatus>ppublish</PublicationStatus>
        <ArticleIdList>
            <ArticleId IdType="pubmed">25661239</ArticleId>
            <ArticleId IdType="pii">000371770</ArticleId>
            <ArticleId IdType="doi">10.1159/000371770</ArticleId>
        </ArticleIdList>
    </PubmedData>
</PubmedArticle>

</PubmedArticleSet>