<?xml version="1.0" ?>
<!DOCTYPE PubmedArticleSet PUBLIC "-//NLM//DTD PubMedArticle, 1st January 2019//EN" "https://dtd.nlm.nih.gov/ncbi/pubmed/out/pubmed_190101.dtd">
<PubmedArticleSet>
<PubmedArticle>
    <MedlineCitation Status="MEDLINE" Owner="NLM">
        <PMID Version="1">1111414</PMID>
        <DateCompleted>
            <Year>1975</Year>
            <Month>04</Month>
            <Day>21</Day>
        </DateCompleted>
        <DateRevised>
            <Year>2013</Year>
            <Month>11</Month>
            <Day>21</Day>
        </DateRevised>
        <Article PubModel="Print">
            <Journal>
                <ISSN IssnType="Print">0003-4886</ISSN>
                <JournalIssue CitedMedium="Print">
                    <Volume>7</Volume>
                    <Issue>1</Issue>
                    <PubDate>
                        <Year>1975</Year>
                        <Month>Jan</Month>
                    </PubDate>
                </JournalIssue>
                <Title>Annals of ophthalmology</Title>
                <ISOAbbreviation>Ann Ophthalmol</ISOAbbreviation>
            </Journal>
            <ArticleTitle>The influence of tropicamide on intraocular pressure.</ArticleTitle>
            <Pagination>
                <MedlinePgn>31-4</MedlinePgn>
            </Pagination>
            <Abstract>
                <AbstractText>Elevation of intraocular pressure by many cycloplegic drugs has been reported to occur in eyes in which the filtration angle remained open during mydriasis. Tropicamide 1% is also capable of this phenomenon in patients with open angle glaucoma who are being medicated with pilocarpine. However, in normal eyes as well as those with untreated open angle glaucoma, this cycloplegic has a relatively small effect on intraocular pressure. It is postulated that this difference between the subject groups may be due to competitive inhibition of the miotic at the receptor site in those treated with pilocarpine. In 3 patients in whom the intraocular tension elevation was found to be quite marked, heavy pigments showers in the anterior chamber occurred which suggested an outflow obstructive phenomenon similar to that seen in &quot;Pigmentary Glaucoma.&quot;</AbstractText>
            </Abstract>
            <AuthorList CompleteYN="Y">
                <Author ValidYN="Y">
                    <LastName>Portney</LastName>
                    <ForeName>G L</ForeName>
                    <Initials>GL</Initials>
                </Author>
                <Author ValidYN="Y">
                    <LastName>Purcell</LastName>
                    <ForeName>T W</ForeName>
                    <Initials>TW</Initials>
                </Author>
            </AuthorList>
            <Language>eng</Language>
            <PublicationTypeList>
                <PublicationType UI="D016428">Journal Article</PublicationType>
                <PublicationType UI="D013486">Research Support, U.S. Gov't, Non-P.H.S.</PublicationType>
            </PublicationTypeList>
        </Article>
        <MedlineJournalInfo>
            <Country>United States</Country>
            <MedlineTA>Ann Ophthalmol</MedlineTA>
            <NlmUniqueID>0210137</NlmUniqueID>
            <ISSNLinking>0003-4886</ISSNLinking>
        </MedlineJournalInfo>
        <ChemicalList>
            <Chemical>
                <RegistryNumber>0</RegistryNumber>
                <NameOfSubstance UI="D000577">Amides</NameOfSubstance>
            </Chemical>
            <Chemical>
                <RegistryNumber>0</RegistryNumber>
                <NameOfSubstance UI="D009184">Mydriatics</NameOfSubstance>
            </Chemical>
            <Chemical>
                <RegistryNumber>0</RegistryNumber>
                <NameOfSubstance UI="D011725">Pyridines</NameOfSubstance>
            </Chemical>
            <Chemical>
                <RegistryNumber>01MI4Q9DI3</RegistryNumber>
                <NameOfSubstance UI="D010862">Pilocarpine</NameOfSubstance>
            </Chemical>
        </ChemicalList>
        <CitationSubset>IM</CitationSubset>
        <MeshHeadingList>
            <MeshHeading>
                <DescriptorName UI="D000577" MajorTopicYN="N">Amides</DescriptorName>
                <QualifierName UI="Q000494" MajorTopicYN="N">pharmacology</QualifierName>
            </MeshHeading>
            <MeshHeading>
                <DescriptorName UI="D005901" MajorTopicYN="N">Glaucoma</DescriptorName>
                <QualifierName UI="Q000145" MajorTopicYN="N">classification</QualifierName>
                <QualifierName UI="Q000175" MajorTopicYN="N">diagnosis</QualifierName>
                <QualifierName UI="Q000188" MajorTopicYN="N">drug therapy</QualifierName>
            </MeshHeading>
            <MeshHeading>
                <DescriptorName UI="D006068" MajorTopicYN="N">Gonioscopy</DescriptorName>
            </MeshHeading>
            <MeshHeading>
                <DescriptorName UI="D006801" MajorTopicYN="N">Humans</DescriptorName>
            </MeshHeading>
            <MeshHeading>
                <DescriptorName UI="D007429" MajorTopicYN="N">Intraocular Pressure</DescriptorName>
                <QualifierName UI="Q000187" MajorTopicYN="Y">drug effects</QualifierName>
            </MeshHeading>
            <MeshHeading>
                <DescriptorName UI="D009184" MajorTopicYN="N">Mydriatics</DescriptorName>
                <QualifierName UI="Q000494" MajorTopicYN="Y">pharmacology</QualifierName>
            </MeshHeading>
            <MeshHeading>
                <DescriptorName UI="D010862" MajorTopicYN="N">Pilocarpine</DescriptorName>
                <QualifierName UI="Q000627" MajorTopicYN="N">therapeutic use</QualifierName>
            </MeshHeading>
            <MeshHeading>
                <DescriptorName UI="D011725" MajorTopicYN="N">Pyridines</DescriptorName>
                <QualifierName UI="Q000494" MajorTopicYN="Y">pharmacology</QualifierName>
            </MeshHeading>
        </MeshHeadingList>
    </MedlineCitation>
    <PubmedData>
        <History>
            <PubMedPubDate PubStatus="pubmed">
                <Year>1975</Year>
                <Month>1</Month>
                <Day>1</Day>
            </PubMedPubDate>
            <PubMedPubDate PubStatus="medline">
                <Year>1975</Year>
                <Month>1</Month>
                <Day>1</Day>
                <Hour>0</Hour>
                <Minute>1</Minute>
            </PubMedPubDate>
            <PubMedPubDate PubStatus="entrez">
                <Year>1975</Year>
                <Month>1</Month>
                <Day>1</Day>
                <Hour>0</Hour>
                <Minute>0</Minute>
            </PubMedPubDate>
        </History>
        <PublicationStatus>ppublish</PublicationStatus>
        <ArticleIdList>
            <ArticleId IdType="pubmed">1111414</ArticleId>
        </ArticleIdList>
    </PubmedData>
</PubmedArticle>

</PubmedArticleSet>