<?xml version="1.0" ?>
<!DOCTYPE PubmedArticleSet PUBLIC "-//NLM//DTD PubMedArticle, 1st January 2019//EN" "https://dtd.nlm.nih.gov/ncbi/pubmed/out/pubmed_190101.dtd">
<PubmedArticleSet>
<PubmedArticle>
    <MedlineCitation Status="MEDLINE" Owner="NLM">
        <PMID Version="1">1268171</PMID>
        <DateCompleted>
            <Year>1976</Year>
            <Month>08</Month>
            <Day>02</Day>
        </DateCompleted>
        <DateRevised>
            <Year>2019</Year>
            <Month>05</Month>
            <Day>01</Day>
        </DateRevised>
        <Article PubModel="Print">
            <Journal>
                <ISSN IssnType="Print">0007-1161</ISSN>
                <JournalIssue CitedMedium="Print">
                    <Volume>60</Volume>
                    <Issue>2</Issue>
                    <PubDate>
                        <Year>1976</Year>
                        <Month>Feb</Month>
                    </PubDate>
                </JournalIssue>
                <Title>The British journal of ophthalmology</Title>
                <ISOAbbreviation>Br J Ophthalmol</ISOAbbreviation>
            </Journal>
            <ArticleTitle>The syndrome of closed-angle glaucoma.</ArticleTitle>
            <Pagination>
                <MedlinePgn>120-3</MedlinePgn>
            </Pagination>
            <Abstract>
                <AbstractText>Closed-angle glaucoma is the result of two mechanisms acting either separately or in combination: 1. Pupil block creates a greater pressure in the posterior than in the anterior chamber, pushing the iris on to the cornea. 2. Increased trabecular meshwork outflow in the presence of pupil block creates a lower pressure in the anterior chamber than in the posterior, pulling the iris on to the cornea. Three main groups of eyes manifest closed-angle glaucoma: (i) Mechanism (I) is necessary and sufficient, but (2) precludes the development of angle closure. (ii) Mechanism (I) is necessary but insufficient. Mechanism (2) must also be present. (iii) Mechanism (I) is necessary and sufficient but (I) and (2) may combine to produce an acute attack.</AbstractText>
            </Abstract>
            <AuthorList CompleteYN="Y">
                <Author ValidYN="Y">
                    <LastName>Mapstone</LastName>
                    <ForeName>R</ForeName>
                    <Initials>R</Initials>
                </Author>
            </AuthorList>
            <Language>eng</Language>
            <PublicationTypeList>
                <PublicationType UI="D016428">Journal Article</PublicationType>
            </PublicationTypeList>
        </Article>
        <MedlineJournalInfo>
            <Country>England</Country>
            <MedlineTA>Br J Ophthalmol</MedlineTA>
            <NlmUniqueID>0421041</NlmUniqueID>
            <ISSNLinking>0007-1161</ISSNLinking>
        </MedlineJournalInfo>
        <ChemicalList>
            <Chemical>
                <RegistryNumber>0</RegistryNumber>
                <NameOfSubstance UI="D000577">Amides</NameOfSubstance>
            </Chemical>
            <Chemical>
                <RegistryNumber>0</RegistryNumber>
                <NameOfSubstance UI="D009184">Mydriatics</NameOfSubstance>
            </Chemical>
            <Chemical>
                <RegistryNumber>0</RegistryNumber>
                <NameOfSubstance UI="D011725">Pyridines</NameOfSubstance>
            </Chemical>
            <Chemical>
                <RegistryNumber>01MI4Q9DI3</RegistryNumber>
                <NameOfSubstance UI="D010862">Pilocarpine</NameOfSubstance>
            </Chemical>
            <Chemical>
                <RegistryNumber>1WS297W6MV</RegistryNumber>
                <NameOfSubstance UI="D010656">Phenylephrine</NameOfSubstance>
            </Chemical>
        </ChemicalList>
        <CitationSubset>IM</CitationSubset>
        <MeshHeadingList>
            <MeshHeading>
                <DescriptorName UI="D000577" MajorTopicYN="N">Amides</DescriptorName>
            </MeshHeading>
            <MeshHeading>
                <DescriptorName UI="D005901" MajorTopicYN="N">Glaucoma</DescriptorName>
                <QualifierName UI="Q000175" MajorTopicYN="N">diagnosis</QualifierName>
                <QualifierName UI="Q000209" MajorTopicYN="N">etiology</QualifierName>
                <QualifierName UI="Q000503" MajorTopicYN="Y">physiopathology</QualifierName>
            </MeshHeading>
            <MeshHeading>
                <DescriptorName UI="D006801" MajorTopicYN="N">Humans</DescriptorName>
            </MeshHeading>
            <MeshHeading>
                <DescriptorName UI="D008954" MajorTopicYN="N">Models, Biological</DescriptorName>
            </MeshHeading>
            <MeshHeading>
                <DescriptorName UI="D009184" MajorTopicYN="N">Mydriatics</DescriptorName>
            </MeshHeading>
            <MeshHeading>
                <DescriptorName UI="D010656" MajorTopicYN="N">Phenylephrine</DescriptorName>
            </MeshHeading>
            <MeshHeading>
                <DescriptorName UI="D010862" MajorTopicYN="N">Pilocarpine</DescriptorName>
            </MeshHeading>
            <MeshHeading>
                <DescriptorName UI="D011725" MajorTopicYN="N">Pyridines</DescriptorName>
            </MeshHeading>
            <MeshHeading>
                <DescriptorName UI="D014065" MajorTopicYN="N">Tonometry, Ocular</DescriptorName>
            </MeshHeading>
        </MeshHeadingList>
    </MedlineCitation>
    <PubmedData>
        <History>
            <PubMedPubDate PubStatus="pubmed">
                <Year>1976</Year>
                <Month>2</Month>
                <Day>1</Day>
            </PubMedPubDate>
            <PubMedPubDate PubStatus="medline">
                <Year>1976</Year>
                <Month>2</Month>
                <Day>1</Day>
                <Hour>0</Hour>
                <Minute>1</Minute>
            </PubMedPubDate>
            <PubMedPubDate PubStatus="entrez">
                <Year>1976</Year>
                <Month>2</Month>
                <Day>1</Day>
                <Hour>0</Hour>
                <Minute>0</Minute>
            </PubMedPubDate>
        </History>
        <PublicationStatus>ppublish</PublicationStatus>
        <ArticleIdList>
            <ArticleId IdType="pubmed">1268171</ArticleId>
            <ArticleId IdType="pmc">PMC1042683</ArticleId>
            <ArticleId IdType="doi">10.1136/bjo.60.2.120</ArticleId>
        </ArticleIdList>
        <ReferenceList>
            <Reference>
                <Citation>Br J Ophthalmol. 1967 Nov;51(11):783-5</Citation>
                <ArticleIdList>
                    <ArticleId IdType="pubmed">6060809</ArticleId>
                </ArticleIdList>
            </Reference>
            <Reference>
                <Citation>Br J Ophthalmol. 1955 Feb;39(2):103-8</Citation>
                <ArticleIdList>
                    <ArticleId IdType="pubmed">14351672</ArticleId>
                </ArticleIdList>
            </Reference>
        </ReferenceList>
    </PubmedData>
</PubmedArticle>

</PubmedArticleSet>