<?xml version="1.0" ?>
<!DOCTYPE PubmedArticleSet PUBLIC "-//NLM//DTD PubMedArticle, 1st January 2019//EN" "https://dtd.nlm.nih.gov/ncbi/pubmed/out/pubmed_190101.dtd">
<PubmedArticleSet>
<PubmedArticle>
    <MedlineCitation Status="MEDLINE" Owner="NLM">
        <PMID Version="1">143952</PMID>
        <DateCompleted>
            <Year>1977</Year>
            <Month>12</Month>
            <Day>29</Day>
        </DateCompleted>
        <DateRevised>
            <Year>2019</Year>
            <Month>05</Month>
            <Day>01</Day>
        </DateRevised>
        <Article PubModel="Print">
            <Journal>
                <ISSN IssnType="Print">0007-1161</ISSN>
                <JournalIssue CitedMedium="Print">
                    <Volume>61</Volume>
                    <Issue>8</Issue>
                    <PubDate>
                        <Year>1977</Year>
                        <Month>Aug</Month>
                    </PubDate>
                </JournalIssue>
                <Title>The British journal of ophthalmology</Title>
                <ISOAbbreviation>Br J Ophthalmol</ISOAbbreviation>
            </Journal>
            <ArticleTitle>Dilating dangerous pupils.</ArticleTitle>
            <Pagination>
                <MedlinePgn>517-24</MedlinePgn>
            </Pagination>
            <Abstract>
                <AbstractText>Altogether 85 eyes from patients at risk to the development of closed-angle glaucoma were dilated with either parasympatholytic or sympathomimetic drugs. Of 21 eyes dilated with cyclopentolate 1/2%, 9 developed angle closure and a significantly raised pressure at some stage during dilatation and subsequent miosis. Of 58 eyes dilated with tropicamide 1/2%, 19 developed angle closure and a significantly raised pressure during dilatation. Treatment with intravenous acetazolamide and pilocarpine rapidly returned pressure to normal levels. Six eyes that had previously had a positive provocative test with simultaneous pilocarpine and phenylephrine were safely dilated with phenylephrine alone. Subsequent miosis with pilocarpine produced closed-angle glaucoma in all eyes. The significance of these observations is explained and discussed, and it is suggested that high-risk eyes should never be dilated with cyclopentolate. Tropicamide is safe if elementary precautions are observed. Safest of all, however, is phenylephrine-induced mydriasis and subsequent miosis with thymoxamine drops 1/2%.</AbstractText>
            </Abstract>
            <AuthorList CompleteYN="Y">
                <Author ValidYN="Y">
                    <LastName>Mapstone</LastName>
                    <ForeName>R</ForeName>
                    <Initials>R</Initials>
                </Author>
            </AuthorList>
            <Language>eng</Language>
            <PublicationTypeList>
                <PublicationType UI="D016428">Journal Article</PublicationType>
            </PublicationTypeList>
        </Article>
        <MedlineJournalInfo>
            <Country>England</Country>
            <MedlineTA>Br J Ophthalmol</MedlineTA>
            <NlmUniqueID>0421041</NlmUniqueID>
            <ISSNLinking>0007-1161</ISSNLinking>
        </MedlineJournalInfo>
        <ChemicalList>
            <Chemical>
                <RegistryNumber>0</RegistryNumber>
                <NameOfSubstance UI="D008916">Miotics</NameOfSubstance>
            </Chemical>
            <Chemical>
                <RegistryNumber>0</RegistryNumber>
                <NameOfSubstance UI="D009184">Mydriatics</NameOfSubstance>
            </Chemical>
            <Chemical>
                <RegistryNumber>01MI4Q9DI3</RegistryNumber>
                <NameOfSubstance UI="D010862">Pilocarpine</NameOfSubstance>
            </Chemical>
            <Chemical>
                <RegistryNumber>1WS297W6MV</RegistryNumber>
                <NameOfSubstance UI="D010656">Phenylephrine</NameOfSubstance>
            </Chemical>
            <Chemical>
                <RegistryNumber>I76F4SHP7J</RegistryNumber>
                <NameOfSubstance UI="D003519">Cyclopentolate</NameOfSubstance>
            </Chemical>
            <Chemical>
                <RegistryNumber>O3FX965V0I</RegistryNumber>
                <NameOfSubstance UI="D000086">Acetazolamide</NameOfSubstance>
            </Chemical>
            <Chemical>
                <RegistryNumber>PW8QYA7KI0</RegistryNumber>
                <NameOfSubstance UI="D013948">Moxisylyte</NameOfSubstance>
            </Chemical>
        </ChemicalList>
        <CitationSubset>IM</CitationSubset>
        <MeshHeadingList>
            <MeshHeading>
                <DescriptorName UI="D000086" MajorTopicYN="N">Acetazolamide</DescriptorName>
                <QualifierName UI="Q000627" MajorTopicYN="N">therapeutic use</QualifierName>
            </MeshHeading>
            <MeshHeading>
                <DescriptorName UI="D003519" MajorTopicYN="N">Cyclopentolate</DescriptorName>
                <QualifierName UI="Q000009" MajorTopicYN="N">adverse effects</QualifierName>
            </MeshHeading>
            <MeshHeading>
                <DescriptorName UI="D005901" MajorTopicYN="N">Glaucoma</DescriptorName>
                <QualifierName UI="Q000139" MajorTopicYN="Y">chemically induced</QualifierName>
                <QualifierName UI="Q000188" MajorTopicYN="N">drug therapy</QualifierName>
            </MeshHeading>
            <MeshHeading>
                <DescriptorName UI="D006801" MajorTopicYN="N">Humans</DescriptorName>
            </MeshHeading>
            <MeshHeading>
                <DescriptorName UI="D008916" MajorTopicYN="N">Miotics</DescriptorName>
                <QualifierName UI="Q000009" MajorTopicYN="Y">adverse effects</QualifierName>
            </MeshHeading>
            <MeshHeading>
                <DescriptorName UI="D013948" MajorTopicYN="N">Moxisylyte</DescriptorName>
                <QualifierName UI="Q000009" MajorTopicYN="N">adverse effects</QualifierName>
            </MeshHeading>
            <MeshHeading>
                <DescriptorName UI="D009184" MajorTopicYN="N">Mydriatics</DescriptorName>
                <QualifierName UI="Q000009" MajorTopicYN="Y">adverse effects</QualifierName>
            </MeshHeading>
            <MeshHeading>
                <DescriptorName UI="D010656" MajorTopicYN="N">Phenylephrine</DescriptorName>
                <QualifierName UI="Q000009" MajorTopicYN="N">adverse effects</QualifierName>
            </MeshHeading>
            <MeshHeading>
                <DescriptorName UI="D010862" MajorTopicYN="N">Pilocarpine</DescriptorName>
                <QualifierName UI="Q000627" MajorTopicYN="N">therapeutic use</QualifierName>
            </MeshHeading>
        </MeshHeadingList>
    </MedlineCitation>
    <PubmedData>
        <History>
            <PubMedPubDate PubStatus="pubmed">
                <Year>1977</Year>
                <Month>8</Month>
                <Day>1</Day>
            </PubMedPubDate>
            <PubMedPubDate PubStatus="medline">
                <Year>1977</Year>
                <Month>8</Month>
                <Day>1</Day>
                <Hour>0</Hour>
                <Minute>1</Minute>
            </PubMedPubDate>
            <PubMedPubDate PubStatus="entrez">
                <Year>1977</Year>
                <Month>8</Month>
                <Day>1</Day>
                <Hour>0</Hour>
                <Minute>0</Minute>
            </PubMedPubDate>
        </History>
        <PublicationStatus>ppublish</PublicationStatus>
        <ArticleIdList>
            <ArticleId IdType="pubmed">143952</ArticleId>
            <ArticleId IdType="pmc">PMC1043030</ArticleId>
            <ArticleId IdType="doi">10.1136/bjo.61.8.517</ArticleId>
        </ArticleIdList>
        <ReferenceList>
            <Reference>
                <Citation>Br J Ophthalmol. 1976 Feb;60(2):115-9</Citation>
                <ArticleIdList>
                    <ArticleId IdType="pubmed">1268170</ArticleId>
                </ArticleIdList>
            </Reference>
            <Reference>
                <Citation>Br J Ophthalmol. 1976 Feb;60(2):120-3</Citation>
                <ArticleIdList>
                    <ArticleId IdType="pubmed">1268171</ArticleId>
                </ArticleIdList>
            </Reference>
            <Reference>
                <Citation>Am J Ophthalmol. 1958 Sep;46(3 Part 1):305-10</Citation>
                <ArticleIdList>
                    <ArticleId IdType="pubmed">13571336</ArticleId>
                </ArticleIdList>
            </Reference>
            <Reference>
                <Citation>Br J Ophthalmol. 1974 Jan;58(1):41-45</Citation>
                <ArticleIdList>
                    <ArticleId IdType="pubmed">4276441</ArticleId>
                </ArticleIdList>
            </Reference>
            <Reference>
                <Citation>Br J Ophthalmol. 1970 Oct;54(10):690-2</Citation>
                <ArticleIdList>
                    <ArticleId IdType="pubmed">4394336</ArticleId>
                </ArticleIdList>
            </Reference>
            <Reference>
                <Citation>Br J Ophthalmol. 1974 Jan;58(1):46-54</Citation>
                <ArticleIdList>
                    <ArticleId IdType="pubmed">4841283</ArticleId>
                </ArticleIdList>
            </Reference>
            <Reference>
                <Citation>Am J Ophthalmol. 1970 Nov;70(5):729-33</Citation>
                <ArticleIdList>
                    <ArticleId IdType="pubmed">5477161</ArticleId>
                </ArticleIdList>
            </Reference>
        </ReferenceList>
    </PubmedData>
</PubmedArticle>

</PubmedArticleSet>