<?xml version="1.0" ?>
<!DOCTYPE PubmedArticleSet PUBLIC "-//NLM//DTD PubMedArticle, 1st January 2019//EN" "https://dtd.nlm.nih.gov/ncbi/pubmed/out/pubmed_190101.dtd">
<PubmedArticleSet>
<PubmedArticle>
    <MedlineCitation Status="MEDLINE" Owner="NLM">
        <PMID Version="1">3741248</PMID>
        <DateCompleted>
            <Year>1986</Year>
            <Month>09</Month>
            <Day>17</Day>
        </DateCompleted>
        <DateRevised>
            <Year>2019</Year>
            <Month>07</Month>
            <Day>04</Day>
        </DateRevised>
        <Article PubModel="Print">
            <Journal>
                <ISSN IssnType="Print">0003-9950</ISSN>
                <JournalIssue CitedMedium="Print">
                    <Volume>104</Volume>
                    <Issue>8</Issue>
                    <PubDate>
                        <Year>1986</Year>
                        <Month>Aug</Month>
                    </PubDate>
                </JournalIssue>
                <Title>Archives of ophthalmology (Chicago, Ill. : 1960)</Title>
                <ISOAbbreviation>Arch Ophthalmol</ISOAbbreviation>
            </Journal>
            <ArticleTitle>Intraocular pressure elevation after pupillary dilation in open angle glaucoma.</ArticleTitle>
            <Pagination>
                <MedlinePgn>1185-8</MedlinePgn>
            </Pagination>
            <Abstract>
                <AbstractText>Acute elevation of intraocular pressure frequently follows pupillary dilation in patients with primary open angle glaucoma. A retrospective study of 60 patients (116 eyes) with primary open angle glaucoma was done to assess the frequency and severity of intraocular pressure elevation following dilation with 2.5% phenylephrine hydrochloride (Neo-Synephrine) and 1% tropicamide (Mydriacyl). Significant pressure elevation (greater than 5 mm Hg) occurred in 37 eyes (32%). Marked pressure elevation (greater than 10 mm Hg) occurred in 14 eyes (12%). The only significant risk factor found was treatment with miotics. The change of intraocular pressure one hour after dilation was compared with the one-hour postoperative change in intraocular pressure in those patients (12 patients, 18 eyes) who subsequently underwent argon laser trabeculoplasty. No statistically significant correlation was found. There is a potential hazard of routine dilation of eyes with open angle glaucoma.</AbstractText>
            </Abstract>
            <AuthorList CompleteYN="Y">
                <Author ValidYN="Y">
                    <LastName>Shaw</LastName>
                    <ForeName>B R</ForeName>
                    <Initials>BR</Initials>
                </Author>
                <Author ValidYN="Y">
                    <LastName>Lewis</LastName>
                    <ForeName>R A</ForeName>
                    <Initials>RA</Initials>
                </Author>
            </AuthorList>
            <Language>eng</Language>
            <PublicationTypeList>
                <PublicationType UI="D016428">Journal Article</PublicationType>
                <PublicationType UI="D013485">Research Support, Non-U.S. Gov't</PublicationType>
            </PublicationTypeList>
        </Article>
        <MedlineJournalInfo>
            <Country>United States</Country>
            <MedlineTA>Arch Ophthalmol</MedlineTA>
            <NlmUniqueID>7706534</NlmUniqueID>
            <ISSNLinking>0003-9950</ISSNLinking>
        </MedlineJournalInfo>
        <ChemicalList>
            <Chemical>
                <RegistryNumber>1WS297W6MV</RegistryNumber>
                <NameOfSubstance UI="D010656">Phenylephrine</NameOfSubstance>
            </Chemical>
            <Chemical>
                <RegistryNumber>N0A3Z5XTC6</RegistryNumber>
                <NameOfSubstance UI="D014331">Tropicamide</NameOfSubstance>
            </Chemical>
        </ChemicalList>
        <CitationSubset>AIM</CitationSubset>
        <CitationSubset>IM</CitationSubset>
        <MeshHeadingList>
            <MeshHeading>
                <DescriptorName UI="D000328" MajorTopicYN="N">Adult</DescriptorName>
            </MeshHeading>
            <MeshHeading>
                <DescriptorName UI="D000368" MajorTopicYN="N">Aged</DescriptorName>
            </MeshHeading>
            <MeshHeading>
                <DescriptorName UI="D005260" MajorTopicYN="N">Female</DescriptorName>
            </MeshHeading>
            <MeshHeading>
                <DescriptorName UI="D005902" MajorTopicYN="N">Glaucoma, Open-Angle</DescriptorName>
                <QualifierName UI="Q000503" MajorTopicYN="Y">physiopathology</QualifierName>
                <QualifierName UI="Q000601" MajorTopicYN="N">surgery</QualifierName>
            </MeshHeading>
            <MeshHeading>
                <DescriptorName UI="D006801" MajorTopicYN="N">Humans</DescriptorName>
            </MeshHeading>
            <MeshHeading>
                <DescriptorName UI="D007429" MajorTopicYN="Y">Intraocular Pressure</DescriptorName>
            </MeshHeading>
            <MeshHeading>
                <DescriptorName UI="D053685" MajorTopicYN="N">Laser Therapy</DescriptorName>
            </MeshHeading>
            <MeshHeading>
                <DescriptorName UI="D008297" MajorTopicYN="N">Male</DescriptorName>
            </MeshHeading>
            <MeshHeading>
                <DescriptorName UI="D008875" MajorTopicYN="N">Middle Aged</DescriptorName>
            </MeshHeading>
            <MeshHeading>
                <DescriptorName UI="D010656" MajorTopicYN="N">Phenylephrine</DescriptorName>
                <QualifierName UI="Q000494" MajorTopicYN="N">pharmacology</QualifierName>
            </MeshHeading>
            <MeshHeading>
                <DescriptorName UI="D011680" MajorTopicYN="N">Pupil</DescriptorName>
                <QualifierName UI="Q000187" MajorTopicYN="N">drug effects</QualifierName>
                <QualifierName UI="Q000502" MajorTopicYN="Y">physiology</QualifierName>
            </MeshHeading>
            <MeshHeading>
                <DescriptorName UI="D012189" MajorTopicYN="N">Retrospective Studies</DescriptorName>
            </MeshHeading>
            <MeshHeading>
                <DescriptorName UI="D014129" MajorTopicYN="N">Trabecular Meshwork</DescriptorName>
                <QualifierName UI="Q000601" MajorTopicYN="N">surgery</QualifierName>
            </MeshHeading>
            <MeshHeading>
                <DescriptorName UI="D014331" MajorTopicYN="N">Tropicamide</DescriptorName>
                <QualifierName UI="Q000494" MajorTopicYN="N">pharmacology</QualifierName>
            </MeshHeading>
        </MeshHeadingList>
    </MedlineCitation>
    <PubmedData>
        <History>
            <PubMedPubDate PubStatus="pubmed">
                <Year>1986</Year>
                <Month>8</Month>
                <Day>1</Day>
            </PubMedPubDate>
            <PubMedPubDate PubStatus="medline">
                <Year>1986</Year>
                <Month>8</Month>
                <Day>1</Day>
                <Hour>0</Hour>
                <Minute>1</Minute>
            </PubMedPubDate>
            <PubMedPubDate PubStatus="entrez">
                <Year>1986</Year>
                <Month>8</Month>
                <Day>1</Day>
                <Hour>0</Hour>
                <Minute>0</Minute>
            </PubMedPubDate>
        </History>
        <PublicationStatus>ppublish</PublicationStatus>
        <ArticleIdList>
            <ArticleId IdType="pubmed">3741248</ArticleId>
            <ArticleId IdType="doi">10.1001/archopht.1986.01050200091057</ArticleId>
        </ArticleIdList>
    </PubmedData>
</PubmedArticle>

</PubmedArticleSet>