<?xml version="1.0" ?>
<!DOCTYPE PubmedArticleSet PUBLIC "-//NLM//DTD PubMedArticle, 1st January 2019//EN" "https://dtd.nlm.nih.gov/ncbi/pubmed/out/pubmed_190101.dtd">
<PubmedArticleSet>
<PubmedArticle>
    <MedlineCitation Status="MEDLINE" Owner="NLM">
        <PMID Version="1">6410921</PMID>
        <DateCompleted>
            <Year>1983</Year>
            <Month>09</Month>
            <Day>20</Day>
        </DateCompleted>
        <DateRevised>
            <Year>2019</Year>
            <Month>09</Month>
            <Day>13</Day>
        </DateRevised>
        <Article PubModel="Print">
            <Journal>
                <ISSN IssnType="Print">0093-7002</ISSN>
                <JournalIssue CitedMedium="Print">
                    <Volume>60</Volume>
                    <Issue>5</Issue>
                    <PubDate>
                        <Year>1983</Year>
                        <Month>May</Month>
                    </PubDate>
                </JournalIssue>
                <Title>American journal of optometry and physiological optics</Title>
                <ISOAbbreviation>Am J Optom Physiol Opt</ISOAbbreviation>
            </Journal>
            <ArticleTitle>Use of diagnostic pharmaceutical agents and incidence of adverse effects.</ArticleTitle>
            <Pagination>
                <MedlinePgn>384-8</MedlinePgn>
            </Pagination>
            <Abstract>
                <AbstractText>A drug registry was established at Southern California College of Optometry (SCCO) to study use rates and incidence of adverse side effects of the nine pharmaceutical agents in the California optometry law. Data were gathered in clinics of SCCO for 6 months and offices of 20 private practitioners for 3 months. Data included drugs used, the strength and dosage, patient age, sex, and racial or ethnic origin. Adverse drug reactions were reported in detail, including objective and subjective findings, duration of the reaction, and case disposition. A total of 12,493 drug applications were reported. A low incidence of adverse reactions, eight cases (0.208%), which produced no permanent effects, is sound evidence regarding the risk/benefit ratio in support of the use of pharmaceutical agents by optometrists.</AbstractText>
            </Abstract>
            <AuthorList CompleteYN="Y">
                <Author ValidYN="Y">
                    <LastName>Applebaum</LastName>
                    <ForeName>M</ForeName>
                    <Initials>M</Initials>
                </Author>
                <Author ValidYN="Y">
                    <LastName>Jaanus</LastName>
                    <ForeName>S D</ForeName>
                    <Initials>SD</Initials>
                </Author>
            </AuthorList>
            <Language>eng</Language>
            <PublicationTypeList>
                <PublicationType UI="D002363">Case Reports</PublicationType>
                <PublicationType UI="D016428">Journal Article</PublicationType>
                <PublicationType UI="D013485">Research Support, Non-U.S. Gov't</PublicationType>
            </PublicationTypeList>
        </Article>
        <MedlineJournalInfo>
            <Country>United States</Country>
            <MedlineTA>Am J Optom Physiol Opt</MedlineTA>
            <NlmUniqueID>0417614</NlmUniqueID>
            <ISSNLinking>0093-7002</ISSNLinking>
        </MedlineJournalInfo>
        <ChemicalList>
            <Chemical>
                <RegistryNumber>0</RegistryNumber>
                <NameOfSubstance UI="D004338">Drug Combinations</NameOfSubstance>
            </Chemical>
            <Chemical>
                <RegistryNumber>0</RegistryNumber>
                <NameOfSubstance UI="D005452">Fluoresceins</NameOfSubstance>
            </Chemical>
            <Chemical>
                <RegistryNumber>1WS297W6MV</RegistryNumber>
                <NameOfSubstance UI="D010656">Phenylephrine</NameOfSubstance>
            </Chemical>
            <Chemical>
                <RegistryNumber>37209-61-3</RegistryNumber>
                <NameOfSubstance UI="C010961">Fluress</NameOfSubstance>
            </Chemical>
            <Chemical>
                <RegistryNumber>4Z8Y51M438</RegistryNumber>
                <NameOfSubstance UI="D011343">Procaine</NameOfSubstance>
            </Chemical>
            <Chemical>
                <RegistryNumber>9G34HU7RV0</RegistryNumber>
                <NameOfSubstance UI="D004492">Edetic Acid</NameOfSubstance>
            </Chemical>
            <Chemical>
                <RegistryNumber>B4OB0JHI1X</RegistryNumber>
                <NameOfSubstance UI="C005717">proxymetacaine</NameOfSubstance>
            </Chemical>
            <Chemical>
                <RegistryNumber>EPD1EH7F53</RegistryNumber>
                <NameOfSubstance UI="D011430">Propoxycaine</NameOfSubstance>
            </Chemical>
            <Chemical>
                <RegistryNumber>FQR280JW2N</RegistryNumber>
                <NameOfSubstance UI="D010136">p-Hydroxyamphetamine</NameOfSubstance>
            </Chemical>
            <Chemical>
                <RegistryNumber>FZ989GH94E</RegistryNumber>
                <NameOfSubstance UI="D011205">Povidone</NameOfSubstance>
            </Chemical>
            <Chemical>
                <RegistryNumber>HM4YQM8WRC</RegistryNumber>
                <NameOfSubstance UI="D002724">Chlorobutanol</NameOfSubstance>
            </Chemical>
            <Chemical>
                <RegistryNumber>I76F4SHP7J</RegistryNumber>
                <NameOfSubstance UI="D003519">Cyclopentolate</NameOfSubstance>
            </Chemical>
            <Chemical>
                <RegistryNumber>N0A3Z5XTC6</RegistryNumber>
                <NameOfSubstance UI="D014331">Tropicamide</NameOfSubstance>
            </Chemical>
        </ChemicalList>
        <CitationSubset>IM</CitationSubset>
        <MeshHeadingList>
            <MeshHeading>
                <DescriptorName UI="D000293" MajorTopicYN="N">Adolescent</DescriptorName>
            </MeshHeading>
            <MeshHeading>
                <DescriptorName UI="D000328" MajorTopicYN="N">Adult</DescriptorName>
            </MeshHeading>
            <MeshHeading>
                <DescriptorName UI="D000368" MajorTopicYN="N">Aged</DescriptorName>
            </MeshHeading>
            <MeshHeading>
                <DescriptorName UI="D002140" MajorTopicYN="N">California</DescriptorName>
            </MeshHeading>
            <MeshHeading>
                <DescriptorName UI="D002648" MajorTopicYN="N">Child</DescriptorName>
            </MeshHeading>
            <MeshHeading>
                <DescriptorName UI="D002675" MajorTopicYN="N">Child, Preschool</DescriptorName>
            </MeshHeading>
            <MeshHeading>
                <DescriptorName UI="D002724" MajorTopicYN="N">Chlorobutanol</DescriptorName>
                <QualifierName UI="Q000009" MajorTopicYN="N">adverse effects</QualifierName>
            </MeshHeading>
            <MeshHeading>
                <DescriptorName UI="D003519" MajorTopicYN="N">Cyclopentolate</DescriptorName>
                <QualifierName UI="Q000009" MajorTopicYN="N">adverse effects</QualifierName>
            </MeshHeading>
            <MeshHeading>
                <DescriptorName UI="D004338" MajorTopicYN="N">Drug Combinations</DescriptorName>
                <QualifierName UI="Q000009" MajorTopicYN="N">adverse effects</QualifierName>
            </MeshHeading>
            <MeshHeading>
                <DescriptorName UI="D064420" MajorTopicYN="Y">Drug-Related Side Effects and Adverse Reactions</DescriptorName>
            </MeshHeading>
            <MeshHeading>
                <DescriptorName UI="D004492" MajorTopicYN="N">Edetic Acid</DescriptorName>
                <QualifierName UI="Q000009" MajorTopicYN="N">adverse effects</QualifierName>
            </MeshHeading>
            <MeshHeading>
                <DescriptorName UI="D005123" MajorTopicYN="N">Eye</DescriptorName>
                <QualifierName UI="Q000187" MajorTopicYN="Y">drug effects</QualifierName>
            </MeshHeading>
            <MeshHeading>
                <DescriptorName UI="D005260" MajorTopicYN="N">Female</DescriptorName>
            </MeshHeading>
            <MeshHeading>
                <DescriptorName UI="D005452" MajorTopicYN="N">Fluoresceins</DescriptorName>
                <QualifierName UI="Q000009" MajorTopicYN="N">adverse effects</QualifierName>
            </MeshHeading>
            <MeshHeading>
                <DescriptorName UI="D006801" MajorTopicYN="N">Humans</DescriptorName>
            </MeshHeading>
            <MeshHeading>
                <DescriptorName UI="D007223" MajorTopicYN="N">Infant</DescriptorName>
            </MeshHeading>
            <MeshHeading>
                <DescriptorName UI="D008297" MajorTopicYN="N">Male</DescriptorName>
            </MeshHeading>
            <MeshHeading>
                <DescriptorName UI="D008875" MajorTopicYN="N">Middle Aged</DescriptorName>
            </MeshHeading>
            <MeshHeading>
                <DescriptorName UI="D009907" MajorTopicYN="Y">Optometry</DescriptorName>
            </MeshHeading>
            <MeshHeading>
                <DescriptorName UI="D010656" MajorTopicYN="N">Phenylephrine</DescriptorName>
                <QualifierName UI="Q000009" MajorTopicYN="N">adverse effects</QualifierName>
            </MeshHeading>
            <MeshHeading>
                <DescriptorName UI="D011205" MajorTopicYN="N">Povidone</DescriptorName>
                <QualifierName UI="Q000009" MajorTopicYN="N">adverse effects</QualifierName>
            </MeshHeading>
            <MeshHeading>
                <DescriptorName UI="D011343" MajorTopicYN="N">Procaine</DescriptorName>
                <QualifierName UI="Q000009" MajorTopicYN="N">adverse effects</QualifierName>
                <QualifierName UI="Q000031" MajorTopicYN="N">analogs &amp; derivatives</QualifierName>
            </MeshHeading>
            <MeshHeading>
                <DescriptorName UI="D011430" MajorTopicYN="N">Propoxycaine</DescriptorName>
                <QualifierName UI="Q000009" MajorTopicYN="N">adverse effects</QualifierName>
            </MeshHeading>
            <MeshHeading>
                <DescriptorName UI="D012042" MajorTopicYN="Y">Registries</DescriptorName>
            </MeshHeading>
            <MeshHeading>
                <DescriptorName UI="D014331" MajorTopicYN="N">Tropicamide</DescriptorName>
                <QualifierName UI="Q000009" MajorTopicYN="N">adverse effects</QualifierName>
            </MeshHeading>
            <MeshHeading>
                <DescriptorName UI="D010136" MajorTopicYN="N">p-Hydroxyamphetamine</DescriptorName>
                <QualifierName UI="Q000009" MajorTopicYN="N">adverse effects</QualifierName>
            </MeshHeading>
        </MeshHeadingList>
    </MedlineCitation>
    <PubmedData>
        <History>
            <PubMedPubDate PubStatus="pubmed">
                <Year>1983</Year>
                <Month>5</Month>
                <Day>1</Day>
            </PubMedPubDate>
            <PubMedPubDate PubStatus="medline">
                <Year>1983</Year>
                <Month>5</Month>
                <Day>1</Day>
                <Hour>0</Hour>
                <Minute>1</Minute>
            </PubMedPubDate>
            <PubMedPubDate PubStatus="entrez">
                <Year>1983</Year>
                <Month>5</Month>
                <Day>1</Day>
                <Hour>0</Hour>
                <Minute>0</Minute>
            </PubMedPubDate>
        </History>
        <PublicationStatus>ppublish</PublicationStatus>
        <ArticleIdList>
            <ArticleId IdType="pubmed">6410921</ArticleId>
            <ArticleId IdType="doi">10.1097/00006324-198305000-00007</ArticleId>
        </ArticleIdList>
    </PubmedData>
</PubmedArticle>

</PubmedArticleSet>