<?xml version="1.0" ?>
<!DOCTYPE PubmedArticleSet PUBLIC "-//NLM//DTD PubMedArticle, 1st January 2019//EN" "https://dtd.nlm.nih.gov/ncbi/pubmed/out/pubmed_190101.dtd">
<PubmedArticleSet>
<PubmedArticle>
    <MedlineCitation Status="MEDLINE" Owner="NLM">
        <PMID Version="1">6768788</PMID>
        <DateCompleted>
            <Year>1980</Year>
            <Month>07</Month>
            <Day>22</Day>
        </DateCompleted>
        <DateRevised>
            <Year>2017</Year>
            <Month>11</Month>
            <Day>17</Day>
        </DateRevised>
        <Article PubModel="Print">
            <Journal>
                <ISSN IssnType="Print">0003-0244</ISSN>
                <JournalIssue CitedMedium="Print">
                    <Volume>51</Volume>
                    <Issue>2</Issue>
                    <PubDate>
                        <Year>1980</Year>
                        <Month>Feb</Month>
                    </PubDate>
                </JournalIssue>
                <Title>Journal of the American Optometric Association</Title>
                <ISOAbbreviation>J Am Optom Assoc</ISOAbbreviation>
            </Journal>
            <ArticleTitle>Diagnostic pharmaceutical agents: side effects encountered in a study of 15,000 applications.</ArticleTitle>
            <Pagination>
                <MedlinePgn>113-8</MedlinePgn>
            </Pagination>
            <Abstract>
                <AbstractText>Data on DPA side effects were gathered from six schools and colleges of optometry for a reporting period from February 1 to April 30, 1979. These data indicate a low incidence of mild and transient side effects caused by several of the DPAs.</AbstractText>
            </Abstract>
            <AuthorList CompleteYN="Y">
                <Author ValidYN="Y">
                    <LastName>Yolton</LastName>
                    <ForeName>D P</ForeName>
                    <Initials>DP</Initials>
                </Author>
                <Author ValidYN="Y">
                    <LastName>Kandel</LastName>
                    <ForeName>J S</ForeName>
                    <Initials>JS</Initials>
                </Author>
                <Author ValidYN="Y">
                    <LastName>Yolton</LastName>
                    <ForeName>R L</ForeName>
                    <Initials>RL</Initials>
                </Author>
            </AuthorList>
            <Language>eng</Language>
            <PublicationTypeList>
                <PublicationType UI="D016428">Journal Article</PublicationType>
            </PublicationTypeList>
        </Article>
        <MedlineJournalInfo>
            <Country>United States</Country>
            <MedlineTA>J Am Optom Assoc</MedlineTA>
            <NlmUniqueID>7505575</NlmUniqueID>
            <ISSNLinking>0003-0244</ISSNLinking>
        </MedlineJournalInfo>
        <ChemicalList>
            <Chemical>
                <RegistryNumber>0</RegistryNumber>
                <NameOfSubstance UI="D000779">Anesthetics, Local</NameOfSubstance>
            </Chemical>
            <Chemical>
                <RegistryNumber>0</RegistryNumber>
                <NameOfSubstance UI="D004338">Drug Combinations</NameOfSubstance>
            </Chemical>
            <Chemical>
                <RegistryNumber>0</RegistryNumber>
                <NameOfSubstance UI="D005452">Fluoresceins</NameOfSubstance>
            </Chemical>
            <Chemical>
                <RegistryNumber>0</RegistryNumber>
                <NameOfSubstance UI="D009184">Mydriatics</NameOfSubstance>
            </Chemical>
            <Chemical>
                <RegistryNumber>0</RegistryNumber>
                <NameOfSubstance UI="D009883">Ophthalmic Solutions</NameOfSubstance>
            </Chemical>
            <Chemical>
                <RegistryNumber>1WS297W6MV</RegistryNumber>
                <NameOfSubstance UI="D010656">Phenylephrine</NameOfSubstance>
            </Chemical>
            <Chemical>
                <RegistryNumber>1ZPG1ELY14</RegistryNumber>
                <NameOfSubstance UI="D012395">Rose Bengal</NameOfSubstance>
            </Chemical>
            <Chemical>
                <RegistryNumber>37209-61-3</RegistryNumber>
                <NameOfSubstance UI="C010961">Fluress</NameOfSubstance>
            </Chemical>
            <Chemical>
                <RegistryNumber>4Z8Y51M438</RegistryNumber>
                <NameOfSubstance UI="D011343">Procaine</NameOfSubstance>
            </Chemical>
            <Chemical>
                <RegistryNumber>9G34HU7RV0</RegistryNumber>
                <NameOfSubstance UI="D004492">Edetic Acid</NameOfSubstance>
            </Chemical>
            <Chemical>
                <RegistryNumber>AXQ0JYM303</RegistryNumber>
                <NameOfSubstance UI="C005298">benoxinate</NameOfSubstance>
            </Chemical>
            <Chemical>
                <RegistryNumber>B4OB0JHI1X</RegistryNumber>
                <NameOfSubstance UI="C005717">proxymetacaine</NameOfSubstance>
            </Chemical>
            <Chemical>
                <RegistryNumber>EPD1EH7F53</RegistryNumber>
                <NameOfSubstance UI="D011430">Propoxycaine</NameOfSubstance>
            </Chemical>
            <Chemical>
                <RegistryNumber>FZ989GH94E</RegistryNumber>
                <NameOfSubstance UI="D011205">Povidone</NameOfSubstance>
            </Chemical>
            <Chemical>
                <RegistryNumber>HM4YQM8WRC</RegistryNumber>
                <NameOfSubstance UI="D002724">Chlorobutanol</NameOfSubstance>
            </Chemical>
            <Chemical>
                <RegistryNumber>I76F4SHP7J</RegistryNumber>
                <NameOfSubstance UI="D003519">Cyclopentolate</NameOfSubstance>
            </Chemical>
            <Chemical>
                <RegistryNumber>N0A3Z5XTC6</RegistryNumber>
                <NameOfSubstance UI="D014331">Tropicamide</NameOfSubstance>
            </Chemical>
        </ChemicalList>
        <CitationSubset>IM</CitationSubset>
        <MeshHeadingList>
            <MeshHeading>
                <DescriptorName UI="D000779" MajorTopicYN="N">Anesthetics, Local</DescriptorName>
                <QualifierName UI="Q000009" MajorTopicYN="Y">adverse effects</QualifierName>
            </MeshHeading>
            <MeshHeading>
                <DescriptorName UI="D002724" MajorTopicYN="N">Chlorobutanol</DescriptorName>
                <QualifierName UI="Q000009" MajorTopicYN="N">adverse effects</QualifierName>
            </MeshHeading>
            <MeshHeading>
                <DescriptorName UI="D003519" MajorTopicYN="N">Cyclopentolate</DescriptorName>
                <QualifierName UI="Q000009" MajorTopicYN="N">adverse effects</QualifierName>
            </MeshHeading>
            <MeshHeading>
                <DescriptorName UI="D004338" MajorTopicYN="N">Drug Combinations</DescriptorName>
                <QualifierName UI="Q000009" MajorTopicYN="N">adverse effects</QualifierName>
            </MeshHeading>
            <MeshHeading>
                <DescriptorName UI="D004492" MajorTopicYN="N">Edetic Acid</DescriptorName>
                <QualifierName UI="Q000009" MajorTopicYN="N">adverse effects</QualifierName>
            </MeshHeading>
            <MeshHeading>
                <DescriptorName UI="D005452" MajorTopicYN="N">Fluoresceins</DescriptorName>
                <QualifierName UI="Q000009" MajorTopicYN="N">adverse effects</QualifierName>
            </MeshHeading>
            <MeshHeading>
                <DescriptorName UI="D006801" MajorTopicYN="N">Humans</DescriptorName>
            </MeshHeading>
            <MeshHeading>
                <DescriptorName UI="D009184" MajorTopicYN="N">Mydriatics</DescriptorName>
                <QualifierName UI="Q000009" MajorTopicYN="Y">adverse effects</QualifierName>
            </MeshHeading>
            <MeshHeading>
                <DescriptorName UI="D009883" MajorTopicYN="N">Ophthalmic Solutions</DescriptorName>
                <QualifierName UI="Q000009" MajorTopicYN="Y">adverse effects</QualifierName>
            </MeshHeading>
            <MeshHeading>
                <DescriptorName UI="D009907" MajorTopicYN="Y">Optometry</DescriptorName>
            </MeshHeading>
            <MeshHeading>
                <DescriptorName UI="D010656" MajorTopicYN="N">Phenylephrine</DescriptorName>
                <QualifierName UI="Q000009" MajorTopicYN="N">adverse effects</QualifierName>
            </MeshHeading>
            <MeshHeading>
                <DescriptorName UI="D011205" MajorTopicYN="N">Povidone</DescriptorName>
                <QualifierName UI="Q000009" MajorTopicYN="N">adverse effects</QualifierName>
            </MeshHeading>
            <MeshHeading>
                <DescriptorName UI="D011343" MajorTopicYN="N">Procaine</DescriptorName>
                <QualifierName UI="Q000009" MajorTopicYN="N">adverse effects</QualifierName>
                <QualifierName UI="Q000031" MajorTopicYN="N">analogs &amp; derivatives</QualifierName>
            </MeshHeading>
            <MeshHeading>
                <DescriptorName UI="D011430" MajorTopicYN="N">Propoxycaine</DescriptorName>
                <QualifierName UI="Q000009" MajorTopicYN="N">adverse effects</QualifierName>
            </MeshHeading>
            <MeshHeading>
                <DescriptorName UI="D012395" MajorTopicYN="N">Rose Bengal</DescriptorName>
                <QualifierName UI="Q000009" MajorTopicYN="N">adverse effects</QualifierName>
            </MeshHeading>
            <MeshHeading>
                <DescriptorName UI="D014331" MajorTopicYN="N">Tropicamide</DescriptorName>
                <QualifierName UI="Q000009" MajorTopicYN="N">adverse effects</QualifierName>
            </MeshHeading>
        </MeshHeadingList>
    </MedlineCitation>
    <PubmedData>
        <History>
            <PubMedPubDate PubStatus="pubmed">
                <Year>1980</Year>
                <Month>2</Month>
                <Day>1</Day>
            </PubMedPubDate>
            <PubMedPubDate PubStatus="medline">
                <Year>1980</Year>
                <Month>2</Month>
                <Day>1</Day>
                <Hour>0</Hour>
                <Minute>1</Minute>
            </PubMedPubDate>
            <PubMedPubDate PubStatus="entrez">
                <Year>1980</Year>
                <Month>2</Month>
                <Day>1</Day>
                <Hour>0</Hour>
                <Minute>0</Minute>
            </PubMedPubDate>
        </History>
        <PublicationStatus>ppublish</PublicationStatus>
        <ArticleIdList>
            <ArticleId IdType="pubmed">6768788</ArticleId>
        </ArticleIdList>
    </PubmedData>
</PubmedArticle>

</PubmedArticleSet>