<?xml version="1.0" ?>
<!DOCTYPE PubmedArticleSet PUBLIC "-//NLM//DTD PubMedArticle, 1st January 2019//EN" "https://dtd.nlm.nih.gov/ncbi/pubmed/out/pubmed_190101.dtd">
<PubmedArticleSet>
<PubmedArticle>
    <MedlineCitation Status="MEDLINE" Owner="NLM">
        <PMID Version="1">7260011</PMID>
        <DateCompleted>
            <Year>1981</Year>
            <Month>10</Month>
            <Day>25</Day>
        </DateCompleted>
        <DateRevised>
            <Year>2019</Year>
            <Month>05</Month>
            <Day>01</Day>
        </DateRevised>
        <Article PubModel="Print">
            <Journal>
                <ISSN IssnType="Print">0007-1161</ISSN>
                <JournalIssue CitedMedium="Print">
                    <Volume>65</Volume>
                    <Issue>6</Issue>
                    <PubDate>
                        <Year>1981</Year>
                        <Month>Jun</Month>
                    </PubDate>
                </JournalIssue>
                <Title>The British journal of ophthalmology</Title>
                <ISOAbbreviation>Br J Ophthalmol</ISOAbbreviation>
            </Journal>
            <ArticleTitle>The fellow eye.</ArticleTitle>
            <Pagination>
                <MedlinePgn>410-3</MedlinePgn>
            </Pagination>
            <Abstract>
                <AbstractText>The result of a 10-year longitudinal study of the fellow eye at risk of developing closed-angle glaucoma (because the presenting eye had the disease) is described. 202 eyes were observed between 1 August 1970 and 31 July 1980. Each eye was provoked shortly after presentation using a pilocarpine phenylephrine provocative test. If the test produced a closed-angle glaucoma an iridectomy was done; if closed-angle glaucoma did not occur the eye was observed and it was reprovoked at yearly intervals. There were 3 possible outcomes for any one eye. Either the eye developed closed-angle glaucoma; or it was lost to follow-up; or at the end of the study the patient was alive, under observation, without having developed glaucoma. 90% of acute attacks occurred within 6 months of presentation. If an eye survived the first year without getting glaucoma the probability of its development in any one year period up to the fifth anniversary was 0.05; thereafter it was zero. The cumulative probability of an eye surviving to the fifth anniversary without glaucoma was 0.34, remaining constant thereafter; that is 34% of iridectomies are unnecessary. A high prevalence of ocular hypertension was seen in eyes that did not have an iridectomy  (26%). It was concluded that a routine iridectomy is not necessary and that the fellow eye that will get glaucoma can usually be detected. The untreated fellow eye presents a naturally occurring model of one of the mechanisms involved in the production of ocular hypertension.</AbstractText>
            </Abstract>
            <AuthorList CompleteYN="Y">
                <Author ValidYN="Y">
                    <LastName>Mapstone</LastName>
                    <ForeName>R</ForeName>
                    <Initials>R</Initials>
                </Author>
            </AuthorList>
            <Language>eng</Language>
            <PublicationTypeList>
                <PublicationType UI="D016428">Journal Article</PublicationType>
            </PublicationTypeList>
        </Article>
        <MedlineJournalInfo>
            <Country>England</Country>
            <MedlineTA>Br J Ophthalmol</MedlineTA>
            <NlmUniqueID>0421041</NlmUniqueID>
            <ISSNLinking>0007-1161</ISSNLinking>
        </MedlineJournalInfo>
        <CitationSubset>IM</CitationSubset>
        <MeshHeadingList>
            <MeshHeading>
                <DescriptorName UI="D000368" MajorTopicYN="N">Aged</DescriptorName>
            </MeshHeading>
            <MeshHeading>
                <DescriptorName UI="D005500" MajorTopicYN="N">Follow-Up Studies</DescriptorName>
            </MeshHeading>
            <MeshHeading>
                <DescriptorName UI="D005901" MajorTopicYN="N">Glaucoma</DescriptorName>
                <QualifierName UI="Q000175" MajorTopicYN="Y">diagnosis</QualifierName>
                <QualifierName UI="Q000601" MajorTopicYN="N">surgery</QualifierName>
            </MeshHeading>
            <MeshHeading>
                <DescriptorName UI="D006801" MajorTopicYN="N">Humans</DescriptorName>
            </MeshHeading>
            <MeshHeading>
                <DescriptorName UI="D007429" MajorTopicYN="N">Intraocular Pressure</DescriptorName>
            </MeshHeading>
            <MeshHeading>
                <DescriptorName UI="D007498" MajorTopicYN="N">Iris</DescriptorName>
                <QualifierName UI="Q000601" MajorTopicYN="N">surgery</QualifierName>
            </MeshHeading>
            <MeshHeading>
                <DescriptorName UI="D011379" MajorTopicYN="N">Prognosis</DescriptorName>
            </MeshHeading>
        </MeshHeadingList>
    </MedlineCitation>
    <PubmedData>
        <History>
            <PubMedPubDate PubStatus="pubmed">
                <Year>1981</Year>
                <Month>6</Month>
                <Day>1</Day>
            </PubMedPubDate>
            <PubMedPubDate PubStatus="medline">
                <Year>1981</Year>
                <Month>6</Month>
                <Day>1</Day>
                <Hour>0</Hour>
                <Minute>1</Minute>
            </PubMedPubDate>
            <PubMedPubDate PubStatus="entrez">
                <Year>1981</Year>
                <Month>6</Month>
                <Day>1</Day>
                <Hour>0</Hour>
                <Minute>0</Minute>
            </PubMedPubDate>
        </History>
        <PublicationStatus>ppublish</PublicationStatus>
        <ArticleIdList>
            <ArticleId IdType="pubmed">7260011</ArticleId>
            <ArticleId IdType="pmc">PMC1039534</ArticleId>
            <ArticleId IdType="doi">10.1136/bjo.65.6.410</ArticleId>
        </ArticleIdList>
        <ReferenceList>
            <Reference>
                <Citation>Br J Ophthalmol. 1967 Jul;51(7):459-62</Citation>
                <ArticleIdList>
                    <ArticleId IdType="pubmed">6029231</ArticleId>
                </ArticleIdList>
            </Reference>
            <Reference>
                <Citation>Br J Ophthalmol. 1967 Nov;51(11):733-8</Citation>
                <ArticleIdList>
                    <ArticleId IdType="pubmed">6070177</ArticleId>
                </ArticleIdList>
            </Reference>
            <Reference>
                <Citation>Am J Ophthalmol. 1968 Apr;65(4):548-52</Citation>
                <ArticleIdList>
                    <ArticleId IdType="pubmed">5642907</ArticleId>
                </ArticleIdList>
            </Reference>
            <Reference>
                <Citation>Am J Ophthalmol. 1968 Apr;65(4):555-60</Citation>
                <ArticleIdList>
                    <ArticleId IdType="pubmed">5642909</ArticleId>
                </ArticleIdList>
            </Reference>
            <Reference>
                <Citation>Br J Ophthalmol. 1969 Feb;53(2):110-5</Citation>
                <ArticleIdList>
                    <ArticleId IdType="pubmed">5773462</ArticleId>
                </ArticleIdList>
            </Reference>
            <Reference>
                <Citation>Br J Ophthalmol. 1962 Nov;46(11):641-50</Citation>
                <ArticleIdList>
                    <ArticleId IdType="pubmed">18170827</ArticleId>
                </ArticleIdList>
            </Reference>
            <Reference>
                <Citation>Am J Ophthalmol. 1977 Feb;83(2):180-4</Citation>
                <ArticleIdList>
                    <ArticleId IdType="pubmed">836659</ArticleId>
                </ArticleIdList>
            </Reference>
            <Reference>
                <Citation>Br J Ophthalmol. 1977 Feb;61(2):101-4</Citation>
                <ArticleIdList>
                    <ArticleId IdType="pubmed">843503</ArticleId>
                </ArticleIdList>
            </Reference>
            <Reference>
                <Citation>Br J Ophthalmol. 1977 Feb;61(2):105-6</Citation>
                <ArticleIdList>
                    <ArticleId IdType="pubmed">843504</ArticleId>
                </ArticleIdList>
            </Reference>
            <Reference>
                <Citation>Am J Ophthalmol. 1978 Oct;86(4):506-9</Citation>
                <ArticleIdList>
                    <ArticleId IdType="pubmed">707595</ArticleId>
                </ArticleIdList>
            </Reference>
            <Reference>
                <Citation>Br J Ophthalmol. 1957 Apr;41(4):193-9</Citation>
                <ArticleIdList>
                    <ArticleId IdType="pubmed">13413134</ArticleId>
                </ArticleIdList>
            </Reference>
            <Reference>
                <Citation>Arch Ophthalmol. 1974 Feb;91(2):114-22</Citation>
                <ArticleIdList>
                    <ArticleId IdType="pubmed">4810644</ArticleId>
                </ArticleIdList>
            </Reference>
        </ReferenceList>
    </PubmedData>
</PubmedArticle>

</PubmedArticleSet>