<?xml version="1.0" ?>
<!DOCTYPE PubmedArticleSet PUBLIC "-//NLM//DTD PubMedArticle, 1st January 2019//EN" "https://dtd.nlm.nih.gov/ncbi/pubmed/out/pubmed_190101.dtd">
<PubmedArticleSet>
<PubmedArticle>
    <MedlineCitation Status="MEDLINE" Owner="NLM">
        <PMID Version="1">9375589</PMID>
        <DateCompleted>
            <Year>1997</Year>
            <Month>12</Month>
            <Day>04</Day>
        </DateCompleted>
        <DateRevised>
            <Year>2015</Year>
            <Month>11</Month>
            <Day>19</Day>
        </DateRevised>
        <Article PubModel="Print">
            <Journal>
                <ISSN IssnType="Print">0146-0404</ISSN>
                <JournalIssue CitedMedium="Print">
                    <Volume>38</Volume>
                    <Issue>12</Issue>
                    <PubDate>
                        <Year>1997</Year>
                        <Month>Nov</Month>
                    </PubDate>
                </JournalIssue>
                <Title>Investigative ophthalmology &amp; visual science</Title>
                <ISOAbbreviation>Invest Ophthalmol Vis Sci</ISOAbbreviation>
            </Journal>
            <ArticleTitle>Risk of acute angle-closure glaucoma after diagnostic mydriasis in nonselected subjects: the Rotterdam Study.</ArticleTitle>
            <Pagination>
                <MedlinePgn>2683-7</MedlinePgn>
            </Pagination>
            <Abstract>
                <AbstractText Label="PURPOSE" NlmCategory="OBJECTIVE">To report the prevalence of narrow anterior chamber angles on slit-lamp examination and the incidence of acute angle-closure glaucoma (AACG) after diagnostic mydriasis in nonselected white subjects aged 55 years and over.</AbstractText>
                <AbstractText Label="METHODS" NlmCategory="METHODS">Of all subjects in the population-based Rotterdam Study (n = 7983), 6760 participated in the ophthalmologic examination and received both tropicamide 0.5% and phenylephrine 5% eye drops for diagnostic mydriasis. No exclusion criteria (e.g., level of intraocular pressure, presence of narrow anterior chamber angles, history of or treatment for glaucoma) were used. After the ophthalmologic examination, all participants received thymoxamine 0.5% drops in both eyes and were warned about the symptoms of AACG.</AbstractText>
                <AbstractText Label="RESULTS" NlmCategory="RESULTS">The prevalence of narrow angles was 2.2% and was twice as high in women. In two subjects (0.03%), an attack of AACG developed in one eye after diagnostic mydriasis. After medical therapy, peripheral iridotomies were made with a Nd:YAG laser, and both eyes healed without loss of visual acuity or visual field.</AbstractText>
                <AbstractText Label="CONCLUSIONS" NlmCategory="CONCLUSIONS">In nonselected white subjects of 55 years of age or older, the 2% prevalence of narrow anterior chamber angles is similar to that in a mixed black and white population in the United States. According to our protocol, 3 in 10,000 subjects are likely to develop AACG after diagnostic mydriasis followed by miotic drops.</AbstractText>
            </Abstract>
            <AuthorList CompleteYN="Y">
                <Author ValidYN="Y">
                    <LastName>Wolfs</LastName>
                    <ForeName>R C</ForeName>
                    <Initials>RC</Initials>
                    <AffiliationInfo>
                        <Affiliation>Department of Ophthalmology, Erasmus University Medical School, Rotterdam, The Netherlands.</Affiliation>
                    </AffiliationInfo>
                </Author>
                <Author ValidYN="Y">
                    <LastName>Grobbee</LastName>
                    <ForeName>D E</ForeName>
                    <Initials>DE</Initials>
                </Author>
                <Author ValidYN="Y">
                    <LastName>Hofman</LastName>
                    <ForeName>A</ForeName>
                    <Initials>A</Initials>
                </Author>
                <Author ValidYN="Y">
                    <LastName>de Jong</LastName>
                    <ForeName>P T</ForeName>
                    <Initials>PT</Initials>
                </Author>
            </AuthorList>
            <Language>eng</Language>
            <PublicationTypeList>
                <PublicationType UI="D016428">Journal Article</PublicationType>
                <PublicationType UI="D013485">Research Support, Non-U.S. Gov't</PublicationType>
            </PublicationTypeList>
        </Article>
        <MedlineJournalInfo>
            <Country>United States</Country>
            <MedlineTA>Invest Ophthalmol Vis Sci</MedlineTA>
            <NlmUniqueID>7703701</NlmUniqueID>
            <ISSNLinking>0146-0404</ISSNLinking>
        </MedlineJournalInfo>
        <ChemicalList>
            <Chemical>
                <RegistryNumber>0</RegistryNumber>
                <NameOfSubstance UI="D009184">Mydriatics</NameOfSubstance>
            </Chemical>
            <Chemical>
                <RegistryNumber>0</RegistryNumber>
                <NameOfSubstance UI="D009883">Ophthalmic Solutions</NameOfSubstance>
            </Chemical>
            <Chemical>
                <RegistryNumber>1WS297W6MV</RegistryNumber>
                <NameOfSubstance UI="D010656">Phenylephrine</NameOfSubstance>
            </Chemical>
            <Chemical>
                <RegistryNumber>N0A3Z5XTC6</RegistryNumber>
                <NameOfSubstance UI="D014331">Tropicamide</NameOfSubstance>
            </Chemical>
        </ChemicalList>
        <CitationSubset>IM</CitationSubset>
        <MeshHeadingList>
            <MeshHeading>
                <DescriptorName UI="D000208" MajorTopicYN="N">Acute Disease</DescriptorName>
            </MeshHeading>
            <MeshHeading>
                <DescriptorName UI="D000368" MajorTopicYN="N">Aged</DescriptorName>
            </MeshHeading>
            <MeshHeading>
                <DescriptorName UI="D000369" MajorTopicYN="N">Aged, 80 and over</DescriptorName>
            </MeshHeading>
            <MeshHeading>
                <DescriptorName UI="D000867" MajorTopicYN="N">Anterior Chamber</DescriptorName>
                <QualifierName UI="Q000473" MajorTopicYN="Y">pathology</QualifierName>
            </MeshHeading>
            <MeshHeading>
                <DescriptorName UI="D005260" MajorTopicYN="N">Female</DescriptorName>
            </MeshHeading>
            <MeshHeading>
                <DescriptorName UI="D015812" MajorTopicYN="N">Glaucoma, Angle-Closure</DescriptorName>
                <QualifierName UI="Q000453" MajorTopicYN="Y">epidemiology</QualifierName>
                <QualifierName UI="Q000209" MajorTopicYN="N">etiology</QualifierName>
                <QualifierName UI="Q000473" MajorTopicYN="N">pathology</QualifierName>
            </MeshHeading>
            <MeshHeading>
                <DescriptorName UI="D006801" MajorTopicYN="N">Humans</DescriptorName>
            </MeshHeading>
            <MeshHeading>
                <DescriptorName UI="D015994" MajorTopicYN="N">Incidence</DescriptorName>
            </MeshHeading>
            <MeshHeading>
                <DescriptorName UI="D008297" MajorTopicYN="N">Male</DescriptorName>
            </MeshHeading>
            <MeshHeading>
                <DescriptorName UI="D008875" MajorTopicYN="N">Middle Aged</DescriptorName>
            </MeshHeading>
            <MeshHeading>
                <DescriptorName UI="D009184" MajorTopicYN="Y">Mydriatics</DescriptorName>
                <QualifierName UI="Q000008" MajorTopicYN="N">administration &amp; dosage</QualifierName>
            </MeshHeading>
            <MeshHeading>
                <DescriptorName UI="D009426" MajorTopicYN="N" Type="Geographic">Netherlands</DescriptorName>
                <QualifierName UI="Q000453" MajorTopicYN="N">epidemiology</QualifierName>
            </MeshHeading>
            <MeshHeading>
                <DescriptorName UI="D009883" MajorTopicYN="N">Ophthalmic Solutions</DescriptorName>
            </MeshHeading>
            <MeshHeading>
                <DescriptorName UI="D010656" MajorTopicYN="N">Phenylephrine</DescriptorName>
                <QualifierName UI="Q000008" MajorTopicYN="N">administration &amp; dosage</QualifierName>
            </MeshHeading>
            <MeshHeading>
                <DescriptorName UI="D015995" MajorTopicYN="N">Prevalence</DescriptorName>
            </MeshHeading>
            <MeshHeading>
                <DescriptorName UI="D011680" MajorTopicYN="N">Pupil</DescriptorName>
                <QualifierName UI="Q000187" MajorTopicYN="Y">drug effects</QualifierName>
            </MeshHeading>
            <MeshHeading>
                <DescriptorName UI="D012307" MajorTopicYN="N">Risk Factors</DescriptorName>
            </MeshHeading>
            <MeshHeading>
                <DescriptorName UI="D014331" MajorTopicYN="N">Tropicamide</DescriptorName>
                <QualifierName UI="Q000008" MajorTopicYN="N">administration &amp; dosage</QualifierName>
            </MeshHeading>
        </MeshHeadingList>
    </MedlineCitation>
    <PubmedData>
        <History>
            <PubMedPubDate PubStatus="pubmed">
                <Year>1997</Year>
                <Month>12</Month>
                <Day>31</Day>
            </PubMedPubDate>
            <PubMedPubDate PubStatus="medline">
                <Year>1997</Year>
                <Month>12</Month>
                <Day>31</Day>
                <Hour>0</Hour>
                <Minute>1</Minute>
            </PubMedPubDate>
            <PubMedPubDate PubStatus="entrez">
                <Year>1997</Year>
                <Month>12</Month>
                <Day>31</Day>
                <Hour>0</Hour>
                <Minute>0</Minute>
            </PubMedPubDate>
        </History>
        <PublicationStatus>ppublish</PublicationStatus>
        <ArticleIdList>
            <ArticleId IdType="pubmed">9375589</ArticleId>
        </ArticleIdList>
    </PubmedData>
</PubmedArticle>

</PubmedArticleSet>