<?xml version="1.0" ?>
<!DOCTYPE PubmedArticleSet PUBLIC "-//NLM//DTD PubMedArticle, 1st January 2019//EN" "https://dtd.nlm.nih.gov/ncbi/pubmed/out/pubmed_190101.dtd">
<PubmedArticleSet>
<PubmedArticle>
    <MedlineCitation Status="MEDLINE" Owner="NLM">
        <PMID Version="1">989240</PMID>
        <DateCompleted>
            <Year>1976</Year>
            <Month>10</Month>
            <Day>20</Day>
        </DateCompleted>
        <DateRevised>
            <Year>2019</Year>
            <Month>08</Month>
            <Day>19</Day>
        </DateRevised>
        <Article PubModel="Print">
            <Journal>
                <ISSN IssnType="Print">0001-639X</ISSN>
                <JournalIssue CitedMedium="Print">
                    <Volume>54</Volume>
                    <Issue>4</Issue>
                    <PubDate>
                        <Year>1976</Year>
                        <Month>Aug</Month>
                    </PubDate>
                </JournalIssue>
                <Title>Acta ophthalmologica</Title>
                <ISOAbbreviation>Acta Ophthalmol (Copenh)</ISOAbbreviation>
            </Journal>
            <ArticleTitle>The cyclopentolate provocative test in suspected or untreated open-angle glaucoma. I. Effect on intraocular pressure.</ArticleTitle>
            <Pagination>
                <MedlinePgn>456-72</MedlinePgn>
            </Pagination>
            <Abstract>
                <AbstractText>The mydriasis provocative test with 1% cyclopentolate (CPT) was performed on 218 patients with suspected or untreated open-angle glaucoma, on 431 eyes in all. Gonioscopy was performed before and during the test to ensure that te chamber angles were open throughout. The effect of cyclopentolate on intraocular pressure (10P) in these eyes is reported in the present paper. The mean change in IOP (+/-SD) During CPT was +2.5 +/- 3.1 mmHg in the glaucoma group (196 eyes), +0.4 +/- 2.5 mmHg in the group with suspicion of open-angle glaucoma (235 eyes), and +1.4 +/- 2.9 mmHg in the total series. The difference in IOP change between the groups with glaucoma and suspected glaucoma is statistically highly significant. The incidence of positive responses (IOP rise larger than or equal to 8 mmHg) in the glaucoma group (8.7%: 17 eyes) was significantly higher than in the suspicion group (1.7%: 4 eyes). Significant IOP elevations in the total series were demonstrated in 21 eyes of 18 patients (4.9%). Including the borderline cases, IOP elevations larger than or equal to 5 mmHg were also significantly more frequent in eyes with glaucoma (24.0%: 47 eyes) than in eyes with suspected glaucoma (11.9%: 28 eyes). The occurrence and magnitude of positive responses were not dependent on the initial IOP level. Further analysis of the responder group and clinical studies of the mechanism of IOP elevation on the same patients are presented in parts II and III.</AbstractText>
            </Abstract>
            <AuthorList CompleteYN="Y">
                <Author ValidYN="Y">
                    <LastName>Valle</LastName>
                    <ForeName>O</ForeName>
                    <Initials>O</Initials>
                </Author>
            </AuthorList>
            <Language>eng</Language>
            <PublicationTypeList>
                <PublicationType UI="D016428">Journal Article</PublicationType>
            </PublicationTypeList>
        </Article>
        <MedlineJournalInfo>
            <Country>Denmark</Country>
            <MedlineTA>Acta Ophthalmol (Copenh)</MedlineTA>
            <NlmUniqueID>0370347</NlmUniqueID>
            <ISSNLinking>0001-639X</ISSNLinking>
        </MedlineJournalInfo>
        <ChemicalList>
            <Chemical>
                <RegistryNumber>0</RegistryNumber>
                <NameOfSubstance UI="D010648">Phenylacetates</NameOfSubstance>
            </Chemical>
            <Chemical>
                <RegistryNumber>059QF0KO0R</RegistryNumber>
                <NameOfSubstance UI="D014867">Water</NameOfSubstance>
            </Chemical>
            <Chemical>
                <RegistryNumber>I76F4SHP7J</RegistryNumber>
                <NameOfSubstance UI="D003519">Cyclopentolate</NameOfSubstance>
            </Chemical>
        </ChemicalList>
        <CitationSubset>IM</CitationSubset>
        <MeshHeadingList>
            <MeshHeading>
                <DescriptorName UI="D000328" MajorTopicYN="N">Adult</DescriptorName>
            </MeshHeading>
            <MeshHeading>
                <DescriptorName UI="D000368" MajorTopicYN="N">Aged</DescriptorName>
            </MeshHeading>
            <MeshHeading>
                <DescriptorName UI="D002940" MajorTopicYN="N">Circadian Rhythm</DescriptorName>
            </MeshHeading>
            <MeshHeading>
                <DescriptorName UI="D003519" MajorTopicYN="Y">Cyclopentolate</DescriptorName>
                <QualifierName UI="Q000494" MajorTopicYN="N">pharmacology</QualifierName>
            </MeshHeading>
            <MeshHeading>
                <DescriptorName UI="D005260" MajorTopicYN="N">Female</DescriptorName>
            </MeshHeading>
            <MeshHeading>
                <DescriptorName UI="D005901" MajorTopicYN="N">Glaucoma</DescriptorName>
                <QualifierName UI="Q000175" MajorTopicYN="Y">diagnosis</QualifierName>
                <QualifierName UI="Q000235" MajorTopicYN="N">genetics</QualifierName>
            </MeshHeading>
            <MeshHeading>
                <DescriptorName UI="D006801" MajorTopicYN="N">Humans</DescriptorName>
            </MeshHeading>
            <MeshHeading>
                <DescriptorName UI="D007429" MajorTopicYN="N">Intraocular Pressure</DescriptorName>
                <QualifierName UI="Q000187" MajorTopicYN="Y">drug effects</QualifierName>
            </MeshHeading>
            <MeshHeading>
                <DescriptorName UI="D008297" MajorTopicYN="N">Male</DescriptorName>
            </MeshHeading>
            <MeshHeading>
                <DescriptorName UI="D008875" MajorTopicYN="N">Middle Aged</DescriptorName>
            </MeshHeading>
            <MeshHeading>
                <DescriptorName UI="D010648" MajorTopicYN="Y">Phenylacetates</DescriptorName>
            </MeshHeading>
            <MeshHeading>
                <DescriptorName UI="D014792" MajorTopicYN="N">Visual Acuity</DescriptorName>
            </MeshHeading>
            <MeshHeading>
                <DescriptorName UI="D014867" MajorTopicYN="N">Water</DescriptorName>
            </MeshHeading>
        </MeshHeadingList>
    </MedlineCitation>
    <PubmedData>
        <History>
            <PubMedPubDate PubStatus="pubmed">
                <Year>1976</Year>
                <Month>8</Month>
                <Day>1</Day>
            </PubMedPubDate>
            <PubMedPubDate PubStatus="medline">
                <Year>1976</Year>
                <Month>8</Month>
                <Day>1</Day>
                <Hour>0</Hour>
                <Minute>1</Minute>
            </PubMedPubDate>
            <PubMedPubDate PubStatus="entrez">
                <Year>1976</Year>
                <Month>8</Month>
                <Day>1</Day>
                <Hour>0</Hour>
                <Minute>0</Minute>
            </PubMedPubDate>
        </History>
        <PublicationStatus>ppublish</PublicationStatus>
        <ArticleIdList>
            <ArticleId IdType="pubmed">989240</ArticleId>
            <ArticleId IdType="doi">10.1111/j.1755-3768.1976.tb01277.x</ArticleId>
        </ArticleIdList>
    </PubmedData>
</PubmedArticle>

</PubmedArticleSet>