<?xml version="1.0" ?>
<!DOCTYPE PubmedArticleSet PUBLIC "-//NLM//DTD PubMedArticle, 1st January 2019//EN" "https://dtd.nlm.nih.gov/ncbi/pubmed/out/pubmed_190101.dtd">
<PubmedArticleSet>
<PubmedArticle>
    <MedlineCitation Status="MEDLINE" Owner="NLM">
        <PMID Version="1">21856008</PMID>
        <DateCompleted>
            <Year>2012</Year>
            <Month>01</Month>
            <Day>26</Day>
        </DateCompleted>
        <DateRevised>
            <Year>2013</Year>
            <Month>11</Month>
            <Day>21</Day>
        </DateRevised>
        <Article PubModel="Print">
            <Journal>
                <ISSN IssnType="Electronic">1549-4713</ISSN>
                <JournalIssue CitedMedium="Internet">
                    <Volume>118</Volume>
                    <Issue>12</Issue>
                    <PubDate>
                        <Year>2011</Year>
                        <Month>Dec</Month>
                    </PubDate>
                </JournalIssue>
                <Title>Ophthalmology</Title>
                <ISOAbbreviation>Ophthalmology</ISOAbbreviation>
            </Journal>
            <ArticleTitle>Comparison of surgical outcomes between canaloplasty and trabeculectomy at 12 months' follow-up.</ArticleTitle>
            <Pagination>
                <MedlinePgn>2427-33</MedlinePgn>
            </Pagination>
            <ELocationID EIdType="doi" ValidYN="Y">10.1016/j.ophtha.2011.05.021</ELocationID>
            <Abstract>
                <AbstractText Label="PURPOSE" NlmCategory="OBJECTIVE">To compare operative outcomes of patients after canaloplasty and trabeculectomy through 12 months' follow-up.</AbstractText>
                <AbstractText Label="DESIGN" NlmCategory="METHODS">Retrospective, nonrandomized, comparative case series.</AbstractText>
                <AbstractText Label="PARTICIPANTS" NlmCategory="METHODS">We included 33 eyes of 33 patients who underwent canaloplasty and 46 eyes of 46 patients who underwent trabeculectomy with 12 months' of postoperative follow-up.</AbstractText>
                <AbstractText Label="METHODS" NlmCategory="METHODS">Patients with open-angle glaucoma who underwent either canaloplasty or trabeculectomy with mitomycin C to control the intraocular pressure (IOP) between January 2007 and December 2008 were included. All surgeries were performed by a single surgeon (R.S.A.).</AbstractText>
                <AbstractText Label="MAIN OUTCOME MEASURES" NlmCategory="METHODS">Change in IOP, visual acuity (VA), postoperative medications, failure based on IOP (&gt;18 or &lt;4 mmHg at 1 year) or second operative procedure (any eye requiring reoperation) and complication rates at 12 months.</AbstractText>
                <AbstractText Label="RESULTS" NlmCategory="RESULTS">There were no differences in demographics, previous surgery, or preoperative and postoperative VA between the groups. The mean percentage reduction in IOP from preoperative values at 12 months after surgery was 32% (± 22%) for the canaloplasty group compared with 43% (± 28%) for the trabeculectomy group (P = 0.072, Student t test). The median reduction in the number of medications at 12 months' follow-up was 3 in the trabeculectomy group and 2 in the canaloplasty group (P = 0.064). A higher percentage of patients treated with canaloplasty than trabeculectomy (36% vs. 20%) required postoperative medications, although this did not attain significance (P = 0.12). Failure based on IOP (IOP &gt;18 or &lt;4 mmHg at 12 months) was 12.1% (4/33 patients) for the canaloplasty group and 4.3% (2/46 patients) for the trabeculectomy group (P = 0.23, Fisher exact test). There was no difference in surgical failure rates between the canaloplasty (n = 5; 15%) and trabeculectomy (n = 5; 11%) groups (P = 0.74).</AbstractText>
                <AbstractText Label="CONCLUSIONS" NlmCategory="CONCLUSIONS">Canaloplasty and trabeculectomy both achieved significant reduction in IOP at 12 months.</AbstractText>
                <AbstractText Label="FINANCIAL DISCLOSURE(S)" NlmCategory="BACKGROUND">Proprietary or commercial disclosure may be found after the references.</AbstractText>
                <CopyrightInformation>Copyright © 2011 American Academy of Ophthalmology. Published by Elsevier Inc. All rights reserved.</CopyrightInformation>
            </Abstract>
            <AuthorList CompleteYN="Y">
                <Author ValidYN="Y">
                    <LastName>Ayyala</LastName>
                    <ForeName>Ramesh S</ForeName>
                    <Initials>RS</Initials>
                    <AffiliationInfo>
                        <Affiliation>Department of Ophthalmology, Tulane School of Medicine, Tulane University, New Orleans, Louisiana 70112, USA. rayyala@tulane.edu</Affiliation>
                    </AffiliationInfo>
                </Author>
                <Author ValidYN="Y">
                    <LastName>Chaudhry</LastName>
                    <ForeName>Amina L</ForeName>
                    <Initials>AL</Initials>
                </Author>
                <Author ValidYN="Y">
                    <LastName>Okogbaa</LastName>
                    <ForeName>Carola B</ForeName>
                    <Initials>CB</Initials>
                </Author>
                <Author ValidYN="Y">
                    <LastName>Zurakowski</LastName>
                    <ForeName>David</ForeName>
                    <Initials>D</Initials>
                </Author>
            </AuthorList>
            <Language>eng</Language>
            <PublicationTypeList>
                <PublicationType UI="D003160">Comparative Study</PublicationType>
                <PublicationType UI="D016428">Journal Article</PublicationType>
                <PublicationType UI="D013485">Research Support, Non-U.S. Gov't</PublicationType>
            </PublicationTypeList>
        </Article>
        <MedlineJournalInfo>
            <Country>United States</Country>
            <MedlineTA>Ophthalmology</MedlineTA>
            <NlmUniqueID>7802443</NlmUniqueID>
            <ISSNLinking>0161-6420</ISSNLinking>
        </MedlineJournalInfo>
        <ChemicalList>
            <Chemical>
                <RegistryNumber>0</RegistryNumber>
                <NameOfSubstance UI="D000477">Alkylating Agents</NameOfSubstance>
            </Chemical>
            <Chemical>
                <RegistryNumber>50SG953SK6</RegistryNumber>
                <NameOfSubstance UI="D016685">Mitomycin</NameOfSubstance>
            </Chemical>
        </ChemicalList>
        <CitationSubset>IM</CitationSubset>
        <MeshHeadingList>
            <MeshHeading>
                <DescriptorName UI="D000328" MajorTopicYN="N">Adult</DescriptorName>
            </MeshHeading>
            <MeshHeading>
                <DescriptorName UI="D000368" MajorTopicYN="N">Aged</DescriptorName>
            </MeshHeading>
            <MeshHeading>
                <DescriptorName UI="D000369" MajorTopicYN="N">Aged, 80 and over</DescriptorName>
            </MeshHeading>
            <MeshHeading>
                <DescriptorName UI="D000477" MajorTopicYN="N">Alkylating Agents</DescriptorName>
                <QualifierName UI="Q000008" MajorTopicYN="N">administration &amp; dosage</QualifierName>
            </MeshHeading>
            <MeshHeading>
                <DescriptorName UI="D003131" MajorTopicYN="N">Combined Modality Therapy</DescriptorName>
            </MeshHeading>
            <MeshHeading>
                <DescriptorName UI="D005260" MajorTopicYN="N">Female</DescriptorName>
            </MeshHeading>
            <MeshHeading>
                <DescriptorName UI="D018463" MajorTopicYN="N">Filtering Surgery</DescriptorName>
                <QualifierName UI="Q000379" MajorTopicYN="Y">methods</QualifierName>
            </MeshHeading>
            <MeshHeading>
                <DescriptorName UI="D005500" MajorTopicYN="N">Follow-Up Studies</DescriptorName>
            </MeshHeading>
            <MeshHeading>
                <DescriptorName UI="D005902" MajorTopicYN="N">Glaucoma, Open-Angle</DescriptorName>
                <QualifierName UI="Q000503" MajorTopicYN="N">physiopathology</QualifierName>
                <QualifierName UI="Q000601" MajorTopicYN="Y">surgery</QualifierName>
            </MeshHeading>
            <MeshHeading>
                <DescriptorName UI="D006801" MajorTopicYN="N">Humans</DescriptorName>
            </MeshHeading>
            <MeshHeading>
                <DescriptorName UI="D007429" MajorTopicYN="N">Intraocular Pressure</DescriptorName>
                <QualifierName UI="Q000502" MajorTopicYN="N">physiology</QualifierName>
            </MeshHeading>
            <MeshHeading>
                <DescriptorName UI="D008297" MajorTopicYN="N">Male</DescriptorName>
            </MeshHeading>
            <MeshHeading>
                <DescriptorName UI="D008875" MajorTopicYN="N">Middle Aged</DescriptorName>
            </MeshHeading>
            <MeshHeading>
                <DescriptorName UI="D016685" MajorTopicYN="N">Mitomycin</DescriptorName>
                <QualifierName UI="Q000008" MajorTopicYN="N">administration &amp; dosage</QualifierName>
            </MeshHeading>
            <MeshHeading>
                <DescriptorName UI="D012189" MajorTopicYN="N">Retrospective Studies</DescriptorName>
            </MeshHeading>
            <MeshHeading>
                <DescriptorName UI="D014130" MajorTopicYN="N">Trabeculectomy</DescriptorName>
                <QualifierName UI="Q000379" MajorTopicYN="Y">methods</QualifierName>
            </MeshHeading>
            <MeshHeading>
                <DescriptorName UI="D016896" MajorTopicYN="N">Treatment Outcome</DescriptorName>
            </MeshHeading>
            <MeshHeading>
                <DescriptorName UI="D014792" MajorTopicYN="N">Visual Acuity</DescriptorName>
                <QualifierName UI="Q000502" MajorTopicYN="N">physiology</QualifierName>
            </MeshHeading>
        </MeshHeadingList>
    </MedlineCitation>
    <PubmedData>
        <History>
            <PubMedPubDate PubStatus="received">
                <Year>2010</Year>
                <Month>07</Month>
                <Day>07</Day>
            </PubMedPubDate>
            <PubMedPubDate PubStatus="revised">
                <Year>2011</Year>
                <Month>05</Month>
                <Day>16</Day>
            </PubMedPubDate>
            <PubMedPubDate PubStatus="accepted">
                <Year>2011</Year>
                <Month>05</Month>
                <Day>16</Day>
            </PubMedPubDate>
            <PubMedPubDate PubStatus="entrez">
                <Year>2011</Year>
                <Month>8</Month>
                <Day>23</Day>
                <Hour>6</Hour>
                <Minute>0</Minute>
            </PubMedPubDate>
            <PubMedPubDate PubStatus="pubmed">
                <Year>2011</Year>
                <Month>8</Month>
                <Day>23</Day>
                <Hour>6</Hour>
                <Minute>0</Minute>
            </PubMedPubDate>
            <PubMedPubDate PubStatus="medline">
                <Year>2012</Year>
                <Month>1</Month>
                <Day>27</Day>
                <Hour>6</Hour>
                <Minute>0</Minute>
            </PubMedPubDate>
        </History>
        <PublicationStatus>ppublish</PublicationStatus>
        <ArticleIdList>
            <ArticleId IdType="pubmed">21856008</ArticleId>
            <ArticleId IdType="pii">S0161-6420(11)00466-0</ArticleId>
            <ArticleId IdType="doi">10.1016/j.ophtha.2011.05.021</ArticleId>
        </ArticleIdList>
    </PubmedData>
</PubmedArticle>

</PubmedArticleSet>