<?xml version="1.0" ?>
<!DOCTYPE PubmedArticleSet PUBLIC "-//NLM//DTD PubMedArticle, 1st January 2019//EN" "https://dtd.nlm.nih.gov/ncbi/pubmed/out/pubmed_190101.dtd">
<PubmedArticleSet>
<PubmedArticle>
    <MedlineCitation Status="MEDLINE" Owner="NLM">
        <PMID Version="1">23360243</PMID>
        <DateCompleted>
            <Year>2013</Year>
            <Month>06</Month>
            <Day>04</Day>
        </DateCompleted>
        <DateRevised>
            <Year>2018</Year>
            <Month>11</Month>
            <Day>13</Day>
        </DateRevised>
        <Article PubModel="Electronic">
            <Journal>
                <ISSN IssnType="Electronic">1471-2415</ISSN>
                <JournalIssue CitedMedium="Internet">
                    <Volume>13</Volume>
                    <PubDate>
                        <Year>2013</Year>
                        <Month>Jan</Month>
                        <Day>29</Day>
                    </PubDate>
                </JournalIssue>
                <Title>BMC ophthalmology</Title>
                <ISOAbbreviation>BMC Ophthalmol</ISOAbbreviation>
            </Journal>
            <ArticleTitle>Comparison of phacotrabeculectomy versus phacocanaloplasty in the treatment of patients with concomitant cataract and glaucoma.</ArticleTitle>
            <Pagination>
                <MedlinePgn>1</MedlinePgn>
            </Pagination>
            <ELocationID EIdType="doi" ValidYN="Y">10.1186/1471-2415-13-1</ELocationID>
            <Abstract>
                <AbstractText Label="BACKGROUND" NlmCategory="BACKGROUND">Cataract and glaucoma are both common comorbidities among older patients. Combining glaucoma surgery with minimal invasive phacoemulsification (phaco) is a considerable option to treat both conditions at the same time, although the combination with filtration surgery can produce a strong inflammatory response. Combined non-penetrating procedures like canaloplasty have shown to reduce intraocular pressure (IOP) comparable to trabeculectomy without the risk of serious bleb-related complications. The purpose of this retrospective study was to compare the outcomes of phacotrabeculectomy and phacocanaloplasty.</AbstractText>
                <AbstractText Label="METHODS" NlmCategory="METHODS">Thirty-nine eyes with concomitant cataract and glaucoma who underwent phacotrabeculectomy (n=20; 51.3%) or phacocanaloplasty (n=19; 48.7%) were included into this trial on reduction of IOP, use of medication, success rate, incidence of complications and postsurgical interventions. Complete success was defined as IOP reduction by 30% or more and to 21 mmHg or less (definition 1a) or IOP to less than 18 mmHg (definition 2a) without glaucoma medication.</AbstractText>
                <AbstractText Label="RESULTS" NlmCategory="RESULTS">Over a 12-month follow-up, baseline IOP significantly decreased from 30.0 ± 5.3 mmHg with a mean of 2.5 ± 1.2 glaucoma medications to 11.7 ± 3.5 mmHg with a mean of 0.2 ± 0.4 medications in eyes with phacotrabeculectomy (P&lt; .0001). Eyes with phacocanaloplasty had a preoperative IOP of 28.3 ± 4.1 mmHg and were on 2.8 ± 1.1 IOP-lowering drugs. At 12 months, IOP significantly decreased to 12.6 ± 2.1 mmHg and less glaucoma medications were necessary (mean 1.0 ± 1.5 topical medications; P&lt; .05). 15 patients (78.9%) with phacotrabeculectomy and 9 patients (60.0%) in the phacocanaloplasty group showed complete success according to definition 1 and 2 after 1 year (P= .276). Postsurgical complications were seen in 7 patients (36.8%) of the phacocanaloplasty group which included intraoperative macroperforation of the trabeculo-Descemet membrane (5.3%), hyphema (21.1%) and bleb formation (10.5%). Although more complications were observed in the phacotrabeculectomy group, no statistically significant difference was found.</AbstractText>
                <AbstractText Label="CONCLUSIONS" NlmCategory="CONCLUSIONS">Phacocanaloplasty offers a new alternative to phacotrabeculectomy for treatment of concomitant glaucoma and cataract, although phacotrabeculectomy yielded in better results in terms of IOP maintained without glaucoma medications.</AbstractText>
            </Abstract>
            <AuthorList CompleteYN="Y">
                <Author ValidYN="Y">
                    <LastName>Matlach</LastName>
                    <ForeName>Juliane</ForeName>
                    <Initials>J</Initials>
                    <AffiliationInfo>
                        <Affiliation>Department of Ophthalmology, University of Wuerzburg, Josef-Schneider-Str, 11, D-97080, Wuerzburg, Germany. j.matlach@augenklinik.uni-wuerzburg.de</Affiliation>
                    </AffiliationInfo>
                </Author>
                <Author ValidYN="Y">
                    <LastName>Freiberg</LastName>
                    <ForeName>Florentina Joyce</ForeName>
                    <Initials>FJ</Initials>
                </Author>
                <Author ValidYN="Y">
                    <LastName>Leippi</LastName>
                    <ForeName>Swetlana</ForeName>
                    <Initials>S</Initials>
                </Author>
                <Author ValidYN="Y">
                    <LastName>Grehn</LastName>
                    <ForeName>Franz</ForeName>
                    <Initials>F</Initials>
                </Author>
                <Author ValidYN="Y">
                    <LastName>Klink</LastName>
                    <ForeName>Thomas</ForeName>
                    <Initials>T</Initials>
                </Author>
            </AuthorList>
            <Language>eng</Language>
            <PublicationTypeList>
                <PublicationType UI="D003160">Comparative Study</PublicationType>
                <PublicationType UI="D016428">Journal Article</PublicationType>
                <PublicationType UI="D013485">Research Support, Non-U.S. Gov't</PublicationType>
            </PublicationTypeList>
            <ArticleDate DateType="Electronic">
                <Year>2013</Year>
                <Month>01</Month>
                <Day>29</Day>
            </ArticleDate>
        </Article>
        <MedlineJournalInfo>
            <Country>England</Country>
            <MedlineTA>BMC Ophthalmol</MedlineTA>
            <NlmUniqueID>100967802</NlmUniqueID>
            <ISSNLinking>1471-2415</ISSNLinking>
        </MedlineJournalInfo>
        <CitationSubset>IM</CitationSubset>
        <MeshHeadingList>
            <MeshHeading>
                <DescriptorName UI="D000368" MajorTopicYN="N">Aged</DescriptorName>
            </MeshHeading>
            <MeshHeading>
                <DescriptorName UI="D000369" MajorTopicYN="N">Aged, 80 and over</DescriptorName>
            </MeshHeading>
            <MeshHeading>
                <DescriptorName UI="D000704" MajorTopicYN="N">Analysis of Variance</DescriptorName>
            </MeshHeading>
            <MeshHeading>
                <DescriptorName UI="D002386" MajorTopicYN="N">Cataract</DescriptorName>
                <QualifierName UI="Q000503" MajorTopicYN="N">physiopathology</QualifierName>
            </MeshHeading>
            <MeshHeading>
                <DescriptorName UI="D002387" MajorTopicYN="N">Cataract Extraction</DescriptorName>
            </MeshHeading>
            <MeshHeading>
                <DescriptorName UI="D005260" MajorTopicYN="N">Female</DescriptorName>
            </MeshHeading>
            <MeshHeading>
                <DescriptorName UI="D018463" MajorTopicYN="N">Filtering Surgery</DescriptorName>
                <QualifierName UI="Q000379" MajorTopicYN="N">methods</QualifierName>
            </MeshHeading>
            <MeshHeading>
                <DescriptorName UI="D005901" MajorTopicYN="N">Glaucoma</DescriptorName>
                <QualifierName UI="Q000503" MajorTopicYN="N">physiopathology</QualifierName>
                <QualifierName UI="Q000601" MajorTopicYN="Y">surgery</QualifierName>
            </MeshHeading>
            <MeshHeading>
                <DescriptorName UI="D006801" MajorTopicYN="N">Humans</DescriptorName>
            </MeshHeading>
            <MeshHeading>
                <DescriptorName UI="D007429" MajorTopicYN="N">Intraocular Pressure</DescriptorName>
            </MeshHeading>
            <MeshHeading>
                <DescriptorName UI="D008297" MajorTopicYN="N">Male</DescriptorName>
            </MeshHeading>
            <MeshHeading>
                <DescriptorName UI="D008875" MajorTopicYN="N">Middle Aged</DescriptorName>
            </MeshHeading>
            <MeshHeading>
                <DescriptorName UI="D018918" MajorTopicYN="N">Phacoemulsification</DescriptorName>
                <QualifierName UI="Q000379" MajorTopicYN="Y">methods</QualifierName>
            </MeshHeading>
            <MeshHeading>
                <DescriptorName UI="D014130" MajorTopicYN="Y">Trabeculectomy</DescriptorName>
            </MeshHeading>
        </MeshHeadingList>
    </MedlineCitation>
    <PubmedData>
        <History>
            <PubMedPubDate PubStatus="received">
                <Year>2012</Year>
                <Month>07</Month>
                <Day>05</Day>
            </PubMedPubDate>
            <PubMedPubDate PubStatus="accepted">
                <Year>2013</Year>
                <Month>01</Month>
                <Day>22</Day>
            </PubMedPubDate>
            <PubMedPubDate PubStatus="entrez">
                <Year>2013</Year>
                <Month>1</Month>
                <Day>31</Day>
                <Hour>6</Hour>
                <Minute>0</Minute>
            </PubMedPubDate>
            <PubMedPubDate PubStatus="pubmed">
                <Year>2013</Year>
                <Month>1</Month>
                <Day>31</Day>
                <Hour>6</Hour>
                <Minute>0</Minute>
            </PubMedPubDate>
            <PubMedPubDate PubStatus="medline">
                <Year>2013</Year>
                <Month>6</Month>
                <Day>5</Day>
                <Hour>6</Hour>
                <Minute>0</Minute>
            </PubMedPubDate>
        </History>
        <PublicationStatus>epublish</PublicationStatus>
        <ArticleIdList>
            <ArticleId IdType="pubmed">23360243</ArticleId>
            <ArticleId IdType="pii">1471-2415-13-1</ArticleId>
            <ArticleId IdType="doi">10.1186/1471-2415-13-1</ArticleId>
            <ArticleId IdType="pmc">PMC3564772</ArticleId>
        </ArticleIdList>
        <ReferenceList>
            <Reference>
                <Citation>J Cataract Refract Surg. 2001 Nov;27(11):1854-63</Citation>
                <ArticleIdList>
                    <ArticleId IdType="pubmed">11709261</ArticleId>
                </ArticleIdList>
            </Reference>
            <Reference>
                <Citation>Acta Ophthalmol. 2013 Mar;91(2):151-6</Citation>
                <ArticleIdList>
                    <ArticleId IdType="pubmed">22151545</ArticleId>
                </ArticleIdList>
            </Reference>
            <Reference>
                <Citation>J Glaucoma. 2002 Jun;11(3):214-20</Citation>
                <ArticleIdList>
                    <ArticleId IdType="pubmed">12140398</ArticleId>
                </ArticleIdList>
            </Reference>
            <Reference>
                <Citation>Am J Ophthalmol. 2003 Feb;135(2):231-2</Citation>
                <ArticleIdList>
                    <ArticleId IdType="pubmed">12566033</ArticleId>
                </ArticleIdList>
            </Reference>
            <Reference>
                <Citation>Ophthalmologica. 2003 May-Jun;217(3):208-11</Citation>
                <ArticleIdList>
                    <ArticleId IdType="pubmed">12660485</ArticleId>
                </ArticleIdList>
            </Reference>
            <Reference>
                <Citation>Ophthalmology. 2003 May;110(5):882-7</Citation>
                <ArticleIdList>
                    <ArticleId IdType="pubmed">12750084</ArticleId>
                </ArticleIdList>
            </Reference>
            <Reference>
                <Citation>Br J Ophthalmol. 2003 Jul;87(7):850-2</Citation>
                <ArticleIdList>
                    <ArticleId IdType="pubmed">12812883</ArticleId>
                </ArticleIdList>
            </Reference>
            <Reference>
                <Citation>Graefes Arch Clin Exp Ophthalmol. 2004 Feb;242(2):106-13</Citation>
                <ArticleIdList>
                    <ArticleId IdType="pubmed">14648140</ArticleId>
                </ArticleIdList>
            </Reference>
            <Reference>
                <Citation>J Glaucoma. 2004 Dec;13(6):500-6</Citation>
                <ArticleIdList>
                    <ArticleId IdType="pubmed">15534477</ArticleId>
                </ArticleIdList>
            </Reference>
            <Reference>
                <Citation>Curr Opin Ophthalmol. 2005 Feb;16(1):44-52</Citation>
                <ArticleIdList>
                    <ArticleId IdType="pubmed">15650579</ArticleId>
                </ArticleIdList>
            </Reference>
            <Reference>
                <Citation>J Cataract Refract Surg. 2005 Mar;31(3):479-83</Citation>
                <ArticleIdList>
                    <ArticleId IdType="pubmed">15811734</ArticleId>
                </ArticleIdList>
            </Reference>
            <Reference>
                <Citation>J Glaucoma. 2006 Dec;15(6):494-8</Citation>
                <ArticleIdList>
                    <ArticleId IdType="pubmed">17106361</ArticleId>
                </ArticleIdList>
            </Reference>
            <Reference>
                <Citation>J Cataract Refract Surg. 2006 Dec;32(12):2043-9</Citation>
                <ArticleIdList>
                    <ArticleId IdType="pubmed">17137981</ArticleId>
                </ArticleIdList>
            </Reference>
            <Reference>
                <Citation>Ophthalmology. 2007 May;114(5):909-14</Citation>
                <ArticleIdList>
                    <ArticleId IdType="pubmed">17397924</ArticleId>
                </ArticleIdList>
            </Reference>
            <Reference>
                <Citation>J Cataract Refract Surg. 2008 Mar;34(3):433-40</Citation>
                <ArticleIdList>
                    <ArticleId IdType="pubmed">18299068</ArticleId>
                </ArticleIdList>
            </Reference>
            <Reference>
                <Citation>Ophthalmology. 2008 Mar;115(3):447-454.e1</Citation>
                <ArticleIdList>
                    <ArticleId IdType="pubmed">17825417</ArticleId>
                </ArticleIdList>
            </Reference>
            <Reference>
                <Citation>Int Ophthalmol Clin. 2010 Winter;50(1):95-106</Citation>
                <ArticleIdList>
                    <ArticleId IdType="pubmed">20057299</ArticleId>
                </ArticleIdList>
            </Reference>
            <Reference>
                <Citation>J Cataract Refract Surg. 2011 Apr;37(4):682-90</Citation>
                <ArticleIdList>
                    <ArticleId IdType="pubmed">21420593</ArticleId>
                </ArticleIdList>
            </Reference>
            <Reference>
                <Citation>Graefes Arch Clin Exp Ophthalmol. 2011 Oct;249(10):1537-45</Citation>
                <ArticleIdList>
                    <ArticleId IdType="pubmed">21732110</ArticleId>
                </ArticleIdList>
            </Reference>
            <Reference>
                <Citation>Ophthalmology. 2011 Dec;118(12):2427-33</Citation>
                <ArticleIdList>
                    <ArticleId IdType="pubmed">21856008</ArticleId>
                </ArticleIdList>
            </Reference>
            <Reference>
                <Citation>Eur J Ophthalmol. 2012 Sep-Oct;22(5):823-5</Citation>
                <ArticleIdList>
                    <ArticleId IdType="pubmed">22388776</ArticleId>
                </ArticleIdList>
            </Reference>
            <Reference>
                <Citation>Arch Ophthalmol. 2001 Dec;119(12):1771-9</Citation>
                <ArticleIdList>
                    <ArticleId IdType="pubmed">11735786</ArticleId>
                </ArticleIdList>
            </Reference>
        </ReferenceList>
    </PubmedData>
</PubmedArticle>

</PubmedArticleSet>