<?xml version="1.0" ?>
<!DOCTYPE PubmedArticleSet PUBLIC "-//NLM//DTD PubMedArticle, 1st January 2019//EN" "https://dtd.nlm.nih.gov/ncbi/pubmed/out/pubmed_190101.dtd">
<PubmedArticleSet>
<PubmedArticle>
    <MedlineCitation Status="MEDLINE" Owner="NLM">
        <PMID Version="1">23632395</PMID>
        <DateCompleted>
            <Year>2014</Year>
            <Month>04</Month>
            <Day>03</Day>
        </DateCompleted>
        <DateRevised>
            <Year>2013</Year>
            <Month>08</Month>
            <Day>30</Day>
        </DateRevised>
        <Article PubModel="Print">
            <Journal>
                <ISSN IssnType="Electronic">1536-481X</ISSN>
                <JournalIssue CitedMedium="Internet">
                    <Volume>22</Volume>
                    <Issue>7</Issue>
                    <PubDate>
                        <Year>2013</Year>
                        <Month>Sep</Month>
                    </PubDate>
                </JournalIssue>
                <Title>Journal of glaucoma</Title>
                <ISOAbbreviation>J Glaucoma</ISOAbbreviation>
            </Journal>
            <ArticleTitle>Intraindividual comparison of Canaloplasty versus trabeculectomy with mitomycin C in a single-surgeon series.</ArticleTitle>
            <Pagination>
                <MedlinePgn>577-83</MedlinePgn>
            </Pagination>
            <ELocationID EIdType="doi" ValidYN="Y">10.1097/IJG.0b013e318255bb30</ELocationID>
            <Abstract>
                <AbstractText Label="PURPOSE" NlmCategory="OBJECTIVE">To compare the safety, efficacy, and postoperative management of canaloplasty in one eye versus trabeculectomy with mitomycin C in the contralateral eye in patients with open-angle glaucoma.</AbstractText>
                <AbstractText Label="METHODS" NlmCategory="METHODS">This study was a consecutive case series of 30 eyes of 15 patients who had prior trabeculectomy with mitomycin C (group II) and later were treated with canaloplasty (group I) in the fellow eye. Primary outcome measures included intraocular pressure (IOP) and glaucoma medication after 6- and 12-month follow-up. Secondary outcome measures were number of postoperative interventions, hospitalization, and follow-up visits.</AbstractText>
                <AbstractText Label="RESULTS" NlmCategory="RESULTS">Mean preoperative IOP±SD was 26.73±6.4 mm Hg in group I and 26.3±10.9 mm Hg in group II (P=0.9), which decreased to 13.21±2.83 mm Hg for canaloplasty (P&lt;0.0001) and 11.64±5.2 mm Hg for trabeculectomy (P&lt;0.0005) including 3 patients with hypotony at 12 months. Glaucoma medication decreased from 2.5 in group I and 2.7 in group II to no medication in group I and 0.36±0.74 supplemental medication in group II 12 months postoperatively (P&lt;0.0001). Best corrected visual acuity (±SD) was logMAR 0.06±0.09 (group I) and 0.28±0.56 (group II) before and logMAR 0.07±0.09 (group I) and 0.31±0.58 (group II) after surgery. In group I, 2 interventions were necessary. In group II, 8 eyes needed 112 interventions for filtering bleb management. Although canaloplasty took significantly longer to perform, trabeculectomy group required a longer initial postoperative hospitalization (mean 10.4 vs. 5.4 d, P&lt;0.0001) and more postoperative follow-up visits (mean 3.9 vs. 8.5, P&lt;0.001).</AbstractText>
                <AbstractText Label="CONCLUSIONS" NlmCategory="CONCLUSIONS">Canaloplasty and trabeculectomy were both effective in lowering IOP. However, less follow-up visits and significantly fewer complications and interventions were favorable for canaloplasty.</AbstractText>
            </Abstract>
            <AuthorList CompleteYN="Y">
                <Author ValidYN="Y">
                    <LastName>Brüggemann</LastName>
                    <ForeName>Anne</ForeName>
                    <Initials>A</Initials>
                    <AffiliationInfo>
                        <Affiliation>Department of Ophthalmology, University Medical Center Schleswig-Holstein, Campus Lübeck, University of Lübeck, Germany. anne.brueggemann@uk-sh.de</Affiliation>
                    </AffiliationInfo>
                </Author>
                <Author ValidYN="Y">
                    <LastName>Despouy</LastName>
                    <ForeName>Joshua Torrent</ForeName>
                    <Initials>JT</Initials>
                </Author>
                <Author ValidYN="Y">
                    <LastName>Wegent</LastName>
                    <ForeName>Alexander</ForeName>
                    <Initials>A</Initials>
                </Author>
                <Author ValidYN="Y">
                    <LastName>Müller</LastName>
                    <ForeName>Maya</ForeName>
                    <Initials>M</Initials>
                </Author>
            </AuthorList>
            <Language>eng</Language>
            <PublicationTypeList>
                <PublicationType UI="D003160">Comparative Study</PublicationType>
                <PublicationType UI="D016428">Journal Article</PublicationType>
            </PublicationTypeList>
        </Article>
        <MedlineJournalInfo>
            <Country>United States</Country>
            <MedlineTA>J Glaucoma</MedlineTA>
            <NlmUniqueID>9300903</NlmUniqueID>
            <ISSNLinking>1057-0829</ISSNLinking>
        </MedlineJournalInfo>
        <ChemicalList>
            <Chemical>
                <RegistryNumber>0</RegistryNumber>
                <NameOfSubstance UI="D000477">Alkylating Agents</NameOfSubstance>
            </Chemical>
            <Chemical>
                <RegistryNumber>0</RegistryNumber>
                <NameOfSubstance UI="D000959">Antihypertensive Agents</NameOfSubstance>
            </Chemical>
            <Chemical>
                <RegistryNumber>50SG953SK6</RegistryNumber>
                <NameOfSubstance UI="D016685">Mitomycin</NameOfSubstance>
            </Chemical>
        </ChemicalList>
        <CitationSubset>IM</CitationSubset>
        <MeshHeadingList>
            <MeshHeading>
                <DescriptorName UI="D000328" MajorTopicYN="N">Adult</DescriptorName>
            </MeshHeading>
            <MeshHeading>
                <DescriptorName UI="D000368" MajorTopicYN="N">Aged</DescriptorName>
            </MeshHeading>
            <MeshHeading>
                <DescriptorName UI="D000369" MajorTopicYN="N">Aged, 80 and over</DescriptorName>
            </MeshHeading>
            <MeshHeading>
                <DescriptorName UI="D000477" MajorTopicYN="N">Alkylating Agents</DescriptorName>
                <QualifierName UI="Q000008" MajorTopicYN="Y">administration &amp; dosage</QualifierName>
            </MeshHeading>
            <MeshHeading>
                <DescriptorName UI="D000959" MajorTopicYN="N">Antihypertensive Agents</DescriptorName>
                <QualifierName UI="Q000008" MajorTopicYN="N">administration &amp; dosage</QualifierName>
            </MeshHeading>
            <MeshHeading>
                <DescriptorName UI="D002404" MajorTopicYN="N">Catheterization</DescriptorName>
                <QualifierName UI="Q000379" MajorTopicYN="Y">methods</QualifierName>
            </MeshHeading>
            <MeshHeading>
                <DescriptorName UI="D017889" MajorTopicYN="N">Exfoliation Syndrome</DescriptorName>
                <QualifierName UI="Q000503" MajorTopicYN="N">physiopathology</QualifierName>
                <QualifierName UI="Q000601" MajorTopicYN="Y">surgery</QualifierName>
            </MeshHeading>
            <MeshHeading>
                <DescriptorName UI="D005260" MajorTopicYN="N">Female</DescriptorName>
            </MeshHeading>
            <MeshHeading>
                <DescriptorName UI="D005902" MajorTopicYN="N">Glaucoma, Open-Angle</DescriptorName>
                <QualifierName UI="Q000503" MajorTopicYN="N">physiopathology</QualifierName>
                <QualifierName UI="Q000601" MajorTopicYN="Y">surgery</QualifierName>
            </MeshHeading>
            <MeshHeading>
                <DescriptorName UI="D006801" MajorTopicYN="N">Humans</DescriptorName>
            </MeshHeading>
            <MeshHeading>
                <DescriptorName UI="D007429" MajorTopicYN="N">Intraocular Pressure</DescriptorName>
                <QualifierName UI="Q000502" MajorTopicYN="N">physiology</QualifierName>
            </MeshHeading>
            <MeshHeading>
                <DescriptorName UI="D057066" MajorTopicYN="N">Low Tension Glaucoma</DescriptorName>
                <QualifierName UI="Q000503" MajorTopicYN="N">physiopathology</QualifierName>
                <QualifierName UI="Q000601" MajorTopicYN="Y">surgery</QualifierName>
            </MeshHeading>
            <MeshHeading>
                <DescriptorName UI="D008297" MajorTopicYN="N">Male</DescriptorName>
            </MeshHeading>
            <MeshHeading>
                <DescriptorName UI="D008875" MajorTopicYN="N">Middle Aged</DescriptorName>
            </MeshHeading>
            <MeshHeading>
                <DescriptorName UI="D016685" MajorTopicYN="N">Mitomycin</DescriptorName>
                <QualifierName UI="Q000008" MajorTopicYN="Y">administration &amp; dosage</QualifierName>
            </MeshHeading>
            <MeshHeading>
                <DescriptorName UI="D012189" MajorTopicYN="N">Retrospective Studies</DescriptorName>
            </MeshHeading>
            <MeshHeading>
                <DescriptorName UI="D014130" MajorTopicYN="N">Trabeculectomy</DescriptorName>
                <QualifierName UI="Q000379" MajorTopicYN="Y">methods</QualifierName>
            </MeshHeading>
            <MeshHeading>
                <DescriptorName UI="D016896" MajorTopicYN="N">Treatment Outcome</DescriptorName>
            </MeshHeading>
            <MeshHeading>
                <DescriptorName UI="D014792" MajorTopicYN="N">Visual Acuity</DescriptorName>
                <QualifierName UI="Q000502" MajorTopicYN="N">physiology</QualifierName>
            </MeshHeading>
        </MeshHeadingList>
    </MedlineCitation>
    <PubmedData>
        <History>
            <PubMedPubDate PubStatus="entrez">
                <Year>2013</Year>
                <Month>5</Month>
                <Day>2</Day>
                <Hour>6</Hour>
                <Minute>0</Minute>
            </PubMedPubDate>
            <PubMedPubDate PubStatus="pubmed">
                <Year>2013</Year>
                <Month>5</Month>
                <Day>2</Day>
                <Hour>6</Hour>
                <Minute>0</Minute>
            </PubMedPubDate>
            <PubMedPubDate PubStatus="medline">
                <Year>2014</Year>
                <Month>4</Month>
                <Day>4</Day>
                <Hour>6</Hour>
                <Minute>0</Minute>
            </PubMedPubDate>
        </History>
        <PublicationStatus>ppublish</PublicationStatus>
        <ArticleIdList>
            <ArticleId IdType="pubmed">23632395</ArticleId>
            <ArticleId IdType="doi">10.1097/IJG.0b013e318255bb30</ArticleId>
        </ArticleIdList>
    </PubmedData>
</PubmedArticle>

</PubmedArticleSet>