<?xml version="1.0" ?>
<!DOCTYPE PubmedArticleSet PUBLIC "-//NLM//DTD PubMedArticle, 1st January 2019//EN" "https://dtd.nlm.nih.gov/ncbi/pubmed/out/pubmed_190101.dtd">
<PubmedArticleSet>
<PubmedArticle>
    <MedlineCitation Status="MEDLINE" Owner="NLM">
        <PMID Version="1">11466259</PMID>
        <DateCompleted>
            <Year>2001</Year>
            <Month>09</Month>
            <Day>06</Day>
        </DateCompleted>
        <DateRevised>
            <Year>2019</Year>
            <Month>05</Month>
            <Day>01</Day>
        </DateRevised>
        <Article PubModel="Print">
            <Journal>
                <ISSN IssnType="Print">0007-1161</ISSN>
                <JournalIssue CitedMedium="Print">
                    <Volume>85</Volume>
                    <Issue>8</Issue>
                    <PubDate>
                        <Year>2001</Year>
                        <Month>Aug</Month>
                    </PubDate>
                </JournalIssue>
                <Title>The British journal of ophthalmology</Title>
                <ISOAbbreviation>Br J Ophthalmol</ISOAbbreviation>
            </Journal>
            <ArticleTitle>Meta-analysis of randomised controlled trials comparing latanoprost with timolol in the treatment of patients with open angle glaucoma or ocular hypertension.</ArticleTitle>
            <Pagination>
                <MedlinePgn>983-90</MedlinePgn>
            </Pagination>
            <Abstract>
                <AbstractText Label="AIM" NlmCategory="OBJECTIVE">To evaluate the comparative efficacy and tolerance of latanoprost versus timolol through a meta-analysis of randomised controlled trials (RCTs).</AbstractText>
                <AbstractText Label="METHODS" NlmCategory="METHODS">Systematic retrieval of RCTs of latanoprost versus timolol to allow pooling of results from head to head comparison studies. Quality of trials was assessed based on randomisation, masking, and withdrawal. Sensitivity analyses were used to estimate the effects of quality of study on outcomes. The data sources were Medline, Embase, Scientific Citation Index, Merck Glaucoma, and Pharmacia and Upjohn ophthalmology databases. There were 1256 patients with open angle glaucoma or ocular hypertension reported in 11 trials of latanoprost versus timolol. The main outcome measures were (i) percentage intraocular pressure (IOP) reduction for efficacy; (ii) relative risk, risk difference, and number needed to harm for side effects such as hyperaemia, conjunctivitis, increased pigmentation, hypotension, and bradycardia expressed as dichotomous outcomes; and (iii) reduction in systemic blood pressure and heart rate as side effects.</AbstractText>
                <AbstractText Label="RESULTS" NlmCategory="RESULTS">Both 0.005% latanoprost once daily and 0.5% timolol twice daily reduced IOP. The percentage reductions in IOP from baseline (mean (SE)) produced by latanoprost and timolol were 30.2 (2.3) and 26.9 (3.4) at 3 months. The difference in IOP reduction between the two treatments were 5.0 (95% confidence intervals 2.8, 7.3). However, latanoprost caused iris pigmentation in more patients than timolol (relative risk = 8.01, 95% confidence intervals 1.87, 34.30). The 2 year risk with latanoprost reached 18% (51/277). Hyperaemia was also more often observed with latanoprost (relative risk =2.20, 95% confidence intervals 1.33, 3.64). Timolol caused a significant reduction in heart rate of 4 beats/minute (95% confidence interval 2, 6).</AbstractText>
                <AbstractText Label="CONCLUSION" NlmCategory="CONCLUSIONS">This meta-analysis suggests that latanoprost is more effective than timolol in lowering IOP. However, it often causes iris pigmentation. While current evidence suggests that this pigmentation is benign, careful lifetime evaluation of patients is still justified.</AbstractText>
            </Abstract>
            <AuthorList CompleteYN="Y">
                <Author ValidYN="Y">
                    <LastName>Zhang</LastName>
                    <ForeName>W Y</ForeName>
                    <Initials>WY</Initials>
                    <AffiliationInfo>
                        <Affiliation>Centre for Evidence-Based Pharmacotherapy, School of Life and Health Sciences, Aston University, Aston Triangle, Birmingham B4 7ET, UK. w.y.zhang@aston.ac.uk</Affiliation>
                    </AffiliationInfo>
                </Author>
                <Author ValidYN="Y">
                    <LastName>Po</LastName>
                    <ForeName>A L</ForeName>
                    <Initials>AL</Initials>
                </Author>
                <Author ValidYN="Y">
                    <LastName>Dua</LastName>
                    <ForeName>H S</ForeName>
                    <Initials>HS</Initials>
                </Author>
                <Author ValidYN="Y">
                    <LastName>Azuara-Blanco</LastName>
                    <ForeName>A</ForeName>
                    <Initials>A</Initials>
                </Author>
            </AuthorList>
            <Language>eng</Language>
            <PublicationTypeList>
                <PublicationType UI="D003160">Comparative Study</PublicationType>
                <PublicationType UI="D016428">Journal Article</PublicationType>
                <PublicationType UI="D017418">Meta-Analysis</PublicationType>
            </PublicationTypeList>
        </Article>
        <MedlineJournalInfo>
            <Country>England</Country>
            <MedlineTA>Br J Ophthalmol</MedlineTA>
            <NlmUniqueID>0421041</NlmUniqueID>
            <ISSNLinking>0007-1161</ISSNLinking>
        </MedlineJournalInfo>
        <ChemicalList>
            <Chemical>
                <RegistryNumber>0</RegistryNumber>
                <NameOfSubstance UI="D000319">Adrenergic beta-Antagonists</NameOfSubstance>
            </Chemical>
            <Chemical>
                <RegistryNumber>0</RegistryNumber>
                <NameOfSubstance UI="D000959">Antihypertensive Agents</NameOfSubstance>
            </Chemical>
            <Chemical>
                <RegistryNumber>0</RegistryNumber>
                <NameOfSubstance UI="D011461">Prostaglandins F, Synthetic</NameOfSubstance>
            </Chemical>
            <Chemical>
                <RegistryNumber>6Z5B6HVF6O</RegistryNumber>
                <NameOfSubstance UI="D000077338">Latanoprost</NameOfSubstance>
            </Chemical>
            <Chemical>
                <RegistryNumber>817W3C6175</RegistryNumber>
                <NameOfSubstance UI="D013999">Timolol</NameOfSubstance>
            </Chemical>
        </ChemicalList>
        <CitationSubset>IM</CitationSubset>
        <MeshHeadingList>
            <MeshHeading>
                <DescriptorName UI="D000319" MajorTopicYN="N">Adrenergic beta-Antagonists</DescriptorName>
                <QualifierName UI="Q000627" MajorTopicYN="Y">therapeutic use</QualifierName>
            </MeshHeading>
            <MeshHeading>
                <DescriptorName UI="D000328" MajorTopicYN="N">Adult</DescriptorName>
            </MeshHeading>
            <MeshHeading>
                <DescriptorName UI="D000368" MajorTopicYN="N">Aged</DescriptorName>
            </MeshHeading>
            <MeshHeading>
                <DescriptorName UI="D000369" MajorTopicYN="N">Aged, 80 and over</DescriptorName>
            </MeshHeading>
            <MeshHeading>
                <DescriptorName UI="D000959" MajorTopicYN="N">Antihypertensive Agents</DescriptorName>
                <QualifierName UI="Q000627" MajorTopicYN="Y">therapeutic use</QualifierName>
            </MeshHeading>
            <MeshHeading>
                <DescriptorName UI="D016001" MajorTopicYN="N">Confidence Intervals</DescriptorName>
            </MeshHeading>
            <MeshHeading>
                <DescriptorName UI="D018592" MajorTopicYN="N">Cross-Over Studies</DescriptorName>
            </MeshHeading>
            <MeshHeading>
                <DescriptorName UI="D004311" MajorTopicYN="N">Double-Blind Method</DescriptorName>
            </MeshHeading>
            <MeshHeading>
                <DescriptorName UI="D005260" MajorTopicYN="N">Female</DescriptorName>
            </MeshHeading>
            <MeshHeading>
                <DescriptorName UI="D005902" MajorTopicYN="N">Glaucoma, Open-Angle</DescriptorName>
                <QualifierName UI="Q000188" MajorTopicYN="Y">drug therapy</QualifierName>
            </MeshHeading>
            <MeshHeading>
                <DescriptorName UI="D006801" MajorTopicYN="N">Humans</DescriptorName>
            </MeshHeading>
            <MeshHeading>
                <DescriptorName UI="D007429" MajorTopicYN="N">Intraocular Pressure</DescriptorName>
                <QualifierName UI="Q000187" MajorTopicYN="N">drug effects</QualifierName>
            </MeshHeading>
            <MeshHeading>
                <DescriptorName UI="D007499" MajorTopicYN="N">Iris Diseases</DescriptorName>
                <QualifierName UI="Q000139" MajorTopicYN="N">chemically induced</QualifierName>
            </MeshHeading>
            <MeshHeading>
                <DescriptorName UI="D000077338" MajorTopicYN="N">Latanoprost</DescriptorName>
            </MeshHeading>
            <MeshHeading>
                <DescriptorName UI="D008297" MajorTopicYN="N">Male</DescriptorName>
            </MeshHeading>
            <MeshHeading>
                <DescriptorName UI="D008875" MajorTopicYN="N">Middle Aged</DescriptorName>
            </MeshHeading>
            <MeshHeading>
                <DescriptorName UI="D009798" MajorTopicYN="N">Ocular Hypertension</DescriptorName>
                <QualifierName UI="Q000188" MajorTopicYN="Y">drug therapy</QualifierName>
            </MeshHeading>
            <MeshHeading>
                <DescriptorName UI="D010859" MajorTopicYN="N">Pigmentation Disorders</DescriptorName>
                <QualifierName UI="Q000139" MajorTopicYN="N">chemically induced</QualifierName>
            </MeshHeading>
            <MeshHeading>
                <DescriptorName UI="D011461" MajorTopicYN="N">Prostaglandins F, Synthetic</DescriptorName>
                <QualifierName UI="Q000627" MajorTopicYN="Y">therapeutic use</QualifierName>
            </MeshHeading>
            <MeshHeading>
                <DescriptorName UI="D016032" MajorTopicYN="N">Randomized Controlled Trials as Topic</DescriptorName>
            </MeshHeading>
            <MeshHeading>
                <DescriptorName UI="D012307" MajorTopicYN="N">Risk Factors</DescriptorName>
            </MeshHeading>
            <MeshHeading>
                <DescriptorName UI="D016037" MajorTopicYN="N">Single-Blind Method</DescriptorName>
            </MeshHeading>
            <MeshHeading>
                <DescriptorName UI="D013999" MajorTopicYN="N">Timolol</DescriptorName>
                <QualifierName UI="Q000627" MajorTopicYN="Y">therapeutic use</QualifierName>
            </MeshHeading>
            <MeshHeading>
                <DescriptorName UI="D016896" MajorTopicYN="N">Treatment Outcome</DescriptorName>
            </MeshHeading>
        </MeshHeadingList>
    </MedlineCitation>
    <PubmedData>
        <History>
            <PubMedPubDate PubStatus="pubmed">
                <Year>2001</Year>
                <Month>7</Month>
                <Day>24</Day>
                <Hour>10</Hour>
                <Minute>0</Minute>
            </PubMedPubDate>
            <PubMedPubDate PubStatus="medline">
                <Year>2001</Year>
                <Month>9</Month>
                <Day>8</Day>
                <Hour>10</Hour>
                <Minute>1</Minute>
            </PubMedPubDate>
            <PubMedPubDate PubStatus="entrez">
                <Year>2001</Year>
                <Month>7</Month>
                <Day>24</Day>
                <Hour>10</Hour>
                <Minute>0</Minute>
            </PubMedPubDate>
        </History>
        <PublicationStatus>ppublish</PublicationStatus>
        <ArticleIdList>
            <ArticleId IdType="pubmed">11466259</ArticleId>
            <ArticleId IdType="pmc">PMC1724079</ArticleId>
            <ArticleId IdType="doi">10.1136/bjo.85.8.983</ArticleId>
        </ArticleIdList>
        <ReferenceList>
            <Reference>
                <Citation>Arch Ophthalmol. 1999 Oct;117(10):1305-9</Citation>
                <ArticleIdList>
                    <ArticleId IdType="pubmed">10532438</ArticleId>
                </ArticleIdList>
            </Reference>
            <Reference>
                <Citation>Am J Ophthalmol. 1999 Jul;128(1):15-20</Citation>
                <ArticleIdList>
                    <ArticleId IdType="pubmed">10482089</ArticleId>
                </ArticleIdList>
            </Reference>
            <Reference>
                <Citation>Acta Ophthalmol Scand. 2000 Feb;78(1):71-6</Citation>
                <ArticleIdList>
                    <ArticleId IdType="pubmed">10726794</ArticleId>
                </ArticleIdList>
            </Reference>
            <Reference>
                <Citation>N Engl J Med. 1979 Aug 2;301(5):270</Citation>
                <ArticleIdList>
                    <ArticleId IdType="pubmed">450001</ArticleId>
                </ArticleIdList>
            </Reference>
            <Reference>
                <Citation>Am J Ophthalmol. 1979 Oct;88(4):736-8</Citation>
                <ArticleIdList>
                    <ArticleId IdType="pubmed">507146</ArticleId>
                </ArticleIdList>
            </Reference>
            <Reference>
                <Citation>Acta Ophthalmol (Copenh). 1980 Aug;58(4):624-31</Citation>
                <ArticleIdList>
                    <ArticleId IdType="pubmed">7010886</ArticleId>
                </ArticleIdList>
            </Reference>
            <Reference>
                <Citation>Ann Intern Med. 1985 Dec;103(6 ( Pt 1)):890-1</Citation>
                <ArticleIdList>
                    <ArticleId IdType="pubmed">4062090</ArticleId>
                </ArticleIdList>
            </Reference>
            <Reference>
                <Citation>Ann Intern Med. 1986 Feb;104(2):197-9</Citation>
                <ArticleIdList>
                    <ArticleId IdType="pubmed">3946944</ArticleId>
                </ArticleIdList>
            </Reference>
            <Reference>
                <Citation>Am J Ophthalmol. 1986 Nov 15;102(5):606-11</Citation>
                <ArticleIdList>
                    <ArticleId IdType="pubmed">3777080</ArticleId>
                </ArticleIdList>
            </Reference>
            <Reference>
                <Citation>Control Clin Trials. 1986 Sep;7(3):177-88</Citation>
                <ArticleIdList>
                    <ArticleId IdType="pubmed">3802833</ArticleId>
                </ArticleIdList>
            </Reference>
            <Reference>
                <Citation>Br Med J (Clin Res Ed). 1987 Jan 17;294(6565):155-6</Citation>
                <ArticleIdList>
                    <ArticleId IdType="pubmed">3109547</ArticleId>
                </ArticleIdList>
            </Reference>
            <Reference>
                <Citation>Trans Am Ophthalmol Soc. 1989;87:598-618</Citation>
                <ArticleIdList>
                    <ArticleId IdType="pubmed">2562546</ArticleId>
                </ArticleIdList>
            </Reference>
            <Reference>
                <Citation>Stat Med. 1991 Nov;10(11):1665-77</Citation>
                <ArticleIdList>
                    <ArticleId IdType="pubmed">1792461</ArticleId>
                </ArticleIdList>
            </Reference>
            <Reference>
                <Citation>Ophthalmology. 1993 Sep;100(9):1312-6; discussion 1316-7</Citation>
                <ArticleIdList>
                    <ArticleId IdType="pubmed">8371917</ArticleId>
                </ArticleIdList>
            </Reference>
            <Reference>
                <Citation>Am J Ophthalmol. 1994 Jun 15;117(6):728-31</Citation>
                <ArticleIdList>
                    <ArticleId IdType="pubmed">8198156</ArticleId>
                </ArticleIdList>
            </Reference>
            <Reference>
                <Citation>J Clin Pharmacol. 1994 Aug;34(8):795-803</Citation>
                <ArticleIdList>
                    <ArticleId IdType="pubmed">7962666</ArticleId>
                </ArticleIdList>
            </Reference>
            <Reference>
                <Citation>Br J Ophthalmol. 1994 Dec;78(12):899-902</Citation>
                <ArticleIdList>
                    <ArticleId IdType="pubmed">7819171</ArticleId>
                </ArticleIdList>
            </Reference>
            <Reference>
                <Citation>BMJ. 1995 Feb 18;310(6977):452-4</Citation>
                <ArticleIdList>
                    <ArticleId IdType="pubmed">7873954</ArticleId>
                </ArticleIdList>
            </Reference>
            <Reference>
                <Citation>Br J Ophthalmol. 1995 Jan;79(1):12-6</Citation>
                <ArticleIdList>
                    <ArticleId IdType="pubmed">7880782</ArticleId>
                </ArticleIdList>
            </Reference>
            <Reference>
                <Citation>Adv Prostaglandin Thromboxane Leukot Res. 1995;23:519-25</Citation>
                <ArticleIdList>
                    <ArticleId IdType="pubmed">7732900</ArticleId>
                </ArticleIdList>
            </Reference>
            <Reference>
                <Citation>Adv Prostaglandin Thromboxane Leukot Res. 1995;23:527-32</Citation>
                <ArticleIdList>
                    <ArticleId IdType="pubmed">7732901</ArticleId>
                </ArticleIdList>
            </Reference>
            <Reference>
                <Citation>Lancet. 1995 Jun 24;345(8965):1604-6</Citation>
                <ArticleIdList>
                    <ArticleId IdType="pubmed">7646670</ArticleId>
                </ArticleIdList>
            </Reference>
            <Reference>
                <Citation>Pharmacoeconomics. 1995 Jun;7(6):484-9</Citation>
                <ArticleIdList>
                    <ArticleId IdType="pubmed">10155334</ArticleId>
                </ArticleIdList>
            </Reference>
            <Reference>
                <Citation>Arch Ophthalmol. 1996 Mar;114(3):268-73</Citation>
                <ArticleIdList>
                    <ArticleId IdType="pubmed">8600885</ArticleId>
                </ArticleIdList>
            </Reference>
            <Reference>
                <Citation>Ophthalmology. 1996 Jan;103(1):126-37</Citation>
                <ArticleIdList>
                    <ArticleId IdType="pubmed">8628543</ArticleId>
                </ArticleIdList>
            </Reference>
            <Reference>
                <Citation>Ophthalmology. 1996 Jan;103(1):138-47</Citation>
                <ArticleIdList>
                    <ArticleId IdType="pubmed">8628544</ArticleId>
                </ArticleIdList>
            </Reference>
            <Reference>
                <Citation>Control Clin Trials. 1996 Feb;17(1):1-12</Citation>
                <ArticleIdList>
                    <ArticleId IdType="pubmed">8721797</ArticleId>
                </ArticleIdList>
            </Reference>
            <Reference>
                <Citation>Acta Ophthalmol Scand. 1996 Apr;74(2):140-4</Citation>
                <ArticleIdList>
                    <ArticleId IdType="pubmed">8739678</ArticleId>
                </ArticleIdList>
            </Reference>
            <Reference>
                <Citation>Arch Ophthalmol. 1996 Aug;114(8):929-32</Citation>
                <ArticleIdList>
                    <ArticleId IdType="pubmed">8694726</ArticleId>
                </ArticleIdList>
            </Reference>
            <Reference>
                <Citation>J Clin Pharm Ther. 1996 Aug;21(4):261-82</Citation>
                <ArticleIdList>
                    <ArticleId IdType="pubmed">8933301</ArticleId>
                </ArticleIdList>
            </Reference>
            <Reference>
                <Citation>Ophthalmology. 1996 Nov;103(11):1916-24</Citation>
                <ArticleIdList>
                    <ArticleId IdType="pubmed">8942890</ArticleId>
                </ArticleIdList>
            </Reference>
            <Reference>
                <Citation>Am J Ophthalmol. 1996 Dec;122(6):784-9</Citation>
                <ArticleIdList>
                    <ArticleId IdType="pubmed">8956632</ArticleId>
                </ArticleIdList>
            </Reference>
            <Reference>
                <Citation>Graefes Arch Clin Exp Ophthalmol. 1997 Jan;235(1):20-6</Citation>
                <ArticleIdList>
                    <ArticleId IdType="pubmed">9034838</ArticleId>
                </ArticleIdList>
            </Reference>
            <Reference>
                <Citation>Eur J Epidemiol. 1997 Jan;13(1):19-23</Citation>
                <ArticleIdList>
                    <ArticleId IdType="pubmed">9062774</ArticleId>
                </ArticleIdList>
            </Reference>
            <Reference>
                <Citation>Ophthalmology. 1995 Dec;102(12):1743-52</Citation>
                <ArticleIdList>
                    <ArticleId IdType="pubmed">9098273</ArticleId>
                </ArticleIdList>
            </Reference>
            <Reference>
                <Citation>Ophthalmology. 1997 Oct;104(10):1720-4</Citation>
                <ArticleIdList>
                    <ArticleId IdType="pubmed">9331215</ArticleId>
                </ArticleIdList>
            </Reference>
            <Reference>
                <Citation>Ophthalmology. 1998 Jan;105(1):82-7</Citation>
                <ArticleIdList>
                    <ArticleId IdType="pubmed">9442782</ArticleId>
                </ArticleIdList>
            </Reference>
            <Reference>
                <Citation>Am J Ophthalmol. 1998 May;125(5):585-92</Citation>
                <ArticleIdList>
                    <ArticleId IdType="pubmed">9625541</ArticleId>
                </ArticleIdList>
            </Reference>
            <Reference>
                <Citation>Graefes Arch Clin Exp Ophthalmol. 1998 Aug;236(8):577-81</Citation>
                <ArticleIdList>
                    <ArticleId IdType="pubmed">9717652</ArticleId>
                </ArticleIdList>
            </Reference>
            <Reference>
                <Citation>Am J Ophthalmol. 1998 Sep;126(3):390-9</Citation>
                <ArticleIdList>
                    <ArticleId IdType="pubmed">9744372</ArticleId>
                </ArticleIdList>
            </Reference>
            <Reference>
                <Citation>N Engl J Med. 1998 Oct 29;339(18):1298-307</Citation>
                <ArticleIdList>
                    <ArticleId IdType="pubmed">9791148</ArticleId>
                </ArticleIdList>
            </Reference>
            <Reference>
                <Citation>Ophthalmology. 1998 Nov;105(11):2099-104</Citation>
                <ArticleIdList>
                    <ArticleId IdType="pubmed">9818612</ArticleId>
                </ArticleIdList>
            </Reference>
            <Reference>
                <Citation>Ophthalmology. 1999 Mar;106(3):550-5</Citation>
                <ArticleIdList>
                    <ArticleId IdType="pubmed">10080213</ArticleId>
                </ArticleIdList>
            </Reference>
            <Reference>
                <Citation>J Glaucoma. 1999 Feb;8(1):24-30</Citation>
                <ArticleIdList>
                    <ArticleId IdType="pubmed">10084271</ArticleId>
                </ArticleIdList>
            </Reference>
            <Reference>
                <Citation>Acta Ophthalmol Scand. 2000 Feb;78(1):37-44</Citation>
                <ArticleIdList>
                    <ArticleId IdType="pubmed">10726786</ArticleId>
                </ArticleIdList>
            </Reference>
        </ReferenceList>
    </PubmedData>
</PubmedArticle>

</PubmedArticleSet>