<?xml version="1.0" ?>
<!DOCTYPE PubmedArticleSet PUBLIC "-//NLM//DTD PubMedArticle, 1st January 2019//EN" "https://dtd.nlm.nih.gov/ncbi/pubmed/out/pubmed_190101.dtd">
<PubmedArticleSet>
<PubmedArticle>
    <MedlineCitation Status="MEDLINE" Owner="NLM">
        <PMID Version="1">2744943</PMID>
        <DateCompleted>
            <Year>1989</Year>
            <Month>08</Month>
            <Day>21</Day>
        </DateCompleted>
        <DateRevised>
            <Year>2019</Year>
            <Month>10</Month>
            <Day>22</Day>
        </DateRevised>
        <Article PubModel="Print">
            <Journal>
                <ISSN IssnType="Print">0165-5701</ISSN>
                <JournalIssue CitedMedium="Print">
                    <Volume>13</Volume>
                    <Issue>1-2</Issue>
                    <PubDate>
                        <Year>1989</Year>
                        <Month>Jan</Month>
                    </PubDate>
                </JournalIssue>
                <Title>International ophthalmology</Title>
                <ISOAbbreviation>Int Ophthalmol</ISOAbbreviation>
            </Journal>
            <ArticleTitle>Limbus-based versus Fornix-based conjunctival flap in filtering surgery. A randomized prospective study.</ArticleTitle>
            <Pagination>
                <MedlinePgn>139-43</MedlinePgn>
            </Pagination>
            <Abstract>
                <AbstractText>A randomized prospective study was performed to compare the results of filtering surgery using a Limbus-based versus a Fornix-based conjunctival flap. The wound closure of the Fornix-based flap was performed using a running 10/0 nylon suture at the limbus. No statistical significant difference of IOP regulation was found between the two groups. There was a tendency of reduced occurrence of shallow anterior chamber and of less vascularized filtering blebs in the Fornix-based technique.</AbstractText>
            </Abstract>
            <AuthorList CompleteYN="Y">
                <Author ValidYN="Y">
                    <LastName>Grehn</LastName>
                    <ForeName>F</ForeName>
                    <Initials>F</Initials>
                    <AffiliationInfo>
                        <Affiliation>Universitäts-Augenklinik Freiburg, FRG.</Affiliation>
                    </AffiliationInfo>
                </Author>
                <Author ValidYN="Y">
                    <LastName>Mauthe</LastName>
                    <ForeName>S</ForeName>
                    <Initials>S</Initials>
                </Author>
                <Author ValidYN="Y">
                    <LastName>Pfeiffer</LastName>
                    <ForeName>N</ForeName>
                    <Initials>N</Initials>
                </Author>
            </AuthorList>
            <Language>eng</Language>
            <PublicationTypeList>
                <PublicationType UI="D016430">Clinical Trial</PublicationType>
                <PublicationType UI="D003160">Comparative Study</PublicationType>
                <PublicationType UI="D016428">Journal Article</PublicationType>
                <PublicationType UI="D016449">Randomized Controlled Trial</PublicationType>
            </PublicationTypeList>
        </Article>
        <MedlineJournalInfo>
            <Country>Netherlands</Country>
            <MedlineTA>Int Ophthalmol</MedlineTA>
            <NlmUniqueID>7904294</NlmUniqueID>
            <ISSNLinking>0165-5701</ISSNLinking>
        </MedlineJournalInfo>
        <CitationSubset>IM</CitationSubset>
        <MeshHeadingList>
            <MeshHeading>
                <DescriptorName UI="D003228" MajorTopicYN="Y">Conjunctiva</DescriptorName>
            </MeshHeading>
            <MeshHeading>
                <DescriptorName UI="D005500" MajorTopicYN="N">Follow-Up Studies</DescriptorName>
            </MeshHeading>
            <MeshHeading>
                <DescriptorName UI="D005901" MajorTopicYN="N">Glaucoma</DescriptorName>
                <QualifierName UI="Q000601" MajorTopicYN="Y">surgery</QualifierName>
            </MeshHeading>
            <MeshHeading>
                <DescriptorName UI="D006801" MajorTopicYN="N">Humans</DescriptorName>
            </MeshHeading>
            <MeshHeading>
                <DescriptorName UI="D007429" MajorTopicYN="N">Intraocular Pressure</DescriptorName>
            </MeshHeading>
            <MeshHeading>
                <DescriptorName UI="D011446" MajorTopicYN="N">Prospective Studies</DescriptorName>
            </MeshHeading>
            <MeshHeading>
                <DescriptorName UI="D011897" MajorTopicYN="N">Random Allocation</DescriptorName>
            </MeshHeading>
            <MeshHeading>
                <DescriptorName UI="D013524" MajorTopicYN="Y">Surgical Flaps</DescriptorName>
            </MeshHeading>
        </MeshHeadingList>
    </MedlineCitation>
    <PubmedData>
        <History>
            <PubMedPubDate PubStatus="pubmed">
                <Year>1989</Year>
                <Month>1</Month>
                <Day>1</Day>
            </PubMedPubDate>
            <PubMedPubDate PubStatus="medline">
                <Year>1989</Year>
                <Month>1</Month>
                <Day>1</Day>
                <Hour>0</Hour>
                <Minute>1</Minute>
            </PubMedPubDate>
            <PubMedPubDate PubStatus="entrez">
                <Year>1989</Year>
                <Month>1</Month>
                <Day>1</Day>
                <Hour>0</Hour>
                <Minute>0</Minute>
            </PubMedPubDate>
        </History>
        <PublicationStatus>ppublish</PublicationStatus>
        <ArticleIdList>
            <ArticleId IdType="pubmed">2744943</ArticleId>
            <ArticleId IdType="doi">10.1007/BF02028654</ArticleId>
        </ArticleIdList>
        <ReferenceList>
            <Reference>
                <Citation>Am J Ophthalmol. 1987 Jul 15;104(1):28-32</Citation>
                <ArticleIdList>
                    <ArticleId IdType="pubmed">3605278</ArticleId>
                </ArticleIdList>
            </Reference>
            <Reference>
                <Citation>Ophthalmology. 1980 Oct;87(10):985-9</Citation>
                <ArticleIdList>
                    <ArticleId IdType="pubmed">7017525</ArticleId>
                </ArticleIdList>
            </Reference>
            <Reference>
                <Citation>Arch Ophthalmol. 1984 Mar;102(3):361-2</Citation>
                <ArticleIdList>
                    <ArticleId IdType="pubmed">6703982</ArticleId>
                </ArticleIdList>
            </Reference>
            <Reference>
                <Citation>Klin Monbl Augenheilkd. 1987 Feb;190(2):92-8</Citation>
                <ArticleIdList>
                    <ArticleId IdType="pubmed">3573668</ArticleId>
                </ArticleIdList>
            </Reference>
            <Reference>
                <Citation>Jpn J Ophthalmol. 1982;26(4):361-73</Citation>
                <ArticleIdList>
                    <ArticleId IdType="pubmed">7166896</ArticleId>
                </ArticleIdList>
            </Reference>
            <Reference>
                <Citation>Jpn J Ophthalmol. 1982;26(4):468-80</Citation>
                <ArticleIdList>
                    <ArticleId IdType="pubmed">7166905</ArticleId>
                </ArticleIdList>
            </Reference>
        </ReferenceList>
    </PubmedData>
</PubmedArticle>

</PubmedArticleSet>