<?xml version="1.0" ?>
<!DOCTYPE PubmedArticleSet PUBLIC "-//NLM//DTD PubMedArticle, 1st January 2019//EN" "https://dtd.nlm.nih.gov/ncbi/pubmed/out/pubmed_190101.dtd">
<PubmedArticleSet>
<PubmedArticle>
    <MedlineCitation Status="MEDLINE" Owner="NLM">
        <PMID Version="1">28118610</PMID>
        <DateCompleted>
            <Year>2018</Year>
            <Month>03</Month>
            <Day>29</Day>
        </DateCompleted>
        <DateRevised>
            <Year>2018</Year>
            <Month>11</Month>
            <Day>13</Day>
        </DateRevised>
        <Article PubModel="Print">
            <Journal>
                <ISSN IssnType="Electronic">1949-2553</ISSN>
                <JournalIssue CitedMedium="Internet">
                    <Volume>8</Volume>
                    <Issue>27</Issue>
                    <PubDate>
                        <Year>2017</Year>
                        <Month>Jul</Month>
                        <Day>04</Day>
                    </PubDate>
                </JournalIssue>
                <Title>Oncotarget</Title>
                <ISOAbbreviation>Oncotarget</ISOAbbreviation>
            </Journal>
            <ArticleTitle>Safety and efficacy of canaloplasty versus trabeculectomy in treatment of glaucoma.</ArticleTitle>
            <Pagination>
                <MedlinePgn>44811-44818</MedlinePgn>
            </Pagination>
            <ELocationID EIdType="doi" ValidYN="Y">10.18632/oncotarget.14757</ELocationID>
            <Abstract>
                <AbstractText>We assess the efficacy and safety of canaloplasty and trabeculectomy for treatment of glaucoma. We searched the China National Knowledge Infrastructure, PubMed, Web of Science, and WanFang databases for potentially eligible studies. Pooled risk ratio (RR) with 95% confidence interval (CI) was calculated using random- or fixed-effect models if appropriate. Eight studies were included for meta-analysis. There was no difference in intraocular pressure at 6 months (WMD = 0.97, 95%CI: -0.48-2.41). Intraocular pressure in canaloplasty group 12 months after operation was higher than in trabeculectomy group (WMD = 1.90, 95%CI: 0.12-3.69), P &lt; 0.05). The canaloplasty group showed higher success rate than trabeculectomy group (RR = 0.86, 95%CI: 0.77-0.97). The canaloplasty group was more likely to have hyphema (RR = 2.96, 95%CI: 1.51-5.83), P &lt; 0.05) than trabeculectomy group (RR = 0.24, 95, CI(0.06-0.89), P &lt; 0.05]. The incidence of and hypotony and postoperative choroid abnormalities in canaloplasty group was significantly lower than that in trabeculectomy group (RR = 0.30, 95%CI: 0.11-0.83; RR = 0.24, 95%CI: 0.09-0.66), P &lt; 0.05). Both trabeculectomy and canaloplasty can significantly reduce the intraocular pressure in glaucoma patients at 12 months after operation, trabeculectomy leads a more marked IOP decrease than canaloplasty at the cost of a higher complication rate and more demanding for postoperative care.</AbstractText>
            </Abstract>
            <AuthorList CompleteYN="Y">
                <Author ValidYN="Y">
                    <LastName>Liu</LastName>
                    <ForeName>Haifeng</ForeName>
                    <Initials>H</Initials>
                    <AffiliationInfo>
                        <Affiliation>Department of Ophthalmology, The Third Affiliated Hospital of Xinxiang Medical University, Xinxiang, Henan, China.</Affiliation>
                    </AffiliationInfo>
                </Author>
                <Author ValidYN="Y">
                    <LastName>Zhang</LastName>
                    <ForeName>Haitao</ForeName>
                    <Initials>H</Initials>
                    <AffiliationInfo>
                        <Affiliation>Department of Ophthalmology, The First Affiliated Hospital of Xinxiang Medical University, Xinxiang, Henan, China.</Affiliation>
                    </AffiliationInfo>
                </Author>
                <Author ValidYN="Y">
                    <LastName>Li</LastName>
                    <ForeName>Yanhua</ForeName>
                    <Initials>Y</Initials>
                    <AffiliationInfo>
                        <Affiliation>Department of Ophthalmology, The Third Affiliated Hospital of Xinxiang Medical University, Xinxiang, Henan, China.</Affiliation>
                    </AffiliationInfo>
                </Author>
                <Author ValidYN="Y">
                    <LastName>Yu</LastName>
                    <ForeName>Han</ForeName>
                    <Initials>H</Initials>
                    <AffiliationInfo>
                        <Affiliation>Department of Ophthalmology, The Third Affiliated Hospital of Xinxiang Medical University, Xinxiang, Henan, China.</Affiliation>
                    </AffiliationInfo>
                </Author>
            </AuthorList>
            <Language>eng</Language>
            <PublicationTypeList>
                <PublicationType UI="D016428">Journal Article</PublicationType>
                <PublicationType UI="D017418">Meta-Analysis</PublicationType>
            </PublicationTypeList>
        </Article>
        <MedlineJournalInfo>
            <Country>United States</Country>
            <MedlineTA>Oncotarget</MedlineTA>
            <NlmUniqueID>101532965</NlmUniqueID>
            <ISSNLinking>1949-2553</ISSNLinking>
        </MedlineJournalInfo>
        <CitationSubset>IM</CitationSubset>
        <MeshHeadingList>
            <MeshHeading>
                <DescriptorName UI="D005260" MajorTopicYN="N">Female</DescriptorName>
            </MeshHeading>
            <MeshHeading>
                <DescriptorName UI="D005901" MajorTopicYN="N">Glaucoma</DescriptorName>
                <QualifierName UI="Q000175" MajorTopicYN="N">diagnosis</QualifierName>
                <QualifierName UI="Q000628" MajorTopicYN="Y">therapy</QualifierName>
            </MeshHeading>
            <MeshHeading>
                <DescriptorName UI="D006801" MajorTopicYN="N">Humans</DescriptorName>
            </MeshHeading>
            <MeshHeading>
                <DescriptorName UI="D007429" MajorTopicYN="N">Intraocular Pressure</DescriptorName>
            </MeshHeading>
            <MeshHeading>
                <DescriptorName UI="D008297" MajorTopicYN="N">Male</DescriptorName>
            </MeshHeading>
            <MeshHeading>
                <DescriptorName UI="D016017" MajorTopicYN="N">Odds Ratio</DescriptorName>
            </MeshHeading>
            <MeshHeading>
                <DescriptorName UI="D017594" MajorTopicYN="N">Publication Bias</DescriptorName>
            </MeshHeading>
            <MeshHeading>
                <DescriptorName UI="D014130" MajorTopicYN="Y">Trabeculectomy</DescriptorName>
                <QualifierName UI="Q000009" MajorTopicYN="N">adverse effects</QualifierName>
                <QualifierName UI="Q000379" MajorTopicYN="N">methods</QualifierName>
            </MeshHeading>
            <MeshHeading>
                <DescriptorName UI="D016896" MajorTopicYN="N">Treatment Outcome</DescriptorName>
            </MeshHeading>
        </MeshHeadingList>
        <KeywordList Owner="NOTNLM">
            <Keyword MajorTopicYN="N">canaloplasty</Keyword>
            <Keyword MajorTopicYN="N">glaucoma</Keyword>
            <Keyword MajorTopicYN="N">meta-analysis</Keyword>
            <Keyword MajorTopicYN="N">trabeculectomy</Keyword>
        </KeywordList>
    </MedlineCitation>
    <PubmedData>
        <History>
            <PubMedPubDate PubStatus="received">
                <Year>2016</Year>
                <Month>11</Month>
                <Day>17</Day>
            </PubMedPubDate>
            <PubMedPubDate PubStatus="accepted">
                <Year>2017</Year>
                <Month>01</Month>
                <Day>11</Day>
            </PubMedPubDate>
            <PubMedPubDate PubStatus="pubmed">
                <Year>2017</Year>
                <Month>1</Month>
                <Day>25</Day>
                <Hour>6</Hour>
                <Minute>0</Minute>
            </PubMedPubDate>
            <PubMedPubDate PubStatus="medline">
                <Year>2018</Year>
                <Month>3</Month>
                <Day>30</Day>
                <Hour>6</Hour>
                <Minute>0</Minute>
            </PubMedPubDate>
            <PubMedPubDate PubStatus="entrez">
                <Year>2017</Year>
                <Month>1</Month>
                <Day>25</Day>
                <Hour>6</Hour>
                <Minute>0</Minute>
            </PubMedPubDate>
        </History>
        <PublicationStatus>ppublish</PublicationStatus>
        <ArticleIdList>
            <ArticleId IdType="pubmed">28118610</ArticleId>
            <ArticleId IdType="pii">14757</ArticleId>
            <ArticleId IdType="doi">10.18632/oncotarget.14757</ArticleId>
            <ArticleId IdType="pmc">PMC5546520</ArticleId>
        </ArticleIdList>
        <ReferenceList>
            <Reference>
                <Citation>Arq Bras Oftalmol. 2009 Jul-Aug;72(4):552-5</Citation>
                <ArticleIdList>
                    <ArticleId IdType="pubmed">19820801</ArticleId>
                </ArticleIdList>
            </Reference>
            <Reference>
                <Citation>J Cataract Refract Surg. 2008 Mar;34(3):433-40</Citation>
                <ArticleIdList>
                    <ArticleId IdType="pubmed">18299068</ArticleId>
                </ArticleIdList>
            </Reference>
            <Reference>
                <Citation>Am J Ophthalmol. 1989 Dec 15;108(6):625-35</Citation>
                <ArticleIdList>
                    <ArticleId IdType="pubmed">2688428</ArticleId>
                </ArticleIdList>
            </Reference>
            <Reference>
                <Citation>J Glaucoma. 2013 Jan;22(1):21-5</Citation>
                <ArticleIdList>
                    <ArticleId IdType="pubmed">21623220</ArticleId>
                </ArticleIdList>
            </Reference>
            <Reference>
                <Citation>Am J Ophthalmol. 1968 Oct;66(4):673-9</Citation>
                <ArticleIdList>
                    <ArticleId IdType="pubmed">4891876</ArticleId>
                </ArticleIdList>
            </Reference>
            <Reference>
                <Citation>Case Rep Ophthalmol. 2013 Oct 24;4(3):192-8</Citation>
                <ArticleIdList>
                    <ArticleId IdType="pubmed">24348402</ArticleId>
                </ArticleIdList>
            </Reference>
            <Reference>
                <Citation>J Glaucoma. 2016 Jul;25(7):571-8</Citation>
                <ArticleIdList>
                    <ArticleId IdType="pubmed">26465075</ArticleId>
                </ArticleIdList>
            </Reference>
            <Reference>
                <Citation>BMC Ophthalmol. 2014 Apr 26;14:55</Citation>
                <ArticleIdList>
                    <ArticleId IdType="pubmed">24766841</ArticleId>
                </ArticleIdList>
            </Reference>
            <Reference>
                <Citation>Klin Monbl Augenheilkd. 2014 Mar;231(3):256-61</Citation>
                <ArticleIdList>
                    <ArticleId IdType="pubmed">24658863</ArticleId>
                </ArticleIdList>
            </Reference>
            <Reference>
                <Citation>Surv Ophthalmol. 2012 Jan-Feb;57(1):1-25</Citation>
                <ArticleIdList>
                    <ArticleId IdType="pubmed">22137574</ArticleId>
                </ArticleIdList>
            </Reference>
            <Reference>
                <Citation>BMC Res Notes. 2012 Oct 04;5:549</Citation>
                <ArticleIdList>
                    <ArticleId IdType="pubmed">23035908</ArticleId>
                </ArticleIdList>
            </Reference>
            <Reference>
                <Citation>J Glaucoma. 2014 Jun-Jul;23(5):307-11</Citation>
                <ArticleIdList>
                    <ArticleId IdType="pubmed">23377580</ArticleId>
                </ArticleIdList>
            </Reference>
            <Reference>
                <Citation>BMJ. 2003 Sep 6;327(7414):557-60</Citation>
                <ArticleIdList>
                    <ArticleId IdType="pubmed">12958120</ArticleId>
                </ArticleIdList>
            </Reference>
            <Reference>
                <Citation>BMC Ophthalmol. 2013 Jan 29;13:1</Citation>
                <ArticleIdList>
                    <ArticleId IdType="pubmed">23360243</ArticleId>
                </ArticleIdList>
            </Reference>
            <Reference>
                <Citation>Acta Ophthalmol. 2014 Sep;92(6):e498-9</Citation>
                <ArticleIdList>
                    <ArticleId IdType="pubmed">24953856</ArticleId>
                </ArticleIdList>
            </Reference>
            <Reference>
                <Citation>J Cataract Refract Surg. 2009 May;35(5):814-24</Citation>
                <ArticleIdList>
                    <ArticleId IdType="pubmed">19393879</ArticleId>
                </ArticleIdList>
            </Reference>
            <Reference>
                <Citation>J Glaucoma. 2015 Sep;24(7):543-9</Citation>
                <ArticleIdList>
                    <ArticleId IdType="pubmed">24240873</ArticleId>
                </ArticleIdList>
            </Reference>
            <Reference>
                <Citation>Cochrane Database Syst Rev. 2005 Oct 19;(4):CD002897</Citation>
                <ArticleIdList>
                    <ArticleId IdType="pubmed">16235305</ArticleId>
                </ArticleIdList>
            </Reference>
            <Reference>
                <Citation>Ophthalmology. 2011 Dec;118(12):2427-33</Citation>
                <ArticleIdList>
                    <ArticleId IdType="pubmed">21856008</ArticleId>
                </ArticleIdList>
            </Reference>
            <Reference>
                <Citation>Clin Ophthalmol. 2012;6:1273-9</Citation>
                <ArticleIdList>
                    <ArticleId IdType="pubmed">22927739</ArticleId>
                </ArticleIdList>
            </Reference>
            <Reference>
                <Citation>Br J Ophthalmol. 2010 Nov;94(11):1478-82</Citation>
                <ArticleIdList>
                    <ArticleId IdType="pubmed">20962352</ArticleId>
                </ArticleIdList>
            </Reference>
            <Reference>
                <Citation>Semin Ophthalmol. 2015 Jul;30(4):297-304</Citation>
                <ArticleIdList>
                    <ArticleId IdType="pubmed">24251431</ArticleId>
                </ArticleIdList>
            </Reference>
            <Reference>
                <Citation>Ophthalmology. 2001 Feb;108(2):416-21</Citation>
                <ArticleIdList>
                    <ArticleId IdType="pubmed">11158823</ArticleId>
                </ArticleIdList>
            </Reference>
            <Reference>
                <Citation>Clin Ophthalmol. 2013;7:1417-21</Citation>
                <ArticleIdList>
                    <ArticleId IdType="pubmed">23874083</ArticleId>
                </ArticleIdList>
            </Reference>
            <Reference>
                <Citation>Jpn J Ophthalmol. 2005 May-Jun;49(3):223-7</Citation>
                <ArticleIdList>
                    <ArticleId IdType="pubmed">15944828</ArticleId>
                </ArticleIdList>
            </Reference>
            <Reference>
                <Citation>J Glaucoma. 2013 Sep;22(7):577-83</Citation>
                <ArticleIdList>
                    <ArticleId IdType="pubmed">23632395</ArticleId>
                </ArticleIdList>
            </Reference>
            <Reference>
                <Citation>Klin Monbl Augenheilkd. 2012 Nov;229(11):1118-23</Citation>
                <ArticleIdList>
                    <ArticleId IdType="pubmed">22961041</ArticleId>
                </ArticleIdList>
            </Reference>
        </ReferenceList>
    </PubmedData>
</PubmedArticle>

</PubmedArticleSet>