<?xml version="1.0" ?>
<!DOCTYPE PubmedArticleSet PUBLIC "-//NLM//DTD PubMedArticle, 1st January 2019//EN" "https://dtd.nlm.nih.gov/ncbi/pubmed/out/pubmed_190101.dtd">
<PubmedArticleSet>
<PubmedArticle>
    <MedlineCitation Status="MEDLINE" Owner="NLM">
        <PMID Version="1">15745762</PMID>
        <DateCompleted>
            <Year>2005</Year>
            <Month>03</Month>
            <Day>15</Day>
        </DateCompleted>
        <DateRevised>
            <Year>2015</Year>
            <Month>11</Month>
            <Day>19</Day>
        </DateRevised>
        <Article PubModel="Print">
            <Journal>
                <ISSN IssnType="Electronic">1549-4713</ISSN>
                <JournalIssue CitedMedium="Internet">
                    <Volume>112</Volume>
                    <Issue>3</Issue>
                    <PubDate>
                        <Year>2005</Year>
                        <Month>Mar</Month>
                    </PubDate>
                </JournalIssue>
                <Title>Ophthalmology</Title>
                <ISOAbbreviation>Ophthalmology</ISOAbbreviation>
            </Journal>
            <ArticleTitle>The Low-pressure Glaucoma Treatment Study (LoGTS) study design and baseline characteristics of enrolled patients.</ArticleTitle>
            <Pagination>
                <MedlinePgn>376-85</MedlinePgn>
            </Pagination>
            <Abstract>
                <AbstractText Label="OBJECTIVE" NlmCategory="OBJECTIVE">The Low-Pressure Glaucoma Treatment Study (LoGTS) seeks to evaluate visual field stability in low-pressure glaucoma patients randomized to intraocular pressure reduction in both eyes with topical twice daily brimonidine tartrate 0.2% versus twice daily timolol maleate 0.5%. This article describes the LoGTS design and presents baseline characteristics of the subjects.</AbstractText>
                <AbstractText Label="DESIGN" NlmCategory="METHODS">Randomized, multicenter, double-masked clinical trial.</AbstractText>
                <AbstractText Label="PARTICIPANTS" NlmCategory="METHODS">Low-pressure glaucoma patients 30 years of age or older were identified. Exclusion criteria included an untreated pressure of more than 21 mmHg, advanced visual field loss, and contraindications to study medications.</AbstractText>
                <AbstractText Label="INTERVENTIONS" NlmCategory="METHODS">Randomization of both eyes to double-masked monotherapy with brimonidine or timolol. Follow-up visits included Humphrey 24-2 full-threshold perimetry, tonometry every 4 months, and annual optic disc photography.</AbstractText>
                <AbstractText Label="MAIN OUTCOME MEASURE" NlmCategory="METHODS">Progression of visual field loss.</AbstractText>
                <AbstractText Label="RESULTS" NlmCategory="RESULTS">One hundred ninety patients were randomized between 1998 and 2000. Mean age (+/-standard deviation) was 64.9+/-10.7 years. Women comprised 59.5% of the patients. Fifty-three patients (27.9%) had unilateral field loss. The 137 patients with bilateral field loss were older than those with unilateral field loss: 65.7 versus 62.3 years of age (P&lt;0.05). Mean untreated diurnal intraocular pressures were similar between the eyes of the bilateral patients (mean, 15.5 mmHg in both eyes) and unilateral patients (mean, 16.0 mmHg in field loss vs. 15.6 mmHg in fellow eyes). Visual field mean deviation for all eyes was -5.4+/-4.7 decibels. Central corneal thickness in 168 phakic patients was 543 +/- 35 microm (range, 435-655 microm); thickness was less than 500 microm in 15 eyes and was more than 600 microm in 11 eyes. Mean vertical cup-to-disc ratio for all eyes was 0.67+/-0.15. Unilateral field loss patients had a larger cup-to-disc ratio in the field loss eye (0.75+/-0.12) than the fellow eye with a normal field (0.60+/-0.17, P&lt;0.0001). Disc hemorrhage was present at baseline in 29 patients (32 eyes).</AbstractText>
                <AbstractText Label="CONCLUSIONS" NlmCategory="CONCLUSIONS">The LoGTS was successfully able to recruit and enroll patients with open-angle glaucoma and statistically normal intraocular pressure into a longitudinal, prospective clinical trial comparing 2 different glaucoma medications. Baseline characteristics of note were a preponderance of females, unilateral field loss in 27.9% of participants, and frequent optic disc hemorrhage. Central corneal thickness had a normal distribution and did not account for false low-pressure measurements in LoGTS patients.</AbstractText>
            </Abstract>
            <AuthorList CompleteYN="Y">
                <Author ValidYN="Y">
                    <LastName>Krupin</LastName>
                    <ForeName>Theodore</ForeName>
                    <Initials>T</Initials>
                    <AffiliationInfo>
                        <Affiliation>Department of Ophthalmology, Feinberg School of Medicine, Northwestern University, Chicago, Illinois, USA.</Affiliation>
                    </AffiliationInfo>
                </Author>
                <Author ValidYN="Y">
                    <LastName>Liebmann</LastName>
                    <ForeName>Jeffrey M</ForeName>
                    <Initials>JM</Initials>
                </Author>
                <Author ValidYN="Y">
                    <LastName>Greenfield</LastName>
                    <ForeName>David S</ForeName>
                    <Initials>DS</Initials>
                </Author>
                <Author ValidYN="Y">
                    <LastName>Rosenberg</LastName>
                    <ForeName>Lisa F</ForeName>
                    <Initials>LF</Initials>
                </Author>
                <Author ValidYN="Y">
                    <LastName>Ritch</LastName>
                    <ForeName>Robert</ForeName>
                    <Initials>R</Initials>
                </Author>
                <Author ValidYN="Y">
                    <LastName>Yang</LastName>
                    <ForeName>John W</ForeName>
                    <Initials>JW</Initials>
                </Author>
                <Author ValidYN="Y">
                    <CollectiveName>Low-Pressure Glaucoma Study Group</CollectiveName>
                </Author>
            </AuthorList>
            <Language>eng</Language>
            <PublicationTypeList>
                <PublicationType UI="D016430">Clinical Trial</PublicationType>
                <PublicationType UI="D003160">Comparative Study</PublicationType>
                <PublicationType UI="D016428">Journal Article</PublicationType>
                <PublicationType UI="D016448">Multicenter Study</PublicationType>
                <PublicationType UI="D016449">Randomized Controlled Trial</PublicationType>
                <PublicationType UI="D013485">Research Support, Non-U.S. Gov't</PublicationType>
            </PublicationTypeList>
        </Article>
        <MedlineJournalInfo>
            <Country>United States</Country>
            <MedlineTA>Ophthalmology</MedlineTA>
            <NlmUniqueID>7802443</NlmUniqueID>
            <ISSNLinking>0161-6420</ISSNLinking>
        </MedlineJournalInfo>
        <ChemicalList>
            <Chemical>
                <RegistryNumber>0</RegistryNumber>
                <NameOfSubstance UI="D000959">Antihypertensive Agents</NameOfSubstance>
            </Chemical>
            <Chemical>
                <RegistryNumber>0</RegistryNumber>
                <NameOfSubstance UI="D011810">Quinoxalines</NameOfSubstance>
            </Chemical>
            <Chemical>
                <RegistryNumber>4S9CL2DY2H</RegistryNumber>
                <NameOfSubstance UI="D000068438">Brimonidine Tartrate</NameOfSubstance>
            </Chemical>
            <Chemical>
                <RegistryNumber>817W3C6175</RegistryNumber>
                <NameOfSubstance UI="D013999">Timolol</NameOfSubstance>
            </Chemical>
        </ChemicalList>
        <CitationSubset>IM</CitationSubset>
        <MeshHeadingList>
            <MeshHeading>
                <DescriptorName UI="D000328" MajorTopicYN="N">Adult</DescriptorName>
            </MeshHeading>
            <MeshHeading>
                <DescriptorName UI="D000368" MajorTopicYN="N">Aged</DescriptorName>
            </MeshHeading>
            <MeshHeading>
                <DescriptorName UI="D000369" MajorTopicYN="N">Aged, 80 and over</DescriptorName>
            </MeshHeading>
            <MeshHeading>
                <DescriptorName UI="D000959" MajorTopicYN="N">Antihypertensive Agents</DescriptorName>
                <QualifierName UI="Q000008" MajorTopicYN="N">administration &amp; dosage</QualifierName>
                <QualifierName UI="Q000009" MajorTopicYN="N">adverse effects</QualifierName>
                <QualifierName UI="Q000627" MajorTopicYN="Y">therapeutic use</QualifierName>
            </MeshHeading>
            <MeshHeading>
                <DescriptorName UI="D000068438" MajorTopicYN="N">Brimonidine Tartrate</DescriptorName>
            </MeshHeading>
            <MeshHeading>
                <DescriptorName UI="D018450" MajorTopicYN="N">Disease Progression</DescriptorName>
            </MeshHeading>
            <MeshHeading>
                <DescriptorName UI="D004311" MajorTopicYN="N">Double-Blind Method</DescriptorName>
            </MeshHeading>
            <MeshHeading>
                <DescriptorName UI="D005260" MajorTopicYN="N">Female</DescriptorName>
            </MeshHeading>
            <MeshHeading>
                <DescriptorName UI="D005902" MajorTopicYN="N">Glaucoma, Open-Angle</DescriptorName>
                <QualifierName UI="Q000188" MajorTopicYN="Y">drug therapy</QualifierName>
            </MeshHeading>
            <MeshHeading>
                <DescriptorName UI="D006801" MajorTopicYN="N">Humans</DescriptorName>
            </MeshHeading>
            <MeshHeading>
                <DescriptorName UI="D007429" MajorTopicYN="N">Intraocular Pressure</DescriptorName>
                <QualifierName UI="Q000187" MajorTopicYN="Y">drug effects</QualifierName>
            </MeshHeading>
            <MeshHeading>
                <DescriptorName UI="D008297" MajorTopicYN="N">Male</DescriptorName>
            </MeshHeading>
            <MeshHeading>
                <DescriptorName UI="D008875" MajorTopicYN="N">Middle Aged</DescriptorName>
            </MeshHeading>
            <MeshHeading>
                <DescriptorName UI="D011446" MajorTopicYN="N">Prospective Studies</DescriptorName>
            </MeshHeading>
            <MeshHeading>
                <DescriptorName UI="D011810" MajorTopicYN="N">Quinoxalines</DescriptorName>
                <QualifierName UI="Q000008" MajorTopicYN="N">administration &amp; dosage</QualifierName>
                <QualifierName UI="Q000009" MajorTopicYN="N">adverse effects</QualifierName>
                <QualifierName UI="Q000627" MajorTopicYN="Y">therapeutic use</QualifierName>
            </MeshHeading>
            <MeshHeading>
                <DescriptorName UI="D012107" MajorTopicYN="N">Research Design</DescriptorName>
            </MeshHeading>
            <MeshHeading>
                <DescriptorName UI="D013999" MajorTopicYN="N">Timolol</DescriptorName>
                <QualifierName UI="Q000008" MajorTopicYN="N">administration &amp; dosage</QualifierName>
                <QualifierName UI="Q000009" MajorTopicYN="N">adverse effects</QualifierName>
                <QualifierName UI="Q000627" MajorTopicYN="Y">therapeutic use</QualifierName>
            </MeshHeading>
            <MeshHeading>
                <DescriptorName UI="D058609" MajorTopicYN="N">Visual Field Tests</DescriptorName>
            </MeshHeading>
            <MeshHeading>
                <DescriptorName UI="D014794" MajorTopicYN="N">Visual Fields</DescriptorName>
                <QualifierName UI="Q000187" MajorTopicYN="N">drug effects</QualifierName>
            </MeshHeading>
        </MeshHeadingList>
    </MedlineCitation>
    <PubmedData>
        <History>
            <PubMedPubDate PubStatus="received">
                <Year>2004</Year>
                <Month>05</Month>
                <Day>27</Day>
            </PubMedPubDate>
            <PubMedPubDate PubStatus="accepted">
                <Year>2004</Year>
                <Month>10</Month>
                <Day>08</Day>
            </PubMedPubDate>
            <PubMedPubDate PubStatus="pubmed">
                <Year>2005</Year>
                <Month>3</Month>
                <Day>5</Day>
                <Hour>9</Hour>
                <Minute>0</Minute>
            </PubMedPubDate>
            <PubMedPubDate PubStatus="medline">
                <Year>2005</Year>
                <Month>3</Month>
                <Day>16</Day>
                <Hour>9</Hour>
                <Minute>0</Minute>
            </PubMedPubDate>
            <PubMedPubDate PubStatus="entrez">
                <Year>2005</Year>
                <Month>3</Month>
                <Day>5</Day>
                <Hour>9</Hour>
                <Minute>0</Minute>
            </PubMedPubDate>
        </History>
        <PublicationStatus>ppublish</PublicationStatus>
        <ArticleIdList>
            <ArticleId IdType="pubmed">15745762</ArticleId>
            <ArticleId IdType="pii">S0161-6420(04)01680-X</ArticleId>
            <ArticleId IdType="doi">10.1016/j.ophtha.2004.10.034</ArticleId>
        </ArticleIdList>
    </PubmedData>
</PubmedArticle>

</PubmedArticleSet>